Text,Language
मैं चाय पीता हूँ पुस्तकालय में आज।,Hindi
मैं ने कहा कि वह पार्क में काम पर जाता हूँ इस सप्ताह।,Hindi
நான் நாளை உணவகத்தில் புத்தகம் படிக்கிறேன் என்று கூறினார்.,Tamil
"कल, मैं फिल्म देखता हूँ शहर में।",Hindi
"காலை நேரத்தில், நான் அலுவலகத்தில் புத்தகம் படிக்கிறேன்.",Tamil
ഞാൻ ഇന്ന് ലൈബ്രറിയിൽ വ്യായാമം ചെയ്യുന്നു എന്ന് പറഞ്ഞു.,Malayalam
நான் நகரத்தில் மொழி கற்கிறேன் மாலையில்.,Tamil
വൈകുന്നേരം ഞാൻ സ്കൂളിൽ സർവകലാശാലയിൽ പഠിക്കുന്നു.,Malayalam
Εγώ διαβάζω ένα βιβλίο στο νοσοκομείο σήμερα.,Greek
ನಾನು ಕಚೇರಿಯಲ್ಲಿ ವ್ಯಾಯಾಮ ಮಾಡುತ್ತೇನೆ ಪ್ರತಿದಿನ.,Kannada
"Я сказал, что учусь в университете в библиотеке завтра.",Russian
"ಬೆಳಿಗ್ಗೆ, ನಾನು ರೆಸ್ಟೋರೆಂಟ್‌ನಲ್ಲಿ ವ್ಯಾಯಾಮ ಮಾಡುತ್ತೇನೆ.",Kannada
"κάθε μέρα, Εγώ μαθαίνω τη γλώσσα στο εστιατόριο.",Greek
ನಾನು ಸಂಜೆಯ ಸಮಯದಲ್ಲಿ ಉದ್ಯಾನವನದಲ್ಲಿ ಭಾಷೆ ಕಲಿಯುತ್ತೇನೆ ಎಂದು ಹೇಳಿದರು.,Kannada
"ಬೆಳಗಿನ ಸಮಯದಲ್ಲಿ, ನಾನು ಕಚೇರಿಯಲ್ಲಿ ಪುಸ್ತಕ ಓದುತ್ತೇನೆ.",Kannada
Εγώ είπε ότι βλέπω μια ταινία στο πανεπιστήμιο αύριο.,Greek
"Я сказал, что учусь в университете в библиотеке рано утром.",Russian
ನಾನು ಕಚೇರಿಯಲ್ಲಿ ವಿಶ್ವವಿದ್ಯಾಲಯದಲ್ಲಿ ಓದುತ್ತೇನೆ ಬೆಳಿಗ್ಗೆ.,Kannada
أنا أقرأ كتابا في المكتبة في الصباح.,Arabic
मैं चाय पीता हूँ कार्यालय में इस सप्ताह।,Hindi
ഇന്ന് ഞാൻ ആശുപത്രിയിൽ കാപ്പി കുടിക്കുന്നു.,Malayalam
ഞാൻ രാവിലെ സമയത്ത് റെസ്റ്റോറന്റിൽ സർവകലാശാലയിൽ പഠിക്കുന്നു.,Malayalam
"завтра, Я читаю книгу в школе.",Russian
ನಾನು ಶಾಲೆಯಲ್ಲಿ ಪುಸ್ತಕ ಓದುತ್ತೇನೆ ಬೆಳಿಗ್ಗೆ.,Kannada
ನಾನು ಬೆಳಗಿನ ಸಮಯದಲ್ಲಿ ಶಾಲೆಯಲ್ಲಿ ಸಿನಿಮಾ ನೋಡುತ್ತೇನೆ ಎಂದು ಹೇಳಿದರು.,Kannada
أنا أدرس في الجامعة في المدينة في المساء.,Arabic
ഞാൻ വൈകുന്നേരം സമയത്ത് ആശുപത്രിയിൽ സർവകലാശാലയിൽ പഠിക്കുന്നു.,Malayalam
"शाम के समय, मैं फिल्म देखता हूँ कार्यालय में।",Hindi
"κάθε μέρα, Εγώ σπουδάζω στο πανεπιστήμιο στο σπίτι.",Greek
أنا يريد أن أشرب القهوة في المكتبة.,Arabic
"ಇಂದು, ನಾನು ಗ್ರಂಥಾಲಯದಲ್ಲಿ ಪತ್ರ ಬರೆಯುತ್ತೇನೆ.",Kannada
ഞാൻ വൈകുന്നേരം സമയത്ത് ലൈബ്രറിയിൽ കത്ത് എഴുതുന്നു എന്ന് പറഞ്ഞു.,Malayalam
"αύριο, Εγώ πηγαίνω στη δουλειά στην πόλη.",Greek
Я учусь в университете в ресторане утром.,Russian
ഇന്ന് ഞാൻ നഗരത്തിൽ കാപ്പി കുടിക്കുന്നു.,Malayalam
في المساء، أنا أمارس الرياضة في المطعم.,Arabic
"आज, मैं चाय पीता हूँ घर में।",Hindi
Εγώ διαβάζω ένα βιβλίο στο κατάστημα αυτή την εβδομάδα.,Greek
நான் நாளை நூலகத்தில் புத்தகம் படிக்கிறேன் என்று கூறினார்.,Tamil
ನಾನು ಉದ್ಯಾನವನದಲ್ಲಿ ಕಾಫಿ ಕುಡಿಯುತ್ತೇನೆ ಸಂಜೆ.,Kannada
Εγώ μαθαίνω τη γλώσσα στο πανεπιστήμιο σήμερα.,Greek
"утром, Я иду на работу в городе.",Russian
ನಾನು ಶಾಲೆಯಲ್ಲಿ ಕಾಫಿ ಕುಡಿಯುತ್ತೇನೆ ಮಾಡಲು ಬಯಸುತ್ತಾನೆ.,Kannada
मैं विश्वविद्यालय में पढ़ता हूँ कार्यालय में आज।,Hindi
मैं पार्क में फिल्म देखता हूँ चाहता है।,Hindi
നാളെ ഞാൻ പാർക്കിൽ കാപ്പി കുടിക്കുന്നു.,Malayalam
Я пишу письмо в университете сегодня.,Russian
قال أنا إنه أمارس الرياضة في المنزل مساء.,Arabic
قال أنا إنه أمارس الرياضة في المكتب صباحا.,Arabic
أنا أمارس الرياضة في المكتبة اليوم.,Arabic
ನಾನು ಮನೆಯಲ್ಲಿ ವಿಶ್ವವಿದ್ಯಾಲಯದಲ್ಲಿ ಓದುತ್ತೇನೆ ಇಂದು.,Kannada
"το βράδυ, Εγώ σπουδάζω στο πανεπιστήμιο στην πόλη.",Greek
ನಾನು ರೆಸ್ಟೋರೆಂಟ್‌ನಲ್ಲಿ ವ್ಯಾಯಾಮ ಮಾಡುತ್ತೇನೆ ಸಂಜೆ.,Kannada
நான் பூங்காவில் உடற்பயிற்சி செய்கிறேன் காலை நேரத்தில்.,Tamil
"αργά το βράδυ, Εγώ σπουδάζω στο πανεπιστήμιο στο σπίτι.",Greek
Я учусь в университете в парке вечером.,Russian
Εγώ γράφω ένα γράμμα στο γραφείο το πρωί.,Greek
"νωρίς το πρωί, Εγώ γράφω ένα γράμμα στην πόλη.",Greek
Εγώ είπε ότι γράφω ένα γράμμα στη βιβλιοθήκη αργά το βράδυ.,Greek
"το πρωί, Εγώ πηγαίνω στη δουλειά στο κατάστημα.",Greek
நான் அலுவலகத்தில் உடற்பயிற்சி செய்கிறேன் இன்று.,Tamil
நான் பல்கலைக்கழகத்தில் காபி குடிக்கிறேன் நாளை.,Tamil
"காலை நேரத்தில், நான் கடையில் பல்கலைக்கழகத்தில் படிக்கிறேன்.",Tamil
Я смотрю фильм в офисе на этой неделе.,Russian
أنا أشاهد فيلما في الجامعة في الصباح.,Arabic
في المساء، أنا أدرس في الجامعة في الحديقة.,Arabic
ഞാൻ രാവിലെ നഗരത്തിൽ സിനിമ കാണുന്നു എന്ന് പറഞ്ഞു.,Malayalam
വൈകുന്നേരം സമയത്ത് ഞാൻ സ്കൂളിൽ വ്യായാമം ചെയ്യുന്നു.,Malayalam
أنا أذهب إلى العمل في المطعم اليوم.,Arabic
قال أنا إنه أكتب رسالة في المدينة اليوم.,Arabic
أنا يريد أن أكتب رسالة في الجامعة.,Arabic
"рано утром, Я смотрю фильм в парке.",Russian
"вечером, Я учусь в университете в больнице.",Russian
Εγώ θέλει να βλέπω μια ταινία στο πανεπιστήμιο.,Greek
मैं ने कहा कि वह घर में विश्वविद्यालय में पढ़ता हूँ कल।,Hindi
मैं भाषा सीखता हूँ शहर में सुबह के समय।,Hindi
രാവിലെ സമയത്ത് ഞാൻ സർവകലാശാലയിൽ ഭാഷ പഠിക്കുന്നു.,Malayalam
"ನಾಳೆ, ನಾನು ಆಸ್ಪತ್ರೆಯಲ್ಲಿ ವಿಶ್ವವಿದ್ಯಾಲಯದಲ್ಲಿ ಓದುತ್ತೇನೆ.",Kannada
ನಾನು ಈ ವಾರ ಮನೆಯಲ್ಲಿ ಕಾಫಿ ಕುಡಿಯುತ್ತೇನೆ ಎಂದು ಹೇಳಿದರು.,Kannada
مساء، أنا أمارس الرياضة في الجامعة.,Arabic
Я хочет читаю книгу в ресторане.,Russian
"Я сказал, что изучаю язык дома вечером.",Russian
"Я сказал, что иду на работу в университете утром.",Russian
ನಾನು ಸಂಜೆ ಗ್ರಂಥಾಲಯದಲ್ಲಿ ಸಿನಿಮಾ ನೋಡುತ್ತೇನೆ ಎಂದು ಹೇಳಿದರು.,Kannada
Εγώ είπε ότι πηγαίνω στη δουλειά στο πάρκο κάθε μέρα.,Greek
"इस सप्ताह, मैं पत्र लिखता हूँ पुस्तकालय में।",Hindi
ನಾನು ನಾಳೆ ಅಂಗಡಿಯಲ್ಲಿ ವಿಶ್ವವಿದ್ಯಾಲಯದಲ್ಲಿ ಓದುತ್ತೇನೆ ಎಂದು ಹೇಳಿದರು.,Kannada
मैं ने कहा कि वह पार्क में पत्र लिखता हूँ हर दिन।,Hindi
"Я сказал, что пью кофе дома на этой неделе.",Russian
"Я сказал, что изучаю язык в библиотеке завтра.",Russian
நான் பூங்காவில் திரைப்படம் பார்க்கிறேன் இன்று.,Tamil
मैं ने कहा कि वह पार्क में भाषा सीखता हूँ कल।,Hindi
"рано утром, Я смотрю фильм в библиотеке.",Russian
"इस सप्ताह, मैं फिल्म देखता हूँ विश्वविद्यालय में।",Hindi
قال أنا إنه أقرأ كتابا في المكتبة هذا الأسبوع.,Arabic
"सुबह के समय, मैं फिल्म देखता हूँ स्कूल में।",Hindi
मैं पत्र लिखता हूँ पुस्तकालय में आज।,Hindi
ನಾನು ಇಂದು ಆಸ್ಪತ್ರೆಯಲ್ಲಿ ವ್ಯಾಯಾಮ ಮಾಡುತ್ತೇನೆ ಎಂದು ಹೇಳಿದರು.,Kannada
"ಸಂಜೆ, ನಾನು ಆಸ್ಪತ್ರೆಯಲ್ಲಿ ಕಾಫಿ ಕುಡಿಯುತ್ತೇನೆ.",Kannada
நான் நகரத்தில் மொழி கற்கிறேன் நாளை.,Tamil
Εγώ είπε ότι γράφω ένα γράμμα στο γραφείο νωρίς το πρωί.,Greek
நான் இந்த வாரம் பூங்காவில் வேலைக்கு செல்கிறேன் என்று கூறினார்.,Tamil
غدا، أنا أمارس الرياضة في الجامعة.,Arabic
"το πρωί, Εγώ κάνω γυμναστική στο εστιατόριο.",Greek
நான் இன்று அலுவலகத்தில் கடிதம் எழுதுகிறேன் என்று கூறினார்.,Tamil
ನಾನು ಬೆಳಗಿನ ಸಮಯದಲ್ಲಿ ಗ್ರಂಥಾಲಯದಲ್ಲಿ ಸಿನಿಮಾ ನೋಡುತ್ತೇನೆ ಎಂದು ಹೇಳಿದರು.,Kannada
أنا أتعلم اللغة في المطعم في المساء.,Arabic
"ಸಂಜೆ, ನಾನು ಉದ್ಯಾನವನದಲ್ಲಿ ವಿಶ್ವವಿದ್ಯಾಲಯದಲ್ಲಿ ಓದುತ್ತೇನೆ.",Kannada
मैं ने कहा कि वह कार्यालय में किताब पढ़ता हूँ सुबह।,Hindi
Εγώ σπουδάζω στο πανεπιστήμιο στην πόλη νωρίς το πρωί.,Greek
Εγώ είπε ότι βλέπω μια ταινία στη βιβλιοθήκη το βράδυ.,Greek
"நாளை, நான் பூங்காவில் உடற்பயிற்சி செய்கிறேன்.",Tamil
Я изучаю язык в офисе вечером.,Russian
كل يوم، أنا أقرأ كتابا في المنزل.,Arabic
"இந்த வாரம், நான் பூங்காவில் பல்கலைக்கழகத்தில் படிக்கிறேன்.",Tamil
ഞാൻ ആശുപത്രിയിൽ പുസ്തകം വായിക്കുന്നു ആഗ്രഹിക്കുന്നു.,Malayalam
ഇന്ന് ഞാൻ റെസ്റ്റോറന്റിൽ കത്ത് എഴുതുന്നു.,Malayalam
Εγώ πίνω καφέ στο σχολείο το βράδυ.,Greek
"κάθε μέρα, Εγώ γράφω ένα γράμμα στο γραφείο.",Greek
ഞാൻ രാവിലെ സമയത്ത് പാർക്കിൽ കത്ത് എഴുതുന്നു.,Malayalam
ഞാൻ കടയിൽ കത്ത് എഴുതുന്നു ആഗ്രഹിക്കുന്നു.,Malayalam
Я занимаюсь спортом в библиотеке каждый день.,Russian
"σήμερα, Εγώ γράφω ένα γράμμα στο πάρκο.",Greek
Я пью кофе в городе утром.,Russian
मैं फिल्म देखता हूँ पार्क में सुबह के समय।,Hindi
ഞാൻ ഇന്ന് ഓഫീസിൽ കാപ്പി കുടിക്കുന്നു എന്ന് പറഞ്ഞു.,Malayalam
ഞാൻ നാളെ കടയിൽ പുസ്തകം വായിക്കുന്നു എന്ന് പറഞ്ഞു.,Malayalam
मैं व्यायाम करता हूँ अस्पताल में इस सप्ताह।,Hindi
मैं ने कहा कि वह कार्यालय में व्यायाम करता हूँ हर दिन।,Hindi
"सुबह के समय, मैं भाषा सीखता हूँ विश्वविद्यालय में।",Hindi
قال أنا إنه أذهب إلى العمل في المستشفى في المساء.,Arabic
நான் பள்ளியில் உடற்பயிற்சி செய்கிறேன் தினமும்.,Tamil
நான் உணவகத்தில் உடற்பயிற்சி செய்கிறேன் மாலை நேரத்தில்.,Tamil
நான் பூங்காவில் பல்கலைக்கழகத்தில் படிக்கிறேன் நாளை.,Tamil
Εγώ πηγαίνω στη δουλειά στο νοσοκομείο νωρίς το πρωί.,Greek
Εγώ είπε ότι πηγαίνω στη δουλειά στο κατάστημα το βράδυ.,Greek
ഞാൻ നാളെ പാർക്കിൽ ഭാഷ പഠിക്കുന്നു എന്ന് പറഞ്ഞു.,Malayalam
"இன்று, நான் கடையில் உடற்பயிற்சி செய்கிறேன்.",Tamil
मैं ने कहा कि वह रेस्तरां में पत्र लिखता हूँ आज।,Hindi
मैं ने कहा कि वह पुस्तकालय में भाषा सीखता हूँ शाम को।,Hindi
Εγώ σπουδάζω στο πανεπιστήμιο στο σπίτι το πρωί.,Greek
"αύριο, Εγώ πηγαίνω στη δουλειά στο κατάστημα.",Greek
ഞാൻ ലൈബ്രറിയിൽ ജോലിക്ക് പോകുന്നു ആഗ്രഹിക്കുന്നു.,Malayalam
मैं पत्र लिखता हूँ पार्क में आज।,Hindi
Я занимаюсь спортом дома сегодня.,Russian
"आज, मैं पत्र लिखता हूँ शहर में।",Hindi
நான் பூங்காவில் திரைப்படம் பார்க்கிறேன் மாலை நேரத்தில்.,Tamil
நான் இன்று உணவகத்தில் உடற்பயிற்சி செய்கிறேன் என்று கூறினார்.,Tamil
غدا، أنا أكتب رسالة في المتجر.,Arabic
நான் பள்ளியில் மொழி கற்கிறேன் மாலை நேரத்தில்.,Tamil
اليوم، أنا أدرس في الجامعة في الجامعة.,Arabic
"காலை நேரத்தில், நான் நகரத்தில் கடிதம் எழுதுகிறேன்.",Tamil
مساء، أنا أذهب إلى العمل في الجامعة.,Arabic
വൈകുന്നേരം സമയത്ത് ഞാൻ നഗരത്തിൽ സിനിമ കാണുന്നു.,Malayalam
मैं ने कहा कि वह दुकान में काम पर जाता हूँ सुबह के समय।,Hindi
Я смотрю фильм дома рано утром.,Russian
قال أنا إنه أدرس في الجامعة في المنزل اليوم.,Arabic
ഞാൻ സർവകലാശാലയിൽ കാപ്പി കുടിക്കുന്നു ആഗ്രഹിക്കുന്നു.,Malayalam
ನಾನು ಮನೆಯಲ್ಲಿ ಪತ್ರ ಬರೆಯುತ್ತೇನೆ ಬೆಳಿಗ್ಗೆ.,Kannada
Я иду на работу в ресторане утром.,Russian
Εγώ βλέπω μια ταινία στην πόλη αργά το βράδυ.,Greek
ഞാൻ വൈകുന്നേരം സമയത്ത് ലൈബ്രറിയിൽ സിനിമ കാണുന്നു.,Malayalam
"இந்த வாரம், நான் பல்கலைக்கழகத்தில் காபி குடிக்கிறேன்.",Tamil
ನಾನು ಈ ವಾರ ರೆಸ್ಟೋರೆಂಟ್‌ನಲ್ಲಿ ವ್ಯಾಯಾಮ ಮಾಡುತ್ತೇನೆ ಎಂದು ಹೇಳಿದರು.,Kannada
"कल, मैं चाय पीता हूँ स्कूल में।",Hindi
நான் பூங்காவில் காபி குடிக்கிறேன் மாலையில்.,Tamil
"утром, Я смотрю фильм в школе.",Russian
Εγώ είπε ότι πίνω καφέ στο σπίτι αυτή την εβδομάδα.,Greek
ನಾನು ಅಂಗಡಿಯಲ್ಲಿ ಭಾಷೆ ಕಲಿಯುತ್ತೇನೆ ಈ ವಾರ.,Kannada
ഞാൻ വൈകുന്നേരം നഗരത്തിൽ കാപ്പി കുടിക്കുന്നു എന്ന് പറഞ്ഞു.,Malayalam
ನಾನು ಉದ್ಯಾನವನದಲ್ಲಿ ಭಾಷೆ ಕಲಿಯುತ್ತೇನೆ ಈ ವಾರ.,Kannada
मैं ने कहा कि वह शहर में किताब पढ़ता हूँ शाम के समय।,Hindi
ഞാൻ ഈ ആഴ്ച വീട്ടിൽ വ്യായാമം ചെയ്യുന്നു.,Malayalam
ഞാൻ നാളെ കടയിൽ സർവകലാശാലയിൽ പഠിക്കുന്നു എന്ന് പറഞ്ഞു.,Malayalam
मैं ने कहा कि वह रेस्तरां में विश्वविद्यालय में पढ़ता हूँ शाम को।,Hindi
ഞാൻ വൈകുന്നേരം സമയത്ത് നഗരത്തിൽ സിനിമ കാണുന്നു.,Malayalam
"Я сказал, что читаю книгу в офисе каждый день.",Russian
मैं ने कहा कि वह पार्क में विश्वविद्यालय में पढ़ता हूँ शाम को।,Hindi
"Я сказал, что пишу письмо в магазине рано утром.",Russian
Я учусь в университете дома рано утром.,Russian
"αυτή την εβδομάδα, Εγώ γράφω ένα γράμμα στη βιβλιοθήκη.",Greek
"நாளை, நான் பூங்காவில் காபி குடிக்கிறேன்.",Tamil
"αυτή την εβδομάδα, Εγώ βλέπω μια ταινία στο εστιατόριο.",Greek
ഞാൻ ഈ ആഴ്ച റെസ്റ്റോറന്റിൽ കത്ത് എഴുതുന്നു.,Malayalam
"Я сказал, что занимаюсь спортом в магазине на этой неделе.",Russian
நான் தினமும் நூலகத்தில் பல்கலைக்கழகத்தில் படிக்கிறேன் என்று கூறினார்.,Tamil
Εγώ είπε ότι μαθαίνω τη γλώσσα στο πανεπιστήμιο νωρίς το πρωί.,Greek
"Я сказал, что иду на работу в ресторане каждый день.",Russian
أنا أمارس الرياضة في المتجر كل يوم.,Arabic
मैं फिल्म देखता हूँ स्कूल में सुबह के समय।,Hindi
ನಾನು ಗ್ರಂಥಾಲಯದಲ್ಲಿ ಪತ್ರ ಬರೆಯುತ್ತೇನೆ ನಾಳೆ.,Kannada
நான் கடையில் மொழி கற்கிறேன் மாலையில்.,Tamil
ഞാൻ രാവിലെ ലൈബ്രറിയിൽ കാപ്പി കുടിക്കുന്നു എന്ന് പറഞ്ഞു.,Malayalam
എല്ലാ ദിവസവും ഞാൻ പാർക്കിൽ സർവകലാശാലയിൽ പഠിക്കുന്നു.,Malayalam
நான் பள்ளியில் புத்தகம் படிக்கிறேன் மாலையில்.,Tamil
मैं ने कहा कि वह स्कूल में व्यायाम करता हूँ सुबह।,Hindi
ನಾನು ಬೆಳಿಗ್ಗೆ ಮನೆಯಲ್ಲಿ ವಿಶ್ವವಿದ್ಯಾಲಯದಲ್ಲಿ ಓದುತ್ತೇನೆ ಎಂದು ಹೇಳಿದರು.,Kannada
Εγώ είπε ότι διαβάζω ένα βιβλίο στο γραφείο αύριο.,Greek
"завтра, Я смотрю фильм в больнице.",Russian
"сегодня, Я иду на работу в городе.",Russian
Εγώ είπε ότι σπουδάζω στο πανεπιστήμιο στο γραφείο κάθε μέρα.,Greek
ನಾನು ಇಂದು ಕಚೇರಿಯಲ್ಲಿ ವ್ಯಾಯಾಮ ಮಾಡುತ್ತೇನೆ ಎಂದು ಹೇಳಿದರು.,Kannada
"Я сказал, что смотрю фильм в больнице вечером.",Russian
ನಾನು ಸಂಜೆ ನಗರದಲ್ಲಿ ಕಾಫಿ ಕುಡಿಯುತ್ತೇನೆ ಎಂದು ಹೇಳಿದರು.,Kannada
Я читаю книгу в ресторане на этой неделе.,Russian
நான் நகரத்தில் காபி குடிக்கிறேன் காலை நேரத்தில்.,Tamil
ನಾನು ವಿಶ್ವವಿದ್ಯಾಲಯದಲ್ಲಿ ಸಿನಿಮಾ ನೋಡುತ್ತೇನೆ ಸಂಜೆ.,Kannada
"ಸಂಜೆಯ ಸಮಯದಲ್ಲಿ, ನಾನು ನಗರದಲ್ಲಿ ಪುಸ್ತಕ ಓದುತ್ತೇನೆ.",Kannada
قال أنا إنه أكتب رسالة في المتجر هذا الأسبوع.,Arabic
ഞാൻ രാവിലെ സമയത്ത് ഓഫീസിൽ സിനിമ കാണുന്നു എന്ന് പറഞ്ഞു.,Malayalam
Εγώ είπε ότι πίνω καφέ στη βιβλιοθήκη κάθε μέρα.,Greek
मैं भाषा सीखता हूँ शहर में इस सप्ताह।,Hindi
"σήμερα, Εγώ διαβάζω ένα βιβλίο στο σχολείο.",Greek
நான் அலுவலகத்தில் கடிதம் எழுதுகிறேன் நாளை.,Tamil
قال أنا إنه أكتب رسالة في المكتب كل يوم.,Arabic
أنا أشاهد فيلما في المتجر صباحا.,Arabic
"ಈ ವಾರ, ನಾನು ಮನೆಯಲ್ಲಿ ಕಾಫಿ ಕುಡಿಯುತ್ತೇನೆ.",Kannada
في المساء، أنا أقرأ كتابا في المكتبة.,Arabic
मैं ने कहा कि वह अस्पताल में चाय पीता हूँ आज।,Hindi
நான் நாளை அலுவலகத்தில் திரைப்படம் பார்க்கிறேன் என்று கூறினார்.,Tamil
Εγώ είπε ότι μαθαίνω τη γλώσσα στο πάρκο αργά το βράδυ.,Greek
ನಾನು ರೆಸ್ಟೋರೆಂಟ್‌ನಲ್ಲಿ ವಿಶ್ವವಿದ್ಯಾಲಯದಲ್ಲಿ ಓದುತ್ತೇನೆ ಬೆಳಗಿನ ಸಮಯದಲ್ಲಿ.,Kannada
في الصباح، أنا أدرس في الجامعة في المدرسة.,Arabic
"ಈ ವಾರ, ನಾನು ರೆಸ್ಟೋರೆಂಟ್‌ನಲ್ಲಿ ಭಾಷೆ ಕಲಿಯುತ್ತೇನೆ.",Kannada
مساء، أنا أذهب إلى العمل في المدينة.,Arabic
मैं ने कहा कि वह शहर में विश्वविद्यालय में पढ़ता हूँ सुबह के समय।,Hindi
اليوم، أنا أدرس في الجامعة في المدينة.,Arabic
Я пью кофе в ресторане каждый день.,Russian
قال أنا إنه أقرأ كتابا في الجامعة في المساء.,Arabic
كل يوم، أنا أكتب رسالة في الجامعة.,Arabic
"το πρωί, Εγώ κάνω γυμναστική στο πάρκο.",Greek
مساء، أنا أشرب القهوة في الجامعة.,Arabic
"हर दिन, मैं किताब पढ़ता हूँ कार्यालय में।",Hindi
"இன்று, நான் பூங்காவில் காபி குடிக்கிறேன்.",Tamil
ನಾನು ಬೆಳಗಿನ ಸಮಯದಲ್ಲಿ ವಿಶ್ವವಿದ್ಯಾಲಯದಲ್ಲಿ ಪುಸ್ತಕ ಓದುತ್ತೇನೆ ಎಂದು ಹೇಳಿದರು.,Kannada
मैं विश्वविद्यालय में पढ़ता हूँ पुस्तकालय में शाम के समय।,Hindi
"το πρωί, Εγώ σπουδάζω στο πανεπιστήμιο στο πανεπιστήμιο.",Greek
"Я сказал, что пишу письмо в больнице сегодня.",Russian
"Я сказал, что изучаю язык в библиотеке рано утром.",Russian
ഞാൻ ഈ ആഴ്ച വീട്ടിൽ സർവകലാശാലയിൽ പഠിക്കുന്നു എന്ന് പറഞ്ഞു.,Malayalam
ನಾನು ಸಂಜೆ ಶಾಲೆಯಲ್ಲಿ ಭಾಷೆ ಕಲಿಯುತ್ತೇನೆ ಎಂದು ಹೇಳಿದರು.,Kannada
"Я сказал, что учусь в университете в школе каждый день.",Russian
أنا أكتب رسالة في المدينة مساء.,Arabic
நான் பூங்காவில் பல்கலைக்கழகத்தில் படிக்கிறேன் காலை நேரத்தில்.,Tamil
"Я сказал, что иду на работу в университете вечером.",Russian
"рано утром, Я иду на работу дома.",Russian
"Я сказал, что смотрю фильм в университете завтра.",Russian
أنا أمارس الرياضة في الجامعة اليوم.,Arabic
قال أنا إنه أكتب رسالة في المطعم مساء.,Arabic
मैं ने कहा कि वह घर में पत्र लिखता हूँ सुबह के समय।,Hindi
ഞാൻ രാവിലെ പാർക്കിൽ കാപ്പി കുടിക്കുന്നു.,Malayalam
"இன்று, நான் மருத்துவமனையில் கடிதம் எழுதுகிறேன்.",Tamil
أنا أشاهد فيلما في المستشفى في الصباح.,Arabic
أنا أشاهد فيلما في المستشفى مساء.,Arabic
நான் பூங்காவில் திரைப்படம் பார்க்கிறேன் இந்த வாரம்.,Tamil
Я смотрю фильм в парке сегодня.,Russian
Εγώ είπε ότι γράφω ένα γράμμα στο κατάστημα νωρίς το πρωί.,Greek
"ಈ ವಾರ, ನಾನು ಉದ್ಯಾನವನದಲ್ಲಿ ವ್ಯಾಯಾಮ ಮಾಡುತ್ತೇನೆ.",Kannada
मैं भाषा सीखता हूँ कार्यालय में आज।,Hindi
Я учусь в университете в ресторане каждый день.,Russian
"ಪ್ರತಿದಿನ, ನಾನು ನಗರದಲ್ಲಿ ಭಾಷೆ ಕಲಿಯುತ್ತೇನೆ.",Kannada
ನಾನು ಬೆಳಗಿನ ಸಮಯದಲ್ಲಿ ನಗರದಲ್ಲಿ ಸಿನಿಮಾ ನೋಡುತ್ತೇನೆ ಎಂದು ಹೇಳಿದರು.,Kannada
Εγώ είπε ότι βλέπω μια ταινία στο νοσοκομείο κάθε μέρα.,Greek
ನಾನು ರೆಸ್ಟೋರೆಂಟ್‌ನಲ್ಲಿ ಪತ್ರ ಬರೆಯುತ್ತೇನೆ ಇಂದು.,Kannada
ഞാൻ നാളെ വീട്ടിൽ കാപ്പി കുടിക്കുന്നു എന്ന് പറഞ്ഞു.,Malayalam
"κάθε μέρα, Εγώ πίνω καφέ στο πάρκο.",Greek
मैं फिल्म देखता हूँ पार्क में इस सप्ताह।,Hindi
मैं ने कहा कि वह रेस्तरां में पत्र लिखता हूँ शाम को।,Hindi
நான் மாலை நேரத்தில் நூலகத்தில் மொழி கற்கிறேன் என்று கூறினார்.,Tamil
ನಾನು ಅಂಗಡಿಯಲ್ಲಿ ಪುಸ್ತಕ ಓದುತ್ತೇನೆ ಬೆಳಗಿನ ಸಮಯದಲ್ಲಿ.,Kannada
Εγώ μαθαίνω τη γλώσσα στο πάρκο σήμερα.,Greek
मैं कार्यालय में व्यायाम करता हूँ चाहता है।,Hindi
Εγώ είπε ότι πηγαίνω στη δουλειά στο νοσοκομείο αυτή την εβδομάδα.,Greek
நான் காலையில் பள்ளியில் உடற்பயிற்சி செய்கிறேன் என்று கூறினார்.,Tamil
Εγώ κάνω γυμναστική στην πόλη νωρίς το πρωί.,Greek
"Я сказал, что занимаюсь спортом в городе поздно вечером.",Russian
Я хочет занимаюсь спортом в магазине.,Russian
Я читаю книгу в библиотеке каждый день.,Russian
ഞാൻ വൈകുന്നേരം സ്കൂളിൽ ഭാഷ പഠിക്കുന്നു.,Malayalam
நான் இந்த வாரம் அலுவலகத்தில் வேலைக்கு செல்கிறேன் என்று கூறினார்.,Tamil
ನಾನು ಈ ವಾರ ವಿಶ್ವವಿದ್ಯಾಲಯದಲ್ಲಿ ಸಿನಿಮಾ ನೋಡುತ್ತೇನೆ ಎಂದು ಹೇಳಿದರು.,Kannada
قال أنا إنه أكتب رسالة في الحديقة في المساء.,Arabic
நான் மருத்துவமனையில் திரைப்படம் பார்க்கிறேன் காலை நேரத்தில்.,Tamil
நான் பல்கலைக்கழகத்தில் பல்கலைக்கழகத்தில் படிக்கிறேன் நாளை.,Tamil
ഞാൻ ഇന്ന് ലൈബ്രറിയിൽ പുസ്തകം വായിക്കുന്നു.,Malayalam
"कल, मैं विश्वविद्यालय में पढ़ता हूँ स्कूल में।",Hindi
ನಾನು ಮನೆಯಲ್ಲಿ ವ್ಯಾಯಾಮ ಮಾಡುತ್ತೇನೆ ನಾಳೆ.,Kannada
"इस सप्ताह, मैं व्यायाम करता हूँ शहर में।",Hindi
ഞാൻ രാവിലെ പാർക്കിൽ വ്യായാമം ചെയ്യുന്നു എന്ന് പറഞ്ഞു.,Malayalam
"காலை நேரத்தில், நான் வீட்டில் உடற்பயிற்சி செய்கிறேன்.",Tamil
Εγώ μαθαίνω τη γλώσσα στην πόλη αργά το βράδυ.,Greek
நான் நூலகத்தில் பல்கலைக்கழகத்தில் படிக்கிறேன் நாளை.,Tamil
"Я сказал, что иду на работу в городе утром.",Russian
വൈകുന്നേരം സമയത്ത് ഞാൻ നഗരത്തിൽ കാപ്പി കുടിക്കുന്നു.,Malayalam
நான் உணவகத்தில் உடற்பயிற்சி செய்கிறேன் இந்த வாரம்.,Tamil
நான் பள்ளியில் மொழி கற்கிறேன் காலையில்.,Tamil
ഞാൻ ഈ ആഴ്ച കടയിൽ കാപ്പി കുടിക്കുന്നു.,Malayalam
ನಾನು ಗ್ರಂಥಾಲಯದಲ್ಲಿ ಪತ್ರ ಬರೆಯುತ್ತೇನೆ ಇಂದು.,Kannada
ನಾನು ಕಚೇರಿಯಲ್ಲಿ ಕೆಲಸಕ್ಕೆ ಹೋಗುತ್ತೇನೆ ಬೆಳಿಗ್ಗೆ.,Kannada
قال أنا إنه أقرأ كتابا في المكتب غدا.,Arabic
मैं काम पर जाता हूँ स्कूल में सुबह के समय।,Hindi
രാവിലെ ഞാൻ നഗരത്തിൽ കാപ്പി കുടിക്കുന്നു.,Malayalam
ഞാൻ രാവിലെ സമയത്ത് വീട്ടിൽ ജോലിക്ക് പോകുന്നു.,Malayalam
ನಾನು ಗ್ರಂಥಾಲಯದಲ್ಲಿ ವಿಶ್ವವಿದ್ಯಾಲಯದಲ್ಲಿ ಓದುತ್ತೇನೆ ನಾಳೆ.,Kannada
ನಾನು ಮನೆಯಲ್ಲಿ ಪುಸ್ತಕ ಓದುತ್ತೇನೆ ಸಂಜೆ.,Kannada
"вечером, Я изучаю язык дома.",Russian
"το βράδυ, Εγώ κάνω γυμναστική στην πόλη.",Greek
"на этой неделе, Я смотрю фильм в магазине.",Russian
أنا أذهب إلى العمل في المنزل مساء.,Arabic
ನಾನು ಸಂಜೆ ವಿಶ್ವವಿದ್ಯಾಲಯದಲ್ಲಿ ಸಿನಿಮಾ ನೋಡುತ್ತೇನೆ ಎಂದು ಹೇಳಿದರು.,Kannada
ನಾನು ಈ ವಾರ ಗ್ರಂಥಾಲಯದಲ್ಲಿ ಕೆಲಸಕ್ಕೆ ಹೋಗುತ್ತೇನೆ ಎಂದು ಹೇಳಿದರು.,Kannada
मैं पत्र लिखता हूँ शहर में सुबह।,Hindi
أنا يريد أن أقرأ كتابا في المدينة.,Arabic
ഞാൻ ഈ ആഴ്ച വീട്ടിൽ സർവകലാശാലയിൽ പഠിക്കുന്നു.,Malayalam
"காலை நேரத்தில், நான் நகரத்தில் மொழி கற்கிறேன்.",Tamil
ನಾನು ಅಂಗಡಿಯಲ್ಲಿ ಕಾಫಿ ಕುಡಿಯುತ್ತೇನೆ ಸಂಜೆ.,Kannada
"सुबह, मैं व्यायाम करता हूँ दुकान में।",Hindi
"आज, मैं भाषा सीखता हूँ दुकान में।",Hindi
मैं भाषा सीखता हूँ पार्क में कल।,Hindi
أنا يريد أن أشرب القهوة في المستشفى.,Arabic
मैं पत्र लिखता हूँ विश्वविद्यालय में सुबह के समय।,Hindi
صباحا، أنا أدرس في الجامعة في المستشفى.,Arabic
قال أنا إنه أمارس الرياضة في المكتبة مساء.,Arabic
मैं काम पर जाता हूँ अस्पताल में सुबह के समय।,Hindi
ನಾನು ನಾಳೆ ಮನೆಯಲ್ಲಿ ಸಿನಿಮಾ ನೋಡುತ್ತೇನೆ ಎಂದು ಹೇಳಿದರು.,Kannada
"αύριο, Εγώ διαβάζω ένα βιβλίο στο νοσοκομείο.",Greek
Я пишу письмо в магазине каждый день.,Russian
Εγώ βλέπω μια ταινία στη βιβλιοθήκη αύριο.,Greek
நான் காலை நேரத்தில் அலுவலகத்தில் திரைப்படம் பார்க்கிறேன் என்று கூறினார்.,Tamil
"ಇಂದು, ನಾನು ಶಾಲೆಯಲ್ಲಿ ಕಾಫಿ ಕುಡಿಯುತ್ತೇನೆ.",Kannada
ഞാൻ വൈകുന്നേരം പാർക്കിൽ കാപ്പി കുടിക്കുന്നു.,Malayalam
Εγώ είπε ότι διαβάζω ένα βιβλίο στο πανεπιστήμιο αργά το βράδυ.,Greek
എല്ലാ ദിവസവും ഞാൻ നഗരത്തിൽ സർവകലാശാലയിൽ പഠിക്കുന്നു.,Malayalam
ನಾನು ಬೆಳಿಗ್ಗೆ ಶಾಲೆಯಲ್ಲಿ ವಿಶ್ವವಿದ್ಯಾಲಯದಲ್ಲಿ ಓದುತ್ತೇನೆ ಎಂದು ಹೇಳಿದರು.,Kannada
நான் இந்த வாரம் உணவகத்தில் கடிதம் எழுதுகிறேன் என்று கூறினார்.,Tamil
"இந்த வாரம், நான் நூலகத்தில் புத்தகம் படிக்கிறேன்.",Tamil
Εγώ πηγαίνω στη δουλειά στο πάρκο αυτή την εβδομάδα.,Greek
"ಸಂಜೆಯ ಸಮಯದಲ್ಲಿ, ನಾನು ವಿಶ್ವವಿದ್ಯಾಲಯದಲ್ಲಿ ಪುಸ್ತಕ ಓದುತ್ತೇನೆ.",Kannada
صباحا، أنا أدرس في الجامعة في المكتبة.,Arabic
Я смотрю фильм в ресторане вечером.,Russian
Εγώ πίνω καφέ στο σπίτι σήμερα.,Greek
ನಾನು ಸಂಜೆ ಆಸ್ಪತ್ರೆಯಲ್ಲಿ ವ್ಯಾಯಾಮ ಮಾಡುತ್ತೇನೆ ಎಂದು ಹೇಳಿದರು.,Kannada
Я хочет смотрю фильм в магазине.,Russian
വൈകുന്നേരം ഞാൻ വീട്ടിൽ സിനിമ കാണുന്നു.,Malayalam
Εγώ πίνω καφέ στο σπίτι νωρίς το πρωί.,Greek
मैं ने कहा कि वह अस्पताल में फिल्म देखता हूँ सुबह के समय।,Hindi
मैं कार्यालय में भाषा सीखता हूँ चाहता है।,Hindi
Εγώ είπε ότι σπουδάζω στο πανεπιστήμιο στο σχολείο κάθε μέρα.,Greek
मैं किताब पढ़ता हूँ स्कूल में कल।,Hindi
"தினமும், நான் பள்ளியில் புத்தகம் படிக்கிறேன்.",Tamil
"மாலையில், நான் உணவகத்தில் புத்தகம் படிக்கிறேன்.",Tamil
நான் இந்த வாரம் நகரத்தில் வேலைக்கு செல்கிறேன் என்று கூறினார்.,Tamil
قال أنا إنه أقرأ كتابا في المستشفى غدا.,Arabic
"ಸಂಜೆಯ ಸಮಯದಲ್ಲಿ, ನಾನು ಶಾಲೆಯಲ್ಲಿ ಪುಸ್ತಕ ಓದುತ್ತೇನೆ.",Kannada
"вечером, Я пишу письмо в университете.",Russian
"सुबह, मैं फिल्म देखता हूँ शहर में।",Hindi
ഞാൻ രാവിലെ സമയത്ത് നഗരത്തിൽ ജോലിക്ക് പോകുന്നു.,Malayalam
Εγώ είπε ότι πίνω καφέ στο νοσοκομείο αργά το βράδυ.,Greek
ഞാൻ വൈകുന്നേരം സ്കൂളിൽ വ്യായാമം ചെയ്യുന്നു എന്ന് പറഞ്ഞു.,Malayalam
Я читаю книгу в офисе утром.,Russian
"Я сказал, что пишу письмо в парке каждый день.",Russian
मैं फिल्म देखता हूँ विश्वविद्यालय में हर दिन।,Hindi
قال أنا إنه أشرب القهوة في الحديقة صباحا.,Arabic
मैं ने कहा कि वह पुस्तकालय में फिल्म देखता हूँ शाम को।,Hindi
ನಾನು ಇಂದು ಕಚೇರಿಯಲ್ಲಿ ಪುಸ್ತಕ ಓದುತ್ತೇನೆ ಎಂದು ಹೇಳಿದರು.,Kannada
Εγώ είπε ότι βλέπω μια ταινία στο σπίτι κάθε μέρα.,Greek
أنا أمارس الرياضة في الجامعة غدا.,Arabic
मैं चाय पीता हूँ स्कूल में इस सप्ताह।,Hindi
قال أنا إنه أشاهد فيلما في المتجر مساء.,Arabic
ನಾನು ವಿಶ್ವವಿದ್ಯಾಲಯದಲ್ಲಿ ಪುಸ್ತಕ ಓದುತ್ತೇನೆ ಮಾಡಲು ಬಯಸುತ್ತಾನೆ.,Kannada
"на этой неделе, Я смотрю фильм в городе.",Russian
मैं व्यायाम करता हूँ दुकान में सुबह।,Hindi
"மாலையில், நான் மருத்துவமனையில் திரைப்படம் பார்க்கிறேன்.",Tamil
ഞാൻ ഈ ആഴ്ച പാർക്കിൽ പുസ്തകം വായിക്കുന്നു എന്ന് പറഞ്ഞു.,Malayalam
ഞാൻ എല്ലാ ദിവസവും ഓഫീസിൽ ജോലിക്ക് പോകുന്നു.,Malayalam
ನಾನು ಇಂದು ಮನೆಯಲ್ಲಿ ಪುಸ್ತಕ ಓದುತ್ತೇನೆ ಎಂದು ಹೇಳಿದರು.,Kannada
நான் வீட்டில் உடற்பயிற்சி செய்கிறேன் விரும்புகிறார்.,Tamil
Εγώ σπουδάζω στο πανεπιστήμιο στο νοσοκομείο κάθε μέρα.,Greek
"இன்று, நான் அலுவலகத்தில் பல்கலைக்கழகத்தில் படிக்கிறேன்.",Tamil
Εγώ είπε ότι γράφω ένα γράμμα στο σπίτι το πρωί.,Greek
قال أنا إنه أشاهد فيلما في المكتب في المساء.,Arabic
Я иду на работу в больнице завтра.,Russian
Εγώ είπε ότι σπουδάζω στο πανεπιστήμιο στο εστιατόριο αργά το βράδυ.,Greek
"தினமும், நான் உணவகத்தில் பல்கலைக்கழகத்தில் படிக்கிறேன்.",Tamil
أنا أدرس في الجامعة في المدينة اليوم.,Arabic
"शाम को, मैं भाषा सीखता हूँ शहर में।",Hindi
मैं ने कहा कि वह विश्वविद्यालय में पत्र लिखता हूँ सुबह।,Hindi
நான் இந்த வாரம் பள்ளியில் கடிதம் எழுதுகிறேன் என்று கூறினார்.,Tamil
நான் மாலையில் மருத்துவமனையில் புத்தகம் படிக்கிறேன் என்று கூறினார்.,Tamil
मैं कार्यालय में चाय पीता हूँ चाहता है।,Hindi
मैं ने कहा कि वह विश्वविद्यालय में फिल्म देखता हूँ सुबह।,Hindi
Я смотрю фильм в офисе утром.,Russian
في الصباح، أنا أشرب القهوة في المتجر.,Arabic
நான் பள்ளியில் கடிதம் எழுதுகிறேன் இன்று.,Tamil
Я пишу письмо в парке на этой неделе.,Russian
"завтра, Я смотрю фильм в университете.",Russian
मैं ने कहा कि वह पुस्तकालय में पत्र लिखता हूँ कल।,Hindi
Я изучаю язык дома завтра.,Russian
صباحا، أنا أشاهد فيلما في المكتب.,Arabic
غدا، أنا أكتب رسالة في المكتب.,Arabic
"Я сказал, что иду на работу в ресторане утром.",Russian
ನಾನು ನಾಳೆ ರೆಸ್ಟೋರೆಂಟ್‌ನಲ್ಲಿ ಸಿನಿಮಾ ನೋಡುತ್ತೇನೆ ಎಂದು ಹೇಳಿದರು.,Kannada
ഞാൻ ഇന്ന് വീട്ടിൽ വ്യായാമം ചെയ്യുന്നു.,Malayalam
ನಾನು ರೆಸ್ಟೋರೆಂಟ್‌ನಲ್ಲಿ ವಿಶ್ವವಿದ್ಯಾಲಯದಲ್ಲಿ ಓದುತ್ತೇನೆ ಮಾಡಲು ಬಯಸುತ್ತಾನೆ.,Kannada
Εγώ πηγαίνω στη δουλειά στο πάρκο νωρίς το πρωί.,Greek
كل يوم، أنا أذهب إلى العمل في المكتب.,Arabic
मैं काम पर जाता हूँ स्कूल में शाम को।,Hindi
मैं ने कहा कि वह पुस्तकालय में विश्वविद्यालय में पढ़ता हूँ सुबह के समय।,Hindi
ഞാൻ വൈകുന്നേരം സമയത്ത് നഗരത്തിൽ വ്യായാമം ചെയ്യുന്നു.,Malayalam
في الصباح، أنا أشرب القهوة في المكتب.,Arabic
நான் காலை நேரத்தில் நகரத்தில் பல்கலைக்கழகத்தில் படிக்கிறேன் என்று கூறினார்.,Tamil
ನಾನು ಅಂಗಡಿಯಲ್ಲಿ ವ್ಯಾಯಾಮ ಮಾಡುತ್ತೇನೆ ಬೆಳಿಗ್ಗೆ.,Kannada
ഞാൻ രാവിലെ സർവകലാശാലയിൽ കാപ്പി കുടിക്കുന്നു എന്ന് പറഞ്ഞു.,Malayalam
أنا أمارس الرياضة في المطعم في المساء.,Arabic
मैं ने कहा कि वह पार्क में व्यायाम करता हूँ सुबह के समय।,Hindi
Εγώ είπε ότι μαθαίνω τη γλώσσα στη βιβλιοθήκη νωρίς το πρωί.,Greek
ನಾನು ಈ ವಾರ ಗ್ರಂಥಾಲಯದಲ್ಲಿ ಕಾಫಿ ಕುಡಿಯುತ್ತೇನೆ ಎಂದು ಹೇಳಿದರು.,Kannada
Εγώ βλέπω μια ταινία στο πάρκο νωρίς το πρωί.,Greek
நான் மருத்துவமனையில் மொழி கற்கிறேன் விரும்புகிறார்.,Tamil
நான் உணவகத்தில் மொழி கற்கிறேன் மாலை நேரத்தில்.,Tamil
ഞാൻ എല്ലാ ദിവസവും പാർക്കിൽ കാപ്പി കുടിക്കുന്നു.,Malayalam
मैं ने कहा कि वह कार्यालय में व्यायाम करता हूँ आज।,Hindi
"Я сказал, что иду на работу в библиотеке рано утром.",Russian
"поздно вечером, Я учусь в университете в магазине.",Russian
ഞാൻ രാവിലെ സ്കൂളിൽ പുസ്തകം വായിക്കുന്നു.,Malayalam
أنا أكتب رسالة في المكتبة مساء.,Arabic
Εγώ γράφω ένα γράμμα στην πόλη νωρίς το πρωί.,Greek
ನಾನು ಈ ವಾರ ನಗರದಲ್ಲಿ ಪುಸ್ತಕ ಓದುತ್ತೇನೆ ಎಂದು ಹೇಳಿದರು.,Kannada
Я читаю книгу в городе вечером.,Russian
كل يوم، أنا أمارس الرياضة في المتجر.,Arabic
വൈകുന്നേരം ഞാൻ കടയിൽ പുസ്തകം വായിക്കുന്നു.,Malayalam
"Я сказал, что пишу письмо в ресторане на этой неделе.",Russian
ഞാൻ നാളെ ഓഫീസിൽ വ്യായാമം ചെയ്യുന്നു.,Malayalam
"Я сказал, что изучаю язык в больнице утром.",Russian
ഞാൻ രാവിലെ സമയത്ത് ലൈബ്രറിയിൽ വ്യായാമം ചെയ്യുന്നു.,Malayalam
قال أنا إنه أدرس في الجامعة في الحديقة هذا الأسبوع.,Arabic
"காலையில், நான் நூலகத்தில் கடிதம் எழுதுகிறேன்.",Tamil
ഞാൻ ഇന്ന് സ്കൂളിൽ കാപ്പി കുടിക്കുന്നു എന്ന് പറഞ്ഞു.,Malayalam
"सुबह, मैं किताब पढ़ता हूँ पार्क में।",Hindi
"इस सप्ताह, मैं पत्र लिखता हूँ घर में।",Hindi
ഞാൻ രാവിലെ സർവകലാശാലയിൽ സർവകലാശാലയിൽ പഠിക്കുന്നു.,Malayalam
صباحا، أنا أتعلم اللغة في المدينة.,Arabic
मैं अस्पताल में भाषा सीखता हूँ चाहता है।,Hindi
ನಾನು ವಿಶ್ವವಿದ್ಯಾಲಯದಲ್ಲಿ ಕಾಫಿ ಕುಡಿಯುತ್ತೇನೆ ನಾಳೆ.,Kannada
ഞാൻ നാളെ സ്കൂളിൽ വ്യായാമം ചെയ്യുന്നു എന്ന് പറഞ്ഞു.,Malayalam
"மாலை நேரத்தில், நான் பூங்காவில் காபி குடிக்கிறேன்.",Tamil
ഞാൻ രാവിലെ സമയത്ത് സ്കൂളിൽ കത്ത് എഴുതുന്നു എന്ന് പറഞ്ഞു.,Malayalam
ഞാൻ ഈ ആഴ്ച വീട്ടിൽ പുസ്തകം വായിക്കുന്നു എന്ന് പറഞ്ഞു.,Malayalam
"தினமும், நான் மருத்துவமனையில் காபி குடிக்கிறேன்.",Tamil
ನಾನು ಪ್ರತಿದಿನ ಕಚೇರಿಯಲ್ಲಿ ಪುಸ್ತಕ ಓದುತ್ತೇನೆ ಎಂದು ಹೇಳಿದರು.,Kannada
"σήμερα, Εγώ πίνω καφέ στο σχολείο.",Greek
أنا يريد أن أشرب القهوة في المطعم.,Arabic
Εγώ βλέπω μια ταινία στο σχολείο νωρίς το πρωί.,Greek
"αύριο, Εγώ μαθαίνω τη γλώσσα στη βιβλιοθήκη.",Greek
"ಈ ವಾರ, ನಾನು ನಗರದಲ್ಲಿ ಪತ್ರ ಬರೆಯುತ್ತೇನೆ.",Kannada
قال أنا إنه أذهب إلى العمل في المنزل غدا.,Arabic
"Я сказал, что занимаюсь спортом в ресторане вечером.",Russian
ನಾನು ಉದ್ಯಾನವನದಲ್ಲಿ ಕಾಫಿ ಕುಡಿಯುತ್ತೇನೆ ಬೆಳಗಿನ ಸಮಯದಲ್ಲಿ.,Kannada
ನಾನು ಅಂಗಡಿಯಲ್ಲಿ ಪತ್ರ ಬರೆಯುತ್ತೇನೆ ನಾಳೆ.,Kannada
"Я сказал, что пью кофе в городе рано утром.",Russian
"நாளை, நான் உணவகத்தில் மொழி கற்கிறேன்.",Tamil
मैं फिल्म देखता हूँ कार्यालय में शाम को।,Hindi
मैं ने कहा कि वह शहर में काम पर जाता हूँ हर दिन।,Hindi
ഞാൻ രാവിലെ സ്കൂളിൽ വ്യായാമം ചെയ്യുന്നു എന്ന് പറഞ്ഞു.,Malayalam
"αυτή την εβδομάδα, Εγώ πηγαίνω στη δουλειά στο σχολείο.",Greek
Я занимаюсь спортом в ресторане каждый день.,Russian
"தினமும், நான் பல்கலைக்கழகத்தில் காபி குடிக்கிறேன்.",Tamil
நான் நூலகத்தில் உடற்பயிற்சி செய்கிறேன் தினமும்.,Tamil
വൈകുന്നേരം ഞാൻ പാർക്കിൽ കത്ത് എഴുതുന്നു.,Malayalam
நான் பள்ளியில் வேலைக்கு செல்கிறேன் இந்த வாரம்.,Tamil
ഞാൻ വൈകുന്നേരം വീട്ടിൽ പുസ്തകം വായിക്കുന്നു.,Malayalam
Εγώ μαθαίνω τη γλώσσα στο εστιατόριο αργά το βράδυ.,Greek
"காலை நேரத்தில், நான் பூங்காவில் திரைப்படம் பார்க்கிறேன்.",Tamil
ഞാൻ വൈകുന്നേരം നഗരത്തിൽ ജോലിക്ക് പോകുന്നു.,Malayalam
"Я сказал, что смотрю фильм в ресторане поздно вечером.",Russian
"शाम के समय, मैं काम पर जाता हूँ विश्वविद्यालय में।",Hindi
मैं ने कहा कि वह शहर में भाषा सीखता हूँ सुबह।,Hindi
Я занимаюсь спортом в парке вечером.,Russian
നാളെ ഞാൻ ആശുപത്രിയിൽ പുസ്തകം വായിക്കുന്നു.,Malayalam
நான் அலுவலகத்தில் புத்தகம் படிக்கிறேன் இன்று.,Tamil
Εγώ είπε ότι πίνω καφέ στο κατάστημα αυτή την εβδομάδα.,Greek
"завтра, Я занимаюсь спортом в школе.",Russian
"कल, मैं विश्वविद्यालय में पढ़ता हूँ शहर में।",Hindi
"Я сказал, что пишу письмо в университете утром.",Russian
मैं ने कहा कि वह दुकान में विश्वविद्यालय में पढ़ता हूँ हर दिन।,Hindi
قال أنا إنه أتعلم اللغة في المدينة في المساء.,Arabic
நான் நூலகத்தில் காபி குடிக்கிறேன் மாலை நேரத்தில்.,Tamil
مساء، أنا أشرب القهوة في المدرسة.,Arabic
நான் அலுவலகத்தில் காபி குடிக்கிறேன் விரும்புகிறார்.,Tamil
मैं ने कहा कि वह दुकान में काम पर जाता हूँ कल।,Hindi
मैं ने कहा कि वह अस्पताल में किताब पढ़ता हूँ सुबह।,Hindi
मैं भाषा सीखता हूँ विश्वविद्यालय में शाम को।,Hindi
ഞാൻ ഇന്ന് സ്കൂളിൽ വ്യായാമം ചെയ്യുന്നു.,Malayalam
நான் மாலையில் பள்ளியில் உடற்பயிற்சி செய்கிறேன் என்று கூறினார்.,Tamil
"αύριο, Εγώ διαβάζω ένα βιβλίο στην πόλη.",Greek
ನಾನು ಉದ್ಯಾನವನದಲ್ಲಿ ವಿಶ್ವವಿದ್ಯಾಲಯದಲ್ಲಿ ಓದುತ್ತೇನೆ ಸಂಜೆ.,Kannada
Εγώ είπε ότι γράφω ένα γράμμα στην πόλη νωρίς το πρωί.,Greek
நான் நகரத்தில் பல்கலைக்கழகத்தில் படிக்கிறேன் நாளை.,Tamil
Εγώ κάνω γυμναστική στο σχολείο νωρίς το πρωί.,Greek
ഞാൻ വൈകുന്നേരം ലൈബ്രറിയിൽ സർവകലാശാലയിൽ പഠിക്കുന്നു എന്ന് പറഞ്ഞു.,Malayalam
நான் நாளை வீட்டில் மொழி கற்கிறேன் என்று கூறினார்.,Tamil
"ಸಂಜೆ, ನಾನು ವಿಶ್ವವಿದ್ಯಾಲಯದಲ್ಲಿ ಸಿನಿಮಾ ನೋಡುತ್ತೇನೆ.",Kannada
صباحا، أنا أتعلم اللغة في المتجر.,Arabic
"இன்று, நான் வீட்டில் திரைப்படம் பார்க்கிறேன்.",Tamil
أنا أكتب رسالة في المتجر اليوم.,Arabic
Я учусь в университете в магазине сегодня.,Russian
ನಾನು ಸಂಜೆ ಮನೆಯಲ್ಲಿ ಪುಸ್ತಕ ಓದುತ್ತೇನೆ ಎಂದು ಹೇಳಿದರು.,Kannada
"το βράδυ, Εγώ διαβάζω ένα βιβλίο στο νοσοκομείο.",Greek
ഈ ആഴ്ച ഞാൻ ലൈബ്രറിയിൽ വ്യായാമം ചെയ്യുന്നു.,Malayalam
രാവിലെ സമയത്ത് ഞാൻ ലൈബ്രറിയിൽ ഭാഷ പഠിക്കുന്നു.,Malayalam
मैं किताब पढ़ता हूँ विश्वविद्यालय में शाम को।,Hindi
"सुबह, मैं व्यायाम करता हूँ रेस्तरां में।",Hindi
"सुबह के समय, मैं विश्वविद्यालय में पढ़ता हूँ कार्यालय में।",Hindi
मैं भाषा सीखता हूँ दुकान में कल।,Hindi
"कल, मैं पत्र लिखता हूँ दुकान में।",Hindi
ഞാൻ രാവിലെ പാർക്കിൽ കത്ത് എഴുതുന്നു എന്ന് പറഞ്ഞു.,Malayalam
"вечером, Я смотрю фильм дома.",Russian
ನಾನು ಬೆಳಿಗ್ಗೆ ಅಂಗಡಿಯಲ್ಲಿ ಕಾಫಿ ಕುಡಿಯುತ್ತೇನೆ ಎಂದು ಹೇಳಿದರು.,Kannada
ನಾನು ನಾಳೆ ಗ್ರಂಥಾಲಯದಲ್ಲಿ ಪುಸ್ತಕ ಓದುತ್ತೇನೆ ಎಂದು ಹೇಳಿದರು.,Kannada
நான் இந்த வாரம் பல்கலைக்கழகத்தில் திரைப்படம் பார்க்கிறேன் என்று கூறினார்.,Tamil
Εγώ είπε ότι διαβάζω ένα βιβλίο στο σπίτι το βράδυ.,Greek
"மாலை நேரத்தில், நான் நகரத்தில் வேலைக்கு செல்கிறேன்.",Tamil
Εγώ είπε ότι βλέπω μια ταινία στο σπίτι αυτή την εβδομάδα.,Greek
"सुबह, मैं फिल्म देखता हूँ दुकान में।",Hindi
ഞാൻ പാർക്കിൽ കാപ്പി കുടിക്കുന്നു ആഗ്രഹിക്കുന്നു.,Malayalam
هذا الأسبوع، أنا أذهب إلى العمل في المتجر.,Arabic
நான் கடையில் புத்தகம் படிக்கிறேன் மாலை நேரத்தில்.,Tamil
"на этой неделе, Я изучаю язык дома.",Russian
"Я сказал, что пишу письмо в ресторане вечером.",Russian
നാളെ ഞാൻ സ്കൂളിൽ ഭാഷ പഠിക്കുന്നു.,Malayalam
أنا يريد أن أقرأ كتابا في المستشفى.,Arabic
"Я сказал, что пью кофе в библиотеке сегодня.",Russian
"το πρωί, Εγώ πίνω καφέ στο γραφείο.",Greek
ഞാൻ ഈ ആഴ്ച വീട്ടിൽ സിനിമ കാണുന്നു എന്ന് പറഞ്ഞു.,Malayalam
أنا أكتب رسالة في المتجر صباحا.,Arabic
मैं ने कहा कि वह दुकान में पत्र लिखता हूँ सुबह।,Hindi
രാവിലെ ഞാൻ നഗരത്തിൽ കത്ത് എഴുതുന്നു.,Malayalam
நான் அலுவலகத்தில் காபி குடிக்கிறேன் தினமும்.,Tamil
أنا أقرأ كتابا في المدرسة كل يوم.,Arabic
நான் கடையில் கடிதம் எழுதுகிறேன் இந்த வாரம்.,Tamil
"आज, मैं किताब पढ़ता हूँ दुकान में।",Hindi
ನಾನು ಈ ವಾರ ಗ್ರಂಥಾಲಯದಲ್ಲಿ ಪುಸ್ತಕ ಓದುತ್ತೇನೆ ಎಂದು ಹೇಳಿದರು.,Kannada
"σήμερα, Εγώ κάνω γυμναστική στο σπίτι.",Greek
ನಾನು ಅಂಗಡಿಯಲ್ಲಿ ವ್ಯಾಯಾಮ ಮಾಡುತ್ತೇನೆ ಬೆಳಗಿನ ಸಮಯದಲ್ಲಿ.,Kannada
Εγώ γράφω ένα γράμμα στο γραφείο αύριο.,Greek
ഞാൻ എല്ലാ ദിവസവും നഗരത്തിൽ സിനിമ കാണുന്നു.,Malayalam
قال أنا إنه أمارس الرياضة في المدينة غدا.,Arabic
എല്ലാ ദിവസവും ഞാൻ വീട്ടിൽ ജോലിക്ക് പോകുന്നു.,Malayalam
"Я сказал, что пишу письмо в парке завтра.",Russian
രാവിലെ ഞാൻ പാർക്കിൽ ഭാഷ പഠിക്കുന്നു.,Malayalam
أنا أكتب رسالة في الحديقة غدا.,Arabic
"सुबह, मैं काम पर जाता हूँ रेस्तरां में।",Hindi
"сегодня, Я учусь в университете в больнице.",Russian
كل يوم، أنا أذهب إلى العمل في الحديقة.,Arabic
Εγώ είπε ότι βλέπω μια ταινία στο γραφείο αύριο.,Greek
ഞാൻ സർവകലാശാലയിൽ പുസ്തകം വായിക്കുന്നു ആഗ്രഹിക്കുന്നു.,Malayalam
ഞാൻ വൈകുന്നേരം പാർക്കിൽ കത്ത് എഴുതുന്നു എന്ന് പറഞ്ഞു.,Malayalam
ನಾನು ಕಚೇರಿಯಲ್ಲಿ ವಿಶ್ವವಿದ್ಯಾಲಯದಲ್ಲಿ ಓದುತ್ತೇನೆ ಬೆಳಗಿನ ಸಮಯದಲ್ಲಿ.,Kannada
मैं फिल्म देखता हूँ विश्वविद्यालय में सुबह के समय।,Hindi
ഞാൻ നാളെ കടയിൽ കത്ത് എഴുതുന്നു.,Malayalam
"на этой неделе, Я пью кофе в университете.",Russian
मैं रेस्तरां में पत्र लिखता हूँ चाहता है।,Hindi
Я изучаю язык в ресторане завтра.,Russian
أنا أتعلم اللغة في المطعم صباحا.,Arabic
Я пью кофе в больнице вечером.,Russian
"утром, Я смотрю фильм в ресторане.",Russian
நான் அலுவலகத்தில் கடிதம் எழுதுகிறேன் தினமும்.,Tamil
ഞാൻ നാളെ വീട്ടിൽ പുസ്തകം വായിക്കുന്നു എന്ന് പറഞ്ഞു.,Malayalam
صباحا، أنا أقرأ كتابا في المنزل.,Arabic
"மாலையில், நான் வீட்டில் புத்தகம் படிக்கிறேன்.",Tamil
Я пишу письмо в библиотеке сегодня.,Russian
मैं ने कहा कि वह पुस्तकालय में चाय पीता हूँ शाम के समय।,Hindi
"каждый день, Я пишу письмо в больнице.",Russian
நான் உணவகத்தில் வேலைக்கு செல்கிறேன் காலை நேரத்தில்.,Tamil
ഞാൻ നാളെ കടയിൽ കാപ്പി കുടിക്കുന്നു എന്ന് പറഞ്ഞു.,Malayalam
ನಾನು ಉದ್ಯಾನವನದಲ್ಲಿ ಕೆಲಸಕ್ಕೆ ಹೋಗುತ್ತೇನೆ ನಾಳೆ.,Kannada
"காலையில், நான் உணவகத்தில் புத்தகம் படிக்கிறேன்.",Tamil
ನಾನು ನಗರದಲ್ಲಿ ಸಿನಿಮಾ ನೋಡುತ್ತೇನೆ ಸಂಜೆಯ ಸಮಯದಲ್ಲಿ.,Kannada
ഞാൻ ലൈബ്രറിയിൽ കാപ്പി കുടിക്കുന്നു ആഗ്രഹിക്കുന്നു.,Malayalam
"Я сказал, что пишу письмо дома поздно вечером.",Russian
Εγώ είπε ότι σπουδάζω στο πανεπιστήμιο στο πανεπιστήμιο αύριο.,Greek
എല്ലാ ദിവസവും ഞാൻ റെസ്റ്റോറന്റിൽ സിനിമ കാണുന്നു.,Malayalam
Εγώ κάνω γυμναστική στο εστιατόριο αύριο.,Greek
Εγώ είπε ότι διαβάζω ένα βιβλίο στο πάρκο το βράδυ.,Greek
كل يوم، أنا أشاهد فيلما في المتجر.,Arabic
நான் காலையில் பூங்காவில் பல்கலைக்கழகத்தில் படிக்கிறேன் என்று கூறினார்.,Tamil
मैं व्यायाम करता हूँ पुस्तकालय में सुबह के समय।,Hindi
"ಬೆಳಿಗ್ಗೆ, ನಾನು ಮನೆಯಲ್ಲಿ ಸಿನಿಮಾ ನೋಡುತ್ತೇನೆ.",Kannada
मैं ने कहा कि वह दुकान में भाषा सीखता हूँ हर दिन।,Hindi
मैं ने कहा कि वह दुकान में विश्वविद्यालय में पढ़ता हूँ शाम के समय।,Hindi
"शाम को, मैं फिल्म देखता हूँ पार्क में।",Hindi
"Я сказал, что пью кофе дома сегодня.",Russian
"ನಾಳೆ, ನಾನು ಉದ್ಯಾನವನದಲ್ಲಿ ಭಾಷೆ ಕಲಿಯುತ್ತೇನೆ.",Kannada
ನಾನು ಉದ್ಯಾನವನದಲ್ಲಿ ಪತ್ರ ಬರೆಯುತ್ತೇನೆ ಬೆಳಗಿನ ಸಮಯದಲ್ಲಿ.,Kannada
രാവിലെ സമയത്ത് ഞാൻ സർവകലാശാലയിൽ കാപ്പി കുടിക്കുന്നു.,Malayalam
Εγώ είπε ότι πηγαίνω στη δουλειά στην πόλη αυτή την εβδομάδα.,Greek
"το βράδυ, Εγώ βλέπω μια ταινία στο πάρκο.",Greek
ನಾನು ಸಂಜೆ ನಗರದಲ್ಲಿ ಪುಸ್ತಕ ಓದುತ್ತೇನೆ ಎಂದು ಹೇಳಿದರು.,Kannada
Я занимаюсь спортом в магазине утром.,Russian
قال أنا إنه أشاهد فيلما في المتجر كل يوم.,Arabic
Я пишу письмо дома утром.,Russian
நான் இன்று நகரத்தில் திரைப்படம் பார்க்கிறேன் என்று கூறினார்.,Tamil
"ಇಂದು, ನಾನು ನಗರದಲ್ಲಿ ಪುಸ್ತಕ ಓದುತ್ತೇನೆ.",Kannada
"सुबह, मैं व्यायाम करता हूँ पुस्तकालय में।",Hindi
"το βράδυ, Εγώ σπουδάζω στο πανεπιστήμιο στο κατάστημα.",Greek
Εγώ μαθαίνω τη γλώσσα στο σχολείο κάθε μέρα.,Greek
"сегодня, Я изучаю язык дома.",Russian
நான் இந்த வாரம் மருத்துவமனையில் கடிதம் எழுதுகிறேன் என்று கூறினார்.,Tamil
Я пишу письмо в библиотеке завтра.,Russian
मैं चाय पीता हूँ घर में कल।,Hindi
Εγώ σπουδάζω στο πανεπιστήμιο στο σχολείο αύριο.,Greek
Εγώ είπε ότι γράφω ένα γράμμα στη βιβλιοθήκη αυτή την εβδομάδα.,Greek
"рано утром, Я занимаюсь спортом в парке.",Russian
"ಪ್ರತಿದಿನ, ನಾನು ನಗರದಲ್ಲಿ ವ್ಯಾಯಾಮ ಮಾಡುತ್ತೇನೆ.",Kannada
ನಾನು ಇಂದು ರೆಸ್ಟೋರೆಂಟ್‌ನಲ್ಲಿ ವಿಶ್ವವಿದ್ಯಾಲಯದಲ್ಲಿ ಓದುತ್ತೇನೆ ಎಂದು ಹೇಳಿದರು.,Kannada
"Я сказал, что читаю книгу в библиотеке вечером.",Russian
ನಾನು ಬೆಳಗಿನ ಸಮಯದಲ್ಲಿ ರೆಸ್ಟೋರೆಂಟ್‌ನಲ್ಲಿ ವ್ಯಾಯಾಮ ಮಾಡುತ್ತೇನೆ ಎಂದು ಹೇಳಿದರು.,Kannada
"рано утром, Я изучаю язык в университете.",Russian
ನಾನು ಸಂಜೆಯ ಸಮಯದಲ್ಲಿ ಮನೆಯಲ್ಲಿ ಪುಸ್ತಕ ಓದುತ್ತೇನೆ ಎಂದು ಹೇಳಿದರು.,Kannada
ನಾನು ಈ ವಾರ ಕಚೇರಿಯಲ್ಲಿ ಕಾಫಿ ಕುಡಿಯುತ್ತೇನೆ ಎಂದು ಹೇಳಿದರು.,Kannada
"நாளை, நான் நகரத்தில் உடற்பயிற்சி செய்கிறேன்.",Tamil
"σήμερα, Εγώ πηγαίνω στη δουλειά στο κατάστημα.",Greek
"ಸಂಜೆಯ ಸಮಯದಲ್ಲಿ, ನಾನು ರೆಸ್ಟೋರೆಂಟ್‌ನಲ್ಲಿ ವ್ಯಾಯಾಮ ಮಾಡುತ್ತೇನೆ.",Kannada
ನಾನು ಅಂಗಡಿಯಲ್ಲಿ ಪುಸ್ತಕ ಓದುತ್ತೇನೆ ಈ ವಾರ.,Kannada
ഞാൻ വൈകുന്നേരം ഓഫീസിൽ വ്യായാമം ചെയ്യുന്നു.,Malayalam
ഞാൻ രാവിലെ സമയത്ത് റെസ്റ്റോറന്റിൽ വ്യായാമം ചെയ്യുന്നു എന്ന് പറഞ്ഞു.,Malayalam
"இந்த வாரம், நான் பூங்காவில் புத்தகம் படிக்கிறேன்.",Tamil
நான் பல்கலைக்கழகத்தில் கடிதம் எழுதுகிறேன் காலையில்.,Tamil
मैं पत्र लिखता हूँ शहर में शाम को।,Hindi
நான் காலையில் அலுவலகத்தில் புத்தகம் படிக்கிறேன் என்று கூறினார்.,Tamil
"மாலையில், நான் நகரத்தில் கடிதம் எழுதுகிறேன்.",Tamil
"Я сказал, что учусь в университете в магазине утром.",Russian
Я учусь в университете дома на этой неделе.,Russian
"நாளை, நான் மருத்துவமனையில் உடற்பயிற்சி செய்கிறேன்.",Tamil
मैं चाय पीता हूँ पुस्तकालय में हर दिन।,Hindi
நான் தினமும் பல்கலைக்கழகத்தில் உடற்பயிற்சி செய்கிறேன் என்று கூறினார்.,Tamil
"утром, Я изучаю язык в школе.",Russian
"மாலை நேரத்தில், நான் நூலகத்தில் மொழி கற்கிறேன்.",Tamil
أنا أتعلم اللغة في المطعم مساء.,Arabic
Я изучаю язык дома на этой неделе.,Russian
Εγώ είπε ότι κάνω γυμναστική στο γραφείο νωρίς το πρωί.,Greek
ഇന്ന് ഞാൻ പാർക്കിൽ കാപ്പി കുടിക്കുന്നു.,Malayalam
"Я сказал, что занимаюсь спортом в городе вечером.",Russian
Εγώ βλέπω μια ταινία στο σχολείο το πρωί.,Greek
"сегодня, Я смотрю фильм в больнице.",Russian
"утром, Я занимаюсь спортом в офисе.",Russian
"νωρίς το πρωί, Εγώ σπουδάζω στο πανεπιστήμιο στο σπίτι.",Greek
Я пишу письмо в больнице завтра.,Russian
"தினமும், நான் பூங்காவில் பல்கலைக்கழகத்தில் படிக்கிறேன்.",Tamil
मैं व्यायाम करता हूँ घर में सुबह के समय।,Hindi
நான் தினமும் உணவகத்தில் காபி குடிக்கிறேன் என்று கூறினார்.,Tamil
Я изучаю язык в магазине вечером.,Russian
مساء، أنا أتعلم اللغة في الجامعة.,Arabic
நான் இந்த வாரம் நகரத்தில் காபி குடிக்கிறேன் என்று கூறினார்.,Tamil
ನಾನು ಸಂಜೆ ಶಾಲೆಯಲ್ಲಿ ಪುಸ್ತಕ ಓದುತ್ತೇನೆ ಎಂದು ಹೇಳಿದರು.,Kannada
Εγώ είπε ότι σπουδάζω στο πανεπιστήμιο στη βιβλιοθήκη σήμερα.,Greek
"ಬೆಳಗಿನ ಸಮಯದಲ್ಲಿ, ನಾನು ನಗರದಲ್ಲಿ ವ್ಯಾಯಾಮ ಮಾಡುತ್ತೇನೆ.",Kannada
ನಾನು ನಾಳೆ ವಿಶ್ವವಿದ್ಯಾಲಯದಲ್ಲಿ ಪುಸ್ತಕ ಓದುತ್ತೇನೆ ಎಂದು ಹೇಳಿದರು.,Kannada
நான் நூலகத்தில் புத்தகம் படிக்கிறேன் தினமும்.,Tamil
"காலை நேரத்தில், நான் உணவகத்தில் வேலைக்கு செல்கிறேன்.",Tamil
قال أنا إنه أمارس الرياضة في المستشفى صباحا.,Arabic
Εγώ διαβάζω ένα βιβλίο στην πόλη κάθε μέρα.,Greek
நான் பள்ளியில் திரைப்படம் பார்க்கிறேன் காலையில்.,Tamil
Εγώ είπε ότι σπουδάζω στο πανεπιστήμιο στην πόλη αργά το βράδυ.,Greek
"हर दिन, मैं भाषा सीखता हूँ विश्वविद्यालय में।",Hindi
நான் தினமும் பல்கலைக்கழகத்தில் வேலைக்கு செல்கிறேன் என்று கூறினார்.,Tamil
நான் உணவகத்தில் மொழி கற்கிறேன் இன்று.,Tamil
நான் நகரத்தில் உடற்பயிற்சி செய்கிறேன் தினமும்.,Tamil
நான் நாளை வீட்டில் வேலைக்கு செல்கிறேன் என்று கூறினார்.,Tamil
أنا أشرب القهوة في المنزل في المساء.,Arabic
நான் இந்த வாரம் அலுவலகத்தில் உடற்பயிற்சி செய்கிறேன் என்று கூறினார்.,Tamil
मैं काम पर जाता हूँ घर में इस सप्ताह।,Hindi
ഞാൻ വൈകുന്നേരം സമയത്ത് വീട്ടിൽ വ്യായാമം ചെയ്യുന്നു എന്ന് പറഞ്ഞു.,Malayalam
كل يوم، أنا أذهب إلى العمل في المدينة.,Arabic
"மாலை நேரத்தில், நான் மருத்துவமனையில் உடற்பயிற்சி செய்கிறேன்.",Tamil
"காலை நேரத்தில், நான் கடையில் மொழி கற்கிறேன்.",Tamil
قال أنا إنه أذهب إلى العمل في المكتب صباحا.,Arabic
मैं पत्र लिखता हूँ रेस्तरां में शाम को।,Hindi
मैं ने कहा कि वह अस्पताल में काम पर जाता हूँ सुबह।,Hindi
Я хочет читаю книгу в школе.,Russian
"Я сказал, что пишу письмо в парке утром.",Russian
ഞാൻ ഇന്ന് റെസ്റ്റോറന്റിൽ ജോലിക്ക് പോകുന്നു എന്ന് പറഞ്ഞു.,Malayalam
എല്ലാ ദിവസവും ഞാൻ ആശുപത്രിയിൽ കത്ത് എഴുതുന്നു.,Malayalam
நான் வீட்டில் வேலைக்கு செல்கிறேன் இந்த வாரம்.,Tamil
"το πρωί, Εγώ πίνω καφέ στο πανεπιστήμιο.",Greek
أنا أقرأ كتابا في المكتب في المساء.,Arabic
"ಇಂದು, ನಾನು ಆಸ್ಪತ್ರೆಯಲ್ಲಿ ಭಾಷೆ ಕಲಿಯುತ್ತೇನೆ.",Kannada
मैं ने कहा कि वह स्कूल में पत्र लिखता हूँ शाम को।,Hindi
എല്ലാ ദിവസവും ഞാൻ നഗരത്തിൽ കത്ത് എഴുതുന്നു.,Malayalam
"காலையில், நான் அலுவலகத்தில் வேலைக்கு செல்கிறேன்.",Tamil
"το πρωί, Εγώ πηγαίνω στη δουλειά στην πόλη.",Greek
ഞാൻ ഈ ആഴ്ച ആശുപത്രിയിൽ സർവകലാശാലയിൽ പഠിക്കുന്നു.,Malayalam
ഞാൻ വൈകുന്നേരം സമയത്ത് പാർക്കിൽ സർവകലാശാലയിൽ പഠിക്കുന്നു എന്ന് പറഞ്ഞു.,Malayalam
വൈകുന്നേരം ഞാൻ വീട്ടിൽ കാപ്പി കുടിക്കുന്നു.,Malayalam
"νωρίς το πρωί, Εγώ γράφω ένα γράμμα στο πανεπιστήμιο.",Greek
Εγώ πίνω καφέ στο εστιατόριο αργά το βράδυ.,Greek
"सुबह, मैं किताब पढ़ता हूँ अस्पताल में।",Hindi
ഞാൻ രാവിലെ സമയത്ത് റെസ്റ്റോറന്റിൽ സിനിമ കാണുന്നു.,Malayalam
أنا أدرس في الجامعة في المدرسة مساء.,Arabic
Εγώ πηγαίνω στη δουλειά στο σπίτι το βράδυ.,Greek
मैं ने कहा कि वह घर में चाय पीता हूँ आज।,Hindi
ഞാൻ ഇന്ന് നഗരത്തിൽ കത്ത് എഴുതുന്നു.,Malayalam
"сегодня, Я смотрю фильм в городе.",Russian
ഇന്ന് ഞാൻ ലൈബ്രറിയിൽ സിനിമ കാണുന്നു.,Malayalam
أنا أكتب رسالة في الحديقة مساء.,Arabic
ನಾನು ಬೆಳಗಿನ ಸಮಯದಲ್ಲಿ ಕಚೇರಿಯಲ್ಲಿ ಕೆಲಸಕ್ಕೆ ಹೋಗುತ್ತೇನೆ ಎಂದು ಹೇಳಿದರು.,Kannada
വൈകുന്നേരം സമയത്ത് ഞാൻ സർവകലാശാലയിൽ ഭാഷ പഠിക്കുന്നു.,Malayalam
Я иду на работу в университете на этой неделе.,Russian
"இந்த வாரம், நான் பள்ளியில் பல்கலைக்கழகத்தில் படிக்கிறேன்.",Tamil
"Я сказал, что изучаю язык в больнице рано утром.",Russian
நான் காலையில் வீட்டில் மொழி கற்கிறேன் என்று கூறினார்.,Tamil
വൈകുന്നേരം ഞാൻ ആശുപത്രിയിൽ കാപ്പി കുടിക്കുന്നു.,Malayalam
நான் மாலையில் நகரத்தில் திரைப்படம் பார்க்கிறேன் என்று கூறினார்.,Tamil
நான் மருத்துவமனையில் வேலைக்கு செல்கிறேன் மாலை நேரத்தில்.,Tamil
मैं विश्वविद्यालय में पढ़ता हूँ स्कूल में इस सप्ताह।,Hindi
मैं पत्र लिखता हूँ घर में कल।,Hindi
"κάθε μέρα, Εγώ σπουδάζω στο πανεπιστήμιο στο εστιατόριο.",Greek
ഞാൻ വൈകുന്നേരം സർവകലാശാലയിൽ വ്യായാമം ചെയ്യുന്നു.,Malayalam
"सुबह के समय, मैं चाय पीता हूँ स्कूल में।",Hindi
ನಾನು ಈ ವಾರ ಶಾಲೆಯಲ್ಲಿ ವ್ಯಾಯಾಮ ಮಾಡುತ್ತೇನೆ ಎಂದು ಹೇಳಿದರು.,Kannada
Я изучаю язык в библиотеке вечером.,Russian
"σήμερα, Εγώ πηγαίνω στη δουλειά στο σπίτι.",Greek
ഞാൻ ഈ ആഴ്ച കടയിൽ സിനിമ കാണുന്നു എന്ന് പറഞ്ഞു.,Malayalam
मैं विश्वविद्यालय में पढ़ता हूँ रेस्तरां में सुबह।,Hindi
ഞാൻ ഇന്ന് സ്കൂളിൽ പുസ്തകം വായിക്കുന്നു എന്ന് പറഞ്ഞു.,Malayalam
"Я сказал, что смотрю фильм в школе поздно вечером.",Russian
ನಾನು ಬೆಳಿಗ್ಗೆ ಅಂಗಡಿಯಲ್ಲಿ ವ್ಯಾಯಾಮ ಮಾಡುತ್ತೇನೆ ಎಂದು ಹೇಳಿದರು.,Kannada
ഞാൻ രാവിലെ സമയത്ത് ആശുപത്രിയിൽ കാപ്പി കുടിക്കുന്നു.,Malayalam
قال أنا إنه أتعلم اللغة في المطعم في المساء.,Arabic
"το βράδυ, Εγώ διαβάζω ένα βιβλίο στο κατάστημα.",Greek
قال أنا إنه أمارس الرياضة في الحديقة صباحا.,Arabic
"το πρωί, Εγώ γράφω ένα γράμμα στο σχολείο.",Greek
"αύριο, Εγώ διαβάζω ένα βιβλίο στο σπίτι.",Greek
ನಾನು ಬೆಳಗಿನ ಸಮಯದಲ್ಲಿ ರೆಸ್ಟೋರೆಂಟ್‌ನಲ್ಲಿ ಭಾಷೆ ಕಲಿಯುತ್ತೇನೆ ಎಂದು ಹೇಳಿದರು.,Kannada
مساء، أنا أتعلم اللغة في المطعم.,Arabic
"Я сказал, что читаю книгу в парке рано утром.",Russian
Εγώ είπε ότι κάνω γυμναστική στην πόλη κάθε μέρα.,Greek
Я смотрю фильм в университете поздно вечером.,Russian
ನಾನು ಉದ್ಯಾನವನದಲ್ಲಿ ವಿಶ್ವವಿದ್ಯಾಲಯದಲ್ಲಿ ಓದುತ್ತೇನೆ ನಾಳೆ.,Kannada
Εγώ είπε ότι μαθαίνω τη γλώσσα στο πανεπιστήμιο αύριο.,Greek
ഞാൻ രാവിലെ സമയത്ത് സർവകലാശാലയിൽ വ്യായാമം ചെയ്യുന്നു എന്ന് പറഞ്ഞു.,Malayalam
"завтра, Я пишу письмо в школе.",Russian
صباحا، أنا أتعلم اللغة في المكتب.,Arabic
രാവിലെ ഞാൻ ഓഫീസിൽ കത്ത് എഴുതുന്നു.,Malayalam
ನಾನು ಈ ವಾರ ಗ್ರಂಥಾಲಯದಲ್ಲಿ ವಿಶ್ವವಿದ್ಯಾಲಯದಲ್ಲಿ ಓದುತ್ತೇನೆ ಎಂದು ಹೇಳಿದರು.,Kannada
मैं फिल्म देखता हूँ स्कूल में हर दिन।,Hindi
"மாலையில், நான் மருத்துவமனையில் மொழி கற்கிறேன்.",Tamil
"каждый день, Я смотрю фильм в школе.",Russian
ഞാൻ വൈകുന്നേരം സമയത്ത് സർവകലാശാലയിൽ പുസ്തകം വായിക്കുന്നു.,Malayalam
ഞാൻ രാവിലെ പാർക്കിൽ ജോലിക്ക് പോകുന്നു എന്ന് പറഞ്ഞു.,Malayalam
ನಾನು ಅಂಗಡಿಯಲ್ಲಿ ಕಾಫಿ ಕುಡಿಯುತ್ತೇನೆ ಮಾಡಲು ಬಯಸುತ್ತಾನೆ.,Kannada
ನಾನು ಸಂಜೆಯ ಸಮಯದಲ್ಲಿ ಉದ್ಯಾನವನದಲ್ಲಿ ಪುಸ್ತಕ ಓದುತ್ತೇನೆ ಎಂದು ಹೇಳಿದರು.,Kannada
صباحا، أنا أمارس الرياضة في المكتب.,Arabic
Я занимаюсь спортом в офисе сегодня.,Russian
"Я сказал, что учусь в университете дома завтра.",Russian
ನಾನು ಆಸ್ಪತ್ರೆಯಲ್ಲಿ ಪತ್ರ ಬರೆಯುತ್ತೇನೆ ಸಂಜೆಯ ಸಮಯದಲ್ಲಿ.,Kannada
ഈ ആഴ്ച ഞാൻ സർവകലാശാലയിൽ സർവകലാശാലയിൽ പഠിക്കുന്നു.,Malayalam
ഇന്ന് ഞാൻ കടയിൽ കാപ്പി കുടിക്കുന്നു.,Malayalam
मैं ने कहा कि वह पार्क में विश्वविद्यालय में पढ़ता हूँ इस सप्ताह।,Hindi
நான் கடையில் மொழி கற்கிறேன் இன்று.,Tamil
मैं ने कहा कि वह पुस्तकालय में फिल्म देखता हूँ सुबह के समय।,Hindi
هذا الأسبوع، أنا أتعلم اللغة في المكتب.,Arabic
"на этой неделе, Я смотрю фильм в университете.",Russian
Εγώ γράφω ένα γράμμα στο κατάστημα το βράδυ.,Greek
"το βράδυ, Εγώ κάνω γυμναστική στο εστιατόριο.",Greek
"сегодня, Я смотрю фильм в магазине.",Russian
വൈകുന്നേരം ഞാൻ സർവകലാശാലയിൽ കാപ്പി കുടിക്കുന്നു.,Malayalam
मैं ने कहा कि वह पार्क में काम पर जाता हूँ आज।,Hindi
രാവിലെ സമയത്ത് ഞാൻ സ്കൂളിൽ ഭാഷ പഠിക്കുന്നു.,Malayalam
غدا، أنا أشاهد فيلما في الحديقة.,Arabic
நான் வீட்டில் மொழி கற்கிறேன் மாலையில்.,Tamil
"ಸಂಜೆಯ ಸಮಯದಲ್ಲಿ, ನಾನು ಗ್ರಂಥಾಲಯದಲ್ಲಿ ಕೆಲಸಕ್ಕೆ ಹೋಗುತ್ತೇನೆ.",Kannada
मैं विश्वविद्यालय में पढ़ता हूँ दुकान में हर दिन।,Hindi
நான் பள்ளியில் திரைப்படம் பார்க்கிறேன் மாலையில்.,Tamil
غدا، أنا أدرس في الجامعة في المستشفى.,Arabic
"το βράδυ, Εγώ πίνω καφέ στο πάρκο.",Greek
"शाम को, मैं भाषा सीखता हूँ कार्यालय में।",Hindi
ನಾನು ಬೆಳಗಿನ ಸಮಯದಲ್ಲಿ ಉದ್ಯಾನವನದಲ್ಲಿ ಕಾಫಿ ಕುಡಿಯುತ್ತೇನೆ ಎಂದು ಹೇಳಿದರು.,Kannada
"सुबह, मैं पत्र लिखता हूँ रेस्तरां में।",Hindi
Εγώ μαθαίνω τη γλώσσα στο σπίτι το βράδυ.,Greek
நான் நூலகத்தில் கடிதம் எழுதுகிறேன் மாலையில்.,Tamil
Εγώ διαβάζω ένα βιβλίο στο νοσοκομείο αργά το βράδυ.,Greek
قال أنا إنه أذهب إلى العمل في المدرسة اليوم.,Arabic
Я изучаю язык в офисе каждый день.,Russian
ನಾನು ಬೆಳಿಗ್ಗೆ ವಿಶ್ವವಿದ್ಯಾಲಯದಲ್ಲಿ ವ್ಯಾಯಾಮ ಮಾಡುತ್ತೇನೆ ಎಂದು ಹೇಳಿದರು.,Kannada
Εγώ διαβάζω ένα βιβλίο στη βιβλιοθήκη το πρωί.,Greek
Я учусь в университете в библиотеке каждый день.,Russian
"αυτή την εβδομάδα, Εγώ σπουδάζω στο πανεπιστήμιο στο πανεπιστήμιο.",Greek
Εγώ διαβάζω ένα βιβλίο στο πάρκο κάθε μέρα.,Greek
ನಾನು ಕಚೇರಿಯಲ್ಲಿ ವ್ಯಾಯಾಮ ಮಾಡುತ್ತೇನೆ ಸಂಜೆಯ ಸಮಯದಲ್ಲಿ.,Kannada
Εγώ είπε ότι πηγαίνω στη δουλειά στο κατάστημα το πρωί.,Greek
मैं ने कहा कि वह पुस्तकालय में पत्र लिखता हूँ शाम को।,Hindi
"рано утром, Я пью кофе в университете.",Russian
രാവിലെ സമയത്ത് ഞാൻ നഗരത്തിൽ കത്ത് എഴുതുന്നു.,Malayalam
ನಾನು ಕಚೇರಿಯಲ್ಲಿ ಕಾಫಿ ಕುಡಿಯುತ್ತೇನೆ ಸಂಜೆ.,Kannada
قال أنا إنه أدرس في الجامعة في الجامعة في الصباح.,Arabic
Я изучаю язык в парке утром.,Russian
Εγώ είπε ότι σπουδάζω στο πανεπιστήμιο στο γραφείο αύριο.,Greek
قال أنا إنه أمارس الرياضة في الجامعة هذا الأسبوع.,Arabic
"утром, Я занимаюсь спортом в школе.",Russian
വൈകുന്നേരം സമയത്ത് ഞാൻ ലൈബ്രറിയിൽ കാപ്പി കുടിക്കുന്നു.,Malayalam
"утром, Я пью кофе дома.",Russian
"ನಾಳೆ, ನಾನು ರೆಸ್ಟೋರೆಂಟ್‌ನಲ್ಲಿ ಸಿನಿಮಾ ನೋಡುತ್ತೇನೆ.",Kannada
मैं ने कहा कि वह पार्क में किताब पढ़ता हूँ हर दिन।,Hindi
ഞാൻ രാവിലെ സമയത്ത് വീട്ടിൽ സിനിമ കാണുന്നു.,Malayalam
मैं ने कहा कि वह स्कूल में विश्वविद्यालय में पढ़ता हूँ शाम को।,Hindi
أنا أكتب رسالة في الحديقة كل يوم.,Arabic
ನಾನು ವಿಶ್ವವಿದ್ಯಾಲಯದಲ್ಲಿ ಪುಸ್ತಕ ಓದುತ್ತೇನೆ ಬೆಳಗಿನ ಸಮಯದಲ್ಲಿ.,Kannada
ನಾನು ನಗರದಲ್ಲಿ ಭಾಷೆ ಕಲಿಯುತ್ತೇನೆ ಸಂಜೆಯ ಸಮಯದಲ್ಲಿ.,Kannada
ನಾನು ನಗರದಲ್ಲಿ ಸಿನಿಮಾ ನೋಡುತ್ತೇನೆ ಮಾಡಲು ಬಯಸುತ್ತಾನೆ.,Kannada
"इस सप्ताह, मैं व्यायाम करता हूँ कार्यालय में।",Hindi
ನಾನು ಪ್ರತಿದಿನ ಮನೆಯಲ್ಲಿ ಭಾಷೆ ಕಲಿಯುತ್ತೇನೆ ಎಂದು ಹೇಳಿದರು.,Kannada
ഇന്ന് ഞാൻ വീട്ടിൽ സിനിമ കാണുന്നു.,Malayalam
"αργά το βράδυ, Εγώ βλέπω μια ταινία στο σχολείο.",Greek
Я хочет занимаюсь спортом в ресторане.,Russian
أنا أكتب رسالة في المدرسة غدا.,Arabic
Я читаю книгу в магазине на этой неделе.,Russian
ഞാൻ റെസ്റ്റോറന്റിൽ കാപ്പി കുടിക്കുന്നു ആഗ്രഹിക്കുന്നു.,Malayalam
مساء، أنا أكتب رسالة في المدرسة.,Arabic
मैं रेस्तरां में किताब पढ़ता हूँ चाहता है।,Hindi
நான் மாலை நேரத்தில் நகரத்தில் காபி குடிக்கிறேன் என்று கூறினார்.,Tamil
Εγώ θέλει να πίνω καφέ στο κατάστημα.,Greek
أنا أكتب رسالة في المدينة صباحا.,Arabic
غدا، أنا أتعلم اللغة في المدينة.,Arabic
"Я сказал, что иду на работу дома поздно вечером.",Russian
நான் மாலையில் நகரத்தில் காபி குடிக்கிறேன் என்று கூறினார்.,Tamil
ನಾನು ಬೆಳಗಿನ ಸಮಯದಲ್ಲಿ ಮನೆಯಲ್ಲಿ ವಿಶ್ವವಿದ್ಯಾಲಯದಲ್ಲಿ ಓದುತ್ತೇನೆ ಎಂದು ಹೇಳಿದರು.,Kannada
വൈകുന്നേരം ഞാൻ വീട്ടിൽ ഭാഷ പഠിക്കുന്നു.,Malayalam
اليوم، أنا أكتب رسالة في المطعم.,Arabic
"вечером, Я читаю книгу в ресторане.",Russian
நான் காலை நேரத்தில் வீட்டில் மொழி கற்கிறேன் என்று கூறினார்.,Tamil
"αύριο, Εγώ πίνω καφέ στο πάρκο.",Greek
நான் பூங்காவில் திரைப்படம் பார்க்கிறேன் விரும்புகிறார்.,Tamil
मैं ने कहा कि वह शहर में भाषा सीखता हूँ हर दिन।,Hindi
நான் நகரத்தில் காபி குடிக்கிறேன் தினமும்.,Tamil
"на этой неделе, Я иду на работу в больнице.",Russian
"на этой неделе, Я пишу письмо в парке.",Russian
मैं ने कहा कि वह विश्वविद्यालय में फिल्म देखता हूँ सुबह के समय।,Hindi
ഞാൻ നാളെ ആശുപത്രിയിൽ സിനിമ കാണുന്നു.,Malayalam
Εγώ είπε ότι κάνω γυμναστική στο κατάστημα νωρίς το πρωί.,Greek
"மாலையில், நான் கடையில் திரைப்படம் பார்க்கிறேன்.",Tamil
ನಾನು ಪ್ರತಿದಿನ ಶಾಲೆಯಲ್ಲಿ ಸಿನಿಮಾ ನೋಡುತ್ತೇನೆ ಎಂದು ಹೇಳಿದರು.,Kannada
"ಇಂದು, ನಾನು ನಗರದಲ್ಲಿ ವ್ಯಾಯಾಮ ಮಾಡುತ್ತೇನೆ.",Kannada
ನಾನು ಶಾಲೆಯಲ್ಲಿ ವ್ಯಾಯಾಮ ಮಾಡುತ್ತೇನೆ ಪ್ರತಿದಿನ.,Kannada
Εγώ διαβάζω ένα βιβλίο στο πανεπιστήμιο σήμερα.,Greek
"ಬೆಳಗಿನ ಸಮಯದಲ್ಲಿ, ನಾನು ಆಸ್ಪತ್ರೆಯಲ್ಲಿ ಕೆಲಸಕ್ಕೆ ಹೋಗುತ್ತೇನೆ.",Kannada
நான் நகரத்தில் காபி குடிக்கிறேன் நாளை.,Tamil
വൈകുന്നേരം ഞാൻ സ്കൂളിൽ ഭാഷ പഠിക്കുന്നു.,Malayalam
मैं ने कहा कि वह घर में फिल्म देखता हूँ आज।,Hindi
രാവിലെ ഞാൻ വീട്ടിൽ വ്യായാമം ചെയ്യുന്നു.,Malayalam
"शाम के समय, मैं चाय पीता हूँ कार्यालय में।",Hindi
"ಬೆಳಿಗ್ಗೆ, ನಾನು ಆಸ್ಪತ್ರೆಯಲ್ಲಿ ಸಿನಿಮಾ ನೋಡುತ್ತೇನೆ.",Kannada
நான் காலையில் கடையில் கடிதம் எழுதுகிறேன் என்று கூறினார்.,Tamil
في المساء، أنا أمارس الرياضة في الجامعة.,Arabic
मैं ने कहा कि वह दुकान में फिल्म देखता हूँ सुबह के समय।,Hindi
كل يوم، أنا أدرس في الجامعة في المطعم.,Arabic
في المساء، أنا أقرأ كتابا في المطعم.,Arabic
Εγώ είπε ότι βλέπω μια ταινία στο κατάστημα αργά το βράδυ.,Greek
"Я сказал, что занимаюсь спортом дома вечером.",Russian
أنا أذهب إلى العمل في المنزل في المساء.,Arabic
"Я сказал, что смотрю фильм в городе поздно вечером.",Russian
قال أنا إنه أتعلم اللغة في المستشفى في الصباح.,Arabic
Я пью кофе в городе рано утром.,Russian
قال أنا إنه أشرب القهوة في المدينة مساء.,Arabic
രാവിലെ സമയത്ത് ഞാൻ ലൈബ്രറിയിൽ ജോലിക്ക് പോകുന്നു.,Malayalam
"ಬೆಳಗಿನ ಸಮಯದಲ್ಲಿ, ನಾನು ಅಂಗಡಿಯಲ್ಲಿ ಕೆಲಸಕ್ಕೆ ಹೋಗುತ್ತೇನೆ.",Kannada
"மாலையில், நான் பல்கலைக்கழகத்தில் காபி குடிக்கிறேன்.",Tamil
मैं व्यायाम करता हूँ अस्पताल में कल।,Hindi
"ಸಂಜೆಯ ಸಮಯದಲ್ಲಿ, ನಾನು ಆಸ್ಪತ್ರೆಯಲ್ಲಿ ಸಿನಿಮಾ ನೋಡುತ್ತೇನೆ.",Kannada
"இன்று, நான் பள்ளியில் உடற்பயிற்சி செய்கிறேன்.",Tamil
मैं फिल्म देखता हूँ कार्यालय में सुबह के समय।,Hindi
"மாலை நேரத்தில், நான் வீட்டில் மொழி கற்கிறேன்.",Tamil
ನಾನು ನಗರದಲ್ಲಿ ಪುಸ್ತಕ ಓದುತ್ತೇನೆ ನಾಳೆ.,Kannada
ഞാൻ ഇന്ന് റെസ്റ്റോറന്റിൽ സർവകലാശാലയിൽ പഠിക്കുന്നു.,Malayalam
قال أنا إنه أتعلم اللغة في المنزل هذا الأسبوع.,Arabic
في الصباح، أنا أقرأ كتابا في المدرسة.,Arabic
"κάθε μέρα, Εγώ γράφω ένα γράμμα στην πόλη.",Greek
"ಈ ವಾರ, ನಾನು ಗ್ರಂಥಾಲಯದಲ್ಲಿ ಭಾಷೆ ಕಲಿಯುತ್ತೇನೆ.",Kannada
ഞാൻ രാവിലെ സമയത്ത് ലൈബ്രറിയിൽ കത്ത് എഴുതുന്നു എന്ന് പറഞ്ഞു.,Malayalam
"காலையில், நான் உணவகத்தில் திரைப்படம் பார்க்கிறேன்.",Tamil
Εγώ πίνω καφέ στο εστιατόριο αυτή την εβδομάδα.,Greek
Εγώ είπε ότι σπουδάζω στο πανεπιστήμιο στην πόλη κάθε μέρα.,Greek
"शाम के समय, मैं व्यायाम करता हूँ शहर में।",Hindi
ഞാൻ രാവിലെ നഗരത്തിൽ പുസ്തകം വായിക്കുന്നു എന്ന് പറഞ്ഞു.,Malayalam
ഞാൻ വൈകുന്നേരം സമയത്ത് ആശുപത്രിയിൽ ജോലിക്ക് പോകുന്നു എന്ന് പറഞ്ഞു.,Malayalam
நான் பூங்காவில் காபி குடிக்கிறேன் விரும்புகிறார்.,Tamil
நான் இந்த வாரம் கடையில் காபி குடிக்கிறேன் என்று கூறினார்.,Tamil
"каждый день, Я изучаю язык дома.",Russian
Я пишу письмо в школе сегодня.,Russian
في الصباح، أنا أشاهد فيلما في المكتب.,Arabic
நான் அலுவலகத்தில் மொழி கற்கிறேன் காலை நேரத்தில்.,Tamil
நான் கடையில் உடற்பயிற்சி செய்கிறேன் நாளை.,Tamil
मैं विश्वविद्यालय में पढ़ता हूँ शहर में सुबह के समय।,Hindi
நான் அலுவலகத்தில் வேலைக்கு செல்கிறேன் மாலையில்.,Tamil
ನಾನು ಮನೆಯಲ್ಲಿ ಪತ್ರ ಬರೆಯುತ್ತೇನೆ ಇಂದು.,Kannada
كل يوم، أنا أمارس الرياضة في المطعم.,Arabic
أنا أقرأ كتابا في المكتب هذا الأسبوع.,Arabic
मैं किताब पढ़ता हूँ पुस्तकालय में सुबह।,Hindi
Я читаю книгу в школе рано утром.,Russian
Εγώ πίνω καφέ στο πάρκο το βράδυ.,Greek
நான் நாளை நகரத்தில் மொழி கற்கிறேன் என்று கூறினார்.,Tamil
"ಇಂದು, ನಾನು ಗ್ರಂಥಾಲಯದಲ್ಲಿ ಕೆಲಸಕ್ಕೆ ಹೋಗುತ್ತೇನೆ.",Kannada
நான் நகரத்தில் கடிதம் எழுதுகிறேன் மாலை நேரத்தில்.,Tamil
രാവിലെ ഞാൻ പാർക്കിൽ സിനിമ കാണുന്നു.,Malayalam
غدا، أنا أمارس الرياضة في المكتبة.,Arabic
நான் காலை நேரத்தில் வீட்டில் வேலைக்கு செல்கிறேன் என்று கூறினார்.,Tamil
ഞാൻ എല്ലാ ദിവസവും നഗരത്തിൽ കാപ്പി കുടിക്കുന്നു എന്ന് പറഞ്ഞു.,Malayalam
Εγώ διαβάζω ένα βιβλίο στο εστιατόριο το βράδυ.,Greek
هذا الأسبوع، أنا أمارس الرياضة في المدينة.,Arabic
قال أنا إنه أذهب إلى العمل في المدينة في الصباح.,Arabic
मैं व्यायाम करता हूँ पार्क में शाम के समय।,Hindi
"தினமும், நான் பள்ளியில் பல்கலைக்கழகத்தில் படிக்கிறேன்.",Tamil
"Я сказал, что иду на работу в парке сегодня.",Russian
ഇന്ന് ഞാൻ സ്കൂളിൽ വ്യായാമം ചെയ്യുന്നു.,Malayalam
مساء، أنا أذهب إلى العمل في المدرسة.,Arabic
أنا أذهب إلى العمل في المدينة صباحا.,Arabic
"завтра, Я иду на работу в городе.",Russian
ನಾನು ಸಂಜೆಯ ಸಮಯದಲ್ಲಿ ರೆಸ್ಟೋರೆಂಟ್‌ನಲ್ಲಿ ವ್ಯಾಯಾಮ ಮಾಡುತ್ತೇನೆ ಎಂದು ಹೇಳಿದರು.,Kannada
मैं पत्र लिखता हूँ अस्पताल में आज।,Hindi
ನಾನು ಆಸ್ಪತ್ರೆಯಲ್ಲಿ ಭಾಷೆ ಕಲಿಯುತ್ತೇನೆ ಬೆಳಿಗ್ಗೆ.,Kannada
في المساء، أنا أدرس في الجامعة في المدينة.,Arabic
"рано утром, Я смотрю фильм в университете.",Russian
Εγώ βλέπω μια ταινία στο σχολείο αυτή την εβδομάδα.,Greek
ഞാൻ വൈകുന്നേരം സമയത്ത് ലൈബ്രറിയിൽ ജോലിക്ക് പോകുന്നു എന്ന് പറഞ്ഞു.,Malayalam
"αυτή την εβδομάδα, Εγώ σπουδάζω στο πανεπιστήμιο στο πάρκο.",Greek
நான் நாளை மருத்துவமனையில் மொழி கற்கிறேன் என்று கூறினார்.,Tamil
"நாளை, நான் கடையில் கடிதம் எழுதுகிறேன்.",Tamil
Я занимаюсь спортом в университете на этой неделе.,Russian
"το πρωί, Εγώ βλέπω μια ταινία στο πάρκο.",Greek
"αυτή την εβδομάδα, Εγώ κάνω γυμναστική στο πάρκο.",Greek
Εγώ πίνω καφέ στο σχολείο αύριο.,Greek
"Я сказал, что пишу письмо в библиотеке утром.",Russian
मैं पत्र लिखता हूँ स्कूल में सुबह के समय।,Hindi
"தினமும், நான் நூலகத்தில் கடிதம் எழுதுகிறேன்.",Tamil
"утром, Я иду на работу дома.",Russian
Εγώ θέλει να κάνω γυμναστική στο σπίτι.,Greek
நான் பூங்காவில் காபி குடிக்கிறேன் தினமும்.,Tamil
Εγώ είπε ότι σπουδάζω στο πανεπιστήμιο στο κατάστημα αυτή την εβδομάδα.,Greek
நான் தினமும் வீட்டில் மொழி கற்கிறேன் என்று கூறினார்.,Tamil
"காலை நேரத்தில், நான் அலுவலகத்தில் உடற்பயிற்சி செய்கிறேன்.",Tamil
أنا أشاهد فيلما في المنزل هذا الأسبوع.,Arabic
വൈകുന്നേരം ഞാൻ വീട്ടിൽ വ്യായാമം ചെയ്യുന്നു.,Malayalam
நான் காலையில் வீட்டில் புத்தகம் படிக்கிறேன் என்று கூறினார்.,Tamil
هذا الأسبوع، أنا أقرأ كتابا في المتجر.,Arabic
Я пишу письмо в офисе завтра.,Russian
"இன்று, நான் கடையில் பல்கலைக்கழகத்தில் படிக்கிறேன்.",Tamil
"Я сказал, что занимаюсь спортом в офисе сегодня.",Russian
Я хочет читаю книгу в университете.,Russian
قال أنا إنه أشرب القهوة في المطعم هذا الأسبوع.,Arabic
मैं चाय पीता हूँ पुस्तकालय में सुबह के समय।,Hindi
ഞാൻ രാവിലെ സമയത്ത് റെസ്റ്റോറന്റിൽ സർവകലാശാലയിൽ പഠിക്കുന്നു എന്ന് പറഞ്ഞു.,Malayalam
വൈകുന്നേരം സമയത്ത് ഞാൻ സർവകലാശാലയിൽ കത്ത് എഴുതുന്നു.,Malayalam
நான் பல்கலைக்கழகத்தில் உடற்பயிற்சி செய்கிறேன் விரும்புகிறார்.,Tamil
قال أنا إنه أذهب إلى العمل في الجامعة اليوم.,Arabic
"காலையில், நான் உணவகத்தில் வேலைக்கு செல்கிறேன்.",Tamil
நான் காலை நேரத்தில் மருத்துவமனையில் உடற்பயிற்சி செய்கிறேன் என்று கூறினார்.,Tamil
Εγώ είπε ότι διαβάζω ένα βιβλίο στη βιβλιοθήκη το βράδυ.,Greek
"Я сказал, что читаю книгу в библиотеке каждый день.",Russian
ನಾನು ಉದ್ಯಾನವನದಲ್ಲಿ ವಿಶ್ವವಿದ್ಯಾಲಯದಲ್ಲಿ ಓದುತ್ತೇನೆ ಸಂಜೆಯ ಸಮಯದಲ್ಲಿ.,Kannada
ഞാൻ വൈകുന്നേരം സമയത്ത് കടയിൽ ഭാഷ പഠിക്കുന്നു.,Malayalam
أنا أشرب القهوة في المكتبة اليوم.,Arabic
"σήμερα, Εγώ μαθαίνω τη γλώσσα στο πάρκο.",Greek
قال أنا إنه أقرأ كتابا في المستشفى صباحا.,Arabic
ನಾನು ಪ್ರತಿದಿನ ಅಂಗಡಿಯಲ್ಲಿ ವಿಶ್ವವಿದ್ಯಾಲಯದಲ್ಲಿ ಓದುತ್ತೇನೆ ಎಂದು ಹೇಳಿದರು.,Kannada
قال أنا إنه أكتب رسالة في المكتب صباحا.,Arabic
"αργά το βράδυ, Εγώ βλέπω μια ταινία στο νοσοκομείο.",Greek
ഞാൻ ഈ ആഴ്ച സർവകലാശാലയിൽ വ്യായാമം ചെയ്യുന്നു.,Malayalam
நான் உணவகத்தில் திரைப்படம் பார்க்கிறேன் நாளை.,Tamil
വൈകുന്നേരം സമയത്ത് ഞാൻ കടയിൽ സർവകലാശാലയിൽ പഠിക്കുന്നു.,Malayalam
ನಾನು ಉದ್ಯಾನವನದಲ್ಲಿ ಪುಸ್ತಕ ಓದುತ್ತೇನೆ ಇಂದು.,Kannada
في الصباح، أنا أدرس في الجامعة في المنزل.,Arabic
मैं ने कहा कि वह दुकान में किताब पढ़ता हूँ हर दिन।,Hindi
ನಾನು ಉದ್ಯಾನವನದಲ್ಲಿ ಭಾಷೆ ಕಲಿಯುತ್ತೇನೆ ನಾಳೆ.,Kannada
أنا أمارس الرياضة في المستشفى كل يوم.,Arabic
நான் மருத்துவமனையில் புத்தகம் படிக்கிறேன் இந்த வாரம்.,Tamil
"ಬೆಳಿಗ್ಗೆ, ನಾನು ಮನೆಯಲ್ಲಿ ವ್ಯಾಯಾಮ ಮಾಡುತ್ತೇನೆ.",Kannada
Εγώ πίνω καφέ στην πόλη το πρωί.,Greek
"ಸಂಜೆ, ನಾನು ಆಸ್ಪತ್ರೆಯಲ್ಲಿ ಕೆಲಸಕ್ಕೆ ಹೋಗುತ್ತೇನೆ.",Kannada
مساء، أنا أدرس في الجامعة في المنزل.,Arabic
هذا الأسبوع، أنا أتعلم اللغة في الجامعة.,Arabic
أنا أمارس الرياضة في المطعم في الصباح.,Arabic
قال أنا إنه أقرأ كتابا في المتجر هذا الأسبوع.,Arabic
நான் இந்த வாரம் நகரத்தில் உடற்பயிற்சி செய்கிறேன் என்று கூறினார்.,Tamil
ഞാൻ രാവിലെ പാർക്കിൽ പുസ്തകം വായിക്കുന്നു.,Malayalam
ഞാൻ വൈകുന്നേരം സമയത്ത് സർവകലാശാലയിൽ കാപ്പി കുടിക്കുന്നു എന്ന് പറഞ്ഞു.,Malayalam
Εγώ θέλει να γράφω ένα γράμμα στο νοσοκομείο.,Greek
ನಾನು ಕಚೇರಿಯಲ್ಲಿ ಪತ್ರ ಬರೆಯುತ್ತೇನೆ ಈ ವಾರ.,Kannada
ഞാൻ എല്ലാ ദിവസവും കടയിൽ കാപ്പി കുടിക്കുന്നു.,Malayalam
मैं ने कहा कि वह रेस्तरां में फिल्म देखता हूँ आज।,Hindi
ഞാൻ ഇന്ന് കടയിൽ കാപ്പി കുടിക്കുന്നു.,Malayalam
நான் மருத்துவமனையில் புத்தகம் படிக்கிறேன் தினமும்.,Tamil
أنا أتعلم اللغة في المكتب كل يوم.,Arabic
मैं पत्र लिखता हूँ पार्क में हर दिन।,Hindi
"Я сказал, что читаю книгу в парке на этой неделе.",Russian
ഞാൻ ഈ ആഴ്ച സർവകലാശാലയിൽ വ്യായാമം ചെയ്യുന്നു എന്ന് പറഞ്ഞു.,Malayalam
நான் உணவகத்தில் காபி குடிக்கிறேன் விரும்புகிறார்.,Tamil
ഞാൻ രാവിലെ നഗരത്തിൽ സർവകലാശാലയിൽ പഠിക്കുന്നു എന്ന് പറഞ്ഞു.,Malayalam
"आज, मैं भाषा सीखता हूँ अस्पताल में।",Hindi
मैं भाषा सीखता हूँ घर में सुबह।,Hindi
Εγώ θέλει να βλέπω μια ταινία στην πόλη.,Greek
Εγώ σπουδάζω στο πανεπιστήμιο στο εστιατόριο αυτή την εβδομάδα.,Greek
"Я сказал, что иду на работу в магазине рано утром.",Russian
Εγώ κάνω γυμναστική στο πανεπιστήμιο το βράδυ.,Greek
ನಾನು ಬೆಳಗಿನ ಸಮಯದಲ್ಲಿ ಶಾಲೆಯಲ್ಲಿ ಕೆಲಸಕ್ಕೆ ಹೋಗುತ್ತೇನೆ ಎಂದು ಹೇಳಿದರು.,Kannada
ನಾನು ಸಂಜೆ ಅಂಗಡಿಯಲ್ಲಿ ಕಾಫಿ ಕುಡಿಯುತ್ತೇನೆ ಎಂದು ಹೇಳಿದರು.,Kannada
ഞാൻ രാവിലെ സമയത്ത് ആശുപത്രിയിൽ ജോലിക്ക് പോകുന്നു.,Malayalam
قال أنا إنه أمارس الرياضة في الجامعة في المساء.,Arabic
صباحا، أنا أدرس في الجامعة في المطعم.,Arabic
"Я сказал, что учусь в университете в магазине каждый день.",Russian
मैं किताब पढ़ता हूँ घर में सुबह के समय।,Hindi
"σήμερα, Εγώ βλέπω μια ταινία στο σπίτι.",Greek
"Я сказал, что иду на работу в библиотеке сегодня.",Russian
"காலை நேரத்தில், நான் கடையில் திரைப்படம் பார்க்கிறேன்.",Tamil
Εγώ είπε ότι σπουδάζω στο πανεπιστήμιο στο σπίτι αργά το βράδυ.,Greek
"மாலையில், நான் பள்ளியில் பல்கலைக்கழகத்தில் படிக்கிறேன்.",Tamil
ನಾನು ಪ್ರತಿದಿನ ರೆಸ್ಟೋರೆಂಟ್‌ನಲ್ಲಿ ಭಾಷೆ ಕಲಿಯುತ್ತೇನೆ ಎಂದು ಹೇಳಿದರು.,Kannada
"κάθε μέρα, Εγώ μαθαίνω τη γλώσσα στο νοσοκομείο.",Greek
أنا أمارس الرياضة في المنزل هذا الأسبوع.,Arabic
Я смотрю фильм дома утром.,Russian
"शाम को, मैं काम पर जाता हूँ शहर में।",Hindi
ನಾನು ಈ ವಾರ ನಗರದಲ್ಲಿ ಕೆಲಸಕ್ಕೆ ಹೋಗುತ್ತೇನೆ ಎಂದು ಹೇಳಿದರು.,Kannada
"Я сказал, что пишу письмо в университете на этой неделе.",Russian
मैं पुस्तकालय में फिल्म देखता हूँ चाहता है।,Hindi
ഞാൻ രാവിലെ സമയത്ത് ലൈബ്രറിയിൽ കാപ്പി കുടിക്കുന്നു എന്ന് പറഞ്ഞു.,Malayalam
ನಾನು ನಾಳೆ ಕಚೇರಿಯಲ್ಲಿ ಪುಸ್ತಕ ಓದುತ್ತೇನೆ ಎಂದು ಹೇಳಿದರು.,Kannada
"ಸಂಜೆಯ ಸಮಯದಲ್ಲಿ, ನಾನು ನಗರದಲ್ಲಿ ವ್ಯಾಯಾಮ ಮಾಡುತ್ತೇನೆ.",Kannada
நான் உணவகத்தில் காபி குடிக்கிறேன் நாளை.,Tamil
قال أنا إنه أدرس في الجامعة في الجامعة اليوم.,Arabic
मैं पत्र लिखता हूँ शहर में इस सप्ताह।,Hindi
ഞാൻ വൈകുന്നേരം സമയത്ത് ആശുപത്രിയിൽ ജോലിക്ക് പോകുന്നു.,Malayalam
Εγώ είπε ότι πηγαίνω στη δουλειά στην πόλη νωρίς το πρωί.,Greek
ನಾನು ಕಚೇರಿಯಲ್ಲಿ ಕಾಫಿ ಕುಡಿಯುತ್ತೇನೆ ಬೆಳಗಿನ ಸಮಯದಲ್ಲಿ.,Kannada
Я пью кофе в университете завтра.,Russian
ನಾನು ಸಂಜೆಯ ಸಮಯದಲ್ಲಿ ಕಚೇರಿಯಲ್ಲಿ ಭಾಷೆ ಕಲಿಯುತ್ತೇನೆ ಎಂದು ಹೇಳಿದರು.,Kannada
Εγώ γράφω ένα γράμμα στη βιβλιοθήκη νωρίς το πρωί.,Greek
"காலை நேரத்தில், நான் மருத்துவமனையில் உடற்பயிற்சி செய்கிறேன்.",Tamil
قال أنا إنه أكتب رسالة في المتجر كل يوم.,Arabic
"ಸಂಜೆ, ನಾನು ಕಚೇರಿಯಲ್ಲಿ ಕಾಫಿ ಕುಡಿಯುತ್ತೇನೆ.",Kannada
أنا أقرأ كتابا في المدينة كل يوم.,Arabic
ഇന്ന് ഞാൻ ഓഫീസിൽ വ്യായാമം ചെയ്യുന്നു.,Malayalam
Εγώ είπε ότι πηγαίνω στη δουλειά στο γραφείο αυτή την εβδομάδα.,Greek
Εγώ πηγαίνω στη δουλειά στο γραφείο το πρωί.,Greek
"αύριο, Εγώ πίνω καφέ στο εστιατόριο.",Greek
Εγώ είπε ότι μαθαίνω τη γλώσσα στο εστιατόριο νωρίς το πρωί.,Greek
أنا أقرأ كتابا في المكتب مساء.,Arabic
நான் மருத்துவமனையில் புத்தகம் படிக்கிறேன் விரும்புகிறார்.,Tamil
വൈകുന്നേരം സമയത്ത് ഞാൻ നഗരത്തിൽ സർവകലാശാലയിൽ പഠിക്കുന്നു.,Malayalam
ನಾನು ಉದ್ಯಾನವನದಲ್ಲಿ ಕಾಫಿ ಕುಡಿಯುತ್ತೇನೆ ಮಾಡಲು ಬಯಸುತ್ತಾನೆ.,Kannada
मैं ने कहा कि वह घर में व्यायाम करता हूँ सुबह।,Hindi
मैं किताब पढ़ता हूँ रेस्तरां में सुबह।,Hindi
ഇന്ന് ഞാൻ വീട്ടിൽ സർവകലാശാലയിൽ പഠിക്കുന്നു.,Malayalam
"завтра, Я изучаю язык в библиотеке.",Russian
Я хочет иду на работу в школе.,Russian
قال أنا إنه أشرب القهوة في المدينة هذا الأسبوع.,Arabic
غدا، أنا أمارس الرياضة في المكتب.,Arabic
"தினமும், நான் கடையில் திரைப்படம் பார்க்கிறேன்.",Tamil
"νωρίς το πρωί, Εγώ διαβάζω ένα βιβλίο στην πόλη.",Greek
"ಸಂಜೆ, ನಾನು ಮನೆಯಲ್ಲಿ ವಿಶ್ವವಿದ್ಯಾಲಯದಲ್ಲಿ ಓದುತ್ತೇನೆ.",Kannada
मैं किताब पढ़ता हूँ पार्क में सुबह के समय।,Hindi
मैं विश्वविद्यालय में पढ़ता हूँ कार्यालय में शाम के समय।,Hindi
ഞാൻ വൈകുന്നേരം സമയത്ത് റെസ്റ്റോറന്റിൽ പുസ്തകം വായിക്കുന്നു.,Malayalam
Εγώ είπε ότι κάνω γυμναστική στο πανεπιστήμιο αργά το βράδυ.,Greek
ನಾನು ಕಚೇರಿಯಲ್ಲಿ ಸಿನಿಮಾ ನೋಡುತ್ತೇನೆ ಇಂದು.,Kannada
"ಬೆಳಗಿನ ಸಮಯದಲ್ಲಿ, ನಾನು ಮನೆಯಲ್ಲಿ ವಿಶ್ವವಿದ್ಯಾಲಯದಲ್ಲಿ ಓದುತ್ತೇನೆ.",Kannada
ನಾನು ಬೆಳಗಿನ ಸಮಯದಲ್ಲಿ ಕಚೇರಿಯಲ್ಲಿ ಪತ್ರ ಬರೆಯುತ್ತೇನೆ ಎಂದು ಹೇಳಿದರು.,Kannada
मैं व्यायाम करता हूँ पुस्तकालय में शाम को।,Hindi
"इस सप्ताह, मैं किताब पढ़ता हूँ स्कूल में।",Hindi
ഞാൻ ഈ ആഴ്ച ആശുപത്രിയിൽ സർവകലാശാലയിൽ പഠിക്കുന്നു എന്ന് പറഞ്ഞു.,Malayalam
രാവിലെ സമയത്ത് ഞാൻ ആശുപത്രിയിൽ സർവകലാശാലയിൽ പഠിക്കുന്നു.,Malayalam
ನಾನು ಪ್ರತಿದಿನ ಕಚೇರಿಯಲ್ಲಿ ವಿಶ್ವವಿದ್ಯಾಲಯದಲ್ಲಿ ಓದುತ್ತೇನೆ ಎಂದು ಹೇಳಿದರು.,Kannada
நான் பல்கலைக்கழகத்தில் உடற்பயிற்சி செய்கிறேன் மாலை நேரத்தில்.,Tamil
Я изучаю язык в больнице поздно вечером.,Russian
"इस सप्ताह, मैं किताब पढ़ता हूँ शहर में।",Hindi
ഞാൻ രാവിലെ റെസ്റ്റോറന്റിൽ ഭാഷ പഠിക്കുന്നു എന്ന് പറഞ്ഞു.,Malayalam
"மாலை நேரத்தில், நான் வீட்டில் புத்தகம் படிக்கிறேன்.",Tamil
Εγώ είπε ότι διαβάζω ένα βιβλίο στο νοσοκομείο αργά το βράδυ.,Greek
في المساء، أنا أشاهد فيلما في المكتبة.,Arabic
Я иду на работу в парке на этой неделе.,Russian
"το βράδυ, Εγώ βλέπω μια ταινία στο πανεπιστήμιο.",Greek
"νωρίς το πρωί, Εγώ βλέπω μια ταινία στο πανεπιστήμιο.",Greek
Я пью кофе в университете рано утром.,Russian
എല്ലാ ദിവസവും ഞാൻ നഗരത്തിൽ പുസ്തകം വായിക്കുന്നു.,Malayalam
قال أنا إنه أمارس الرياضة في المكتبة صباحا.,Arabic
ഈ ആഴ്ച ഞാൻ നഗരത്തിൽ കാപ്പി കുടിക്കുന്നു.,Malayalam
"утром, Я пишу письмо в магазине.",Russian
Я пишу письмо в больнице сегодня.,Russian
"ಪ್ರತಿದಿನ, ನಾನು ಶಾಲೆಯಲ್ಲಿ ಸಿನಿಮಾ ನೋಡುತ್ತೇನೆ.",Kannada
"Я сказал, что занимаюсь спортом в школе каждый день.",Russian
ഞാൻ ഇന്ന് ഓഫീസിൽ സർവകലാശാലയിൽ പഠിക്കുന്നു എന്ന് പറഞ്ഞു.,Malayalam
ഞാൻ വൈകുന്നേരം ഓഫീസിൽ കാപ്പി കുടിക്കുന്നു.,Malayalam
"Я сказал, что занимаюсь спортом в библиотеке сегодня.",Russian
Я пью кофе в магазине каждый день.,Russian
मैं विश्वविद्यालय में पढ़ता हूँ शहर में शाम के समय।,Hindi
كل يوم، أنا أشاهد فيلما في المطعم.,Arabic
ഞാൻ രാവിലെ സമയത്ത് സ്കൂളിൽ പുസ്തകം വായിക്കുന്നു എന്ന് പറഞ്ഞു.,Malayalam
நான் நகரத்தில் திரைப்படம் பார்க்கிறேன் காலை நேரத்தில்.,Tamil
Я учусь в университете дома поздно вечером.,Russian
"Я сказал, что иду на работу в школе завтра.",Russian
اليوم، أنا أذهب إلى العمل في المكتب.,Arabic
രാവിലെ ഞാൻ വീട്ടിൽ കാപ്പി കുടിക്കുന്നു.,Malayalam
"αύριο, Εγώ βλέπω μια ταινία στο εστιατόριο.",Greek
"कल, मैं काम पर जाता हूँ शहर में।",Hindi
"सुबह के समय, मैं पत्र लिखता हूँ रेस्तरां में।",Hindi
ഞാൻ എല്ലാ ദിവസവും പാർക്കിൽ സിനിമ കാണുന്നു എന്ന് പറഞ്ഞു.,Malayalam
"மாலையில், நான் வீட்டில் காபி குடிக்கிறேன்.",Tamil
"ಬೆಳಗಿನ ಸಮಯದಲ್ಲಿ, ನಾನು ಆಸ್ಪತ್ರೆಯಲ್ಲಿ ಭಾಷೆ ಕಲಿಯುತ್ತೇನೆ.",Kannada
"ಬೆಳಿಗ್ಗೆ, ನಾನು ಆಸ್ಪತ್ರೆಯಲ್ಲಿ ಕೆಲಸಕ್ಕೆ ಹೋಗುತ್ತೇನೆ.",Kannada
أنا يريد أن أذهب إلى العمل في المنزل.,Arabic
"το βράδυ, Εγώ πηγαίνω στη δουλειά στο σχολείο.",Greek
"вечером, Я изучаю язык в парке.",Russian
मैं ने कहा कि वह दुकान में चाय पीता हूँ शाम के समय।,Hindi
ഇന്ന് ഞാൻ സ്കൂളിൽ കത്ത് എഴുതുന്നു.,Malayalam
صباحا، أنا أدرس في الجامعة في المدينة.,Arabic
मैं चाय पीता हूँ पुस्तकालय में शाम को।,Hindi
ನಾನು ಪ್ರತಿದಿನ ಅಂಗಡಿಯಲ್ಲಿ ಕಾಫಿ ಕುಡಿಯುತ್ತೇನೆ ಎಂದು ಹೇಳಿದರು.,Kannada
मैं दुकान में चाय पीता हूँ चाहता है।,Hindi
"утром, Я занимаюсь спортом в парке.",Russian
നാളെ ഞാൻ പാർക്കിൽ സർവകലാശാലയിൽ പഠിക്കുന്നു.,Malayalam
هذا الأسبوع، أنا أقرأ كتابا في المكتبة.,Arabic
मैं पत्र लिखता हूँ स्कूल में शाम को।,Hindi
"सुबह के समय, मैं विश्वविद्यालय में पढ़ता हूँ अस्पताल में।",Hindi
Я читаю книгу в университете завтра.,Russian
"காலை நேரத்தில், நான் பல்கலைக்கழகத்தில் காபி குடிக்கிறேன்.",Tamil
நான் மருத்துவமனையில் திரைப்படம் பார்க்கிறேன் மாலை நேரத்தில்.,Tamil
വൈകുന്നേരം സമയത്ത് ഞാൻ ആശുപത്രിയിൽ ജോലിക്ക് പോകുന്നു.,Malayalam
ഈ ആഴ്ച ഞാൻ ഓഫീസിൽ കത്ത് എഴുതുന്നു.,Malayalam
أنا أدرس في الجامعة في المطعم صباحا.,Arabic
ನಾನು ಸಂಜೆಯ ಸಮಯದಲ್ಲಿ ರೆಸ್ಟೋರೆಂಟ್‌ನಲ್ಲಿ ಕಾಫಿ ಕುಡಿಯುತ್ತೇನೆ ಎಂದು ಹೇಳಿದರು.,Kannada
நான் காலை நேரத்தில் நூலகத்தில் பல்கலைக்கழகத்தில் படிக்கிறேன் என்று கூறினார்.,Tamil
"நாளை, நான் கடையில் பல்கலைக்கழகத்தில் படிக்கிறேன்.",Tamil
நான் தினமும் உணவகத்தில் மொழி கற்கிறேன் என்று கூறினார்.,Tamil
"Я сказал, что учусь в университете в городе вечером.",Russian
ನಾನು ನಗರದಲ್ಲಿ ಪುಸ್ತಕ ಓದುತ್ತೇನೆ ಸಂಜೆ.,Kannada
நான் பல்கலைக்கழகத்தில் வேலைக்கு செல்கிறேன் இன்று.,Tamil
أنا أذهب إلى العمل في المتجر كل يوم.,Arabic
"सुबह के समय, मैं किताब पढ़ता हूँ घर में।",Hindi
मैं ने कहा कि वह स्कूल में चाय पीता हूँ इस सप्ताह।,Hindi
मैं भाषा सीखता हूँ विश्वविद्यालय में सुबह।,Hindi
நான் இந்த வாரம் நகரத்தில் திரைப்படம் பார்க்கிறேன் என்று கூறினார்.,Tamil
"αύριο, Εγώ βλέπω μια ταινία στο πάρκο.",Greek
"सुबह, मैं काम पर जाता हूँ दुकान में।",Hindi
"ಇಂದು, ನಾನು ನಗರದಲ್ಲಿ ಪತ್ರ ಬರೆಯುತ್ತೇನೆ.",Kannada
Εγώ είπε ότι μαθαίνω τη γλώσσα στο νοσοκομείο νωρίς το πρωί.,Greek
أنا أمارس الرياضة في المتجر في المساء.,Arabic
ನಾನು ಪ್ರತಿದಿನ ನಗರದಲ್ಲಿ ಪತ್ರ ಬರೆಯುತ್ತೇನೆ ಎಂದು ಹೇಳಿದರು.,Kannada
أنا أقرأ كتابا في المطعم في المساء.,Arabic
ನಾನು ಅಂಗಡಿಯಲ್ಲಿ ಭಾಷೆ ಕಲಿಯುತ್ತೇನೆ ಮಾಡಲು ಬಯಸುತ್ತಾನೆ.,Kannada
நான் நாளை பள்ளியில் திரைப்படம் பார்க்கிறேன் என்று கூறினார்.,Tamil
Εγώ πηγαίνω στη δουλειά στο νοσοκομείο αύριο.,Greek
ഞാൻ വൈകുന്നേരം സർവകലാശാലയിൽ പുസ്തകം വായിക്കുന്നു.,Malayalam
मैं ने कहा कि वह दुकान में व्यायाम करता हूँ कल।,Hindi
مساء، أنا أتعلم اللغة في المنزل.,Arabic
ഞാൻ രാവിലെ പാർക്കിൽ കാപ്പി കുടിക്കുന്നു എന്ന് പറഞ്ഞു.,Malayalam
Я занимаюсь спортом в парке завтра.,Russian
രാവിലെ സമയത്ത് ഞാൻ ഓഫീസിൽ ജോലിക്ക് പോകുന്നു.,Malayalam
"இன்று, நான் கடையில் கடிதம் எழுதுகிறேன்.",Tamil
"மாலையில், நான் அலுவலகத்தில் பல்கலைக்கழகத்தில் படிக்கிறேன்.",Tamil
Εγώ είπε ότι πηγαίνω στη δουλειά στο σπίτι το βράδυ.,Greek
Εγώ είπε ότι πηγαίνω στη δουλειά στο κατάστημα αύριο.,Greek
"на этой неделе, Я изучаю язык в школе.",Russian
Εγώ είπε ότι μαθαίνω τη γλώσσα στο γραφείο κάθε μέρα.,Greek
நான் வீட்டில் காபி குடிக்கிறேன் மாலை நேரத்தில்.,Tamil
Я учусь в университете в больнице вечером.,Russian
"आज, मैं भाषा सीखता हूँ पार्क में।",Hindi
"நாளை, நான் நூலகத்தில் கடிதம் எழுதுகிறேன்.",Tamil
"κάθε μέρα, Εγώ πηγαίνω στη δουλειά στο πανεπιστήμιο.",Greek
أنا أقرأ كتابا في الحديقة مساء.,Arabic
قال أنا إنه أكتب رسالة في المستشفى غدا.,Arabic
Εγώ μαθαίνω τη γλώσσα στη βιβλιοθήκη αργά το βράδυ.,Greek
വൈകുന്നേരം ഞാൻ റെസ്റ്റോറന്റിൽ ഭാഷ പഠിക്കുന്നു.,Malayalam
"вечером, Я занимаюсь спортом в университете.",Russian
Εγώ διαβάζω ένα βιβλίο στο γραφείο νωρίς το πρωί.,Greek
"Я сказал, что пью кофе в библиотеке утром.",Russian
Εγώ είπε ότι βλέπω μια ταινία στο πάρκο αργά το βράδυ.,Greek
Εγώ διαβάζω ένα βιβλίο στο γραφείο αύριο.,Greek
എല്ലാ ദിവസവും ഞാൻ ആശുപത്രിയിൽ ഭാഷ പഠിക്കുന്നു.,Malayalam
"இந்த வாரம், நான் பள்ளியில் கடிதம் எழுதுகிறேன்.",Tamil
"आज, मैं पत्र लिखता हूँ स्कूल में।",Hindi
قال أنا إنه أمارس الرياضة في المدرسة مساء.,Arabic
ನಾನು ವಿಶ್ವವಿದ್ಯಾಲಯದಲ್ಲಿ ಕೆಲಸಕ್ಕೆ ಹೋಗುತ್ತೇನೆ ಬೆಳಿಗ್ಗೆ.,Kannada
Εγώ κάνω γυμναστική στο σχολείο αργά το βράδυ.,Greek
ನಾನು ಬೆಳಗಿನ ಸಮಯದಲ್ಲಿ ಉದ್ಯಾನವನದಲ್ಲಿ ಕೆಲಸಕ್ಕೆ ಹೋಗುತ್ತೇನೆ ಎಂದು ಹೇಳಿದರು.,Kannada
"на этой неделе, Я пью кофе в больнице.",Russian
"το πρωί, Εγώ πίνω καφέ στο εστιατόριο.",Greek
मैं काम पर जाता हूँ कार्यालय में आज।,Hindi
ഞാൻ എല്ലാ ദിവസവും ലൈബ്രറിയിൽ കാപ്പി കുടിക്കുന്നു.,Malayalam
"каждый день, Я смотрю фильм в парке.",Russian
நான் மாலையில் அலுவலகத்தில் கடிதம் எழுதுகிறேன் என்று கூறினார்.,Tamil
ഞാൻ ഈ ആഴ്ച ഓഫീസിൽ സിനിമ കാണുന്നു എന്ന് പറഞ്ഞു.,Malayalam
Εγώ σπουδάζω στο πανεπιστήμιο στο πάρκο αυτή την εβδομάδα.,Greek
நான் அலுவலகத்தில் புத்தகம் படிக்கிறேன் விரும்புகிறார்.,Tamil
நான் பல்கலைக்கழகத்தில் மொழி கற்கிறேன் நாளை.,Tamil
मैं काम पर जाता हूँ पुस्तकालय में सुबह के समय।,Hindi
"ಈ ವಾರ, ನಾನು ವಿಶ್ವವಿದ್ಯಾಲಯದಲ್ಲಿ ಕಾಫಿ ಕುಡಿಯುತ್ತೇನೆ.",Kannada
"Я сказал, что занимаюсь спортом в больнице вечером.",Russian
"हर दिन, मैं काम पर जाता हूँ दुकान में।",Hindi
நான் நகரத்தில் கடிதம் எழுதுகிறேன் நாளை.,Tamil
ഞാൻ വൈകുന്നേരം സമയത്ത് കടയിൽ പുസ്തകം വായിക്കുന്നു.,Malayalam
ഞാൻ വൈകുന്നേരം സമയത്ത് സ്കൂളിൽ സിനിമ കാണുന്നു എന്ന് പറഞ്ഞു.,Malayalam
"αυτή την εβδομάδα, Εγώ γράφω ένα γράμμα στο πάρκο.",Greek
"ನಾಳೆ, ನಾನು ಆಸ್ಪತ್ರೆಯಲ್ಲಿ ಕೆಲಸಕ್ಕೆ ಹೋಗುತ್ತೇನೆ.",Kannada
நான் உணவகத்தில் வேலைக்கு செல்கிறேன் காலையில்.,Tamil
قال أنا إنه أشرب القهوة في المستشفى مساء.,Arabic
"காலை நேரத்தில், நான் பல்கலைக்கழகத்தில் பல்கலைக்கழகத்தில் படிக்கிறேன்.",Tamil
صباحا، أنا أشرب القهوة في الجامعة.,Arabic
"Я сказал, что занимаюсь спортом дома на этой неделе.",Russian
ನಾನು ಈ ವಾರ ಆಸ್ಪತ್ರೆಯಲ್ಲಿ ಪುಸ್ತಕ ಓದುತ್ತೇನೆ ಎಂದು ಹೇಳಿದರು.,Kannada
أنا أشرب القهوة في المدينة في المساء.,Arabic
ನಾನು ಇಂದು ಮನೆಯಲ್ಲಿ ವ್ಯಾಯಾಮ ಮಾಡುತ್ತೇನೆ ಎಂದು ಹೇಳಿದರು.,Kannada
நான் நூலகத்தில் கடிதம் எழுதுகிறேன் விரும்புகிறார்.,Tamil
நான் இன்று நூலகத்தில் கடிதம் எழுதுகிறேன் என்று கூறினார்.,Tamil
أنا أذهب إلى العمل في المستشفى اليوم.,Arabic
ನಾನು ಪ್ರತಿದಿನ ರೆಸ್ಟೋರೆಂಟ್‌ನಲ್ಲಿ ವ್ಯಾಯಾಮ ಮಾಡುತ್ತೇನೆ ಎಂದು ಹೇಳಿದರು.,Kannada
ನಾನು ಪ್ರತಿದಿನ ವಿಶ್ವವಿದ್ಯಾಲಯದಲ್ಲಿ ಭಾಷೆ ಕಲಿಯುತ್ತೇನೆ ಎಂದು ಹೇಳಿದರು.,Kannada
ನಾನು ವಿಶ್ವವಿದ್ಯಾಲಯದಲ್ಲಿ ಪತ್ರ ಬರೆಯುತ್ತೇನೆ ಈ ವಾರ.,Kannada
ನಾನು ಬೆಳಿಗ್ಗೆ ಅಂಗಡಿಯಲ್ಲಿ ಪತ್ರ ಬರೆಯುತ್ತೇನೆ ಎಂದು ಹೇಳಿದರು.,Kannada
قال أنا إنه أدرس في الجامعة في المطعم هذا الأسبوع.,Arabic
ನಾನು ಈ ವಾರ ವಿಶ್ವವಿದ್ಯಾಲಯದಲ್ಲಿ ಪುಸ್ತಕ ಓದುತ್ತೇನೆ ಎಂದು ಹೇಳಿದರು.,Kannada
صباحا، أنا أذهب إلى العمل في الجامعة.,Arabic
"தினமும், நான் நகரத்தில் திரைப்படம் பார்க்கிறேன்.",Tamil
मैं ने कहा कि वह रेस्तरां में भाषा सीखता हूँ सुबह के समय।,Hindi
நான் கடையில் பல்கலைக்கழகத்தில் படிக்கிறேன் இந்த வாரம்.,Tamil
مساء، أنا أكتب رسالة في المكتبة.,Arabic
أنا أذهب إلى العمل في المستشفى في المساء.,Arabic
قال أنا إنه أدرس في الجامعة في المدينة هذا الأسبوع.,Arabic
நான் காலையில் நூலகத்தில் உடற்பயிற்சி செய்கிறேன் என்று கூறினார்.,Tamil
Εγώ κάνω γυμναστική στο πάρκο αργά το βράδυ.,Greek
"αυτή την εβδομάδα, Εγώ βλέπω μια ταινία στο σπίτι.",Greek
ഞാൻ എല്ലാ ദിവസവും ആശുപത്രിയിൽ ഭാഷ പഠിക്കുന്നു എന്ന് പറഞ്ഞു.,Malayalam
நான் பூங்காவில் வேலைக்கு செல்கிறேன் காலை நேரத்தில்.,Tamil
أنا أدرس في الجامعة في الحديقة مساء.,Arabic
في الصباح، أنا أتعلم اللغة في المتجر.,Arabic
ഞാൻ സ്കൂളിൽ കാപ്പി കുടിക്കുന്നു ആഗ്രഹിക്കുന്നു.,Malayalam
"завтра, Я иду на работу в ресторане.",Russian
ನಾನು ನಗರದಲ್ಲಿ ಕೆಲಸಕ್ಕೆ ಹೋಗುತ್ತೇನೆ ಬೆಳಿಗ್ಗೆ.,Kannada
मैं फिल्म देखता हूँ अस्पताल में सुबह के समय।,Hindi
ನಾನು ಶಾಲೆಯಲ್ಲಿ ಸಿನಿಮಾ ನೋಡುತ್ತೇನೆ ಸಂಜೆಯ ಸಮಯದಲ್ಲಿ.,Kannada
"सुबह के समय, मैं काम पर जाता हूँ शहर में।",Hindi
أنا أمارس الرياضة في المستشفى في المساء.,Arabic
"ಪ್ರತಿದಿನ, ನಾನು ಗ್ರಂಥಾಲಯದಲ್ಲಿ ಸಿನಿಮಾ ನೋಡುತ್ತೇನೆ.",Kannada
நான் காலை நேரத்தில் அலுவலகத்தில் கடிதம் எழுதுகிறேன் என்று கூறினார்.,Tamil
ഞാൻ ഈ ആഴ്ച സ്കൂളിൽ സർവകലാശാലയിൽ പഠിക്കുന്നു എന്ന് പറഞ്ഞു.,Malayalam
मैं ने कहा कि वह पुस्तकालय में चाय पीता हूँ सुबह।,Hindi
قال أنا إنه أكتب رسالة في المكتب في المساء.,Arabic
"इस सप्ताह, मैं भाषा सीखता हूँ अस्पताल में।",Hindi
"κάθε μέρα, Εγώ μαθαίνω τη γλώσσα στο γραφείο.",Greek
مساء، أنا أمارس الرياضة في المدينة.,Arabic
நான் பள்ளியில் வேலைக்கு செல்கிறேன் மாலையில்.,Tamil
Я учусь в университете в магазине утром.,Russian
"вечером, Я смотрю фильм в библиотеке.",Russian
"ಬೆಳಗಿನ ಸಮಯದಲ್ಲಿ, ನಾನು ಮನೆಯಲ್ಲಿ ಕೆಲಸಕ್ಕೆ ಹೋಗುತ್ತೇನೆ.",Kannada
صباحا، أنا أمارس الرياضة في المستشفى.,Arabic
"इस सप्ताह, मैं विश्वविद्यालय में पढ़ता हूँ दुकान में।",Hindi
"शाम के समय, मैं पत्र लिखता हूँ स्कूल में।",Hindi
நான் மருத்துவமனையில் கடிதம் எழுதுகிறேன் மாலை நேரத்தில்.,Tamil
ഞാൻ വൈകുന്നേരം നഗരത്തിൽ കാപ്പി കുടിക്കുന്നു.,Malayalam
ഞാൻ ഈ ആഴ്ച നഗരത്തിൽ പുസ്തകം വായിക്കുന്നു എന്ന് പറഞ്ഞു.,Malayalam
Я изучаю язык в магазине на этой неделе.,Russian
"आज, मैं विश्वविद्यालय में पढ़ता हूँ घर में।",Hindi
ഞാൻ രാവിലെ സ്കൂളിൽ സിനിമ കാണുന്നു എന്ന് പറഞ്ഞു.,Malayalam
मैं ने कहा कि वह विश्वविद्यालय में किताब पढ़ता हूँ कल।,Hindi
قال أنا إنه أذهب إلى العمل في المستشفى كل يوم.,Arabic
"на этой неделе, Я занимаюсь спортом в городе.",Russian
நான் மாலை நேரத்தில் வீட்டில் வேலைக்கு செல்கிறேன் என்று கூறினார்.,Tamil
أنا أقرأ كتابا في المدينة في الصباح.,Arabic
"поздно вечером, Я читаю книгу в магазине.",Russian
"ಬೆಳಗಿನ ಸಮಯದಲ್ಲಿ, ನಾನು ಮನೆಯಲ್ಲಿ ಸಿನಿಮಾ ನೋಡುತ್ತೇನೆ.",Kannada
ഞാൻ എല്ലാ ദിവസവും പാർക്കിൽ കത്ത് എഴുതുന്നു.,Malayalam
"Я сказал, что изучаю язык в университете сегодня.",Russian
Εγώ πηγαίνω στη δουλειά στο γραφείο κάθε μέρα.,Greek
"इस सप्ताह, मैं व्यायाम करता हूँ अस्पताल में।",Hindi
"κάθε μέρα, Εγώ γράφω ένα γράμμα στο νοσοκομείο.",Greek
"ನಾಳೆ, ನಾನು ಅಂಗಡಿಯಲ್ಲಿ ಸಿನಿಮಾ ನೋಡುತ್ತೇನೆ.",Kannada
मैं काम पर जाता हूँ घर में हर दिन।,Hindi
أنا أتعلم اللغة في المكتبة صباحا.,Arabic
"ಪ್ರತಿದಿನ, ನಾನು ಗ್ರಂಥಾಲಯದಲ್ಲಿ ವಿಶ್ವವಿದ್ಯಾಲಯದಲ್ಲಿ ಓದುತ್ತೇನೆ.",Kannada
ഞാൻ വൈകുന്നേരം നഗരത്തിൽ സിനിമ കാണുന്നു.,Malayalam
നാളെ ഞാൻ വീട്ടിൽ ഭാഷ പഠിക്കുന്നു.,Malayalam
ನಾನು ನಗರದಲ್ಲಿ ಪುಸ್ತಕ ಓದುತ್ತೇನೆ ಇಂದು.,Kannada
"Я сказал, что смотрю фильм в университете на этой неделе.",Russian
ನಾನು ನಾಳೆ ನಗರದಲ್ಲಿ ಕೆಲಸಕ್ಕೆ ಹೋಗುತ್ತೇನೆ ಎಂದು ಹೇಳಿದರು.,Kannada
"Я сказал, что смотрю фильм дома вечером.",Russian
நான் காலையில் பள்ளியில் வேலைக்கு செல்கிறேன் என்று கூறினார்.,Tamil
ഞാൻ നാളെ നഗരത്തിൽ വ്യായാമം ചെയ്യുന്നു എന്ന് പറഞ്ഞു.,Malayalam
Я иду на работу в школе каждый день.,Russian
أنا أتعلم اللغة في المتجر غدا.,Arabic
ഞാൻ വൈകുന്നേരം ലൈബ്രറിയിൽ ഭാഷ പഠിക്കുന്നു എന്ന് പറഞ്ഞു.,Malayalam
"завтра, Я иду на работу в магазине.",Russian
நான் காலை நேரத்தில் பூங்காவில் திரைப்படம் பார்க்கிறேன் என்று கூறினார்.,Tamil
मैं भाषा सीखता हूँ स्कूल में कल।,Hindi
"Я сказал, что учусь в университете в городе утром.",Russian
أنا أقرأ كتابا في المكتبة اليوم.,Arabic
"आज, मैं भाषा सीखता हूँ घर में।",Hindi
Εγώ είπε ότι γράφω ένα γράμμα στο σχολείο αύριο.,Greek
"Я сказал, что пишу письмо в городе на этой неделе.",Russian
قال أنا إنه أمارس الرياضة في المطعم هذا الأسبوع.,Arabic
"காலை நேரத்தில், நான் உணவகத்தில் மொழி கற்கிறேன்.",Tamil
രാവിലെ സമയത്ത് ഞാൻ സർവകലാശാലയിൽ സിനിമ കാണുന്നു.,Malayalam
"поздно вечером, Я учусь в университете в парке.",Russian
Εγώ είπε ότι γράφω ένα γράμμα στο γραφείο το βράδυ.,Greek
நான் பள்ளியில் வேலைக்கு செல்கிறேன் விரும்புகிறார்.,Tamil
நான் கடையில் உடற்பயிற்சி செய்கிறேன் மாலை நேரத்தில்.,Tamil
நான் காலை நேரத்தில் நகரத்தில் புத்தகம் படிக்கிறேன் என்று கூறினார்.,Tamil
"Я сказал, что иду на работу в библиотеке завтра.",Russian
நான் அலுவலகத்தில் உடற்பயிற்சி செய்கிறேன் இந்த வாரம்.,Tamil
Εγώ είπε ότι σπουδάζω στο πανεπιστήμιο στο κατάστημα νωρίς το πρωί.,Greek
நான் வீட்டில் உடற்பயிற்சி செய்கிறேன் தினமும்.,Tamil
"Я сказал, что занимаюсь спортом в университете рано утром.",Russian
நான் மாலையில் வீட்டில் கடிதம் எழுதுகிறேன் என்று கூறினார்.,Tamil
غدا، أنا أمارس الرياضة في المطعم.,Arabic
நான் பல்கலைக்கழகத்தில் உடற்பயிற்சி செய்கிறேன் காலை நேரத்தில்.,Tamil
मैं ने कहा कि वह स्कूल में व्यायाम करता हूँ शाम को।,Hindi
ഞാൻ ലൈബ്രറിയിൽ പുസ്തകം വായിക്കുന്നു ആഗ്രഹിക്കുന്നു.,Malayalam
நான் நூலகத்தில் திரைப்படம் பார்க்கிறேன் விரும்புகிறார்.,Tamil
"αργά το βράδυ, Εγώ γράφω ένα γράμμα στο γραφείο.",Greek
நான் கடையில் திரைப்படம் பார்க்கிறேன் தினமும்.,Tamil
"इस सप्ताह, मैं किताब पढ़ता हूँ पुस्तकालय में।",Hindi
"हर दिन, मैं चाय पीता हूँ शहर में।",Hindi
صباحا، أنا أشاهد فيلما في المطعم.,Arabic
ನಾನು ಗ್ರಂಥಾಲಯದಲ್ಲಿ ಭಾಷೆ ಕಲಿಯುತ್ತೇನೆ ಸಂಜೆ.,Kannada
ನಾನು ಇಂದು ಗ್ರಂಥಾಲಯದಲ್ಲಿ ವಿಶ್ವವಿದ್ಯಾಲಯದಲ್ಲಿ ಓದುತ್ತೇನೆ ಎಂದು ಹೇಳಿದರು.,Kannada
நான் வீட்டில் வேலைக்கு செல்கிறேன் நாளை.,Tamil
"αργά το βράδυ, Εγώ πίνω καφέ στο πάρκο.",Greek
Εγώ είπε ότι βλέπω μια ταινία στη βιβλιοθήκη αργά το βράδυ.,Greek
"सुबह, मैं व्यायाम करता हूँ शहर में।",Hindi
ഞാൻ ഇന്ന് കടയിൽ പുസ്തകം വായിക്കുന്നു.,Malayalam
"ಇಂದು, ನಾನು ಶಾಲೆಯಲ್ಲಿ ಪತ್ರ ಬರೆಯುತ್ತೇನೆ.",Kannada
صباحا، أنا أقرأ كتابا في المكتب.,Arabic
"рано утром, Я смотрю фильм в больнице.",Russian
ഞാൻ വൈകുന്നേരം സമയത്ത് പാർക്കിൽ പുസ്തകം വായിക്കുന്നു.,Malayalam
Εγώ είπε ότι γράφω ένα γράμμα στο σχολείο κάθε μέρα.,Greek
"மாலை நேரத்தில், நான் மருத்துவமனையில் மொழி கற்கிறேன்.",Tamil
Я иду на работу в городе рано утром.,Russian
Εγώ είπε ότι πίνω καφέ στο εστιατόριο κάθε μέρα.,Greek
"вечером, Я иду на работу в больнице.",Russian
நான் கடையில் வேலைக்கு செல்கிறேன் தினமும்.,Tamil
"Я сказал, что читаю книгу в библиотеке на этой неделе.",Russian
أنا أشرب القهوة في المستشفى اليوم.,Arabic
Εγώ μαθαίνω τη γλώσσα στο σχολείο σήμερα.,Greek
"ಈ ವಾರ, ನಾನು ಕಚೇರಿಯಲ್ಲಿ ಕೆಲಸಕ್ಕೆ ಹೋಗುತ್ತೇನೆ.",Kannada
صباحا، أنا أشرب القهوة في المكتبة.,Arabic
ഞാൻ നാളെ ഓഫീസിൽ ജോലിക്ക് പോകുന്നു.,Malayalam
ഞാൻ ഇന്ന് റെസ്റ്റോറന്റിൽ കത്ത് എഴുതുന്നു എന്ന് പറഞ്ഞു.,Malayalam
Εγώ είπε ότι γράφω ένα γράμμα στο σπίτι αύριο.,Greek
ഞാൻ വൈകുന്നേരം സമയത്ത് റെസ്റ്റോറന്റിൽ ജോലിക്ക് പോകുന്നു എന്ന് പറഞ്ഞു.,Malayalam
"ಈ ವಾರ, ನಾನು ಅಂಗಡಿಯಲ್ಲಿ ಪತ್ರ ಬರೆಯುತ್ತೇನೆ.",Kannada
मैं ने कहा कि वह दुकान में पत्र लिखता हूँ कल।,Hindi
நான் மாலையில் பல்கலைக்கழகத்தில் திரைப்படம் பார்க்கிறேன் என்று கூறினார்.,Tamil
"αργά το βράδυ, Εγώ μαθαίνω τη γλώσσα στο γραφείο.",Greek
मैं किताब पढ़ता हूँ कार्यालय में आज।,Hindi
قال أنا إنه أشاهد فيلما في المكتبة في الصباح.,Arabic
ನಾನು ಸಂಜೆಯ ಸಮಯದಲ್ಲಿ ನಗರದಲ್ಲಿ ಪತ್ರ ಬರೆಯುತ್ತೇನೆ ಎಂದು ಹೇಳಿದರು.,Kannada
मैं विश्वविद्यालय में पढ़ता हूँ अस्पताल में इस सप्ताह।,Hindi
मैं विश्वविद्यालय में पढ़ता हूँ दुकान में सुबह के समय।,Hindi
كل يوم، أنا أشرب القهوة في المنزل.,Arabic
मैं फिल्म देखता हूँ स्कूल में आज।,Hindi
قال أنا إنه أدرس في الجامعة في المتجر اليوم.,Arabic
أنا أذهب إلى العمل في الجامعة مساء.,Arabic
Я учусь в университете дома завтра.,Russian
"ಸಂಜೆ, ನಾನು ವಿಶ್ವವಿದ್ಯಾಲಯದಲ್ಲಿ ಪತ್ರ ಬರೆಯುತ್ತೇನೆ.",Kannada
Εγώ είπε ότι σπουδάζω στο πανεπιστήμιο στο σπίτι αύριο.,Greek
ഞാൻ ഈ ആഴ്ച റെസ്റ്റോറന്റിൽ പുസ്തകം വായിക്കുന്നു എന്ന് പറഞ്ഞു.,Malayalam
എല്ലാ ദിവസവും ഞാൻ വീട്ടിൽ പുസ്തകം വായിക്കുന്നു.,Malayalam
قال أنا إنه أشرب القهوة في المطعم اليوم.,Arabic
"இந்த வாரம், நான் அலுவலகத்தில் புத்தகம் படிக்கிறேன்.",Tamil
Εγώ είπε ότι βλέπω μια ταινία στην πόλη αργά το βράδυ.,Greek
"νωρίς το πρωί, Εγώ μαθαίνω τη γλώσσα στην πόλη.",Greek
أنا أقرأ كتابا في المدرسة اليوم.,Arabic
நான் காலையில் பல்கலைக்கழகத்தில் வேலைக்கு செல்கிறேன் என்று கூறினார்.,Tamil
"αργά το βράδυ, Εγώ σπουδάζω στο πανεπιστήμιο στο εστιατόριο.",Greek
Εγώ είπε ότι βλέπω μια ταινία στο γραφείο αργά το βράδυ.,Greek
நான் நகரத்தில் புத்தகம் படிக்கிறேன் நாளை.,Tamil
Εγώ διαβάζω ένα βιβλίο στην πόλη αυτή την εβδομάδα.,Greek
நான் காலையில் பல்கலைக்கழகத்தில் புத்தகம் படிக்கிறேன் என்று கூறினார்.,Tamil
Я иду на работу дома завтра.,Russian
വൈകുന്നേരം സമയത്ത് ഞാൻ പാർക്കിൽ പുസ്തകം വായിക്കുന്നു.,Malayalam
Εγώ θέλει να μαθαίνω τη γλώσσα στην πόλη.,Greek
"நாளை, நான் நூலகத்தில் மொழி கற்கிறேன்.",Tamil
"κάθε μέρα, Εγώ πίνω καφέ στο πανεπιστήμιο.",Greek
ನಾನು ಸಂಜೆಯ ಸಮಯದಲ್ಲಿ ವಿಶ್ವವಿದ್ಯಾಲಯದಲ್ಲಿ ಪುಸ್ತಕ ಓದುತ್ತೇನೆ ಎಂದು ಹೇಳಿದರು.,Kannada
"Я сказал, что изучаю язык в городе на этой неделе.",Russian
मैं ने कहा कि वह पार्क में किताब पढ़ता हूँ आज।,Hindi
ನಾನು ವಿಶ್ವವಿದ್ಯಾಲಯದಲ್ಲಿ ವ್ಯಾಯಾಮ ಮಾಡುತ್ತೇನೆ ಬೆಳಿಗ್ಗೆ.,Kannada
ನಾನು ಬೆಳಗಿನ ಸಮಯದಲ್ಲಿ ಗ್ರಂಥಾಲಯದಲ್ಲಿ ಕಾಫಿ ಕುಡಿಯುತ್ತೇನೆ ಎಂದು ಹೇಳಿದರು.,Kannada
ನಾನು ನಗರದಲ್ಲಿ ವಿಶ್ವವಿದ್ಯಾಲಯದಲ್ಲಿ ಓದುತ್ತೇನೆ ಬೆಳಗಿನ ಸಮಯದಲ್ಲಿ.,Kannada
Я хочет учусь в университете в парке.,Russian
أنا أدرس في الجامعة في المطعم اليوم.,Arabic
"हर दिन, मैं विश्वविद्यालय में पढ़ता हूँ स्कूल में।",Hindi
"ನಾಳೆ, ನಾನು ಉದ್ಯಾನವನದಲ್ಲಿ ವಿಶ್ವವಿದ್ಯಾಲಯದಲ್ಲಿ ಓದುತ್ತೇನೆ.",Kannada
"ಇಂದು, ನಾನು ವಿಶ್ವವಿದ್ಯಾಲಯದಲ್ಲಿ ಕೆಲಸಕ್ಕೆ ಹೋಗುತ್ತೇನೆ.",Kannada
"हर दिन, मैं भाषा सीखता हूँ दुकान में।",Hindi
Εγώ σπουδάζω στο πανεπιστήμιο στο πανεπιστήμιο σήμερα.,Greek
நான் மாலை நேரத்தில் நூலகத்தில் திரைப்படம் பார்க்கிறேன் என்று கூறினார்.,Tamil
ഞാൻ നാളെ കടയിൽ സിനിമ കാണുന്നു.,Malayalam
قال أنا إنه أكتب رسالة في الحديقة في الصباح.,Arabic
രാവിലെ ഞാൻ സ്കൂളിൽ കത്ത് എഴുതുന്നു.,Malayalam
मैं ने कहा कि वह अस्पताल में काम पर जाता हूँ इस सप्ताह।,Hindi
நான் காலை நேரத்தில் வீட்டில் பல்கலைக்கழகத்தில் படிக்கிறேன் என்று கூறினார்.,Tamil
Εγώ είπε ότι κάνω γυμναστική στο σχολείο αργά το βράδυ.,Greek
വൈകുന്നേരം സമയത്ത് ഞാൻ സ്കൂളിൽ പുസ്തകം വായിക്കുന്നു.,Malayalam
Εγώ είπε ότι διαβάζω ένα βιβλίο στο σπίτι αυτή την εβδομάδα.,Greek
ഞാൻ ഇന്ന് വീട്ടിൽ സിനിമ കാണുന്നു എന്ന് പറഞ്ഞു.,Malayalam
ನಾನು ಗ್ರಂಥಾಲಯದಲ್ಲಿ ಪತ್ರ ಬರೆಯುತ್ತೇನೆ ಬೆಳಿಗ್ಗೆ.,Kannada
நான் உணவகத்தில் புத்தகம் படிக்கிறேன் நாளை.,Tamil
غدا، أنا أشرب القهوة في المستشفى.,Arabic
मैं चाय पीता हूँ घर में इस सप्ताह।,Hindi
मैं ने कहा कि वह कार्यालय में काम पर जाता हूँ शाम को।,Hindi
هذا الأسبوع، أنا أشرب القهوة في المدرسة.,Arabic
قال أنا إنه أكتب رسالة في المستشفى صباحا.,Arabic
എല്ലാ ദിവസവും ഞാൻ റെസ്റ്റോറന്റിൽ സർവകലാശാലയിൽ പഠിക്കുന്നു.,Malayalam
أنا أذهب إلى العمل في المكتب مساء.,Arabic
நான் இன்று நூலகத்தில் பல்கலைக்கழகத்தில் படிக்கிறேன் என்று கூறினார்.,Tamil
Я иду на работу в парке каждый день.,Russian
ഞാൻ രാവിലെ സമയത്ത് സ്കൂളിൽ പുസ്തകം വായിക്കുന്നു.,Malayalam
أنا أقرأ كتابا في المتجر اليوم.,Arabic
"ನಾಳೆ, ನಾನು ನಗರದಲ್ಲಿ ವ್ಯಾಯಾಮ ಮಾಡುತ್ತೇನೆ.",Kannada
मैं ने कहा कि वह पुस्तकालय में विश्वविद्यालय में पढ़ता हूँ इस सप्ताह।,Hindi
मैं ने कहा कि वह घर में किताब पढ़ता हूँ सुबह।,Hindi
"सुबह के समय, मैं पत्र लिखता हूँ घर में।",Hindi
اليوم، أنا أكتب رسالة في المنزل.,Arabic
مساء، أنا أتعلم اللغة في المدينة.,Arabic
"Я сказал, что изучаю язык дома завтра.",Russian
ഞാൻ രാവിലെ സമയത്ത് ലൈബ്രറിയിൽ കാപ്പി കുടിക്കുന്നു.,Malayalam
நான் பல்கலைக்கழகத்தில் பல்கலைக்கழகத்தில் படிக்கிறேன் காலை நேரத்தில்.,Tamil
ഞാൻ എല്ലാ ദിവസവും ആശുപത്രിയിൽ പുസ്തകം വായിക്കുന്നു.,Malayalam
"ಪ್ರತಿದಿನ, ನಾನು ರೆಸ್ಟೋರೆಂಟ್‌ನಲ್ಲಿ ಕೆಲಸಕ್ಕೆ ಹೋಗುತ್ತೇನೆ.",Kannada
ഞാൻ രാവിലെ സമയത്ത് സ്കൂളിൽ കാപ്പി കുടിക്കുന്നു.,Malayalam
ನಾನು ವಿಶ್ವವಿದ್ಯಾಲಯದಲ್ಲಿ ಕಾಫಿ ಕುಡಿಯುತ್ತೇನೆ ಬೆಳಿಗ್ಗೆ.,Kannada
ನಾನು ಬೆಳಗಿನ ಸಮಯದಲ್ಲಿ ವಿಶ್ವವಿದ್ಯಾಲಯದಲ್ಲಿ ಸಿನಿಮಾ ನೋಡುತ್ತೇನೆ ಎಂದು ಹೇಳಿದರು.,Kannada
ഞാൻ രാവിലെ പാർക്കിൽ ഭാഷ പഠിക്കുന്നു എന്ന് പറഞ്ഞു.,Malayalam
قال أنا إنه أقرأ كتابا في الحديقة في المساء.,Arabic
ഞാൻ വൈകുന്നേരം സമയത്ത് പാർക്കിൽ വ്യായാമം ചെയ്യുന്നു എന്ന് പറഞ്ഞു.,Malayalam
Я занимаюсь спортом в школе поздно вечером.,Russian
ഞാൻ എല്ലാ ദിവസവും ആശുപത്രിയിൽ കാപ്പി കുടിക്കുന്നു.,Malayalam
Εγώ είπε ότι πίνω καφέ στο εστιατόριο το βράδυ.,Greek
എല്ലാ ദിവസവും ഞാൻ പാർക്കിൽ കാപ്പി കുടിക്കുന്നു.,Malayalam
मैं ने कहा कि वह रेस्तरां में विश्वविद्यालय में पढ़ता हूँ आज।,Hindi
Я иду на работу в больнице вечером.,Russian
"Я сказал, что иду на работу в городе завтра.",Russian
أنا يريد أن أدرس في الجامعة في المكتبة.,Arabic
मैं ने कहा कि वह पुस्तकालय में विश्वविद्यालय में पढ़ता हूँ शाम के समय।,Hindi
أنا أشرب القهوة في المنزل كل يوم.,Arabic
أنا أشاهد فيلما في المنزل في الصباح.,Arabic
Εγώ γράφω ένα γράμμα στο πάρκο αυτή την εβδομάδα.,Greek
"поздно вечером, Я читаю книгу в городе.",Russian
"आज, मैं विश्वविद्यालय में पढ़ता हूँ शहर में।",Hindi
நான் காலை நேரத்தில் பூங்காவில் உடற்பயிற்சி செய்கிறேன் என்று கூறினார்.,Tamil
நான் உணவகத்தில் பல்கலைக்கழகத்தில் படிக்கிறேன் மாலையில்.,Tamil
"ಪ್ರತಿದಿನ, ನಾನು ರೆಸ್ಟೋರೆಂಟ್‌ನಲ್ಲಿ ಭಾಷೆ ಕಲಿಯುತ್ತೇನೆ.",Kannada
"सुबह के समय, मैं किताब पढ़ता हूँ पार्क में।",Hindi
"ಪ್ರತಿದಿನ, ನಾನು ಉದ್ಯಾನವನದಲ್ಲಿ ಪುಸ್ತಕ ಓದುತ್ತೇನೆ.",Kannada
"το πρωί, Εγώ πηγαίνω στη δουλειά στο σχολείο.",Greek
"αργά το βράδυ, Εγώ βλέπω μια ταινία στο γραφείο.",Greek
ഞാൻ ഈ ആഴ്ച നഗരത്തിൽ സർവകലാശാലയിൽ പഠിക്കുന്നു.,Malayalam
ನಾನು ಉದ್ಯಾನವನದಲ್ಲಿ ಪುಸ್ತಕ ಓದುತ್ತೇನೆ ಮಾಡಲು ಬಯಸುತ್ತಾನೆ.,Kannada
मैं किताब पढ़ता हूँ स्कूल में सुबह के समय।,Hindi
"αυτή την εβδομάδα, Εγώ μαθαίνω τη γλώσσα στο κατάστημα.",Greek
"поздно вечером, Я смотрю фильм в ресторане.",Russian
ನಾನು ಸಂಜೆ ಕಚೇರಿಯಲ್ಲಿ ಸಿನಿಮಾ ನೋಡುತ್ತೇನೆ ಎಂದು ಹೇಳಿದರು.,Kannada
मैं विश्वविद्यालय में पढ़ता हूँ शहर में इस सप्ताह।,Hindi
صباحا، أنا أقرأ كتابا في الجامعة.,Arabic
Я занимаюсь спортом в ресторане рано утром.,Russian
"காலை நேரத்தில், நான் பூங்காவில் பல்கலைக்கழகத்தில் படிக்கிறேன்.",Tamil
"αυτή την εβδομάδα, Εγώ πίνω καφέ στο πανεπιστήμιο.",Greek
"Я сказал, что изучаю язык в магазине поздно вечером.",Russian
Я пишу письмо в ресторане на этой неделе.,Russian
ഞാൻ രാവിലെ ലൈബ്രറിയിൽ സിനിമ കാണുന്നു.,Malayalam
मैं काम पर जाता हूँ स्कूल में हर दिन।,Hindi
"αύριο, Εγώ πίνω καφέ στη βιβλιοθήκη.",Greek
"कल, मैं विश्वविद्यालय में पढ़ता हूँ पुस्तकालय में।",Hindi
أنا أكتب رسالة في المستشفى غدا.,Arabic
ഞാൻ രാവിലെ റെസ്റ്റോറന്റിൽ സിനിമ കാണുന്നു.,Malayalam
मैं ने कहा कि वह कार्यालय में भाषा सीखता हूँ सुबह।,Hindi
Εγώ είπε ότι βλέπω μια ταινία στο πανεπιστήμιο κάθε μέρα.,Greek
രാവിലെ ഞാൻ ആശുപത്രിയിൽ ഭാഷ പഠിക്കുന്നു.,Malayalam
ನಾನು ಸಂಜೆ ಮನೆಯಲ್ಲಿ ಸಿನಿಮಾ ನೋಡುತ್ತೇನೆ ಎಂದು ಹೇಳಿದರು.,Kannada
நான் மாலை நேரத்தில் கடையில் வேலைக்கு செல்கிறேன் என்று கூறினார்.,Tamil
Εγώ σπουδάζω στο πανεπιστήμιο στο κατάστημα νωρίς το πρωί.,Greek
Я занимаюсь спортом дома завтра.,Russian
"поздно вечером, Я пью кофе в ресторане.",Russian
मैं ने कहा कि वह विश्वविद्यालय में पत्र लिखता हूँ शाम को।,Hindi
"மாலையில், நான் நூலகத்தில் வேலைக்கு செல்கிறேன்.",Tamil
मैं विश्वविद्यालय में पढ़ता हूँ कार्यालय में हर दिन।,Hindi
قال أنا إنه أكتب رسالة في المكتب هذا الأسبوع.,Arabic
நான் நூலகத்தில் கடிதம் எழுதுகிறேன் மாலை நேரத்தில்.,Tamil
قال أنا إنه أشاهد فيلما في المتجر اليوم.,Arabic
في المساء، أنا أمارس الرياضة في المدينة.,Arabic
ನಾನು ಗ್ರಂಥಾಲಯದಲ್ಲಿ ಸಿನಿಮಾ ನೋಡುತ್ತೇನೆ ಸಂಜೆಯ ಸಮಯದಲ್ಲಿ.,Kannada
நான் பள்ளியில் புத்தகம் படிக்கிறேன் மாலை நேரத்தில்.,Tamil
قال أنا إنه أتعلم اللغة في الحديقة مساء.,Arabic
मैं व्यायाम करता हूँ स्कूल में हर दिन।,Hindi
قال أنا إنه أتعلم اللغة في المكتبة اليوم.,Arabic
ഞാൻ ഇന്ന് നഗരത്തിൽ കാപ്പി കുടിക്കുന്നു എന്ന് പറഞ്ഞു.,Malayalam
"காலையில், நான் பல்கலைக்கழகத்தில் காபி குடிக்கிறேன்.",Tamil
"ಪ್ರತಿದಿನ, ನಾನು ವಿಶ್ವವಿದ್ಯಾಲಯದಲ್ಲಿ ವಿಶ್ವವಿದ್ಯಾಲಯದಲ್ಲಿ ಓದುತ್ತೇನೆ.",Kannada
நான் நகரத்தில் கடிதம் எழுதுகிறேன் காலை நேரத்தில்.,Tamil
ನಾನು ಸಂಜೆ ಗ್ರಂಥಾಲಯದಲ್ಲಿ ವಿಶ್ವವಿದ್ಯಾಲಯದಲ್ಲಿ ಓದುತ್ತೇನೆ ಎಂದು ಹೇಳಿದರು.,Kannada
நான் பூங்காவில் உடற்பயிற்சி செய்கிறேன் இன்று.,Tamil
Εγώ μαθαίνω τη γλώσσα στο γραφείο αργά το βράδυ.,Greek
ഞാൻ എല്ലാ ദിവസവും പാർക്കിൽ വ്യായാമം ചെയ്യുന്നു.,Malayalam
"σήμερα, Εγώ σπουδάζω στο πανεπιστήμιο στη βιβλιοθήκη.",Greek
ഞാൻ വൈകുന്നേരം ഓഫീസിൽ കത്ത് എഴുതുന്നു.,Malayalam
أنا أشاهد فيلما في المدرسة صباحا.,Arabic
Εγώ θέλει να βλέπω μια ταινία στο κατάστημα.,Greek
"поздно вечером, Я смотрю фильм в университете.",Russian
أنا أكتب رسالة في المطعم غدا.,Arabic
"утром, Я учусь в университете в школе.",Russian
"ಬೆಳಗಿನ ಸಮಯದಲ್ಲಿ, ನಾನು ರೆಸ್ಟೋರೆಂಟ್‌ನಲ್ಲಿ ಪುಸ್ತಕ ಓದುತ್ತೇನೆ.",Kannada
मैं पत्र लिखता हूँ अस्पताल में शाम को।,Hindi
قال أنا إنه أقرأ كتابا في المدينة اليوم.,Arabic
मैं चाय पीता हूँ दुकान में कल।,Hindi
أنا أذهب إلى العمل في المكتبة صباحا.,Arabic
في الصباح، أنا أمارس الرياضة في المتجر.,Arabic
ഞാൻ ഈ ആഴ്ച സർവകലാശാലയിൽ കത്ത് എഴുതുന്നു എന്ന് പറഞ്ഞു.,Malayalam
صباحا، أنا أدرس في الجامعة في الحديقة.,Arabic
मैं विश्वविद्यालय में पढ़ता हूँ अस्पताल में शाम के समय।,Hindi
मैं भाषा सीखता हूँ घर में सुबह के समय।,Hindi
ഞാൻ വൈകുന്നേരം റെസ്റ്റോറന്റിൽ സർവകലാശാലയിൽ പഠിക്കുന്നു എന്ന് പറഞ്ഞു.,Malayalam
"सुबह, मैं पत्र लिखता हूँ स्कूल में।",Hindi
நான் மாலை நேரத்தில் நூலகத்தில் உடற்பயிற்சி செய்கிறேன் என்று கூறினார்.,Tamil
أنا أتعلم اللغة في الحديقة في المساء.,Arabic
"மாலை நேரத்தில், நான் பல்கலைக்கழகத்தில் உடற்பயிற்சி செய்கிறேன்.",Tamil
ഞാൻ വൈകുന്നേരം സർവകലാശാലയിൽ ജോലിക്ക് പോകുന്നു എന്ന് പറഞ്ഞു.,Malayalam
ഞാൻ വൈകുന്നേരം പാർക്കിൽ വ്യായാമം ചെയ്യുന്നു എന്ന് പറഞ്ഞു.,Malayalam
أنا أدرس في الجامعة في المتجر صباحا.,Arabic
ഈ ആഴ്ച ഞാൻ സർവകലാശാലയിൽ കത്ത് എഴുതുന്നു.,Malayalam
ഞാൻ രാവിലെ റെസ്റ്റോറന്റിൽ സർവകലാശാലയിൽ പഠിക്കുന്നു എന്ന് പറഞ്ഞു.,Malayalam
വൈകുന്നേരം സമയത്ത് ഞാൻ റെസ്റ്റോറന്റിൽ പുസ്തകം വായിക്കുന്നു.,Malayalam
"மாலையில், நான் பள்ளியில் புத்தகம் படிக்கிறேன்.",Tamil
ನಾನು ಶಾಲೆಯಲ್ಲಿ ಸಿನಿಮಾ ನೋಡುತ್ತೇನೆ ಇಂದು.,Kannada
நான் காலையில் அலுவலகத்தில் உடற்பயிற்சி செய்கிறேன் என்று கூறினார்.,Tamil
Я смотрю фильм в городе каждый день.,Russian
"Я сказал, что смотрю фильм в городе на этой неделе.",Russian
ഞാൻ വൈകുന്നേരം ലൈബ്രറിയിൽ കത്ത് എഴുതുന്നു എന്ന് പറഞ്ഞു.,Malayalam
ഇന്ന് ഞാൻ സ്കൂളിൽ ഭാഷ പഠിക്കുന്നു.,Malayalam
मैं घर में किताब पढ़ता हूँ चाहता है।,Hindi
قال أنا إنه أتعلم اللغة في المكتب هذا الأسبوع.,Arabic
"इस सप्ताह, मैं फिल्म देखता हूँ अस्पताल में।",Hindi
ನಾನು ನಗರದಲ್ಲಿ ಸಿನಿಮಾ ನೋಡುತ್ತೇನೆ ಸಂಜೆ.,Kannada
Εγώ πηγαίνω στη δουλειά στην πόλη κάθε μέρα.,Greek
"Я сказал, что пью кофе в библиотеке завтра.",Russian
നാളെ ഞാൻ ഓഫീസിൽ വ്യായാമം ചെയ്യുന്നു.,Malayalam
Я читаю книгу в парке сегодня.,Russian
"αύριο, Εγώ βλέπω μια ταινία στο πανεπιστήμιο.",Greek
ನಾನು ಸಂಜೆ ಅಂಗಡಿಯಲ್ಲಿ ಕೆಲಸಕ್ಕೆ ಹೋಗುತ್ತೇನೆ ಎಂದು ಹೇಳಿದರು.,Kannada
मैं ने कहा कि वह विश्वविद्यालय में व्यायाम करता हूँ शाम के समय।,Hindi
ನಾನು ಮನೆಯಲ್ಲಿ ವಿಶ್ವವಿದ್ಯಾಲಯದಲ್ಲಿ ಓದುತ್ತೇನೆ ಪ್ರತಿದಿನ.,Kannada
Я хочет занимаюсь спортом в больнице.,Russian
நான் மருத்துவமனையில் திரைப்படம் பார்க்கிறேன் நாளை.,Tamil
"इस सप्ताह, मैं पत्र लिखता हूँ अस्पताल में।",Hindi
أنا أتعلم اللغة في المطعم هذا الأسبوع.,Arabic
"இன்று, நான் நகரத்தில் கடிதம் எழுதுகிறேன்.",Tamil
Εγώ θέλει να μαθαίνω τη γλώσσα στη βιβλιοθήκη.,Greek
قال أنا إنه أقرأ كتابا في المنزل كل يوم.,Arabic
मैं भाषा सीखता हूँ पार्क में हर दिन।,Hindi
ഞാൻ നാളെ ആശുപത്രിയിൽ കാപ്പി കുടിക്കുന്നു.,Malayalam
"ಸಂಜೆಯ ಸಮಯದಲ್ಲಿ, ನಾನು ವಿಶ್ವವಿದ್ಯಾಲಯದಲ್ಲಿ ಸಿನಿಮಾ ನೋಡುತ್ತೇನೆ.",Kannada
நான் மருத்துவமனையில் உடற்பயிற்சி செய்கிறேன் விரும்புகிறார்.,Tamil
قال أنا إنه أشاهد فيلما في المنزل هذا الأسبوع.,Arabic
ഞാൻ വൈകുന്നേരം ലൈബ്രറിയിൽ ഭാഷ പഠിക്കുന്നു.,Malayalam
"ಬೆಳಿಗ್ಗೆ, ನಾನು ಕಚೇರಿಯಲ್ಲಿ ಭಾಷೆ ಕಲಿಯುತ್ತೇನೆ.",Kannada
Εγώ μαθαίνω τη γλώσσα στη βιβλιοθήκη σήμερα.,Greek
"शाम के समय, मैं पत्र लिखता हूँ अस्पताल में।",Hindi
நான் பூங்காவில் மொழி கற்கிறேன் நாளை.,Tamil
நான் இந்த வாரம் மருத்துவமனையில் வேலைக்கு செல்கிறேன் என்று கூறினார்.,Tamil
كل يوم، أنا أتعلم اللغة في المتجر.,Arabic
ನಾನು ಪ್ರತಿದಿನ ರೆಸ್ಟೋರೆಂಟ್‌ನಲ್ಲಿ ಸಿನಿಮಾ ನೋಡುತ್ತೇನೆ ಎಂದು ಹೇಳಿದರು.,Kannada
"ಸಂಜೆ, ನಾನು ಕಚೇರಿಯಲ್ಲಿ ಭಾಷೆ ಕಲಿಯುತ್ತೇನೆ.",Kannada
രാവിലെ സമയത്ത് ഞാൻ കടയിൽ സിനിമ കാണുന്നു.,Malayalam
"ಬೆಳಿಗ್ಗೆ, ನಾನು ಅಂಗಡಿಯಲ್ಲಿ ವಿಶ್ವವಿದ್ಯಾಲಯದಲ್ಲಿ ಓದುತ್ತೇನೆ.",Kannada
मैं चाय पीता हूँ रेस्तरां में इस सप्ताह।,Hindi
நான் நகரத்தில் காபி குடிக்கிறேன் விரும்புகிறார்.,Tamil
Я читаю книгу в больнице рано утром.,Russian
"ನಾಳೆ, ನಾನು ಗ್ರಂಥಾಲಯದಲ್ಲಿ ಕಾಫಿ ಕುಡಿಯುತ್ತೇನೆ.",Kannada
"இந்த வாரம், நான் பூங்காவில் திரைப்படம் பார்க்கிறேன்.",Tamil
"மாலை நேரத்தில், நான் உணவகத்தில் புத்தகம் படிக்கிறேன்.",Tamil
"κάθε μέρα, Εγώ πίνω καφέ στο κατάστημα.",Greek
நான் நூலகத்தில் காபி குடிக்கிறேன் நாளை.,Tamil
"сегодня, Я читаю книгу в больнице.",Russian
كل يوم، أنا أشرب القهوة في الجامعة.,Arabic
मैं ने कहा कि वह घर में चाय पीता हूँ सुबह के समय।,Hindi
Εγώ βλέπω μια ταινία στο σχολείο το βράδυ.,Greek
قال أنا إنه أمارس الرياضة في المطعم كل يوم.,Arabic
"Я сказал, что учусь в университете в офисе каждый день.",Russian
ನಾನು ಮನೆಯಲ್ಲಿ ಪುಸ್ತಕ ಓದುತ್ತೇನೆ ಪ್ರತಿದಿನ.,Kannada
Я хочет иду на работу в парке.,Russian
"каждый день, Я учусь в университете в парке.",Russian
"νωρίς το πρωί, Εγώ βλέπω μια ταινία στο νοσοκομείο.",Greek
"рано утром, Я учусь в университете в городе.",Russian
Я иду на работу в городе утром.,Russian
أنا أتعلم اللغة في المطعم في الصباح.,Arabic
Εγώ σπουδάζω στο πανεπιστήμιο στο σπίτι αργά το βράδυ.,Greek
நான் மாலையில் உணவகத்தில் வேலைக்கு செல்கிறேன் என்று கூறினார்.,Tamil
أنا أشرب القهوة في المستشفى صباحا.,Arabic
هذا الأسبوع، أنا أذهب إلى العمل في الحديقة.,Arabic
"каждый день, Я смотрю фильм дома.",Russian
நான் இன்று பூங்காவில் உடற்பயிற்சி செய்கிறேன் என்று கூறினார்.,Tamil
"हर दिन, मैं व्यायाम करता हूँ घर में।",Hindi
ഞാൻ രാവിലെ പാർക്കിൽ കത്ത് എഴുതുന്നു.,Malayalam
"каждый день, Я учусь в университете дома.",Russian
"утром, Я пишу письмо в школе.",Russian
"कल, मैं फिल्म देखता हूँ कार्यालय में।",Hindi
"каждый день, Я учусь в университете в магазине.",Russian
"νωρίς το πρωί, Εγώ κάνω γυμναστική στο νοσοκομείο.",Greek
मैं चाय पीता हूँ घर में शाम को।,Hindi
"ಇಂದು, ನಾನು ಉದ್ಯಾನವನದಲ್ಲಿ ವಿಶ್ವವಿದ್ಯಾಲಯದಲ್ಲಿ ಓದುತ್ತೇನೆ.",Kannada
"தினமும், நான் மருத்துவமனையில் வேலைக்கு செல்கிறேன்.",Tamil
"Я сказал, что иду на работу в университете рано утром.",Russian
Εγώ γράφω ένα γράμμα στο πάρκο αύριο.,Greek
غدا، أنا أتعلم اللغة في المكتب.,Arabic
ഞാൻ നാളെ ആശുപത്രിയിൽ വ്യായാമം ചെയ്യുന്നു എന്ന് പറഞ്ഞു.,Malayalam
मैं ने कहा कि वह घर में काम पर जाता हूँ सुबह के समय।,Hindi
ನಾನು ವಿಶ್ವವಿದ್ಯಾಲಯದಲ್ಲಿ ಪುಸ್ತಕ ಓದುತ್ತೇನೆ ಇಂದು.,Kannada
വൈകുന്നേരം ഞാൻ നഗരത്തിൽ സർവകലാശാലയിൽ പഠിക്കുന്നു.,Malayalam
நான் அலுவலகத்தில் கடிதம் எழுதுகிறேன் காலையில்.,Tamil
"утром, Я занимаюсь спортом в магазине.",Russian
ನಾನು ರೆಸ್ಟೋರೆಂಟ್‌ನಲ್ಲಿ ಪುಸ್ತಕ ಓದುತ್ತೇನೆ ಬೆಳಗಿನ ಸಮಯದಲ್ಲಿ.,Kannada
ನಾನು ಗ್ರಂಥಾಲಯದಲ್ಲಿ ಕಾಫಿ ಕುಡಿಯುತ್ತೇನೆ ಇಂದು.,Kannada
நான் பள்ளியில் கடிதம் எழுதுகிறேன் தினமும்.,Tamil
Εγώ είπε ότι σπουδάζω στο πανεπιστήμιο στο πανεπιστήμιο κάθε μέρα.,Greek
ನಾನು ಬೆಳಿಗ್ಗೆ ಮನೆಯಲ್ಲಿ ಭಾಷೆ ಕಲಿಯುತ್ತೇನೆ ಎಂದು ಹೇಳಿದರು.,Kannada
"Я сказал, что пишу письмо в ресторане утром.",Russian
ನಾನು ಆಸ್ಪತ್ರೆಯಲ್ಲಿ ವ್ಯಾಯಾಮ ಮಾಡುತ್ತೇನೆ ಪ್ರತಿದಿನ.,Kannada
Εγώ κάνω γυμναστική στη βιβλιοθήκη νωρίς το πρωί.,Greek
मैं दुकान में पत्र लिखता हूँ चाहता है।,Hindi
"ಈ ವಾರ, ನಾನು ಮನೆಯಲ್ಲಿ ವಿಶ್ವವಿದ್ಯಾಲಯದಲ್ಲಿ ಓದುತ್ತೇನೆ.",Kannada
أنا أدرس في الجامعة في المكتب في المساء.,Arabic
நான் பள்ளியில் புத்தகம் படிக்கிறேன் விரும்புகிறார்.,Tamil
मैं चाय पीता हूँ रेस्तरां में हर दिन।,Hindi
मैं ने कहा कि वह विश्वविद्यालय में किताब पढ़ता हूँ शाम को।,Hindi
"утром, Я иду на работу в школе.",Russian
Я смотрю фильм в университете сегодня.,Russian
मैं ने कहा कि वह अस्पताल में भाषा सीखता हूँ आज।,Hindi
في الصباح، أنا أشرب القهوة في الحديقة.,Arabic
ഞാൻ നാളെ കടയിൽ ഭാഷ പഠിക്കുന്നു.,Malayalam
Εγώ είπε ότι βλέπω μια ταινία στο σπίτι σήμερα.,Greek
"αργά το βράδυ, Εγώ κάνω γυμναστική στο κατάστημα.",Greek
"Я сказал, что занимаюсь спортом в магазине рано утром.",Russian
قال أنا إنه أشرب القهوة في الجامعة اليوم.,Arabic
"Я сказал, что иду на работу в магазине утром.",Russian
ನಾನು ಗ್ರಂಥಾಲಯದಲ್ಲಿ ವಿಶ್ವವಿದ್ಯಾಲಯದಲ್ಲಿ ಓದುತ್ತೇನೆ ಇಂದು.,Kannada
اليوم، أنا أذهب إلى العمل في المطعم.,Arabic
"αύριο, Εγώ σπουδάζω στο πανεπιστήμιο στο πανεπιστήμιο.",Greek
Εγώ διαβάζω ένα βιβλίο στην πόλη το βράδυ.,Greek
ഞാൻ രാവിലെ പാർക്കിൽ സർവകലാശാലയിൽ പഠിക്കുന്നു.,Malayalam
ನಾನು ಬೆಳಗಿನ ಸಮಯದಲ್ಲಿ ಆಸ್ಪತ್ರೆಯಲ್ಲಿ ಕೆಲಸಕ್ಕೆ ಹೋಗುತ್ತೇನೆ ಎಂದು ಹೇಳಿದರು.,Kannada
"ಪ್ರತಿದಿನ, ನಾನು ಗ್ರಂಥಾಲಯದಲ್ಲಿ ಕಾಫಿ ಕುಡಿಯುತ್ತೇನೆ.",Kannada
"कल, मैं व्यायाम करता हूँ अस्पताल में।",Hindi
ഞാൻ നാളെ കടയിൽ പുസ്തകം വായിക്കുന്നു.,Malayalam
أنا أتعلم اللغة في المكتب مساء.,Arabic
मैं स्कूल में चाय पीता हूँ चाहता है।,Hindi
मैं फिल्म देखता हूँ दुकान में कल।,Hindi
"ಪ್ರತಿದಿನ, ನಾನು ಉದ್ಯಾನವನದಲ್ಲಿ ವ್ಯಾಯಾಮ ಮಾಡುತ್ತೇನೆ.",Kannada
நான் காலை நேரத்தில் நூலகத்தில் புத்தகம் படிக்கிறேன் என்று கூறினார்.,Tamil
"மாலை நேரத்தில், நான் உணவகத்தில் வேலைக்கு செல்கிறேன்.",Tamil
ഞാൻ എല്ലാ ദിവസവും നഗരത്തിൽ വ്യായാമം ചെയ്യുന്നു.,Malayalam
நான் பூங்காவில் மொழி கற்கிறேன் மாலையில்.,Tamil
ഞാൻ ഇന്ന് സ്കൂളിൽ കത്ത് എഴുതുന്നു.,Malayalam
Я иду на работу в магазине рано утром.,Russian
ನಾನು ಪ್ರತಿದಿನ ಆಸ್ಪತ್ರೆಯಲ್ಲಿ ವಿಶ್ವವಿದ್ಯಾಲಯದಲ್ಲಿ ಓದುತ್ತೇನೆ ಎಂದು ಹೇಳಿದರು.,Kannada
मैं किताब पढ़ता हूँ शहर में शाम के समय।,Hindi
"மாலை நேரத்தில், நான் பல்கலைக்கழகத்தில் மொழி கற்கிறேன்.",Tamil
قال أنا إنه أذهب إلى العمل في المستشفى اليوم.,Arabic
ನಾನು ರೆಸ್ಟೋರೆಂಟ್‌ನಲ್ಲಿ ಕಾಫಿ ಕುಡಿಯುತ್ತೇನೆ ಈ ವಾರ.,Kannada
ഞാൻ വൈകുന്നേരം സമയത്ത് പാർക്കിൽ കത്ത് എഴുതുന്നു.,Malayalam
ನಾನು ಸಂಜೆಯ ಸಮಯದಲ್ಲಿ ಉದ್ಯಾನವನದಲ್ಲಿ ವಿಶ್ವವಿದ್ಯಾಲಯದಲ್ಲಿ ಓದುತ್ತೇನೆ ಎಂದು ಹೇಳಿದರು.,Kannada
ഞാൻ വൈകുന്നേരം പാർക്കിൽ കാപ്പി കുടിക്കുന്നു എന്ന് പറഞ്ഞു.,Malayalam
"காலை நேரத்தில், நான் பள்ளியில் பல்கலைக்கழகத்தில் படிக்கிறேன்.",Tamil
मैं ने कहा कि वह दुकान में पत्र लिखता हूँ सुबह के समय।,Hindi
Εγώ πίνω καφέ στο πάρκο αυτή την εβδομάδα.,Greek
"காலை நேரத்தில், நான் நூலகத்தில் மொழி கற்கிறேன்.",Tamil
"ಇಂದು, ನಾನು ಗ್ರಂಥಾಲಯದಲ್ಲಿ ಕಾಫಿ ಕುಡಿಯುತ್ತೇನೆ.",Kannada
قال أنا إنه أذهب إلى العمل في المكتب هذا الأسبوع.,Arabic
"Я сказал, что пью кофе в больнице вечером.",Russian
"தினமும், நான் நகரத்தில் கடிதம் எழுதுகிறேன்.",Tamil
मैं विश्वविद्यालय में पढ़ता हूँ स्कूल में सुबह।,Hindi
في المساء، أنا أكتب رسالة في المدينة.,Arabic
"ಪ್ರತಿದಿನ, ನಾನು ವಿಶ್ವವಿದ್ಯಾಲಯದಲ್ಲಿ ವ್ಯಾಯಾಮ ಮಾಡುತ್ತೇನೆ.",Kannada
Εγώ είπε ότι γράφω ένα γράμμα στο πανεπιστήμιο αργά το βράδυ.,Greek
ನಾನು ಇಂದು ಗ್ರಂಥಾಲಯದಲ್ಲಿ ಕಾಫಿ ಕುಡಿಯುತ್ತೇನೆ ಎಂದು ಹೇಳಿದರು.,Kannada
मैं ने कहा कि वह शहर में किताब पढ़ता हूँ सुबह।,Hindi
Я изучаю язык в магазине сегодня.,Russian
"நாளை, நான் உணவகத்தில் கடிதம் எழுதுகிறேன்.",Tamil
நான் மாலை நேரத்தில் நூலகத்தில் வேலைக்கு செல்கிறேன் என்று கூறினார்.,Tamil
ನಾನು ಮನೆಯಲ್ಲಿ ಸಿನಿಮಾ ನೋಡುತ್ತೇನೆ ಬೆಳಗಿನ ಸಮಯದಲ್ಲಿ.,Kannada
"Я сказал, что пью кофе в университете утром.",Russian
"ನಾಳೆ, ನಾನು ಉದ್ಯಾನವನದಲ್ಲಿ ಸಿನಿಮಾ ನೋಡುತ್ತೇನೆ.",Kannada
ನಾನು ಇಂದು ಗ್ರಂಥಾಲಯದಲ್ಲಿ ವ್ಯಾಯಾಮ ಮಾಡುತ್ತೇನೆ ಎಂದು ಹೇಳಿದರು.,Kannada
أنا أدرس في الجامعة في المطعم هذا الأسبوع.,Arabic
ನಾನು ಉದ್ಯಾನವನದಲ್ಲಿ ಪತ್ರ ಬರೆಯುತ್ತೇನೆ ಬೆಳಿಗ್ಗೆ.,Kannada
நான் மருத்துவமனையில் காபி குடிக்கிறேன் மாலை நேரத்தில்.,Tamil
"Я сказал, что читаю книгу в школе утром.",Russian
Я изучаю язык в университете рано утром.,Russian
ഞാൻ നാളെ പാർക്കിൽ വ്യായാമം ചെയ്യുന്നു എന്ന് പറഞ്ഞു.,Malayalam
ನಾನು ಇಂದು ಅಂಗಡಿಯಲ್ಲಿ ಕಾಫಿ ಕುಡಿಯುತ್ತೇನೆ ಎಂದು ಹೇಳಿದರು.,Kannada
"Я сказал, что учусь в университете в больнице утром.",Russian
நான் அலுவலகத்தில் உடற்பயிற்சி செய்கிறேன் மாலையில்.,Tamil
मैं ने कहा कि वह रेस्तरां में चाय पीता हूँ इस सप्ताह।,Hindi
ഞാൻ ഈ ആഴ്ച സർവകലാശാലയിൽ കാപ്പി കുടിക്കുന്നു.,Malayalam
ഞാൻ നാളെ ലൈബ്രറിയിൽ സർവകലാശാലയിൽ പഠിക്കുന്നു.,Malayalam
"Я сказал, что пью кофе в школе утром.",Russian
أنا أقرأ كتابا في المستشفى مساء.,Arabic
"Я сказал, что смотрю фильм в университете сегодня.",Russian
"हर दिन, मैं भाषा सीखता हूँ पुस्तकालय में।",Hindi
"ಪ್ರತಿದಿನ, ನಾನು ವಿಶ್ವವಿದ್ಯಾಲಯದಲ್ಲಿ ಪತ್ರ ಬರೆಯುತ್ತೇನೆ.",Kannada
ನಾನು ಅಂಗಡಿಯಲ್ಲಿ ಕೆಲಸಕ್ಕೆ ಹೋಗುತ್ತೇನೆ ಬೆಳಗಿನ ಸಮಯದಲ್ಲಿ.,Kannada
நான் பல்கலைக்கழகத்தில் கடிதம் எழுதுகிறேன் காலை நேரத்தில்.,Tamil
ഞാൻ എല്ലാ ദിവസവും സർവകലാശാലയിൽ സിനിമ കാണുന്നു.,Malayalam
ನಾನು ವಿಶ್ವವಿದ್ಯಾಲಯದಲ್ಲಿ ಕೆಲಸಕ್ಕೆ ಹೋಗುತ್ತೇನೆ ನಾಳೆ.,Kannada
ഞാൻ ഇന്ന് ആശുപത്രിയിൽ വ്യായാമം ചെയ്യുന്നു.,Malayalam
मैं पत्र लिखता हूँ विश्वविद्यालय में आज।,Hindi
मैं ने कहा कि वह अस्पताल में व्यायाम करता हूँ आज।,Hindi
ನಾನು ಈ ವಾರ ಉದ್ಯಾನವನದಲ್ಲಿ ಸಿನಿಮಾ ನೋಡುತ್ತೇನೆ ಎಂದು ಹೇಳಿದರು.,Kannada
ನಾನು ಪ್ರತಿದಿನ ಗ್ರಂಥಾಲಯದಲ್ಲಿ ಭಾಷೆ ಕಲಿಯುತ್ತೇನೆ ಎಂದು ಹೇಳಿದರು.,Kannada
ഞാൻ എല്ലാ ദിവസവും വീട്ടിൽ സിനിമ കാണുന്നു.,Malayalam
"सुबह के समय, मैं किताब पढ़ता हूँ विश्वविद्यालय में।",Hindi
ഞാൻ സർവകലാശാലയിൽ ഭാഷ പഠിക്കുന്നു ആഗ്രഹിക്കുന്നു.,Malayalam
நான் நகரத்தில் வேலைக்கு செல்கிறேன் தினமும்.,Tamil
في الصباح، أنا أدرس في الجامعة في المتجر.,Arabic
நான் இன்று பள்ளியில் திரைப்படம் பார்க்கிறேன் என்று கூறினார்.,Tamil
Εγώ γράφω ένα γράμμα στο νοσοκομείο κάθε μέρα.,Greek
Εγώ είπε ότι σπουδάζω στο πανεπιστήμιο στο σχολείο αυτή την εβδομάδα.,Greek
मैं ने कहा कि वह घर में किताब पढ़ता हूँ सुबह के समय।,Hindi
நான் பள்ளியில் காபி குடிக்கிறேன் தினமும்.,Tamil
ഞാൻ എല്ലാ ദിവസവും ഓഫീസിൽ സർവകലാശാലയിൽ പഠിക്കുന്നു.,Malayalam
मैं विश्वविद्यालय में पढ़ता हूँ कार्यालय में सुबह।,Hindi
വൈകുന്നേരം സമയത്ത് ഞാൻ ലൈബ്രറിയിൽ വ്യായാമം ചെയ്യുന്നു.,Malayalam
मैं अस्पताल में किताब पढ़ता हूँ चाहता है।,Hindi
ನಾನು ಸಂಜೆ ರೆಸ್ಟೋರೆಂಟ್‌ನಲ್ಲಿ ಸಿನಿಮಾ ನೋಡುತ್ತೇನೆ ಎಂದು ಹೇಳಿದರು.,Kannada
ഞാൻ വൈകുന്നേരം സ്കൂളിൽ കത്ത് എഴുതുന്നു.,Malayalam
നാളെ ഞാൻ റെസ്റ്റോറന്റിൽ ഭാഷ പഠിക്കുന്നു.,Malayalam
ഞാൻ വൈകുന്നേരം സമയത്ത് സ്കൂളിൽ ജോലിക്ക് പോകുന്നു എന്ന് പറഞ്ഞു.,Malayalam
"σήμερα, Εγώ διαβάζω ένα βιβλίο στη βιβλιοθήκη.",Greek
நான் நூலகத்தில் காபி குடிக்கிறேன் மாலையில்.,Tamil
நான் மருத்துவமனையில் வேலைக்கு செல்கிறேன் இந்த வாரம்.,Tamil
ನಾನು ಅಂಗಡಿಯಲ್ಲಿ ಕೆಲಸಕ್ಕೆ ಹೋಗುತ್ತೇನೆ ಮಾಡಲು ಬಯಸುತ್ತಾನೆ.,Kannada
मैं व्यायाम करता हूँ पार्क में शाम को।,Hindi
مساء، أنا أذهب إلى العمل في المطعم.,Arabic
நான் மாலை நேரத்தில் நகரத்தில் புத்தகம் படிக்கிறேன் என்று கூறினார்.,Tamil
Εγώ θέλει να γράφω ένα γράμμα στο πανεπιστήμιο.,Greek
ഞാൻ വൈകുന്നേരം ഓഫീസിൽ സിനിമ കാണുന്നു എന്ന് പറഞ്ഞു.,Malayalam
ನಾನು ನಾಳೆ ನಗರದಲ್ಲಿ ಪುಸ್ತಕ ಓದುತ್ತೇನೆ ಎಂದು ಹೇಳಿದರು.,Kannada
Я занимаюсь спортом в городе вечером.,Russian
اليوم، أنا أتعلم اللغة في المستشفى.,Arabic
"ಬೆಳಿಗ್ಗೆ, ನಾನು ನಗರದಲ್ಲಿ ವಿಶ್ವವಿದ್ಯಾಲಯದಲ್ಲಿ ಓದುತ್ತೇನೆ.",Kannada
"ಪ್ರತಿದಿನ, ನಾನು ಉದ್ಯಾನವನದಲ್ಲಿ ವಿಶ್ವವಿದ್ಯಾಲಯದಲ್ಲಿ ಓದುತ್ತೇನೆ.",Kannada
நான் அலுவலகத்தில் திரைப்படம் பார்க்கிறேன் இன்று.,Tamil
"शाम को, मैं काम पर जाता हूँ घर में।",Hindi
قال أنا إنه أشرب القهوة في المكتبة في الصباح.,Arabic
"शाम के समय, मैं विश्वविद्यालय में पढ़ता हूँ स्कूल में।",Hindi
أنا أذهب إلى العمل في المستشفى صباحا.,Arabic
ನಾನು ನಾಳೆ ಮನೆಯಲ್ಲಿ ಭಾಷೆ ಕಲಿಯುತ್ತೇನೆ ಎಂದು ಹೇಳಿದರು.,Kannada
ഞാൻ രാവിലെ സമയത്ത് സർവകലാശാലയിൽ പുസ്തകം വായിക്കുന്നു എന്ന് പറഞ്ഞു.,Malayalam
"Я сказал, что читаю книгу в библиотеке сегодня.",Russian
قال أنا إنه أقرأ كتابا في المتجر في الصباح.,Arabic
صباحا، أنا أتعلم اللغة في المدرسة.,Arabic
أنا يريد أن أدرس في الجامعة في الجامعة.,Arabic
كل يوم، أنا أشاهد فيلما في الحديقة.,Arabic
"ಇಂದು, ನಾನು ಆಸ್ಪತ್ರೆಯಲ್ಲಿ ವಿಶ್ವವಿದ್ಯಾಲಯದಲ್ಲಿ ಓದುತ್ತೇನೆ.",Kannada
ನಾನು ಸಂಜೆ ಅಂಗಡಿಯಲ್ಲಿ ಪತ್ರ ಬರೆಯುತ್ತೇನೆ ಎಂದು ಹೇಳಿದರು.,Kannada
"поздно вечером, Я изучаю язык в библиотеке.",Russian
"ಪ್ರತಿದಿನ, ನಾನು ಶಾಲೆಯಲ್ಲಿ ಪುಸ್ತಕ ಓದುತ್ತೇನೆ.",Kannada
ഞാൻ നാളെ സ്കൂളിൽ ഭാഷ പഠിക്കുന്നു എന്ന് പറഞ്ഞു.,Malayalam
நான் வீட்டில் பல்கலைக்கழகத்தில் படிக்கிறேன் விரும்புகிறார்.,Tamil
"вечером, Я пью кофе в ресторане.",Russian
ഞാൻ ലൈബ്രറിയിൽ സർവകലാശാലയിൽ പഠിക്കുന്നു ആഗ്രഹിക്കുന്നു.,Malayalam
قال أنا إنه أشاهد فيلما في المطعم صباحا.,Arabic
Εγώ μαθαίνω τη γλώσσα στο εστιατόριο νωρίς το πρωί.,Greek
صباحا، أنا أكتب رسالة في الجامعة.,Arabic
நான் வீட்டில் பல்கலைக்கழகத்தில் படிக்கிறேன் மாலை நேரத்தில்.,Tamil
Εγώ βλέπω μια ταινία στο εστιατόριο το πρωί.,Greek
വൈകുന്നേരം സമയത്ത് ഞാൻ സ്കൂളിൽ ജോലിക്ക് പോകുന്നു.,Malayalam
நான் தினமும் பூங்காவில் காபி குடிக்கிறேன் என்று கூறினார்.,Tamil
நான் இந்த வாரம் நகரத்தில் கடிதம் எழுதுகிறேன் என்று கூறினார்.,Tamil
"हर दिन, मैं किताब पढ़ता हूँ अस्पताल में।",Hindi
രാവിലെ സമയത്ത് ഞാൻ ഓഫീസിൽ സിനിമ കാണുന്നു.,Malayalam
എല്ലാ ദിവസവും ഞാൻ പാർക്കിൽ കത്ത് എഴുതുന്നു.,Malayalam
ഞാൻ നാളെ പാർക്കിൽ ഭാഷ പഠിക്കുന്നു.,Malayalam
"вечером, Я смотрю фильм в парке.",Russian
ഞാൻ കടയിൽ സിനിമ കാണുന്നു ആഗ്രഹിക്കുന്നു.,Malayalam
Я смотрю фильм в школе рано утром.,Russian
"மாலையில், நான் அலுவலகத்தில் காபி குடிக்கிறேன்.",Tamil
"Я сказал, что занимаюсь спортом дома рано утром.",Russian
"вечером, Я смотрю фильм в больнице.",Russian
"Я сказал, что учусь в университете в магазине вечером.",Russian
قال أنا إنه أمارس الرياضة في المكتبة كل يوم.,Arabic
"Я сказал, что читаю книгу в магазине сегодня.",Russian
मैं ने कहा कि वह स्कूल में काम पर जाता हूँ सुबह।,Hindi
मैं ने कहा कि वह दुकान में चाय पीता हूँ इस सप्ताह।,Hindi
ഞാൻ എല്ലാ ദിവസവും നഗരത്തിൽ വ്യായാമം ചെയ്യുന്നു എന്ന് പറഞ്ഞു.,Malayalam
ഞാൻ ഇന്ന് റെസ്റ്റോറന്റിൽ വ്യായാമം ചെയ്യുന്നു.,Malayalam
"утром, Я читаю книгу в магазине.",Russian
قال أنا إنه أتعلم اللغة في المتجر في المساء.,Arabic
Εγώ πίνω καφέ στο σπίτι κάθε μέρα.,Greek
Εγώ είπε ότι γράφω ένα γράμμα στην πόλη το βράδυ.,Greek
ഞാൻ രാവിലെ സമയത്ത് വീട്ടിൽ ഭാഷ പഠിക്കുന്നു എന്ന് പറഞ്ഞു.,Malayalam
എല്ലാ ദിവസവും ഞാൻ ഓഫീസിൽ ജോലിക്ക് പോകുന്നു.,Malayalam
ನಾನು ಪ್ರತಿದಿನ ನಗರದಲ್ಲಿ ಪುಸ್ತಕ ಓದುತ್ತೇನೆ ಎಂದು ಹೇಳಿದರು.,Kannada
நான் மாலை நேரத்தில் வீட்டில் காபி குடிக்கிறேன் என்று கூறினார்.,Tamil
Εγώ είπε ότι βλέπω μια ταινία στο πάρκο το πρωί.,Greek
நான் பல்கலைக்கழகத்தில் புத்தகம் படிக்கிறேன் நாளை.,Tamil
أنا أكتب رسالة في المستشفى في المساء.,Arabic
ഞാൻ വൈകുന്നേരം റെസ്റ്റോറന്റിൽ കാപ്പി കുടിക്കുന്നു എന്ന് പറഞ്ഞു.,Malayalam
أنا أشاهد فيلما في المكتب هذا الأسبوع.,Arabic
"Я сказал, что иду на работу дома сегодня.",Russian
"κάθε μέρα, Εγώ πίνω καφέ στο σχολείο.",Greek
நான் அலுவலகத்தில் உடற்பயிற்சி செய்கிறேன் நாளை.,Tamil
ನಾನು ಶಾಲೆಯಲ್ಲಿ ಕೆಲಸಕ್ಕೆ ಹೋಗುತ್ತೇನೆ ಈ ವಾರ.,Kannada
Я смотрю фильм в магазине завтра.,Russian
मैं काम पर जाता हूँ पुस्तकालय में कल।,Hindi
நான் நாளை நூலகத்தில் உடற்பயிற்சி செய்கிறேன் என்று கூறினார்.,Tamil
நான் அலுவலகத்தில் பல்கலைக்கழகத்தில் படிக்கிறேன் காலையில்.,Tamil
Εγώ είπε ότι διαβάζω ένα βιβλίο στο κατάστημα σήμερα.,Greek
ഞാൻ രാവിലെ സമയത്ത് റെസ്റ്റോറന്റിൽ പുസ്തകം വായിക്കുന്നു.,Malayalam
أنا أشرب القهوة في المستشفى في الصباح.,Arabic
Εγώ είπε ότι πηγαίνω στη δουλειά στο νοσοκομείο κάθε μέρα.,Greek
"ಬೆಳಗಿನ ಸಮಯದಲ್ಲಿ, ನಾನು ಮನೆಯಲ್ಲಿ ಭಾಷೆ ಕಲಿಯುತ್ತೇನೆ.",Kannada
أنا أمارس الرياضة في المكتب في المساء.,Arabic
صباحا، أنا أتعلم اللغة في المستشفى.,Arabic
"सुबह, मैं फिल्म देखता हूँ विश्वविद्यालय में।",Hindi
Εγώ είπε ότι μαθαίνω τη γλώσσα στο πάρκο νωρίς το πρωί.,Greek
"ಪ್ರತಿದಿನ, ನಾನು ರೆಸ್ಟೋರೆಂಟ್‌ನಲ್ಲಿ ವಿಶ್ವವಿದ್ಯಾಲಯದಲ್ಲಿ ಓದುತ್ತೇನೆ.",Kannada
أنا أشرب القهوة في الحديقة اليوم.,Arabic
"इस सप्ताह, मैं विश्वविद्यालय में पढ़ता हूँ रेस्तरां में।",Hindi
ನಾನು ನಗರದಲ್ಲಿ ಸಿನಿಮಾ ನೋಡುತ್ತೇನೆ ಪ್ರತಿದಿನ.,Kannada
ನಾನು ಬೆಳಿಗ್ಗೆ ಶಾಲೆಯಲ್ಲಿ ವ್ಯಾಯಾಮ ಮಾಡುತ್ತೇನೆ ಎಂದು ಹೇಳಿದರು.,Kannada
ഞാൻ ഇന്ന് വീട്ടിൽ ഭാഷ പഠിക്കുന്നു എന്ന് പറഞ്ഞു.,Malayalam
قال أنا إنه أدرس في الجامعة في المدرسة كل يوم.,Arabic
"на этой неделе, Я иду на работу в университете.",Russian
"कल, मैं भाषा सीखता हूँ अस्पताल में।",Hindi
"காலை நேரத்தில், நான் நூலகத்தில் வேலைக்கு செல்கிறேன்.",Tamil
ഇന്ന് ഞാൻ ഓഫീസിൽ കാപ്പി കുടിക്കുന്നു.,Malayalam
Я хочет занимаюсь спортом в офисе.,Russian
"Я сказал, что изучаю язык в городе сегодня.",Russian
நான் மாலையில் உணவகத்தில் பல்கலைக்கழகத்தில் படிக்கிறேன் என்று கூறினார்.,Tamil
كل يوم، أنا أشرب القهوة في المكتبة.,Arabic
ഞാൻ എല്ലാ ദിവസവും പാർക്കിൽ ജോലിക്ക് പോകുന്നു.,Malayalam
Εγώ μαθαίνω τη γλώσσα στο κατάστημα το βράδυ.,Greek
ഞാൻ ഇന്ന് പാർക്കിൽ വ്യായാമം ചെയ്യുന്നു എന്ന് പറഞ്ഞു.,Malayalam
मैं काम पर जाता हूँ विश्वविद्यालय में कल।,Hindi
Εγώ είπε ότι πίνω καφέ στο κατάστημα το πρωί.,Greek
நான் காலையில் பூங்காவில் கடிதம் எழுதுகிறேன் என்று கூறினார்.,Tamil
Εγώ βλέπω μια ταινία στο νοσοκομείο το πρωί.,Greek
ഞാൻ നാളെ റെസ്റ്റോറന്റിൽ സർവകലാശാലയിൽ പഠിക്കുന്നു എന്ന് പറഞ്ഞു.,Malayalam
"утром, Я пью кофе в парке.",Russian
ഞാൻ വൈകുന്നേരം സർവകലാശാലയിൽ സർവകലാശാലയിൽ പഠിക്കുന്നു എന്ന് പറഞ്ഞു.,Malayalam
Εγώ διαβάζω ένα βιβλίο στο κατάστημα σήμερα.,Greek
मैं चाय पीता हूँ स्कूल में सुबह।,Hindi
நான் பூங்காவில் காபி குடிக்கிறேன் இன்று.,Tamil
मैं पत्र लिखता हूँ अस्पताल में सुबह के समय।,Hindi
"Я сказал, что смотрю фильм в офисе поздно вечером.",Russian
நான் நூலகத்தில் பல்கலைக்கழகத்தில் படிக்கிறேன் காலை நேரத்தில்.,Tamil
اليوم، أنا أمارس الرياضة في الحديقة.,Arabic
Εγώ είπε ότι διαβάζω ένα βιβλίο στο πανεπιστήμιο το βράδυ.,Greek
Я изучаю язык в школе рано утром.,Russian
"завтра, Я учусь в университете в университете.",Russian
قال أنا إنه أذهب إلى العمل في المطعم مساء.,Arabic
நான் இந்த வாரம் மருத்துவமனையில் உடற்பயிற்சி செய்கிறேன் என்று கூறினார்.,Tamil
मैं विश्वविद्यालय में पढ़ता हूँ विश्वविद्यालय में सुबह के समय।,Hindi
اليوم، أنا أقرأ كتابا في المدينة.,Arabic
"ಈ ವಾರ, ನಾನು ಶಾಲೆಯಲ್ಲಿ ಕಾಫಿ ಕುಡಿಯುತ್ತೇನೆ.",Kannada
قال أنا إنه أمارس الرياضة في المدينة في الصباح.,Arabic
"ನಾಳೆ, ನಾನು ಅಂಗಡಿಯಲ್ಲಿ ಕೆಲಸಕ್ಕೆ ಹೋಗುತ್ತೇನೆ.",Kannada
मैं ने कहा कि वह घर में काम पर जाता हूँ शाम के समय।,Hindi
Я пишу письмо в офисе на этой неделе.,Russian
मैं विश्वविद्यालय में पढ़ता हूँ अस्पताल में आज।,Hindi
ഞാൻ രാവിലെ ആശുപത്രിയിൽ സർവകലാശാലയിൽ പഠിക്കുന്നു എന്ന് പറഞ്ഞു.,Malayalam
غدا، أنا أدرس في الجامعة في المدينة.,Arabic
أنا أشرب القهوة في المطعم غدا.,Arabic
ഞാൻ നാളെ ഓഫീസിൽ കത്ത് എഴുതുന്നു എന്ന് പറഞ്ഞു.,Malayalam
Я иду на работу в магазине вечером.,Russian
"हर दिन, मैं भाषा सीखता हूँ शहर में।",Hindi
നാളെ ഞാൻ സർവകലാശാലയിൽ കത്ത് എഴുതുന്നു.,Malayalam
நான் கடையில் வேலைக்கு செல்கிறேன் விரும்புகிறார்.,Tamil
أنا أدرس في الجامعة في المطعم كل يوم.,Arabic
Я иду на работу в ресторане каждый день.,Russian
Εγώ είπε ότι μαθαίνω τη γλώσσα στο εστιατόριο σήμερα.,Greek
நான் பள்ளியில் காபி குடிக்கிறேன் மாலையில்.,Tamil
قال أنا إنه أذهب إلى العمل في المنزل هذا الأسبوع.,Arabic
قال أنا إنه أذهب إلى العمل في المكتبة اليوم.,Arabic
أنا أشرب القهوة في المكتبة صباحا.,Arabic
मैं काम पर जाता हूँ घर में आज।,Hindi
ನಾನು ಈ ವಾರ ಕಚೇರಿಯಲ್ಲಿ ಪುಸ್ತಕ ಓದುತ್ತೇನೆ ಎಂದು ಹೇಳಿದರು.,Kannada
غدا، أنا أمارس الرياضة في المتجر.,Arabic
في المساء، أنا أدرس في الجامعة في المدرسة.,Arabic
நான் அலுவலகத்தில் வேலைக்கு செல்கிறேன் தினமும்.,Tamil
ನಾನು ನಾಳೆ ಶಾಲೆಯಲ್ಲಿ ವ್ಯಾಯಾಮ ಮಾಡುತ್ತೇನೆ ಎಂದು ಹೇಳಿದರು.,Kannada
ನಾನು ಬೆಳಿಗ್ಗೆ ಆಸ್ಪತ್ರೆಯಲ್ಲಿ ಭಾಷೆ ಕಲಿಯುತ್ತೇನೆ ಎಂದು ಹೇಳಿದರು.,Kannada
"Я сказал, что учусь в университете в парке каждый день.",Russian
Εγώ είπε ότι μαθαίνω τη γλώσσα στο κατάστημα νωρίς το πρωί.,Greek
"αύριο, Εγώ γράφω ένα γράμμα στο σχολείο.",Greek
ನಾನು ಆಸ್ಪತ್ರೆಯಲ್ಲಿ ಭಾಷೆ ಕಲಿಯುತ್ತೇನೆ ಈ ವಾರ.,Kannada
"कल, मैं व्यायाम करता हूँ दुकान में।",Hindi
Я хочет учусь в университете в ресторане.,Russian
Εγώ είπε ότι σπουδάζω στο πανεπιστήμιο στο νοσοκομείο νωρίς το πρωί.,Greek
"Я сказал, что иду на работу в ресторане завтра.",Russian
मैं व्यायाम करता हूँ शहर में इस सप्ताह।,Hindi
ഞാൻ വൈകുന്നേരം സമയത്ത് കടയിൽ കത്ത് എഴുതുന്നു.,Malayalam
ನಾನು ಗ್ರಂಥಾಲಯದಲ್ಲಿ ವ್ಯಾಯಾಮ ಮಾಡುತ್ತೇನೆ ನಾಳೆ.,Kannada
ഞാൻ രാവിലെ ലൈബ്രറിയിൽ ജോലിക്ക് പോകുന്നു എന്ന് പറഞ്ഞു.,Malayalam
ನಾನು ನಾಳೆ ಆಸ್ಪತ್ರೆಯಲ್ಲಿ ವ್ಯಾಯಾಮ ಮಾಡುತ್ತೇನೆ ಎಂದು ಹೇಳಿದರು.,Kannada
मैं ने कहा कि वह पार्क में चाय पीता हूँ शाम के समय।,Hindi
വൈകുന്നേരം ഞാൻ ലൈബ്രറിയിൽ ഭാഷ പഠിക്കുന്നു.,Malayalam
أنا أقرأ كتابا في المنزل في الصباح.,Arabic
"ನಾಳೆ, ನಾನು ವಿಶ್ವವಿದ್ಯಾಲಯದಲ್ಲಿ ಭಾಷೆ ಕಲಿಯುತ್ತೇನೆ.",Kannada
صباحا، أنا أمارس الرياضة في المنزل.,Arabic
ನಾನು ಪ್ರತಿದಿನ ಮನೆಯಲ್ಲಿ ಪುಸ್ತಕ ಓದುತ್ತೇನೆ ಎಂದು ಹೇಳಿದರು.,Kannada
நான் வீட்டில் மொழி கற்கிறேன் காலையில்.,Tamil
"αργά το βράδυ, Εγώ πίνω καφέ στο γραφείο.",Greek
"ನಾಳೆ, ನಾನು ನಗರದಲ್ಲಿ ಪುಸ್ತಕ ಓದುತ್ತೇನೆ.",Kannada
ನಾನು ನಾಳೆ ಆಸ್ಪತ್ರೆಯಲ್ಲಿ ವಿಶ್ವವಿದ್ಯಾಲಯದಲ್ಲಿ ಓದುತ್ತೇನೆ ಎಂದು ಹೇಳಿದರು.,Kannada
Εγώ σπουδάζω στο πανεπιστήμιο στο σπίτι νωρίς το πρωί.,Greek
ನಾನು ಸಂಜೆಯ ಸಮಯದಲ್ಲಿ ಕಚೇರಿಯಲ್ಲಿ ಕೆಲಸಕ್ಕೆ ಹೋಗುತ್ತೇನೆ ಎಂದು ಹೇಳಿದರು.,Kannada
मैं ने कहा कि वह कार्यालय में चाय पीता हूँ सुबह के समय।,Hindi
Εγώ είπε ότι διαβάζω ένα βιβλίο στο νοσοκομείο αυτή την εβδομάδα.,Greek
أنا يريد أن أمارس الرياضة في المدينة.,Arabic
قال أنا إنه أكتب رسالة في المدرسة في الصباح.,Arabic
Εγώ βλέπω μια ταινία στο πάρκο αργά το βράδυ.,Greek
ഞാൻ വൈകുന്നേരം സമയത്ത് സ്കൂളിൽ സർവകലാശാലയിൽ പഠിക്കുന്നു എന്ന് പറഞ്ഞു.,Malayalam
"завтра, Я пишу письмо в парке.",Russian
"завтра, Я пишу письмо в больнице.",Russian
"இந்த வாரம், நான் பள்ளியில் புத்தகம் படிக்கிறேன்.",Tamil
"ಬೆಳಿಗ್ಗೆ, ನಾನು ವಿಶ್ವವಿದ್ಯಾಲಯದಲ್ಲಿ ಸಿನಿಮಾ ನೋಡುತ್ತೇನೆ.",Kannada
"ನಾಳೆ, ನಾನು ಅಂಗಡಿಯಲ್ಲಿ ಪತ್ರ ಬರೆಯುತ್ತೇನೆ.",Kannada
ഞാൻ രാവിലെ സമയത്ത് സർവകലാശാലയിൽ കത്ത് എഴുതുന്നു എന്ന് പറഞ്ഞു.,Malayalam
ನಾನು ರೆಸ್ಟೋರೆಂಟ್‌ನಲ್ಲಿ ಭಾಷೆ ಕಲಿಯುತ್ತೇನೆ ಪ್ರತಿದಿನ.,Kannada
ഞാൻ ഇന്ന് സ്കൂളിൽ ജോലിക്ക് പോകുന്നു.,Malayalam
ನಾನು ರೆಸ್ಟೋರೆಂಟ್‌ನಲ್ಲಿ ಪುಸ್ತಕ ಓದುತ್ತೇನೆ ಪ್ರತಿದಿನ.,Kannada
Εγώ είπε ότι μαθαίνω τη γλώσσα στη βιβλιοθήκη αύριο.,Greek
ഞാൻ വൈകുന്നേരം ആശുപത്രിയിൽ സിനിമ കാണുന്നു എന്ന് പറഞ്ഞു.,Malayalam
اليوم، أنا أمارس الرياضة في المتجر.,Arabic
Εγώ κάνω γυμναστική στο πανεπιστήμιο το πρωί.,Greek
"το πρωί, Εγώ πηγαίνω στη δουλειά στη βιβλιοθήκη.",Greek
أنا أكتب رسالة في المنزل كل يوم.,Arabic
मैं व्यायाम करता हूँ अस्पताल में सुबह के समय।,Hindi
ನಾನು ವಿಶ್ವವಿದ್ಯಾಲಯದಲ್ಲಿ ಪತ್ರ ಬರೆಯುತ್ತೇನೆ ನಾಳೆ.,Kannada
मैं ने कहा कि वह अस्पताल में विश्वविद्यालय में पढ़ता हूँ सुबह।,Hindi
"आज, मैं चाय पीता हूँ पार्क में।",Hindi
"காலையில், நான் பள்ளியில் பல்கலைக்கழகத்தில் படிக்கிறேன்.",Tamil
ನಾನು ನಾಳೆ ಶಾಲೆಯಲ್ಲಿ ಭಾಷೆ ಕಲಿಯುತ್ತೇನೆ ಎಂದು ಹೇಳಿದರು.,Kannada
ഞാൻ ഈ ആഴ്ച സർവകലാശാലയിൽ കാപ്പി കുടിക്കുന്നു എന്ന് പറഞ്ഞു.,Malayalam
நான் மாலையில் பல்கலைக்கழகத்தில் மொழி கற்கிறேன் என்று கூறினார்.,Tamil
ನಾನು ಈ ವಾರ ರೆಸ್ಟೋರೆಂಟ್‌ನಲ್ಲಿ ಕಾಫಿ ಕುಡಿಯುತ್ತೇನೆ ಎಂದು ಹೇಳಿದರು.,Kannada
Εγώ πηγαίνω στη δουλειά στο σχολείο αργά το βράδυ.,Greek
"κάθε μέρα, Εγώ κάνω γυμναστική στο σπίτι.",Greek
في المساء، أنا أكتب رسالة في المتجر.,Arabic
വൈകുന്നേരം സമയത്ത് ഞാൻ ലൈബ്രറിയിൽ സർവകലാശാലയിൽ പഠിക്കുന്നു.,Malayalam
ನಾನು ಕಚೇರಿಯಲ್ಲಿ ವಿಶ್ವವಿದ್ಯಾಲಯದಲ್ಲಿ ಓದುತ್ತೇನೆ ನಾಳೆ.,Kannada
ഞാൻ ഈ ആഴ്ച ലൈബ്രറിയിൽ കത്ത് എഴുതുന്നു.,Malayalam
"κάθε μέρα, Εγώ πίνω καφέ στο νοσοκομείο.",Greek
"завтра, Я читаю книгу в ресторане.",Russian
நான் அலுவலகத்தில் திரைப்படம் பார்க்கிறேன் மாலையில்.,Tamil
Εγώ γράφω ένα γράμμα στην πόλη κάθε μέρα.,Greek
ഈ ആഴ്ച ഞാൻ ഓഫീസിൽ കാപ്പി കുടിക്കുന്നു.,Malayalam
ഞാൻ രാവിലെ സമയത്ത് സർവകലാശാലയിൽ കത്ത് എഴുതുന്നു.,Malayalam
എല്ലാ ദിവസവും ഞാൻ കടയിൽ ഭാഷ പഠിക്കുന്നു.,Malayalam
"Я сказал, что читаю книгу в городе завтра.",Russian
ನಾನು ಸಂಜೆ ನಗರದಲ್ಲಿ ಸಿನಿಮಾ ನೋಡುತ್ತೇನೆ ಎಂದು ಹೇಳಿದರು.,Kannada
मैं ने कहा कि वह घर में किताब पढ़ता हूँ शाम को।,Hindi
Εγώ πηγαίνω στη δουλειά στο πανεπιστήμιο αυτή την εβδομάδα.,Greek
قال أنا إنه أدرس في الجامعة في المكتبة هذا الأسبوع.,Arabic
"हर दिन, मैं पत्र लिखता हूँ अस्पताल में।",Hindi
"कल, मैं पत्र लिखता हूँ पुस्तकालय में।",Hindi
நான் பல்கலைக்கழகத்தில் காபி குடிக்கிறேன் காலை நேரத்தில்.,Tamil
ഞാൻ എല്ലാ ദിവസവും സർവകലാശാലയിൽ സിനിമ കാണുന്നു എന്ന് പറഞ്ഞു.,Malayalam
ഞാൻ ഇന്ന് പാർക്കിൽ വ്യായാമം ചെയ്യുന്നു.,Malayalam
"σήμερα, Εγώ πηγαίνω στη δουλειά στο πανεπιστήμιο.",Greek
"завтра, Я читаю книгу в магазине.",Russian
मैं किताब पढ़ता हूँ शहर में सुबह के समय।,Hindi
ഞാൻ രാവിലെ വീട്ടിൽ കത്ത് എഴുതുന്നു എന്ന് പറഞ്ഞു.,Malayalam
"νωρίς το πρωί, Εγώ πίνω καφέ στην πόλη.",Greek
"Я сказал, что изучаю язык в библиотеке поздно вечером.",Russian
ನಾನು ನಗರದಲ್ಲಿ ಪುಸ್ತಕ ಓದುತ್ತೇನೆ ಬೆಳಗಿನ ಸಮಯದಲ್ಲಿ.,Kannada
"ಇಂದು, ನಾನು ಕಚೇರಿಯಲ್ಲಿ ಪುಸ್ತಕ ಓದುತ್ತೇನೆ.",Kannada
"Я сказал, что пью кофе в школе каждый день.",Russian
நான் பள்ளியில் வேலைக்கு செல்கிறேன் நாளை.,Tamil
أنا أذهب إلى العمل في المطعم في المساء.,Arabic
"σήμερα, Εγώ κάνω γυμναστική στο γραφείο.",Greek
"शाम के समय, मैं पत्र लिखता हूँ विश्वविद्यालय में।",Hindi
"மாலையில், நான் அலுவலகத்தில் மொழி கற்கிறேன்.",Tamil
"το πρωί, Εγώ διαβάζω ένα βιβλίο στο πάρκο.",Greek
ഇന്ന് ഞാൻ പാർക്കിൽ ഭാഷ പഠിക്കുന്നു.,Malayalam
मैं फिल्म देखता हूँ दुकान में हर दिन।,Hindi
Я хочет читаю книгу в больнице.,Russian
"Я сказал, что учусь в университете в больнице завтра.",Russian
"आज, मैं काम पर जाता हूँ शहर में।",Hindi
أنا أشرب القهوة في المدينة اليوم.,Arabic
"νωρίς το πρωί, Εγώ γράφω ένα γράμμα στο γραφείο.",Greek
"இன்று, நான் பல்கலைக்கழகத்தில் திரைப்படம் பார்க்கிறேன்.",Tamil
"ನಾಳೆ, ನಾನು ಗ್ರಂಥಾಲಯದಲ್ಲಿ ಸಿನಿಮಾ ನೋಡುತ್ತೇನೆ.",Kannada
"सुबह के समय, मैं पत्र लिखता हूँ पुस्तकालय में।",Hindi
"நாளை, நான் அலுவலகத்தில் மொழி கற்கிறேன்.",Tamil
"το πρωί, Εγώ σπουδάζω στο πανεπιστήμιο στη βιβλιοθήκη.",Greek
ഞാൻ രാവിലെ സമയത്ത് കടയിൽ ജോലിക്ക് പോകുന്നു.,Malayalam
Εγώ είπε ότι κάνω γυμναστική στο νοσοκομείο αυτή την εβδομάδα.,Greek
"на этой неделе, Я пишу письмо в офисе.",Russian
Я занимаюсь спортом в университете вечером.,Russian
நான் மாலை நேரத்தில் பள்ளியில் உடற்பயிற்சி செய்கிறேன் என்று கூறினார்.,Tamil
വൈകുന്നേരം സമയത്ത് ഞാൻ വീട്ടിൽ സിനിമ കാണുന്നു.,Malayalam
Εγώ είπε ότι πίνω καφέ στο σπίτι νωρίς το πρωί.,Greek
ഞാൻ നാളെ ആശുപത്രിയിൽ പുസ്തകം വായിക്കുന്നു.,Malayalam
هذا الأسبوع، أنا أشرب القهوة في المتجر.,Arabic
ನಾನು ಉದ್ಯಾನವನದಲ್ಲಿ ಕೆಲಸಕ್ಕೆ ಹೋಗುತ್ತೇನೆ ಬೆಳಗಿನ ಸಮಯದಲ್ಲಿ.,Kannada
في الصباح، أنا أشاهد فيلما في المستشفى.,Arabic
நான் இந்த வாரம் அலுவலகத்தில் காபி குடிக்கிறேன் என்று கூறினார்.,Tamil
ഇന്ന് ഞാൻ സർവകലാശാലയിൽ ജോലിക്ക് പോകുന്നു.,Malayalam
ഞാൻ വൈകുന്നേരം സമയത്ത് സർവകലാശാലയിൽ വ്യായാമം ചെയ്യുന്നു എന്ന് പറഞ്ഞു.,Malayalam
في الصباح، أنا أقرأ كتابا في الجامعة.,Arabic
मैं ने कहा कि वह दुकान में पत्र लिखता हूँ आज।,Hindi
मैं किताब पढ़ता हूँ पुस्तकालय में आज।,Hindi
मैं व्यायाम करता हूँ स्कूल में आज।,Hindi
Εγώ είπε ότι διαβάζω ένα βιβλίο στην πόλη το πρωί.,Greek
நான் கடையில் கடிதம் எழுதுகிறேன் நாளை.,Tamil
"ಸಂಜೆಯ ಸಮಯದಲ್ಲಿ, ನಾನು ವಿಶ್ವವಿದ್ಯಾಲಯದಲ್ಲಿ ಪತ್ರ ಬರೆಯುತ್ತೇನೆ.",Kannada
நான் தினமும் உணவகத்தில் பல்கலைக்கழகத்தில் படிக்கிறேன் என்று கூறினார்.,Tamil
أنا أقرأ كتابا في المتجر في الصباح.,Arabic
"இன்று, நான் உணவகத்தில் திரைப்படம் பார்க்கிறேன்.",Tamil
قال أنا إنه أقرأ كتابا في المدرسة صباحا.,Arabic
"αυτή την εβδομάδα, Εγώ μαθαίνω τη γλώσσα στο εστιατόριο.",Greek
"каждый день, Я пью кофе в больнице.",Russian
நான் மாலையில் பல்கலைக்கழகத்தில் கடிதம் எழுதுகிறேன் என்று கூறினார்.,Tamil
Я пью кофе в университете утром.,Russian
Я иду на работу в ресторане завтра.,Russian
"ನಾಳೆ, ನಾನು ರೆಸ್ಟೋರೆಂಟ್‌ನಲ್ಲಿ ಭಾಷೆ ಕಲಿಯುತ್ತೇನೆ.",Kannada
मैं ने कहा कि वह विश्वविद्यालय में किताब पढ़ता हूँ शाम के समय।,Hindi
मैं ने कहा कि वह पार्क में भाषा सीखता हूँ आज।,Hindi
Я читаю книгу дома рано утром.,Russian
நான் கடையில் மொழி கற்கிறேன் காலை நேரத்தில்.,Tamil
நான் தினமும் பூங்காவில் புத்தகம் படிக்கிறேன் என்று கூறினார்.,Tamil
مساء، أنا أكتب رسالة في المتجر.,Arabic
ನಾನು ಪ್ರತಿದಿನ ವಿಶ್ವವಿದ್ಯಾಲಯದಲ್ಲಿ ಕೆಲಸಕ್ಕೆ ಹೋಗುತ್ತೇನೆ ಎಂದು ಹೇಳಿದರು.,Kannada
Εγώ είπε ότι γράφω ένα γράμμα στο σχολείο αυτή την εβδομάδα.,Greek
ನಾನು ಬೆಳಗಿನ ಸಮಯದಲ್ಲಿ ರೆಸ್ಟೋರೆಂಟ್‌ನಲ್ಲಿ ಸಿನಿಮಾ ನೋಡುತ್ತೇನೆ ಎಂದು ಹೇಳಿದರು.,Kannada
"завтра, Я пью кофе в магазине.",Russian
நான் மாலையில் நூலகத்தில் பல்கலைக்கழகத்தில் படிக்கிறேன் என்று கூறினார்.,Tamil
मैं पुस्तकालय में व्यायाम करता हूँ चाहता है।,Hindi
"ಪ್ರತಿದಿನ, ನಾನು ಗ್ರಂಥಾಲಯದಲ್ಲಿ ಪತ್ರ ಬರೆಯುತ್ತೇನೆ.",Kannada
मैं ने कहा कि वह कार्यालय में व्यायाम करता हूँ सुबह के समय।,Hindi
"ಬೆಳಗಿನ ಸಮಯದಲ್ಲಿ, ನಾನು ರೆಸ್ಟೋರೆಂಟ್‌ನಲ್ಲಿ ಕೆಲಸಕ್ಕೆ ಹೋಗುತ್ತೇನೆ.",Kannada
"каждый день, Я читаю книгу в библиотеке.",Russian
ನಾನು ಸಂಜೆ ಮನೆಯಲ್ಲಿ ವ್ಯಾಯಾಮ ಮಾಡುತ್ತೇನೆ ಎಂದು ಹೇಳಿದರು.,Kannada
Εγώ πίνω καφέ στο πάρκο αργά το βράδυ.,Greek
ഞാൻ ഈ ആഴ്ച ലൈബ്രറിയിൽ കാപ്പി കുടിക്കുന്നു എന്ന് പറഞ്ഞു.,Malayalam
Εγώ θέλει να γράφω ένα γράμμα στο σπίτι.,Greek
"ಬೆಳಗಿನ ಸಮಯದಲ್ಲಿ, ನಾನು ಗ್ರಂಥಾಲಯದಲ್ಲಿ ಪುಸ್ತಕ ಓದುತ್ತೇನೆ.",Kannada
Я читаю книгу в университете каждый день.,Russian
في المساء، أنا أكتب رسالة في الحديقة.,Arabic
ನಾನು ಇಂದು ಉದ್ಯಾನವನದಲ್ಲಿ ಪುಸ್ತಕ ಓದುತ್ತೇನೆ ಎಂದು ಹೇಳಿದರು.,Kannada
मैं चाय पीता हूँ घर में सुबह के समय।,Hindi
Εγώ πίνω καφέ στο σχολείο νωρίς το πρωί.,Greek
"इस सप्ताह, मैं पत्र लिखता हूँ विश्वविद्यालय में।",Hindi
நான் நாளை பல்கலைக்கழகத்தில் மொழி கற்கிறேன் என்று கூறினார்.,Tamil
நான் நாளை வீட்டில் காபி குடிக்கிறேன் என்று கூறினார்.,Tamil
"ಸಂಜೆ, ನಾನು ನಗರದಲ್ಲಿ ವಿಶ್ವವಿದ್ಯಾಲಯದಲ್ಲಿ ಓದುತ್ತೇನೆ.",Kannada
நான் நகரத்தில் உடற்பயிற்சி செய்கிறேன் காலை நேரத்தில்.,Tamil
"शाम को, मैं व्यायाम करता हूँ शहर में।",Hindi
"το πρωί, Εγώ μαθαίνω τη γλώσσα στο σχολείο.",Greek
"νωρίς το πρωί, Εγώ μαθαίνω τη γλώσσα στο σχολείο.",Greek
"காலையில், நான் உணவகத்தில் காபி குடிக்கிறேன்.",Tamil
غدا، أنا أكتب رسالة في الجامعة.,Arabic
مساء، أنا أشاهد فيلما في المكتب.,Arabic
قال أنا إنه أشرب القهوة في المدرسة مساء.,Arabic
قال أنا إنه أشاهد فيلما في المطعم اليوم.,Arabic
ഞാൻ ഈ ആഴ്ച സർവകലാശാലയിൽ ജോലിക്ക് പോകുന്നു എന്ന് പറഞ്ഞു.,Malayalam
أنا أتعلم اللغة في المدينة كل يوم.,Arabic
أنا أدرس في الجامعة في المكتب صباحا.,Arabic
"Я сказал, что изучаю язык в ресторане завтра.",Russian
"தினமும், நான் பல்கலைக்கழகத்தில் திரைப்படம் பார்க்கிறேன்.",Tamil
ഞാൻ ഇന്ന് ഓഫീസിൽ സർവകലാശാലയിൽ പഠിക്കുന്നു.,Malayalam
Я читаю книгу в магазине вечером.,Russian
मैं ने कहा कि वह पुस्तकालय में व्यायाम करता हूँ कल।,Hindi
രാവിലെ സമയത്ത് ഞാൻ ഓഫീസിൽ കാപ്പി കുടിക്കുന്നു.,Malayalam
"το πρωί, Εγώ γράφω ένα γράμμα στο πανεπιστήμιο.",Greek
"αυτή την εβδομάδα, Εγώ κάνω γυμναστική στο σχολείο.",Greek
ഞാൻ വൈകുന്നേരം സമയത്ത് കടയിൽ സർവകലാശാലയിൽ പഠിക്കുന്നു എന്ന് പറഞ്ഞു.,Malayalam
Εγώ μαθαίνω τη γλώσσα στο σχολείο το βράδυ.,Greek
"σήμερα, Εγώ μαθαίνω τη γλώσσα στο σπίτι.",Greek
ನಾನು ಮನೆಯಲ್ಲಿ ಭಾಷೆ ಕಲಿಯುತ್ತೇನೆ ನಾಳೆ.,Kannada
"Я сказал, что пишу письмо в магазине сегодня.",Russian
ഞാൻ ഈ ആഴ്ച ആശുപത്രിയിൽ കാപ്പി കുടിക്കുന്നു.,Malayalam
मैं किताब पढ़ता हूँ कार्यालय में कल।,Hindi
ഞാൻ രാവിലെ സമയത്ത് പാർക്കിൽ വ്യായാമം ചെയ്യുന്നു.,Malayalam
मैं काम पर जाता हूँ शहर में इस सप्ताह।,Hindi
Я учусь в университете в городе вечером.,Russian
நான் பூங்காவில் உடற்பயிற்சி செய்கிறேன் நாளை.,Tamil
ನಾನು ಈ ವಾರ ವಿಶ್ವವಿದ್ಯಾಲಯದಲ್ಲಿ ಕಾಫಿ ಕುಡಿಯುತ್ತೇನೆ ಎಂದು ಹೇಳಿದರು.,Kannada
ನಾನು ಕಚೇರಿಯಲ್ಲಿ ಕಾಫಿ ಕುಡಿಯುತ್ತೇನೆ ಈ ವಾರ.,Kannada
Εγώ είπε ότι πίνω καφέ στο κατάστημα αργά το βράδυ.,Greek
രാവിലെ ഞാൻ ഓഫീസിൽ വ്യായാമം ചെയ്യുന്നു.,Malayalam
ഞാൻ വൈകുന്നേരം കടയിൽ കത്ത് എഴുതുന്നു എന്ന് പറഞ്ഞു.,Malayalam
मैं ने कहा कि वह पार्क में चाय पीता हूँ सुबह।,Hindi
ನಾನು ಇಂದು ರೆಸ್ಟೋರೆಂಟ್‌ನಲ್ಲಿ ಕಾಫಿ ಕುಡಿಯುತ್ತೇನೆ ಎಂದು ಹೇಳಿದರು.,Kannada
Я пью кофе в университете на этой неделе.,Russian
ഞാൻ നാളെ നഗരത്തിൽ ഭാഷ പഠിക്കുന്നു.,Malayalam
"शाम के समय, मैं पत्र लिखता हूँ दुकान में।",Hindi
"поздно вечером, Я пью кофе в библиотеке.",Russian
"Я сказал, что изучаю язык в ресторане вечером.",Russian
ഞാൻ ഈ ആഴ്ച ലൈബ്രറിയിൽ സർവകലാശാലയിൽ പഠിക്കുന്നു.,Malayalam
ನಾನು ಶಾಲೆಯಲ್ಲಿ ವ್ಯಾಯಾಮ ಮಾಡುತ್ತೇನೆ ಸಂಜೆಯ ಸಮಯದಲ್ಲಿ.,Kannada
நான் பல்கலைக்கழகத்தில் வேலைக்கு செல்கிறேன் தினமும்.,Tamil
Я смотрю фильм в школе вечером.,Russian
Εγώ πίνω καφέ στο σπίτι αυτή την εβδομάδα.,Greek
"на этой неделе, Я читаю книгу в городе.",Russian
मैं ने कहा कि वह रेस्तरां में व्यायाम करता हूँ आज।,Hindi
أنا أذهب إلى العمل في المكتبة هذا الأسبوع.,Arabic
நான் மாலையில் கடையில் காபி குடிக்கிறேன் என்று கூறினார்.,Tamil
मैं ने कहा कि वह पुस्तकालय में विश्वविद्यालय में पढ़ता हूँ सुबह।,Hindi
ನಾನು ಬೆಳಿಗ್ಗೆ ಆಸ್ಪತ್ರೆಯಲ್ಲಿ ಪುಸ್ತಕ ಓದುತ್ತೇನೆ ಎಂದು ಹೇಳಿದರು.,Kannada
ನಾನು ಆಸ್ಪತ್ರೆಯಲ್ಲಿ ಕಾಫಿ ಕುಡಿಯುತ್ತೇನೆ ಇಂದು.,Kannada
"நாளை, நான் வீட்டில் புத்தகம் படிக்கிறேன்.",Tamil
"рано утром, Я читаю книгу в городе.",Russian
قال أنا إنه أشاهد فيلما في المستشفى هذا الأسبوع.,Arabic
ನಾನು ಆಸ್ಪತ್ರೆಯಲ್ಲಿ ವಿಶ್ವವಿದ್ಯಾಲಯದಲ್ಲಿ ಓದುತ್ತೇನೆ ಇಂದು.,Kannada
"κάθε μέρα, Εγώ διαβάζω ένα βιβλίο στο νοσοκομείο.",Greek
أنا أدرس في الجامعة في الجامعة في المساء.,Arabic
ನಾನು ವಿಶ್ವವಿದ್ಯಾಲಯದಲ್ಲಿ ಸಿನಿಮಾ ನೋಡುತ್ತೇನೆ ಸಂಜೆಯ ಸಮಯದಲ್ಲಿ.,Kannada
मैं ने कहा कि वह रेस्तरां में चाय पीता हूँ सुबह के समय।,Hindi
ನಾನು ಇಂದು ಶಾಲೆಯಲ್ಲಿ ಭಾಷೆ ಕಲಿಯುತ್ತೇನೆ ಎಂದು ಹೇಳಿದರು.,Kannada
صباحا، أنا أذهب إلى العمل في المتجر.,Arabic
ನಾನು ನಗರದಲ್ಲಿ ಕಾಫಿ ಕುಡಿಯುತ್ತೇನೆ ಇಂದು.,Kannada
قال أنا إنه أكتب رسالة في المكتبة في المساء.,Arabic
أنا أتعلم اللغة في المدرسة غدا.,Arabic
أنا أشاهد فيلما في المتجر غدا.,Arabic
ഞാൻ എല്ലാ ദിവസവും സ്കൂളിൽ സർവകലാശാലയിൽ പഠിക്കുന്നു എന്ന് പറഞ്ഞു.,Malayalam
நான் உணவகத்தில் திரைப்படம் பார்க்கிறேன் மாலையில்.,Tamil
ನಾನು ಆಸ್ಪತ್ರೆಯಲ್ಲಿ ಸಿನಿಮಾ ನೋಡುತ್ತೇನೆ ಬೆಳಿಗ್ಗೆ.,Kannada
நான் கடையில் வேலைக்கு செல்கிறேன் காலை நேரத்தில்.,Tamil
Εγώ πίνω καφέ στο εστιατόριο νωρίς το πρωί.,Greek
"ಬೆಳಗಿನ ಸಮಯದಲ್ಲಿ, ನಾನು ನಗರದಲ್ಲಿ ಕಾಫಿ ಕುಡಿಯುತ್ತೇನೆ.",Kannada
"आज, मैं काम पर जाता हूँ विश्वविद्यालय में।",Hindi
"காலை நேரத்தில், நான் பூங்காவில் புத்தகம் படிக்கிறேன்.",Tamil
ನಾನು ಶಾಲೆಯಲ್ಲಿ ಕಾಫಿ ಕುಡಿಯುತ್ತೇನೆ ಈ ವಾರ.,Kannada
"शाम को, मैं किताब पढ़ता हूँ रेस्तरां में।",Hindi
ನಾನು ಶಾಲೆಯಲ್ಲಿ ಕಾಫಿ ಕುಡಿಯುತ್ತೇನೆ ಸಂಜೆಯ ಸಮಯದಲ್ಲಿ.,Kannada
"поздно вечером, Я занимаюсь спортом в парке.",Russian
ഞാൻ വൈകുന്നേരം സമയത്ത് റെസ്റ്റോറന്റിൽ കത്ത് എഴുതുന്നു എന്ന് പറഞ്ഞു.,Malayalam
في المساء، أنا أتعلم اللغة في المدرسة.,Arabic
நான் மருத்துவமனையில் கடிதம் எழுதுகிறேன் இந்த வாரம்.,Tamil
मैं ने कहा कि वह पुस्तकालय में फिल्म देखता हूँ सुबह।,Hindi
मैं ने कहा कि वह शहर में चाय पीता हूँ हर दिन।,Hindi
ನಾನು ಗ್ರಂಥಾಲಯದಲ್ಲಿ ವ್ಯಾಯಾಮ ಮಾಡುತ್ತೇನೆ ಬೆಳಿಗ್ಗೆ.,Kannada
Εγώ είπε ότι κάνω γυμναστική στο γραφείο αργά το βράδυ.,Greek
ನಾನು ಇಂದು ಕಚೇರಿಯಲ್ಲಿ ವಿಶ್ವವಿದ್ಯಾಲಯದಲ್ಲಿ ಓದುತ್ತೇನೆ ಎಂದು ಹೇಳಿದರು.,Kannada
நான் காலை நேரத்தில் பள்ளியில் உடற்பயிற்சி செய்கிறேன் என்று கூறினார்.,Tamil
قال أنا إنه أقرأ كتابا في المدرسة هذا الأسبوع.,Arabic
"κάθε μέρα, Εγώ διαβάζω ένα βιβλίο στο πανεπιστήμιο.",Greek
ನಾನು ಶಾಲೆಯಲ್ಲಿ ಸಿನಿಮಾ ನೋಡುತ್ತೇನೆ ನಾಳೆ.,Kannada
मैं ने कहा कि वह घर में भाषा सीखता हूँ शाम को।,Hindi
"ಬೆಳಿಗ್ಗೆ, ನಾನು ಗ್ರಂಥಾಲಯದಲ್ಲಿ ಸಿನಿಮಾ ನೋಡುತ್ತೇನೆ.",Kannada
Εγώ μαθαίνω τη γλώσσα στο εστιατόριο σήμερα.,Greek
في الصباح، أنا أمارس الرياضة في الجامعة.,Arabic
"ಇಂದು, ನಾನು ಮನೆಯಲ್ಲಿ ಸಿನಿಮಾ ನೋಡುತ್ತೇನೆ.",Kannada
ನಾನು ನಗರದಲ್ಲಿ ಪುಸ್ತಕ ಓದುತ್ತೇನೆ ಮಾಡಲು ಬಯಸುತ್ತಾನೆ.,Kannada
ഈ ആഴ്ച ഞാൻ സ്കൂളിൽ ജോലിക്ക് പോകുന്നു.,Malayalam
ഞാൻ രാവിലെ സമയത്ത് സർവകലാശാലയിൽ ഭാഷ പഠിക്കുന്നു എന്ന് പറഞ്ഞു.,Malayalam
Εγώ κάνω γυμναστική στο πανεπιστήμιο νωρίς το πρωί.,Greek
في الصباح، أنا أقرأ كتابا في المطعم.,Arabic
Я читаю книгу в больнице каждый день.,Russian
"αυτή την εβδομάδα, Εγώ βλέπω μια ταινία στο σχολείο.",Greek
मैं ने कहा कि वह रेस्तरां में चाय पीता हूँ सुबह।,Hindi
ನಾನು ಮನೆಯಲ್ಲಿ ಕಾಫಿ ಕುಡಿಯುತ್ತೇನೆ ನಾಳೆ.,Kannada
"शाम के समय, मैं चाय पीता हूँ विश्वविद्यालय में।",Hindi
ನಾನು ಗ್ರಂಥಾಲಯದಲ್ಲಿ ಸಿನಿಮಾ ನೋಡುತ್ತೇನೆ ಇಂದು.,Kannada
في المساء، أنا أتعلم اللغة في المكتبة.,Arabic
"ನಾಳೆ, ನಾನು ನಗರದಲ್ಲಿ ಪತ್ರ ಬರೆಯುತ್ತೇನೆ.",Kannada
രാവിലെ ഞാൻ സർവകലാശാലയിൽ സർവകലാശാലയിൽ പഠിക്കുന്നു.,Malayalam
Εγώ κάνω γυμναστική στο πάρκο κάθε μέρα.,Greek
मैं ने कहा कि वह शहर में चाय पीता हूँ सुबह।,Hindi
"इस सप्ताह, मैं व्यायाम करता हूँ दुकान में।",Hindi
நான் இந்த வாரம் கடையில் திரைப்படம் பார்க்கிறேன் என்று கூறினார்.,Tamil
"इस सप्ताह, मैं काम पर जाता हूँ घर में।",Hindi
ഞാൻ എല്ലാ ദിവസവും സ്കൂളിൽ കാപ്പി കുടിക്കുന്നു.,Malayalam
വൈകുന്നേരം ഞാൻ സർവകലാശാലയിൽ കത്ത് എഴുതുന്നു.,Malayalam
Я смотрю фильм в офисе сегодня.,Russian
"αύριο, Εγώ πίνω καφέ στο γραφείο.",Greek
"рано утром, Я читаю книгу в ресторане.",Russian
"ಸಂಜೆ, ನಾನು ನಗರದಲ್ಲಿ ಸಿನಿಮಾ ನೋಡುತ್ತೇನೆ.",Kannada
"शाम को, मैं किताब पढ़ता हूँ कार्यालय में।",Hindi
Εγώ είπε ότι πηγαίνω στη δουλειά στην πόλη το πρωί.,Greek
நான் கடையில் காபி குடிக்கிறேன் விரும்புகிறார்.,Tamil
ഞാൻ രാവിലെ സമയത്ത് ആശുപത്രിയിൽ സിനിമ കാണുന്നു.,Malayalam
"κάθε μέρα, Εγώ πηγαίνω στη δουλειά στο γραφείο.",Greek
أنا يريد أن أدرس في الجامعة في المستشفى.,Arabic
ನಾನು ಸಂಜೆ ವಿಶ್ವವಿದ್ಯಾಲಯದಲ್ಲಿ ಪತ್ರ ಬರೆಯುತ್ತೇನೆ ಎಂದು ಹೇಳಿದರು.,Kannada
मैं काम पर जाता हूँ शहर में सुबह।,Hindi
Εγώ πηγαίνω στη δουλειά στο κατάστημα σήμερα.,Greek
நான் காலை நேரத்தில் நகரத்தில் காபி குடிக்கிறேன் என்று கூறினார்.,Tamil
أنا أدرس في الجامعة في المكتبة كل يوم.,Arabic
كل يوم، أنا أقرأ كتابا في المدينة.,Arabic
நான் நாளை உணவகத்தில் மொழி கற்கிறேன் என்று கூறினார்.,Tamil
"நாளை, நான் அலுவலகத்தில் புத்தகம் படிக்கிறேன்.",Tamil
غدا، أنا أقرأ كتابا في المطعم.,Arabic
"Я сказал, что пью кофе в больнице каждый день.",Russian
मैं ने कहा कि वह अस्पताल में काम पर जाता हूँ शाम को।,Hindi
நான் பூங்காவில் கடிதம் எழுதுகிறேன் இந்த வாரம்.,Tamil
في الصباح، أنا أمارس الرياضة في المنزل.,Arabic
"αργά το βράδυ, Εγώ σπουδάζω στο πανεπιστήμιο στην πόλη.",Greek
كل يوم، أنا أقرأ كتابا في المتجر.,Arabic
मैं ने कहा कि वह विश्वविद्यालय में फिल्म देखता हूँ शाम को।,Hindi
ഞാൻ എല്ലാ ദിവസവും ആശുപത്രിയിൽ കത്ത് എഴുതുന്നു എന്ന് പറഞ്ഞു.,Malayalam
ഞാൻ ഈ ആഴ്ച സർവകലാശാലയിൽ ജോലിക്ക് പോകുന്നു.,Malayalam
ഞാൻ ഇന്ന് നഗരത്തിൽ ജോലിക്ക് പോകുന്നു എന്ന് പറഞ്ഞു.,Malayalam
"மாலையில், நான் பல்கலைக்கழகத்தில் பல்கலைக்கழகத்தில் படிக்கிறேன்.",Tamil
मैं किताब पढ़ता हूँ अस्पताल में सुबह।,Hindi
Я иду на работу в библиотеке на этой неделе.,Russian
"αργά το βράδυ, Εγώ πίνω καφέ στη βιβλιοθήκη.",Greek
"शाम के समय, मैं भाषा सीखता हूँ अस्पताल में।",Hindi
ഞാൻ സ്കൂളിൽ കത്ത് എഴുതുന്നു ആഗ്രഹിക്കുന്നു.,Malayalam
मैं ने कहा कि वह शहर में चाय पीता हूँ कल।,Hindi
"αύριο, Εγώ κάνω γυμναστική στο σπίτι.",Greek
ഞാൻ നാളെ ലൈബ്രറിയിൽ വ്യായാമം ചെയ്യുന്നു.,Malayalam
Εγώ είπε ότι διαβάζω ένα βιβλίο στο εστιατόριο αργά το βράδυ.,Greek
"ಬೆಳಗಿನ ಸಮಯದಲ್ಲಿ, ನಾನು ಕಚೇರಿಯಲ್ಲಿ ಪತ್ರ ಬರೆಯುತ್ತೇನೆ.",Kannada
"Я сказал, что иду на работу в школе утром.",Russian
मैं विश्वविद्यालय में पढ़ता हूँ पार्क में कल।,Hindi
मैं फिल्म देखता हूँ रेस्तरां में आज।,Hindi
في المساء، أنا أدرس في الجامعة في المطعم.,Arabic
Я пишу письмо в городе на этой неделе.,Russian
Εγώ είπε ότι σπουδάζω στο πανεπιστήμιο στο κατάστημα το βράδυ.,Greek
நான் இன்று பூங்காவில் காபி குடிக்கிறேன் என்று கூறினார்.,Tamil
"कल, मैं चाय पीता हूँ रेस्तरां में।",Hindi
ഞാൻ നാളെ ആശുപത്രിയിൽ കാപ്പി കുടിക്കുന്നു എന്ന് പറഞ്ഞു.,Malayalam
"மாலை நேரத்தில், நான் நகரத்தில் பல்கலைக்கழகத்தில் படிக்கிறேன்.",Tamil
"कल, मैं किताब पढ़ता हूँ स्कूल में।",Hindi
"σήμερα, Εγώ μαθαίνω τη γλώσσα στο κατάστημα.",Greek
"सुबह, मैं किताब पढ़ता हूँ स्कूल में।",Hindi
Εγώ είπε ότι γράφω ένα γράμμα στο γραφείο αργά το βράδυ.,Greek
"Я сказал, что учусь в университете дома рано утром.",Russian
വൈകുന്നേരം ഞാൻ റെസ്റ്റോറന്റിൽ വ്യായാമം ചെയ്യുന്നു.,Malayalam
Я пишу письмо в школе завтра.,Russian
"σήμερα, Εγώ κάνω γυμναστική στο πανεπιστήμιο.",Greek
"आज, मैं व्यायाम करता हूँ पुस्तकालय में।",Hindi
صباحا، أنا أكتب رسالة في المطعم.,Arabic
ನಾನು ನಾಳೆ ಅಂಗಡಿಯಲ್ಲಿ ಭಾಷೆ ಕಲಿಯುತ್ತೇನೆ ಎಂದು ಹೇಳಿದರು.,Kannada
நான் மாலை நேரத்தில் மருத்துவமனையில் மொழி கற்கிறேன் என்று கூறினார்.,Tamil
Я хочет смотрю фильм в больнице.,Russian
"ಸಂಜೆ, ನಾನು ಅಂಗಡಿಯಲ್ಲಿ ವ್ಯಾಯಾಮ ಮಾಡುತ್ತೇನೆ.",Kannada
"தினமும், நான் மருத்துவமனையில் மொழி கற்கிறேன்.",Tamil
"вечером, Я пью кофе в городе.",Russian
ನಾನು ಉದ್ಯಾನವನದಲ್ಲಿ ವಿಶ್ವವಿದ್ಯಾಲಯದಲ್ಲಿ ಓದುತ್ತೇನೆ ಈ ವಾರ.,Kannada
ഞാൻ വൈകുന്നേരം സർവകലാശാലയിൽ സർവകലാശാലയിൽ പഠിക്കുന്നു.,Malayalam
"утром, Я изучаю язык в библиотеке.",Russian
मैं विश्वविद्यालय में पढ़ता हूँ विश्वविद्यालय में इस सप्ताह।,Hindi
"மாலை நேரத்தில், நான் பூங்காவில் உடற்பயிற்சி செய்கிறேன்.",Tamil
मैं ने कहा कि वह स्कूल में काम पर जाता हूँ हर दिन।,Hindi
Εγώ είπε ότι πηγαίνω στη δουλειά στο εστιατόριο το βράδυ.,Greek
ഞാൻ ഈ ആഴ്ച വീട്ടിൽ പുസ്തകം വായിക്കുന്നു.,Malayalam
Я изучаю язык в библиотеке поздно вечером.,Russian
"вечером, Я иду на работу в ресторане.",Russian
"தினமும், நான் நூலகத்தில் உடற்பயிற்சி செய்கிறேன்.",Tamil
ನಾನು ಬೆಳಿಗ್ಗೆ ಉದ್ಯಾನವನದಲ್ಲಿ ಕಾಫಿ ಕುಡಿಯುತ್ತೇನೆ ಎಂದು ಹೇಳಿದರು.,Kannada
நான் மாலை நேரத்தில் அலுவலகத்தில் வேலைக்கு செல்கிறேன் என்று கூறினார்.,Tamil
"το πρωί, Εγώ γράφω ένα γράμμα στο εστιατόριο.",Greek
كل يوم، أنا أدرس في الجامعة في المكتبة.,Arabic
قال أنا إنه أكتب رسالة في المطعم في المساء.,Arabic
قال أنا إنه أتعلم اللغة في المكتبة هذا الأسبوع.,Arabic
ഞാൻ രാവിലെ നഗരത്തിൽ വ്യായാമം ചെയ്യുന്നു.,Malayalam
"κάθε μέρα, Εγώ μαθαίνω τη γλώσσα στο σπίτι.",Greek
"утром, Я занимаюсь спортом дома.",Russian
நான் நகரத்தில் காபி குடிக்கிறேன் இந்த வாரம்.,Tamil
قال أنا إنه أكتب رسالة في المدرسة اليوم.,Arabic
قال أنا إنه أمارس الرياضة في المتجر اليوم.,Arabic
Εγώ κάνω γυμναστική στο πανεπιστήμιο αυτή την εβδομάδα.,Greek
ഇന്ന് ഞാൻ ലൈബ്രറിയിൽ ജോലിക്ക് പോകുന്നു.,Malayalam
நான் இன்று அலுவலகத்தில் பல்கலைக்கழகத்தில் படிக்கிறேன் என்று கூறினார்.,Tamil
"शाम के समय, मैं फिल्म देखता हूँ पार्क में।",Hindi
"αύριο, Εγώ γράφω ένα γράμμα στη βιβλιοθήκη.",Greek
मैं ने कहा कि वह पार्क में काम पर जाता हूँ कल।,Hindi
ನಾನು ಸಂಜೆಯ ಸಮಯದಲ್ಲಿ ಆಸ್ಪತ್ರೆಯಲ್ಲಿ ಕೆಲಸಕ್ಕೆ ಹೋಗುತ್ತೇನೆ ಎಂದು ಹೇಳಿದರು.,Kannada
"ಈ ವಾರ, ನಾನು ಅಂಗಡಿಯಲ್ಲಿ ಭಾಷೆ ಕಲಿಯುತ್ತೇನೆ.",Kannada
ನಾನು ವಿಶ್ವವಿದ್ಯಾಲಯದಲ್ಲಿ ಪುಸ್ತಕ ಓದುತ್ತೇನೆ ಸಂಜೆಯ ಸಮಯದಲ್ಲಿ.,Kannada
"αργά το βράδυ, Εγώ βλέπω μια ταινία στο εστιατόριο.",Greek
"ಬೆಳಿಗ್ಗೆ, ನಾನು ಕಚೇರಿಯಲ್ಲಿ ಕಾಫಿ ಕುಡಿಯುತ್ತೇನೆ.",Kannada
"Я сказал, что пью кофе в школе завтра.",Russian
ನಾನು ನಾಳೆ ಶಾಲೆಯಲ್ಲಿ ವಿಶ್ವವಿದ್ಯಾಲಯದಲ್ಲಿ ಓದುತ್ತೇನೆ ಎಂದು ಹೇಳಿದರು.,Kannada
ನಾನು ನಾಳೆ ರೆಸ್ಟೋರೆಂಟ್‌ನಲ್ಲಿ ಭಾಷೆ ಕಲಿಯುತ್ತೇನೆ ಎಂದು ಹೇಳಿದರು.,Kannada
ഞാൻ ഇന്ന് ആശുപത്രിയിൽ പുസ്തകം വായിക്കുന്നു എന്ന് പറഞ്ഞു.,Malayalam
"आज, मैं व्यायाम करता हूँ कार्यालय में।",Hindi
நான் உணவகத்தில் கடிதம் எழுதுகிறேன் மாலையில்.,Tamil
قال أنا إنه أذهب إلى العمل في المدرسة هذا الأسبوع.,Arabic
Εγώ πίνω καφέ στο πανεπιστήμιο το βράδυ.,Greek
நான் மாலை நேரத்தில் மருத்துவமனையில் வேலைக்கு செல்கிறேன் என்று கூறினார்.,Tamil
قال أنا إنه أتعلم اللغة في المدرسة اليوم.,Arabic
Я смотрю фильм в магазине вечером.,Russian
"Я сказал, что читаю книгу в школе на этой неделе.",Russian
Εγώ πίνω καφέ στο νοσοκομείο αυτή την εβδομάδα.,Greek
Εγώ πίνω καφέ στο κατάστημα σήμερα.,Greek
"தினமும், நான் பூங்காவில் புத்தகம் படிக்கிறேன்.",Tamil
ನಾನು ಬೆಳಗಿನ ಸಮಯದಲ್ಲಿ ರೆಸ್ಟೋರೆಂಟ್‌ನಲ್ಲಿ ಪುಸ್ತಕ ಓದುತ್ತೇನೆ ಎಂದು ಹೇಳಿದರು.,Kannada
நான் மாலையில் அலுவலகத்தில் வேலைக்கு செல்கிறேன் என்று கூறினார்.,Tamil
Εγώ σπουδάζω στο πανεπιστήμιο στο γραφείο κάθε μέρα.,Greek
Я читаю книгу в больнице поздно вечером.,Russian
मैं अस्पताल में चाय पीता हूँ चाहता है।,Hindi
Εγώ είπε ότι σπουδάζω στο πανεπιστήμιο στο εστιατόριο κάθε μέρα.,Greek
ഞാൻ രാവിലെ കടയിൽ കത്ത് എഴുതുന്നു.,Malayalam
في الصباح، أنا أكتب رسالة في المكتبة.,Arabic
"शाम के समय, मैं व्यायाम करता हूँ अस्पताल में।",Hindi
"कल, मैं चाय पीता हूँ दुकान में।",Hindi
"ಬೆಳಗಿನ ಸಮಯದಲ್ಲಿ, ನಾನು ಅಂಗಡಿಯಲ್ಲಿ ಪುಸ್ತಕ ಓದುತ್ತೇನೆ.",Kannada
قال أنا إنه أدرس في الجامعة في المطعم في الصباح.,Arabic
أنا أذهب إلى العمل في المكتب في المساء.,Arabic
Εγώ είπε ότι πίνω καφέ στην πόλη το βράδυ.,Greek
"தினமும், நான் நகரத்தில் புத்தகம் படிக்கிறேன்.",Tamil
قال أنا إنه أشرب القهوة في المدينة غدا.,Arabic
"இன்று, நான் மருத்துவமனையில் வேலைக்கு செல்கிறேன்.",Tamil
"सुबह के समय, मैं काम पर जाता हूँ कार्यालय में।",Hindi
വൈകുന്നേരം ഞാൻ കടയിൽ ജോലിക്ക് പോകുന്നു.,Malayalam
मैं ने कहा कि वह कार्यालय में भाषा सीखता हूँ कल।,Hindi
நான் இந்த வாரம் மருத்துவமனையில் காபி குடிக்கிறேன் என்று கூறினார்.,Tamil
"ಇಂದು, ನಾನು ವಿಶ್ವವಿದ್ಯಾಲಯದಲ್ಲಿ ಕಾಫಿ ಕುಡಿಯುತ್ತೇನೆ.",Kannada
"Я сказал, что занимаюсь спортом в магазине вечером.",Russian
நான் வீட்டில் மொழி கற்கிறேன் மாலை நேரத்தில்.,Tamil
"ಪ್ರತಿದಿನ, ನಾನು ಮನೆಯಲ್ಲಿ ಸಿನಿಮಾ ನೋಡುತ್ತೇನೆ.",Kannada
Εγώ είπε ότι διαβάζω ένα βιβλίο στο κατάστημα αυτή την εβδομάδα.,Greek
في الصباح، أنا أشرب القهوة في المدرسة.,Arabic
قال أنا إنه أمارس الرياضة في الحديقة هذا الأسبوع.,Arabic
ഞാൻ വൈകുന്നേരം സമയത്ത് സർവകലാശാലയിൽ കത്ത് എഴുതുന്നു.,Malayalam
நான் இன்று உணவகத்தில் பல்கலைக்கழகத்தில் படிக்கிறேன் என்று கூறினார்.,Tamil
أنا أقرأ كتابا في المدينة صباحا.,Arabic
هذا الأسبوع، أنا أكتب رسالة في المدينة.,Arabic
ഞാൻ ഇന്ന് നഗരത്തിൽ ഭാഷ പഠിക്കുന്നു.,Malayalam
ഞാൻ നാളെ പാർക്കിൽ വ്യായാമം ചെയ്യുന്നു.,Malayalam
"कल, मैं फिल्म देखता हूँ दुकान में।",Hindi
ഇന്ന് ഞാൻ സ്കൂളിൽ പുസ്തകം വായിക്കുന്നു.,Malayalam
ನಾನು ಬೆಳಿಗ್ಗೆ ನಗರದಲ್ಲಿ ಭಾಷೆ ಕಲಿಯುತ್ತೇನೆ ಎಂದು ಹೇಳಿದರು.,Kannada
Εγώ είπε ότι μαθαίνω τη γλώσσα στο κατάστημα κάθε μέρα.,Greek
मैं फिल्म देखता हूँ शहर में शाम को।,Hindi
"ಬೆಳಿಗ್ಗೆ, ನಾನು ನಗರದಲ್ಲಿ ಸಿನಿಮಾ ನೋಡುತ್ತೇನೆ.",Kannada
मैं घर में फिल्म देखता हूँ चाहता है।,Hindi
ഞാൻ വൈകുന്നേരം പാർക്കിൽ വ്യായാമം ചെയ്യുന്നു.,Malayalam
ನಾನು ಅಂಗಡಿಯಲ್ಲಿ ಪತ್ರ ಬರೆಯುತ್ತೇನೆ ಪ್ರತಿದಿನ.,Kannada
"மாலை நேரத்தில், நான் அலுவலகத்தில் வேலைக்கு செல்கிறேன்.",Tamil
أنا أتعلم اللغة في المنزل مساء.,Arabic
أنا أتعلم اللغة في المتجر اليوم.,Arabic
"மாலை நேரத்தில், நான் பள்ளியில் உடற்பயிற்சி செய்கிறேன்.",Tamil
Εγώ είπε ότι γράφω ένα γράμμα στη βιβλιοθήκη το πρωί.,Greek
நான் அலுவலகத்தில் புத்தகம் படிக்கிறேன் மாலை நேரத்தில்.,Tamil
أنا يريد أن أدرس في الجامعة في المكتب.,Arabic
நான் இன்று நகரத்தில் பல்கலைக்கழகத்தில் படிக்கிறேன் என்று கூறினார்.,Tamil
"ಈ ವಾರ, ನಾನು ಆಸ್ಪತ್ರೆಯಲ್ಲಿ ಪತ್ರ ಬರೆಯುತ್ತೇನೆ.",Kannada
كل يوم، أنا أقرأ كتابا في المكتب.,Arabic
ನಾನು ಬೆಳಗಿನ ಸಮಯದಲ್ಲಿ ಆಸ್ಪತ್ರೆಯಲ್ಲಿ ಭಾಷೆ ಕಲಿಯುತ್ತೇನೆ ಎಂದು ಹೇಳಿದರು.,Kannada
Я пишу письмо в университете вечером.,Russian
ನಾನು ಪ್ರತಿದಿನ ಆಸ್ಪತ್ರೆಯಲ್ಲಿ ಪುಸ್ತಕ ಓದುತ್ತೇನೆ ಎಂದು ಹೇಳಿದರು.,Kannada
मैं ने कहा कि वह विश्वविद्यालय में विश्वविद्यालय में पढ़ता हूँ आज।,Hindi
ഞാൻ ഇന്ന് ആശുപത്രിയിൽ സർവകലാശാലയിൽ പഠിക്കുന്നു എന്ന് പറഞ്ഞു.,Malayalam
"на этой неделе, Я пишу письмо дома.",Russian
"மாலை நேரத்தில், நான் பூங்காவில் கடிதம் எழுதுகிறேன்.",Tamil
قال أنا إنه أدرس في الجامعة في المدرسة اليوم.,Arabic
ഞാൻ ഈ ആഴ്ച വീട്ടിൽ ജോലിക്ക് പോകുന്നു.,Malayalam
Я смотрю фильм в офисе вечером.,Russian
قال أنا إنه أكتب رسالة في الجامعة في الصباح.,Arabic
ഞാൻ രാവിലെ കടയിൽ സിനിമ കാണുന്നു.,Malayalam
"இந்த வாரம், நான் உணவகத்தில் உடற்பயிற்சி செய்கிறேன்.",Tamil
قال أنا إنه أكتب رسالة في المتجر في المساء.,Arabic
"σήμερα, Εγώ σπουδάζω στο πανεπιστήμιο στο κατάστημα.",Greek
நான் இன்று பூங்காவில் வேலைக்கு செல்கிறேன் என்று கூறினார்.,Tamil
"ಸಂಜೆಯ ಸಮಯದಲ್ಲಿ, ನಾನು ಉದ್ಯಾನವನದಲ್ಲಿ ಪತ್ರ ಬರೆಯುತ್ತೇನೆ.",Kannada
"поздно вечером, Я иду на работу в офисе.",Russian
நான் பூங்காவில் புத்தகம் படிக்கிறேன் காலை நேரத்தில்.,Tamil
"Я сказал, что пью кофе в школе вечером.",Russian
"утром, Я читаю книгу в библиотеке.",Russian
"Я сказал, что пишу письмо в городе поздно вечером.",Russian
ನಾನು ನಗರದಲ್ಲಿ ಕಾಫಿ ಕುಡಿಯುತ್ತೇನೆ ಸಂಜೆಯ ಸಮಯದಲ್ಲಿ.,Kannada
"το βράδυ, Εγώ βλέπω μια ταινία στο εστιατόριο.",Greek
ನಾನು ಸಂಜೆಯ ಸಮಯದಲ್ಲಿ ಕಚೇರಿಯಲ್ಲಿ ಪತ್ರ ಬರೆಯುತ್ತೇನೆ ಎಂದು ಹೇಳಿದರು.,Kannada
قال أنا إنه أشرب القهوة في المتجر في الصباح.,Arabic
ನಾನು ಉದ್ಯಾನವನದಲ್ಲಿ ಸಿನಿಮಾ ನೋಡುತ್ತೇನೆ ಪ್ರತಿದಿನ.,Kannada
Εγώ είπε ότι διαβάζω ένα βιβλίο στο πάρκο κάθε μέρα.,Greek
"завтра, Я пишу письмо в магазине.",Russian
ഞാൻ ഈ ആഴ്ച ഓഫീസിൽ കത്ത് എഴുതുന്നു.,Malayalam
"सुबह के समय, मैं पत्र लिखता हूँ दुकान में।",Hindi
நான் மாலையில் பூங்காவில் புத்தகம் படிக்கிறேன் என்று கூறினார்.,Tamil
اليوم، أنا أذهب إلى العمل في المتجر.,Arabic
ഞാൻ വൈകുന്നേരം വീട്ടിൽ സർവകലാശാലയിൽ പഠിക്കുന്നു.,Malayalam
ഞാൻ എല്ലാ ദിവസവും കടയിൽ പുസ്തകം വായിക്കുന്നു എന്ന് പറഞ്ഞു.,Malayalam
مساء، أنا أقرأ كتابا في المكتب.,Arabic
"ಸಂಜೆ, ನಾನು ಕಚೇರಿಯಲ್ಲಿ ವಿಶ್ವವಿದ್ಯಾಲಯದಲ್ಲಿ ಓದುತ್ತೇನೆ.",Kannada
ನಾನು ಸಂಜೆ ಗ್ರಂಥಾಲಯದಲ್ಲಿ ಪುಸ್ತಕ ಓದುತ್ತೇನೆ ಎಂದು ಹೇಳಿದರು.,Kannada
"σήμερα, Εγώ πηγαίνω στη δουλειά στην πόλη.",Greek
ഞാൻ ഇന്ന് നഗരത്തിൽ പുസ്തകം വായിക്കുന്നു.,Malayalam
Я пишу письмо в больнице рано утром.,Russian
Εγώ μαθαίνω τη γλώσσα στο πανεπιστήμιο αύριο.,Greek
Εγώ πηγαίνω στη δουλειά στο πανεπιστήμιο το βράδυ.,Greek
मैं फिल्म देखता हूँ दुकान में आज।,Hindi
मैं ने कहा कि वह रेस्तरां में फिल्म देखता हूँ सुबह।,Hindi
"το βράδυ, Εγώ σπουδάζω στο πανεπιστήμιο στο νοσοκομείο.",Greek
أنا أدرس في الجامعة في المكتب كل يوم.,Arabic
ഇന്ന് ഞാൻ ലൈബ്രറിയിൽ കത്ത് എഴുതുന്നു.,Malayalam
"Я сказал, что смотрю фильм в университете рано утром.",Russian
"Я сказал, что пью кофе в ресторане сегодня.",Russian
ನಾನು ಗ್ರಂಥಾಲಯದಲ್ಲಿ ಸಿನಿಮಾ ನೋಡುತ್ತೇನೆ ಸಂಜೆ.,Kannada
قال أنا إنه أمارس الرياضة في المطعم في الصباح.,Arabic
"ಬೆಳಿಗ್ಗೆ, ನಾನು ಆಸ್ಪತ್ರೆಯಲ್ಲಿ ವ್ಯಾಯಾಮ ಮಾಡುತ್ತೇನೆ.",Kannada
Εγώ διαβάζω ένα βιβλίο στο σπίτι αργά το βράδυ.,Greek
"மாலையில், நான் கடையில் உடற்பயிற்சி செய்கிறேன்.",Tamil
நான் தினமும் பள்ளியில் பல்கலைக்கழகத்தில் படிக்கிறேன் என்று கூறினார்.,Tamil
"Я сказал, что пью кофе в университете сегодня.",Russian
"தினமும், நான் உணவகத்தில் வேலைக்கு செல்கிறேன்.",Tamil
Εγώ είπε ότι πηγαίνω στη δουλειά στο πάρκο το βράδυ.,Greek
मैं ने कहा कि वह विश्वविद्यालय में भाषा सीखता हूँ सुबह के समय।,Hindi
ഞാൻ വൈകുന്നേരം സമയത്ത് കടയിൽ ജോലിക്ക് പോകുന്നു.,Malayalam
أنا أقرأ كتابا في المتجر مساء.,Arabic
أنا أشاهد فيلما في المتجر اليوم.,Arabic
मैं ने कहा कि वह शहर में व्यायाम करता हूँ हर दिन।,Hindi
اليوم، أنا أتعلم اللغة في المكتبة.,Arabic
मैं ने कहा कि वह दुकान में किताब पढ़ता हूँ कल।,Hindi
قال أنا إنه أدرس في الجامعة في الحديقة في الصباح.,Arabic
"இன்று, நான் உணவகத்தில் உடற்பயிற்சி செய்கிறேன்.",Tamil
ನಾನು ಈ ವಾರ ರೆಸ್ಟೋರೆಂಟ್‌ನಲ್ಲಿ ಭಾಷೆ ಕಲಿಯುತ್ತೇನೆ ಎಂದು ಹೇಳಿದರು.,Kannada
मैं ने कहा कि वह कार्यालय में काम पर जाता हूँ इस सप्ताह।,Hindi
في الصباح، أنا أمارس الرياضة في المكتبة.,Arabic
"सुबह के समय, मैं पत्र लिखता हूँ स्कूल में।",Hindi
நான் இந்த வாரம் நகரத்தில் பல்கலைக்கழகத்தில் படிக்கிறேன் என்று கூறினார்.,Tamil
Я занимаюсь спортом в больнице вечером.,Russian
"ಇಂದು, ನಾನು ಅಂಗಡಿಯಲ್ಲಿ ಭಾಷೆ ಕಲಿಯುತ್ತೇನೆ.",Kannada
Εγώ είπε ότι διαβάζω ένα βιβλίο στο πάρκο αργά το βράδυ.,Greek
நான் கடையில் திரைப்படம் பார்க்கிறேன் விரும்புகிறார்.,Tamil
मैं ने कहा कि वह घर में काम पर जाता हूँ हर दिन।,Hindi
ഞാൻ വൈകുന്നേരം വീട്ടിൽ ഭാഷ പഠിക്കുന്നു എന്ന് പറഞ്ഞു.,Malayalam
நான் உணவகத்தில் பல்கலைக்கழகத்தில் படிக்கிறேன் நாளை.,Tamil
قال أنا إنه أكتب رسالة في المطعم صباحا.,Arabic
ഞാൻ ഈ ആഴ്ച നഗരത്തിൽ ഭാഷ പഠിക്കുന്നു എന്ന് പറഞ്ഞു.,Malayalam
في المساء، أنا أشرب القهوة في الحديقة.,Arabic
أنا أمارس الرياضة في المطعم صباحا.,Arabic
"Я сказал, что изучаю язык в университете утром.",Russian
நான் காலை நேரத்தில் உணவகத்தில் வேலைக்கு செல்கிறேன் என்று கூறினார்.,Tamil
Εγώ είπε ότι διαβάζω ένα βιβλίο στο σχολείο αύριο.,Greek
"इस सप्ताह, मैं चाय पीता हूँ रेस्तरां में।",Hindi
أنا أدرس في الجامعة في المنزل اليوم.,Arabic
"सुबह, मैं काम पर जाता हूँ स्कूल में।",Hindi
ನಾನು ವಿಶ್ವವಿದ್ಯಾಲಯದಲ್ಲಿ ಪತ್ರ ಬರೆಯುತ್ತೇನೆ ಪ್ರತಿದಿನ.,Kannada
Я смотрю фильм в библиотеке рано утром.,Russian
വൈകുന്നേരം ഞാൻ ഓഫീസിൽ വ്യായാമം ചെയ്യുന്നു.,Malayalam
"शाम के समय, मैं चाय पीता हूँ अस्पताल में।",Hindi
"Я сказал, что пью кофе в больнице сегодня.",Russian
मैं ने कहा कि वह स्कूल में पत्र लिखता हूँ आज।,Hindi
"ಈ ವಾರ, ನಾನು ನಗರದಲ್ಲಿ ವ್ಯಾಯಾಮ ಮಾಡುತ್ತೇನೆ.",Kannada
أنا أتعلم اللغة في الجامعة صباحا.,Arabic
"தினமும், நான் நூலகத்தில் வேலைக்கு செல்கிறேன்.",Tamil
قال أنا إنه أتعلم اللغة في المتجر هذا الأسبوع.,Arabic
நான் நூலகத்தில் மொழி கற்கிறேன் நாளை.,Tamil
Εγώ γράφω ένα γράμμα στο σχολείο αυτή την εβδομάδα.,Greek
قال أنا إنه أشرب القهوة في المنزل مساء.,Arabic
ഞാൻ രാവിലെ ഓഫീസിൽ ജോലിക്ക് പോകുന്നു.,Malayalam
في الصباح، أنا أشاهد فيلما في المدينة.,Arabic
Εγώ είπε ότι κάνω γυμναστική στο εστιατόριο νωρίς το πρωί.,Greek
ഞാൻ രാവിലെ സമയത്ത് സ്കൂളിൽ കാപ്പി കുടിക്കുന്നു എന്ന് പറഞ്ഞു.,Malayalam
ഞാൻ നാളെ ലൈബ്രറിയിൽ സർവകലാശാലയിൽ പഠിക്കുന്നു എന്ന് പറഞ്ഞു.,Malayalam
أنا أتعلم اللغة في المطعم كل يوم.,Arabic
ನಾನು ಸಂಜೆಯ ಸಮಯದಲ್ಲಿ ಶಾಲೆಯಲ್ಲಿ ಪುಸ್ತಕ ಓದುತ್ತೇನೆ ಎಂದು ಹೇಳಿದರು.,Kannada
"शाम के समय, मैं चाय पीता हूँ रेस्तरां में।",Hindi
ഈ ആഴ്ച ഞാൻ ഓഫീസിൽ പുസ്തകം വായിക്കുന്നു.,Malayalam
രാവിലെ ഞാൻ നഗരത്തിൽ ഭാഷ പഠിക്കുന്നു.,Malayalam
ನಾನು ಸಂಜೆಯ ಸಮಯದಲ್ಲಿ ನಗರದಲ್ಲಿ ಕಾಫಿ ಕುಡಿಯುತ್ತೇನೆ ಎಂದು ಹೇಳಿದರು.,Kannada
ഞാൻ ഈ ആഴ്ച റെസ്റ്റോറന്റിൽ ഭാഷ പഠിക്കുന്നു.,Malayalam
"сегодня, Я пью кофе дома.",Russian
"το πρωί, Εγώ γράφω ένα γράμμα στο γραφείο.",Greek
मैं विश्वविद्यालय में पढ़ता हूँ स्कूल में शाम के समय।,Hindi
أنا أشرب القهوة في المنزل اليوم.,Arabic
"рано утром, Я иду на работу в больнице.",Russian
വൈകുന്നേരം ഞാൻ നഗരത്തിൽ ജോലിക്ക് പോകുന്നു.,Malayalam
Εγώ είπε ότι πίνω καφέ στο γραφείο κάθε μέρα.,Greek
كل يوم، أنا أشاهد فيلما في الجامعة.,Arabic
"மாலையில், நான் பல்கலைக்கழகத்தில் புத்தகம் படிக்கிறேன்.",Tamil
أنا أدرس في الجامعة في المكتب اليوم.,Arabic
मैं फिल्म देखता हूँ रेस्तरां में हर दिन।,Hindi
Εγώ γράφω ένα γράμμα στο πάρκο νωρίς το πρωί.,Greek
"αυτή την εβδομάδα, Εγώ πίνω καφέ στο γραφείο.",Greek
मैं व्यायाम करता हूँ विश्वविद्यालय में शाम को।,Hindi
"ಪ್ರತಿದಿನ, ನಾನು ಶಾಲೆಯಲ್ಲಿ ಕಾಫಿ ಕುಡಿಯುತ್ತೇನೆ.",Kannada
"Я сказал, что занимаюсь спортом в магазине завтра.",Russian
"हर दिन, मैं पत्र लिखता हूँ घर में।",Hindi
मैं ने कहा कि वह पार्क में काम पर जाता हूँ सुबह के समय।,Hindi
ನಾನು ಕಚೇರಿಯಲ್ಲಿ ಸಿನಿಮಾ ನೋಡುತ್ತೇನೆ ಬೆಳಗಿನ ಸಮಯದಲ್ಲಿ.,Kannada
ನಾನು ನಗರದಲ್ಲಿ ಸಿನಿಮಾ ನೋಡುತ್ತೇನೆ ಬೆಳಿಗ್ಗೆ.,Kannada
ನಾನು ಅಂಗಡಿಯಲ್ಲಿ ಸಿನಿಮಾ ನೋಡುತ್ತೇನೆ ಬೆಳಿಗ್ಗೆ.,Kannada
ನಾನು ಪ್ರತಿದಿನ ಅಂಗಡಿಯಲ್ಲಿ ವ್ಯಾಯಾಮ ಮಾಡುತ್ತೇನೆ ಎಂದು ಹೇಳಿದರು.,Kannada
أنا أدرس في الجامعة في المدينة في الصباح.,Arabic
قال أنا إنه أتعلم اللغة في المطعم كل يوم.,Arabic
मैं फिल्म देखता हूँ रेस्तरां में शाम के समय।,Hindi
Εγώ γράφω ένα γράμμα στο σχολείο αύριο.,Greek
أنا أذهب إلى العمل في المستشفى كل يوم.,Arabic
Я изучаю язык в школе завтра.,Russian
രാവിലെ ഞാൻ നഗരത്തിൽ ജോലിക്ക് പോകുന്നു.,Malayalam
في الصباح، أنا أمارس الرياضة في المدرسة.,Arabic
நான் இன்று பள்ளியில் காபி குடிக்கிறேன் என்று கூறினார்.,Tamil
Εγώ είπε ότι πίνω καφέ στη βιβλιοθήκη αυτή την εβδομάδα.,Greek
मैं पार्क में किताब पढ़ता हूँ चाहता है।,Hindi
Я иду на работу в ресторане поздно вечером.,Russian
"каждый день, Я занимаюсь спортом в магазине.",Russian
قال أنا إنه أشاهد فيلما في المطعم غدا.,Arabic
ನಾನು ಬೆಳಗಿನ ಸಮಯದಲ್ಲಿ ನಗರದಲ್ಲಿ ಕಾಫಿ ಕುಡಿಯುತ್ತೇನೆ ಎಂದು ಹೇಳಿದರು.,Kannada
"ಪ್ರತಿದಿನ, ನಾನು ವಿಶ್ವವಿದ್ಯಾಲಯದಲ್ಲಿ ಪುಸ್ತಕ ಓದುತ್ತೇನೆ.",Kannada
Εγώ κάνω γυμναστική στη βιβλιοθήκη αύριο.,Greek
ನಾನು ಪ್ರತಿದಿನ ಉದ್ಯಾನವನದಲ್ಲಿ ಕಾಫಿ ಕುಡಿಯುತ್ತೇನೆ ಎಂದು ಹೇಳಿದರು.,Kannada
मैं किताब पढ़ता हूँ स्कूल में सुबह।,Hindi
Εγώ είπε ότι σπουδάζω στο πανεπιστήμιο στο πάρκο κάθε μέρα.,Greek
"कल, मैं फिल्म देखता हूँ घर में।",Hindi
நான் உணவகத்தில் உடற்பயிற்சி செய்கிறேன் நாளை.,Tamil
"το βράδυ, Εγώ πίνω καφέ στο νοσοκομείο.",Greek
"இந்த வாரம், நான் கடையில் உடற்பயிற்சி செய்கிறேன்.",Tamil
"ಸಂಜೆ, ನಾನು ಶಾಲೆಯಲ್ಲಿ ಕೆಲಸಕ್ಕೆ ಹೋಗುತ್ತೇನೆ.",Kannada
ഈ ആഴ്ച ഞാൻ ആശുപത്രിയിൽ വ്യായാമം ചെയ്യുന്നു.,Malayalam
"இந்த வாரம், நான் பூங்காவில் மொழி கற்கிறேன்.",Tamil
Я читаю книгу в офисе сегодня.,Russian
நான் தினமும் நூலகத்தில் மொழி கற்கிறேன் என்று கூறினார்.,Tamil
Εγώ είπε ότι διαβάζω ένα βιβλίο στο σχολείο νωρίς το πρωί.,Greek
"ಬೆಳಿಗ್ಗೆ, ನಾನು ಶಾಲೆಯಲ್ಲಿ ಪತ್ರ ಬರೆಯುತ್ತೇನೆ.",Kannada
मैं फिल्म देखता हूँ अस्पताल में हर दिन।,Hindi
ഞാൻ എല്ലാ ദിവസവും സ്കൂളിൽ കത്ത് എഴുതുന്നു എന്ന് പറഞ്ഞു.,Malayalam
രാവിലെ ഞാൻ വീട്ടിൽ ജോലിക്ക് പോകുന്നു.,Malayalam
قال أنا إنه أتعلم اللغة في المدرسة مساء.,Arabic
मैं काम पर जाता हूँ दुकान में सुबह।,Hindi
"Я сказал, что иду на работу в библиотеке поздно вечером.",Russian
قال أنا إنه أتعلم اللغة في الحديقة كل يوم.,Arabic
أنا أمارس الرياضة في المكتبة في الصباح.,Arabic
Я изучаю язык дома сегодня.,Russian
मैं पत्र लिखता हूँ पुस्तकालय में सुबह।,Hindi
"вечером, Я учусь в университете в парке.",Russian
ഞാൻ രാവിലെ നഗരത്തിൽ ഭാഷ പഠിക്കുന്നു.,Malayalam
நான் இந்த வாரம் கடையில் புத்தகம் படிக்கிறேன் என்று கூறினார்.,Tamil
मैं ने कहा कि वह शहर में चाय पीता हूँ शाम के समय।,Hindi
"आज, मैं चाय पीता हूँ विश्वविद्यालय में।",Hindi
"காலை நேரத்தில், நான் அலுவலகத்தில் பல்கலைக்கழகத்தில் படிக்கிறேன்.",Tamil
എല്ലാ ദിവസവും ഞാൻ സർവകലാശാലയിൽ സിനിമ കാണുന്നു.,Malayalam
Εγώ είπε ότι διαβάζω ένα βιβλίο στη βιβλιοθήκη νωρίς το πρωί.,Greek
Εγώ διαβάζω ένα βιβλίο στο γραφείο το πρωί.,Greek
"ಪ್ರತಿದಿನ, ನಾನು ರೆಸ್ಟೋರೆಂಟ್‌ನಲ್ಲಿ ಪತ್ರ ಬರೆಯುತ್ತೇನೆ.",Kannada
Εγώ είπε ότι βλέπω μια ταινία στην πόλη αύριο.,Greek
ഞാൻ വൈകുന്നേരം ലൈബ്രറിയിൽ സിനിമ കാണുന്നു എന്ന് പറഞ്ഞു.,Malayalam
غدا، أنا أقرأ كتابا في المستشفى.,Arabic
मैं शहर में फिल्म देखता हूँ चाहता है।,Hindi
Я учусь в университете в магазине каждый день.,Russian
मैं ने कहा कि वह दुकान में किताब पढ़ता हूँ इस सप्ताह।,Hindi
நான் நூலகத்தில் கடிதம் எழுதுகிறேன் காலை நேரத்தில்.,Tamil
غدا، أنا أشاهد فيلما في المتجر.,Arabic
أنا أذهب إلى العمل في المدرسة صباحا.,Arabic
"ಇಂದು, ನಾನು ಆಸ್ಪತ್ರೆಯಲ್ಲಿ ಪುಸ್ತಕ ಓದುತ್ತೇನೆ.",Kannada
ഞാൻ വൈകുന്നേരം സമയത്ത് സർവകലാശാലയിൽ കാപ്പി കുടിക്കുന്നു.,Malayalam
قال أنا إنه أدرس في الجامعة في الحديقة في المساء.,Arabic
Εγώ είπε ότι γράφω ένα γράμμα στο κατάστημα κάθε μέρα.,Greek
"κάθε μέρα, Εγώ βλέπω μια ταινία στο πανεπιστήμιο.",Greek
நான் பல்கலைக்கழகத்தில் திரைப்படம் பார்க்கிறேன் தினமும்.,Tamil
ನಾನು ರೆಸ್ಟೋರೆಂಟ್‌ನಲ್ಲಿ ವಿಶ್ವವಿದ್ಯಾಲಯದಲ್ಲಿ ಓದುತ್ತೇನೆ ನಾಳೆ.,Kannada
ഞാൻ വൈകുന്നേരം സമയത്ത് വീട്ടിൽ സർവകലാശാലയിൽ പഠിക്കുന്നു.,Malayalam
"ಬೆಳಿಗ್ಗೆ, ನಾನು ರೆಸ್ಟೋರೆಂಟ್‌ನಲ್ಲಿ ಪುಸ್ತಕ ಓದುತ್ತೇನೆ.",Kannada
"вечером, Я смотрю фильм в городе.",Russian
Εγώ πηγαίνω στη δουλειά στο σπίτι το πρωί.,Greek
أنا أذهب إلى العمل في المتجر مساء.,Arabic
Εγώ είπε ότι γράφω ένα γράμμα στο πανεπιστήμιο το πρωί.,Greek
"ಸಂಜೆಯ ಸಮಯದಲ್ಲಿ, ನಾನು ಗ್ರಂಥಾಲಯದಲ್ಲಿ ಕಾಫಿ ಕುಡಿಯುತ್ತೇನೆ.",Kannada
मैं किताब पढ़ता हूँ रेस्तरां में हर दिन।,Hindi
"காலை நேரத்தில், நான் வீட்டில் மொழி கற்கிறேன்.",Tamil
Εγώ διαβάζω ένα βιβλίο στο γραφείο αυτή την εβδομάδα.,Greek
मैं व्यायाम करता हूँ घर में शाम के समय।,Hindi
"завтра, Я смотрю фильм в офисе.",Russian
വൈകുന്നേരം സമയത്ത് ഞാൻ ആശുപത്രിയിൽ സിനിമ കാണുന്നു.,Malayalam
"காலை நேரத்தில், நான் பள்ளியில் திரைப்படம் பார்க்கிறேன்.",Tamil
"Я сказал, что иду на работу в университете поздно вечером.",Russian
நான் இன்று நகரத்தில் மொழி கற்கிறேன் என்று கூறினார்.,Tamil
"вечером, Я изучаю язык в городе.",Russian
मैं ने कहा कि वह पार्क में व्यायाम करता हूँ इस सप्ताह।,Hindi
"поздно вечером, Я пью кофе в парке.",Russian
நான் தினமும் வீட்டில் வேலைக்கு செல்கிறேன் என்று கூறினார்.,Tamil
قال أنا إنه أدرس في الجامعة في المستشفى صباحا.,Arabic
Я смотрю фильм в ресторане утром.,Russian
هذا الأسبوع، أنا أقرأ كتابا في الجامعة.,Arabic
"утром, Я учусь в университете в магазине.",Russian
രാവിലെ സമയത്ത് ഞാൻ കടയിൽ കാപ്പി കുടിക്കുന്നു.,Malayalam
"सुबह के समय, मैं चाय पीता हूँ रेस्तरां में।",Hindi
"утром, Я пишу письмо в больнице.",Russian
ನಾನು ಕಚೇರಿಯಲ್ಲಿ ಕಾಫಿ ಕುಡಿಯುತ್ತೇನೆ ನಾಳೆ.,Kannada
Я хочет пишу письмо в больнице.,Russian
Я иду на работу дома вечером.,Russian
"सुबह, मैं चाय पीता हूँ शहर में।",Hindi
ഞാൻ ഈ ആഴ്ച സ്കൂളിൽ ഭാഷ പഠിക്കുന്നു.,Malayalam
"Я сказал, что иду на работу в ресторане рано утром.",Russian
मैं ने कहा कि वह अस्पताल में विश्वविद्यालय में पढ़ता हूँ शाम को।,Hindi
Εγώ διαβάζω ένα βιβλίο στο πάρκο το πρωί.,Greek
ഞാൻ ഇന്ന് ലൈബ്രറിയിൽ സർവകലാശാലയിൽ പഠിക്കുന്നു.,Malayalam
"αύριο, Εγώ σπουδάζω στο πανεπιστήμιο στο γραφείο.",Greek
Εγώ γράφω ένα γράμμα στο πανεπιστήμιο αύριο.,Greek
"ಈ ವಾರ, ನಾನು ಅಂಗಡಿಯಲ್ಲಿ ಕೆಲಸಕ್ಕೆ ಹೋಗುತ್ತೇನೆ.",Kannada
قال أنا إنه أذهب إلى العمل في الجامعة صباحا.,Arabic
قال أنا إنه أكتب رسالة في المستشفى اليوم.,Arabic
"νωρίς το πρωί, Εγώ πίνω καφέ στο κατάστημα.",Greek
ನಾನು ನಗರದಲ್ಲಿ ವಿಶ್ವವಿದ್ಯಾಲಯದಲ್ಲಿ ಓದುತ್ತೇನೆ ಇಂದು.,Kannada
"Я сказал, что пишу письмо в городе завтра.",Russian
ನಾನು ಸಂಜೆ ಗ್ರಂಥಾಲಯದಲ್ಲಿ ಪತ್ರ ಬರೆಯುತ್ತೇನೆ ಎಂದು ಹೇಳಿದರು.,Kannada
"सुबह, मैं व्यायाम करता हूँ घर में।",Hindi
വൈകുന്നേരം സമയത്ത് ഞാൻ നഗരത്തിൽ കത്ത് എഴുതുന്നു.,Malayalam
വൈകുന്നേരം ഞാൻ ആശുപത്രിയിൽ സർവകലാശാലയിൽ പഠിക്കുന്നു.,Malayalam
صباحا، أنا أكتب رسالة في المكتبة.,Arabic
ഞാൻ രാവിലെ സമയത്ത് നഗരത്തിൽ ഭാഷ പഠിക്കുന്നു എന്ന് പറഞ്ഞു.,Malayalam
صباحا، أنا أمارس الرياضة في المدينة.,Arabic
"காலை நேரத்தில், நான் வீட்டில் வேலைக்கு செல்கிறேன்.",Tamil
"το πρωί, Εγώ πίνω καφέ στη βιβλιοθήκη.",Greek
"தினமும், நான் நகரத்தில் பல்கலைக்கழகத்தில் படிக்கிறேன்.",Tamil
நான் காலையில் கடையில் புத்தகம் படிக்கிறேன் என்று கூறினார்.,Tamil
Εγώ μαθαίνω τη γλώσσα στη βιβλιοθήκη νωρίς το πρωί.,Greek
நான் மாலையில் நகரத்தில் மொழி கற்கிறேன் என்று கூறினார்.,Tamil
मैं चाय पीता हूँ पार्क में सुबह के समय।,Hindi
मैं काम पर जाता हूँ दुकान में शाम के समय।,Hindi
قال أنا إنه أشرب القهوة في المستشفى في المساء.,Arabic
"αύριο, Εγώ πηγαίνω στη δουλειά στο γραφείο.",Greek
Εγώ είπε ότι διαβάζω ένα βιβλίο στο εστιατόριο κάθε μέρα.,Greek
நான் பூங்காவில் மொழி கற்கிறேன் தினமும்.,Tamil
நான் பூங்காவில் கடிதம் எழுதுகிறேன் விரும்புகிறார்.,Tamil
Я читаю книгу в офисе вечером.,Russian
"на этой неделе, Я читаю книгу в ресторане.",Russian
ഈ ആഴ്ച ഞാൻ സ്കൂളിൽ സിനിമ കാണുന്നു.,Malayalam
Εγώ θέλει να σπουδάζω στο πανεπιστήμιο στο πανεπιστήμιο.,Greek
Εγώ είπε ότι γράφω ένα γράμμα στο πανεπιστήμιο νωρίς το πρωί.,Greek
நான் வீட்டில் வேலைக்கு செல்கிறேன் விரும்புகிறார்.,Tamil
"αυτή την εβδομάδα, Εγώ πίνω καφέ στο σπίτι.",Greek
ഞാൻ വൈകുന്നേരം ആശുപത്രിയിൽ സിനിമ കാണുന്നു.,Malayalam
قال أنا إنه أدرس في الجامعة في المكتبة في الصباح.,Arabic
ഞാൻ നഗരത്തിൽ വ്യായാമം ചെയ്യുന്നു ആഗ്രഹിക്കുന്നു.,Malayalam
Я учусь в университете в библиотеке рано утром.,Russian
أنا أشرب القهوة في المدرسة في الصباح.,Arabic
"ಪ್ರತಿದಿನ, ನಾನು ಉದ್ಯಾನವನದಲ್ಲಿ ಕಾಫಿ ಕುಡಿಯುತ್ತೇನೆ.",Kannada
"कल, मैं भाषा सीखता हूँ पुस्तकालय में।",Hindi
ഇന്ന് ഞാൻ സർവകലാശാലയിൽ കാപ്പി കുടിക്കുന്നു.,Malayalam
"Я сказал, что занимаюсь спортом в больнице поздно вечером.",Russian
Εγώ είπε ότι γράφω ένα γράμμα στο εστιατόριο αύριο.,Greek
मैं विश्वविद्यालय में पढ़ता हूँ पुस्तकालय में कल।,Hindi
ഞാൻ എല്ലാ ദിവസവും റെസ്റ്റോറന്റിൽ വ്യായാമം ചെയ്യുന്നു എന്ന് പറഞ്ഞു.,Malayalam
मैं फिल्म देखता हूँ पुस्तकालय में शाम को।,Hindi
أنا أدرس في الجامعة في المكتب مساء.,Arabic
ನಾನು ನಗರದಲ್ಲಿ ಪುಸ್ತಕ ಓದುತ್ತೇನೆ ಸಂಜೆಯ ಸಮಯದಲ್ಲಿ.,Kannada
ನಾನು ಬೆಳಗಿನ ಸಮಯದಲ್ಲಿ ನಗರದಲ್ಲಿ ವಿಶ್ವವಿದ್ಯಾಲಯದಲ್ಲಿ ಓದುತ್ತೇನೆ ಎಂದು ಹೇಳಿದರು.,Kannada
मैं ने कहा कि वह विश्वविद्यालय में काम पर जाता हूँ हर दिन।,Hindi
"το βράδυ, Εγώ διαβάζω ένα βιβλίο στο εστιατόριο.",Greek
أنا أذهب إلى العمل في الجامعة هذا الأسبوع.,Arabic
വൈകുന്നേരം ഞാൻ സ്കൂളിൽ സിനിമ കാണുന്നു.,Malayalam
في المساء، أنا أقرأ كتابا في المدرسة.,Arabic
நான் மாலை நேரத்தில் பல்கலைக்கழகத்தில் புத்தகம் படிக்கிறேன் என்று கூறினார்.,Tamil
"शाम को, मैं विश्वविद्यालय में पढ़ता हूँ पार्क में।",Hindi
Я хочет пью кофе в магазине.,Russian
ನಾನು ಬೆಳಗಿನ ಸಮಯದಲ್ಲಿ ಉದ್ಯಾನವನದಲ್ಲಿ ಸಿನಿಮಾ ನೋಡುತ್ತೇನೆ ಎಂದು ಹೇಳಿದರು.,Kannada
ನಾನು ವಿಶ್ವವಿದ್ಯಾಲಯದಲ್ಲಿ ವಿಶ್ವವಿದ್ಯಾಲಯದಲ್ಲಿ ಓದುತ್ತೇನೆ ಮಾಡಲು ಬಯಸುತ್ತಾನೆ.,Kannada
أنا أكتب رسالة في المكتب هذا الأسبوع.,Arabic
"на этой неделе, Я учусь в университете дома.",Russian
രാവിലെ സമയത്ത് ഞാൻ വീട്ടിൽ ജോലിക്ക് പോകുന്നു.,Malayalam
Εγώ είπε ότι μαθαίνω τη γλώσσα στη βιβλιοθήκη αυτή την εβδομάδα.,Greek
ನಾನು ಕಚೇರಿಯಲ್ಲಿ ಕೆಲಸಕ್ಕೆ ಹೋಗುತ್ತೇನೆ ಇಂದು.,Kannada
"हर दिन, मैं किताब पढ़ता हूँ विश्वविद्यालय में।",Hindi
"ಇಂದು, ನಾನು ಮನೆಯಲ್ಲಿ ಭಾಷೆ ಕಲಿಯುತ್ತೇನೆ.",Kannada
اليوم، أنا أشاهد فيلما في المدرسة.,Arabic
"утром, Я пью кофе в университете.",Russian
मैं फिल्म देखता हूँ स्कूल में शाम के समय।,Hindi
Εγώ είπε ότι κάνω γυμναστική στην πόλη σήμερα.,Greek
"सुबह के समय, मैं विश्वविद्यालय में पढ़ता हूँ रेस्तरां में।",Hindi
قال أنا إنه أكتب رسالة في المدرسة هذا الأسبوع.,Arabic
"தினமும், நான் பூங்காவில் வேலைக்கு செல்கிறேன்.",Tamil
രാവിലെ ഞാൻ ഓഫീസിൽ പുസ്തകം വായിക്കുന്നു.,Malayalam
ನಾನು ವಿಶ್ವವಿದ್ಯಾಲಯದಲ್ಲಿ ಪುಸ್ತಕ ಓದುತ್ತೇನೆ ಈ ವಾರ.,Kannada
Εγώ είπε ότι μαθαίνω τη γλώσσα στο πανεπιστήμιο αργά το βράδυ.,Greek
أنا أشاهد فيلما في الجامعة اليوم.,Arabic
എല്ലാ ദിവസവും ഞാൻ സ്കൂളിൽ ജോലിക്ക് പോകുന്നു.,Malayalam
நான் நூலகத்தில் பல்கலைக்கழகத்தில் படிக்கிறேன் மாலையில்.,Tamil
أنا أقرأ كتابا في الحديقة في الصباح.,Arabic
நான் மாலையில் நூலகத்தில் கடிதம் எழுதுகிறேன் என்று கூறினார்.,Tamil
ഞാൻ രാവിലെ റെസ്റ്റോറന്റിൽ പുസ്തകം വായിക്കുന്നു എന്ന് പറഞ്ഞു.,Malayalam
ഞാൻ വൈകുന്നേരം സമയത്ത് റെസ്റ്റോറന്റിൽ ജോലിക്ക് പോകുന്നു.,Malayalam
"सुबह के समय, मैं काम पर जाता हूँ स्कूल में।",Hindi
Εγώ είπε ότι μαθαίνω τη γλώσσα στο σχολείο το βράδυ.,Greek
நான் காலையில் உணவகத்தில் உடற்பயிற்சி செய்கிறேன் என்று கூறினார்.,Tamil
Εγώ είπε ότι πηγαίνω στη δουλειά στο γραφείο το πρωί.,Greek
Εγώ πίνω καφέ στο σπίτι το βράδυ.,Greek
غدا، أنا أشاهد فيلما في الجامعة.,Arabic
ഞാൻ കടയിൽ വ്യായാമം ചെയ്യുന്നു ആഗ്രഹിക്കുന്നു.,Malayalam
أنا أقرأ كتابا في الجامعة مساء.,Arabic
"рано утром, Я пью кофе в библиотеке.",Russian
أنا أذهب إلى العمل في المتجر في الصباح.,Arabic
நான் பூங்காவில் காபி குடிக்கிறேன் மாலை நேரத்தில்.,Tamil
ನಾನು ಆಸ್ಪತ್ರೆಯಲ್ಲಿ ಪತ್ರ ಬರೆಯುತ್ತೇನೆ ಪ್ರತಿದಿನ.,Kannada
நான் பள்ளியில் பல்கலைக்கழகத்தில் படிக்கிறேன் காலை நேரத்தில்.,Tamil
"இந்த வாரம், நான் கடையில் திரைப்படம் பார்க்கிறேன்.",Tamil
"Я сказал, что изучаю язык в офисе каждый день.",Russian
ನಾನು ಇಂದು ಶಾಲೆಯಲ್ಲಿ ಸಿನಿಮಾ ನೋಡುತ್ತೇನೆ ಎಂದು ಹೇಳಿದರು.,Kannada
Я пью кофе в магазине сегодня.,Russian
أنا أتعلم اللغة في الجامعة في الصباح.,Arabic
ನಾನು ಕಚೇರಿಯಲ್ಲಿ ಪುಸ್ತಕ ಓದುತ್ತೇನೆ ನಾಳೆ.,Kannada
ഞാൻ രാവിലെ കടയിൽ കാപ്പി കുടിക്കുന്നു എന്ന് പറഞ്ഞു.,Malayalam
Я изучаю язык в ресторане каждый день.,Russian
"தினமும், நான் அலுவலகத்தில் மொழி கற்கிறேன்.",Tamil
Я пью кофе в магазине рано утром.,Russian
Я занимаюсь спортом в университете завтра.,Russian
"поздно вечером, Я иду на работу в городе.",Russian
ನಾನು ಕಚೇರಿಯಲ್ಲಿ ವ್ಯಾಯಾಮ ಮಾಡುತ್ತೇನೆ ಮಾಡಲು ಬಯಸುತ್ತಾನೆ.,Kannada
مساء، أنا أقرأ كتابا في المدرسة.,Arabic
"Я сказал, что учусь в университете в офисе завтра.",Russian
ನಾನು ಬೆಳಿಗ್ಗೆ ನಗರದಲ್ಲಿ ವಿಶ್ವವಿದ್ಯಾಲಯದಲ್ಲಿ ಓದುತ್ತೇನೆ ಎಂದು ಹೇಳಿದರು.,Kannada
ನಾನು ಮನೆಯಲ್ಲಿ ಭಾಷೆ ಕಲಿಯುತ್ತೇನೆ ಪ್ರತಿದಿನ.,Kannada
நான் உணவகத்தில் திரைப்படம் பார்க்கிறேன் தினமும்.,Tamil
ഞാൻ വൈകുന്നേരം സമയത്ത് റെസ്റ്റോറന്റിൽ സർവകലാശാലയിൽ പഠിക്കുന്നു എന്ന് പറഞ്ഞു.,Malayalam
Я учусь в университете в городе утром.,Russian
Εγώ είπε ότι κάνω γυμναστική στο σχολείο νωρίς το πρωί.,Greek
நான் மாலை நேரத்தில் உணவகத்தில் உடற்பயிற்சி செய்கிறேன் என்று கூறினார்.,Tamil
ഞാൻ നാളെ ആശുപത്രിയിൽ കത്ത് എഴുതുന്നു എന്ന് പറഞ്ഞു.,Malayalam
"на этой неделе, Я смотрю фильм в парке.",Russian
ഞാൻ ഈ ആഴ്ച ആശുപത്രിയിൽ പുസ്തകം വായിക്കുന്നു.,Malayalam
"सुबह के समय, मैं फिल्म देखता हूँ रेस्तरां में।",Hindi
Εγώ είπε ότι γράφω ένα γράμμα στην πόλη αργά το βράδυ.,Greek
صباحا، أنا أشرب القهوة في المتجر.,Arabic
ನಾನು ಬೆಳಗಿನ ಸಮಯದಲ್ಲಿ ಅಂಗಡಿಯಲ್ಲಿ ಕೆಲಸಕ್ಕೆ ಹೋಗುತ್ತೇನೆ ಎಂದು ಹೇಳಿದರು.,Kannada
أنا أمارس الرياضة في المنزل كل يوم.,Arabic
मैं ने कहा कि वह कार्यालय में पत्र लिखता हूँ हर दिन।,Hindi
ഞാൻ ഇന്ന് നഗരത്തിൽ കാപ്പി കുടിക്കുന്നു.,Malayalam
Εγώ σπουδάζω στο πανεπιστήμιο στο γραφείο νωρίς το πρωί.,Greek
أنا أدرس في الجامعة في المطعم غدا.,Arabic
ഞാൻ എല്ലാ ദിവസവും ഓഫീസിൽ വ്യായാമം ചെയ്യുന്നു.,Malayalam
Εγώ σπουδάζω στο πανεπιστήμιο στην πόλη αύριο.,Greek
"இன்று, நான் பூங்காவில் உடற்பயிற்சி செய்கிறேன்.",Tamil
ನಾನು ನಗರದಲ್ಲಿ ಭಾಷೆ ಕಲಿಯುತ್ತೇನೆ ಮಾಡಲು ಬಯಸುತ್ತಾನೆ.,Kannada
நான் வீட்டில் மொழி கற்கிறேன் இன்று.,Tamil
ഈ ആഴ്ച ഞാൻ പാർക്കിൽ ഭാഷ പഠിക്കുന്നു.,Malayalam
"மாலை நேரத்தில், நான் மருத்துவமனையில் காபி குடிக்கிறேன்.",Tamil
நான் நகரத்தில் உடற்பயிற்சி செய்கிறேன் இந்த வாரம்.,Tamil
ഞാൻ എല്ലാ ദിവസവും ഓഫീസിൽ വ്യായാമം ചെയ്യുന്നു എന്ന് പറഞ്ഞു.,Malayalam
"завтра, Я читаю книгу в больнице.",Russian
"ಸಂಜೆಯ ಸಮಯದಲ್ಲಿ, ನಾನು ಉದ್ಯಾನವನದಲ್ಲಿ ಪುಸ್ತಕ ಓದುತ್ತೇನೆ.",Kannada
"மாலையில், நான் உணவகத்தில் உடற்பயிற்சி செய்கிறேன்.",Tamil
"Я сказал, что изучаю язык дома поздно вечером.",Russian
Εγώ θέλει να βλέπω μια ταινία στο σχολείο.,Greek
"το πρωί, Εγώ πίνω καφέ στο πάρκο.",Greek
Εγώ πηγαίνω στη δουλειά στο σχολείο το πρωί.,Greek
"каждый день, Я изучаю язык в ресторане.",Russian
أنا يريد أن أقرأ كتابا في الحديقة.,Arabic
ನಾನು ವಿಶ್ವವಿದ್ಯಾಲಯದಲ್ಲಿ ವ್ಯಾಯಾಮ ಮಾಡುತ್ತೇನೆ ಸಂಜೆಯ ಸಮಯದಲ್ಲಿ.,Kannada
நான் மருத்துவமனையில் வேலைக்கு செல்கிறேன் மாலையில்.,Tamil
Εγώ είπε ότι κάνω γυμναστική στο γραφείο αυτή την εβδομάδα.,Greek
"Я сказал, что изучаю язык в магазине утром.",Russian
ഞാൻ രാവിലെ സമയത്ത് ആശുപത്രിയിൽ ഭാഷ പഠിക്കുന്നു.,Malayalam
"αύριο, Εγώ βλέπω μια ταινία στο κατάστημα.",Greek
நான் பூங்காவில் பல்கலைக்கழகத்தில் படிக்கிறேன் இன்று.,Tamil
"தினமும், நான் மருத்துவமனையில் கடிதம் எழுதுகிறேன்.",Tamil
ഞാൻ വൈകുന്നേരം സമയത്ത് ലൈബ്രറിയിൽ പുസ്തകം വായിക്കുന്നു.,Malayalam
"தினமும், நான் பல்கலைக்கழகத்தில் உடற்பயிற்சி செய்கிறேன்.",Tamil
நான் நூலகத்தில் மொழி கற்கிறேன் தினமும்.,Tamil
أنا أكتب رسالة في المكتب اليوم.,Arabic
"Я сказал, что учусь в университете в офисе поздно вечером.",Russian
Εγώ πίνω καφέ στο κατάστημα κάθε μέρα.,Greek
أنا أدرس في الجامعة في المنزل في المساء.,Arabic
मैं विश्वविद्यालय में पढ़ता हूँ अस्पताल में कल।,Hindi
मैं ने कहा कि वह पार्क में विश्वविद्यालय में पढ़ता हूँ आज।,Hindi
நான் மாலையில் கடையில் கடிதம் எழுதுகிறேன் என்று கூறினார்.,Tamil
Εγώ είπε ότι μαθαίνω τη γλώσσα στο εστιατόριο αυτή την εβδομάδα.,Greek
أنا أشاهد فيلما في الحديقة في المساء.,Arabic
Я изучаю язык в школе каждый день.,Russian
ഞാൻ രാവിലെ സമയത്ത് ഓഫീസിൽ ഭാഷ പഠിക്കുന്നു.,Malayalam
"вечером, Я смотрю фильм в школе.",Russian
ನಾನು ಆಸ್ಪತ್ರೆಯಲ್ಲಿ ಸಿನಿಮಾ ನೋಡುತ್ತೇನೆ ಮಾಡಲು ಬಯಸುತ್ತಾನೆ.,Kannada
"Я сказал, что занимаюсь спортом в ресторане рано утром.",Russian
நான் பள்ளியில் திரைப்படம் பார்க்கிறேன் நாளை.,Tamil
"ಬೆಳಗಿನ ಸಮಯದಲ್ಲಿ, ನಾನು ಗ್ರಂಥಾಲಯದಲ್ಲಿ ಪತ್ರ ಬರೆಯುತ್ತೇನೆ.",Kannada
ഞാൻ ഈ ആഴ്ച പാർക്കിൽ കത്ത് എഴുതുന്നു.,Malayalam
قال أنا إنه أتعلم اللغة في المتجر كل يوم.,Arabic
நான் காலை நேரத்தில் பல்கலைக்கழகத்தில் திரைப்படம் பார்க்கிறேன் என்று கூறினார்.,Tamil
"हर दिन, मैं विश्वविद्यालय में पढ़ता हूँ कार्यालय में।",Hindi
قال أنا إنه أذهب إلى العمل في المدينة هذا الأسبوع.,Arabic
ഇന്ന് ഞാൻ ആശുപത്രിയിൽ കത്ത് എഴുതുന്നു.,Malayalam
நான் இன்று வீட்டில் காபி குடிக்கிறேன் என்று கூறினார்.,Tamil
"Я сказал, что смотрю фильм в ресторане на этой неделе.",Russian
मैं विश्वविद्यालय में काम पर जाता हूँ चाहता है।,Hindi
मैं पत्र लिखता हूँ स्कूल में इस सप्ताह।,Hindi
ನಾನು ನಾಳೆ ಗ್ರಂಥಾಲಯದಲ್ಲಿ ಕೆಲಸಕ್ಕೆ ಹೋಗುತ್ತೇನೆ ಎಂದು ಹೇಳಿದರು.,Kannada
ഞാൻ വൈകുന്നേരം പാർക്കിൽ പുസ്തകം വായിക്കുന്നു എന്ന് പറഞ്ഞു.,Malayalam
"कल, मैं विश्वविद्यालय में पढ़ता हूँ दुकान में।",Hindi
நான் மருத்துவமனையில் பல்கலைக்கழகத்தில் படிக்கிறேன் மாலை நேரத்தில்.,Tamil
"σήμερα, Εγώ πίνω καφέ στο πανεπιστήμιο.",Greek
"Я сказал, что иду на работу в школе на этой неделе.",Russian
நான் மாலை நேரத்தில் பூங்காவில் மொழி கற்கிறேன் என்று கூறினார்.,Tamil
ನಾನು ರೆಸ್ಟೋರೆಂಟ್‌ನಲ್ಲಿ ಭಾಷೆ ಕಲಿಯುತ್ತೇನೆ ಸಂಜೆಯ ಸಮಯದಲ್ಲಿ.,Kannada
நான் உணவகத்தில் திரைப்படம் பார்க்கிறேன் மாலை நேரத்தில்.,Tamil
ഞാൻ വൈകുന്നേരം സമയത്ത് റെസ്റ്റോറന്റിൽ ഭാഷ പഠിക്കുന്നു എന്ന് പറഞ്ഞു.,Malayalam
Я пью кофе в больнице утром.,Russian
"இந்த வாரம், நான் நூலகத்தில் பல்கலைக்கழகத்தில் படிக்கிறேன்.",Tamil
ഞാൻ നാളെ സർവകലാശാലയിൽ കാപ്പി കുടിക്കുന്നു എന്ന് പറഞ്ഞു.,Malayalam
Εγώ θέλει να σπουδάζω στο πανεπιστήμιο στη βιβλιοθήκη.,Greek
"ಈ ವಾರ, ನಾನು ಆಸ್ಪತ್ರೆಯಲ್ಲಿ ಸಿನಿಮಾ ನೋಡುತ್ತೇನೆ.",Kannada
كل يوم، أنا أشاهد فيلما في المدينة.,Arabic
"Я сказал, что пью кофе в ресторане рано утром.",Russian
நான் பல்கலைக்கழகத்தில் திரைப்படம் பார்க்கிறேன் இன்று.,Tamil
ನಾನು ಅಂಗಡಿಯಲ್ಲಿ ಪತ್ರ ಬರೆಯುತ್ತೇನೆ ಬೆಳಿಗ್ಗೆ.,Kannada
"आज, मैं व्यायाम करता हूँ शहर में।",Hindi
मैं काम पर जाता हूँ दुकान में शाम को।,Hindi
Я занимаюсь спортом в библиотеке поздно вечером.,Russian
صباحا، أنا أتعلم اللغة في المطعم.,Arabic
"ಸಂಜೆ, ನಾನು ಉದ್ಯಾನವನದಲ್ಲಿ ಸಿನಿಮಾ ನೋಡುತ್ತೇನೆ.",Kannada
ನಾನು ಪ್ರತಿದಿನ ಕಚೇರಿಯಲ್ಲಿ ಸಿನಿಮಾ ನೋಡುತ್ತೇನೆ ಎಂದು ಹೇಳಿದರು.,Kannada
मैं पत्र लिखता हूँ दुकान में सुबह।,Hindi
ನಾನು ನಾಳೆ ನಗರದಲ್ಲಿ ಭಾಷೆ ಕಲಿಯುತ್ತೇನೆ ಎಂದು ಹೇಳಿದರು.,Kannada
"ನಾಳೆ, ನಾನು ಉದ್ಯಾನವನದಲ್ಲಿ ಕೆಲಸಕ್ಕೆ ಹೋಗುತ್ತೇನೆ.",Kannada
நான் நூலகத்தில் உடற்பயிற்சி செய்கிறேன் காலையில்.,Tamil
Εγώ είπε ότι κάνω γυμναστική στη βιβλιοθήκη αυτή την εβδομάδα.,Greek
"Я сказал, что читаю книгу в школе каждый день.",Russian
Εγώ γράφω ένα γράμμα στο εστιατόριο αύριο.,Greek
Εγώ είπε ότι βλέπω μια ταινία στο σπίτι αύριο.,Greek
मैं व्यायाम करता हूँ दुकान में शाम को।,Hindi
मैं ने कहा कि वह स्कूल में व्यायाम करता हूँ सुबह के समय।,Hindi
ഞാൻ ഇന്ന് ആശുപത്രിയിൽ കാപ്പി കുടിക്കുന്നു.,Malayalam
ഞാൻ വൈകുന്നേരം സമയത്ത് കടയിൽ പുസ്തകം വായിക്കുന്നു എന്ന് പറഞ്ഞു.,Malayalam
Εγώ είπε ότι κάνω γυμναστική στο νοσοκομείο νωρίς το πρωί.,Greek
Εγώ γράφω ένα γράμμα στο πανεπιστήμιο σήμερα.,Greek
मैं ने कहा कि वह कार्यालय में विश्वविद्यालय में पढ़ता हूँ शाम के समय।,Hindi
"утром, Я смотрю фильм в магазине.",Russian
Εγώ θέλει να κάνω γυμναστική στο εστιατόριο.,Greek
ನಾನು ನಗರದಲ್ಲಿ ಕಾಫಿ ಕುಡಿಯುತ್ತೇನೆ ಪ್ರತಿದಿನ.,Kannada
"рано утром, Я пишу письмо в университете.",Russian
मैं ने कहा कि वह कार्यालय में काम पर जाता हूँ कल।,Hindi
"вечером, Я изучаю язык в больнице.",Russian
ഞാൻ രാവിലെ സർവകലാശാലയിൽ കത്ത് എഴുതുന്നു എന്ന് പറഞ്ഞു.,Malayalam
मैं विश्वविद्यालय में पढ़ता हूँ पार्क में आज।,Hindi
രാവിലെ സമയത്ത് ഞാൻ വീട്ടിൽ കാപ്പി കുടിക്കുന്നു.,Malayalam
ನಾನು ಕಚೇರಿಯಲ್ಲಿ ಪುಸ್ತಕ ಓದುತ್ತೇನೆ ಸಂಜೆ.,Kannada
Εγώ κάνω γυμναστική στο γραφείο αυτή την εβδομάδα.,Greek
Εγώ είπε ότι διαβάζω ένα βιβλίο στο νοσοκομείο το βράδυ.,Greek
"νωρίς το πρωί, Εγώ κάνω γυμναστική στη βιβλιοθήκη.",Greek
நான் நாளை கடையில் புத்தகம் படிக்கிறேன் என்று கூறினார்.,Tamil
"αργά το βράδυ, Εγώ γράφω ένα γράμμα στο πάρκο.",Greek
"Я сказал, что занимаюсь спортом в офисе завтра.",Russian
قال أنا إنه أشاهد فيلما في المكتب هذا الأسبوع.,Arabic
هذا الأسبوع، أنا أمارس الرياضة في المستشفى.,Arabic
ನಾನು ಆಸ್ಪತ್ರೆಯಲ್ಲಿ ಪುಸ್ತಕ ಓದುತ್ತೇನೆ ಈ ವಾರ.,Kannada
நான் வீட்டில் மொழி கற்கிறேன் இந்த வாரம்.,Tamil
നാളെ ഞാൻ നഗരത്തിൽ പുസ്തകം വായിക്കുന്നു.,Malayalam
قال أنا إنه أكتب رسالة في المطعم هذا الأسبوع.,Arabic
"αργά το βράδυ, Εγώ διαβάζω ένα βιβλίο στο πανεπιστήμιο.",Greek
أنا أقرأ كتابا في المكتبة صباحا.,Arabic
मैं फिल्म देखता हूँ घर में शाम के समय।,Hindi
"поздно вечером, Я читаю книгу в ресторане.",Russian
मैं ने कहा कि वह स्कूल में विश्वविद्यालय में पढ़ता हूँ हर दिन।,Hindi
ನಾನು ಬೆಳಿಗ್ಗೆ ಅಂಗಡಿಯಲ್ಲಿ ಪುಸ್ತಕ ಓದುತ್ತೇನೆ ಎಂದು ಹೇಳಿದರು.,Kannada
मैं चाय पीता हूँ अस्पताल में शाम को।,Hindi
நான் மருத்துவமனையில் புத்தகம் படிக்கிறேன் மாலை நேரத்தில்.,Tamil
मैं ने कहा कि वह कार्यालय में पत्र लिखता हूँ शाम को।,Hindi
ഞാൻ പാർക്കിൽ ഭാഷ പഠിക്കുന്നു ആഗ്രഹിക്കുന്നു.,Malayalam
मैं दुकान में व्यायाम करता हूँ चाहता है।,Hindi
قال أنا إنه أشرب القهوة في المتجر كل يوم.,Arabic
நான் இந்த வாரம் நூலகத்தில் திரைப்படம் பார்க்கிறேன் என்று கூறினார்.,Tamil
ನಾನು ಸಂಜೆ ನಗರದಲ್ಲಿ ವ್ಯಾಯಾಮ ಮಾಡುತ್ತೇನೆ ಎಂದು ಹೇಳಿದರು.,Kannada
मैं घर में पत्र लिखता हूँ चाहता है।,Hindi
நான் காலை நேரத்தில் பள்ளியில் புத்தகம் படிக்கிறேன் என்று கூறினார்.,Tamil
मैं ने कहा कि वह विश्वविद्यालय में भाषा सीखता हूँ आज।,Hindi
أنا أكتب رسالة في المستشفى كل يوم.,Arabic
Εγώ μαθαίνω τη γλώσσα στο πάρκο το πρωί.,Greek
"हर दिन, मैं फिल्म देखता हूँ पार्क में।",Hindi
كل يوم، أنا أمارس الرياضة في المدينة.,Arabic
ನಾನು ಆಸ್ಪತ್ರೆಯಲ್ಲಿ ಪುಸ್ತಕ ಓದುತ್ತೇನೆ ಬೆಳಗಿನ ಸಮಯದಲ್ಲಿ.,Kannada
ഞാൻ നാളെ ലൈബ്രറിയിൽ വ്യായാമം ചെയ്യുന്നു എന്ന് പറഞ്ഞു.,Malayalam
मैं व्यायाम करता हूँ शहर में हर दिन।,Hindi
"σήμερα, Εγώ βλέπω μια ταινία στην πόλη.",Greek
Я читаю книгу в университете поздно вечером.,Russian
Я читаю книгу в ресторане вечером.,Russian
هذا الأسبوع، أنا أكتب رسالة في المتجر.,Arabic
நான் தினமும் பூங்காவில் உடற்பயிற்சி செய்கிறேன் என்று கூறினார்.,Tamil
قال أنا إنه أشرب القهوة في المنزل غدا.,Arabic
நான் பல்கலைக்கழகத்தில் மொழி கற்கிறேன் காலை நேரத்தில்.,Tamil
मैं भाषा सीखता हूँ अस्पताल में हर दिन।,Hindi
قال أنا إنه أذهب إلى العمل في الجامعة كل يوم.,Arabic
ഞാൻ ഇന്ന് ലൈബ്രറിയിൽ കാപ്പി കുടിക്കുന്നു എന്ന് പറഞ്ഞു.,Malayalam
"शाम के समय, मैं फिल्म देखता हूँ घर में।",Hindi
ನಾನು ನಗರದಲ್ಲಿ ವಿಶ್ವವಿದ್ಯಾಲಯದಲ್ಲಿ ಓದುತ್ತೇನೆ ಬೆಳಿಗ್ಗೆ.,Kannada
मैं ने कहा कि वह रेस्तरां में व्यायाम करता हूँ सुबह के समय।,Hindi
"शाम को, मैं विश्वविद्यालय में पढ़ता हूँ दुकान में।",Hindi
قال أنا إنه أدرس في الجامعة في المدينة في المساء.,Arabic
நான் பள்ளியில் உடற்பயிற்சி செய்கிறேன் நாளை.,Tamil
قال أنا إنه أشاهد فيلما في المدينة مساء.,Arabic
Εγώ βλέπω μια ταινία στο νοσοκομείο αργά το βράδυ.,Greek
ഞാൻ ആശുപത്രിയിൽ കത്ത് എഴുതുന്നു ആഗ്രഹിക്കുന്നു.,Malayalam
"हर दिन, मैं व्यायाम करता हूँ विश्वविद्यालय में।",Hindi
ನಾನು ಸಂಜೆಯ ಸಮಯದಲ್ಲಿ ಮನೆಯಲ್ಲಿ ಪತ್ರ ಬರೆಯುತ್ತೇನೆ ಎಂದು ಹೇಳಿದರು.,Kannada
ഞാൻ വൈകുന്നേരം സമയത്ത് സ്കൂളിൽ പുസ്തകം വായിക്കുന്നു.,Malayalam
"காலையில், நான் மருத்துவமனையில் உடற்பயிற்சி செய்கிறேன்.",Tamil
قال أنا إنه أشاهد فيلما في الحديقة اليوم.,Arabic
Я занимаюсь спортом в офисе вечером.,Russian
Я учусь в университете в университете на этой неделе.,Russian
"κάθε μέρα, Εγώ βλέπω μια ταινία στο σχολείο.",Greek
أنا أذهب إلى العمل في المدينة في الصباح.,Arabic
ನಾನು ಪ್ರತಿದಿನ ಕಚೇರಿಯಲ್ಲಿ ಕೆಲಸಕ್ಕೆ ಹೋಗುತ್ತೇನೆ ಎಂದು ಹೇಳಿದರು.,Kannada
நான் தினமும் பூங்காவில் கடிதம் எழுதுகிறேன் என்று கூறினார்.,Tamil
ನಾನು ಆಸ್ಪತ್ರೆಯಲ್ಲಿ ವ್ಯಾಯಾಮ ಮಾಡುತ್ತೇನೆ ಸಂಜೆಯ ಸಮಯದಲ್ಲಿ.,Kannada
ഞാൻ വൈകുന്നേരം കടയിൽ വ്യായാമം ചെയ്യുന്നു.,Malayalam
"ಪ್ರತಿದಿನ, ನಾನು ಅಂಗಡಿಯಲ್ಲಿ ವಿಶ್ವವಿದ್ಯಾಲಯದಲ್ಲಿ ಓದುತ್ತೇನೆ.",Kannada
நான் வீட்டில் மொழி கற்கிறேன் தினமும்.,Tamil
ನಾನು ವಿಶ್ವವಿದ್ಯಾಲಯದಲ್ಲಿ ಪತ್ರ ಬರೆಯುತ್ತೇನೆ ಸಂಜೆಯ ಸಮಯದಲ್ಲಿ.,Kannada
Εγώ διαβάζω ένα βιβλίο στο σχολείο αυτή την εβδομάδα.,Greek
मैं ने कहा कि वह विश्वविद्यालय में काम पर जाता हूँ शाम को।,Hindi
நான் இன்று அலுவலகத்தில் திரைப்படம் பார்க்கிறேன் என்று கூறினார்.,Tamil
मैं चाय पीता हूँ दुकान में सुबह।,Hindi
أنا أدرس في الجامعة في المستشفى صباحا.,Arabic
"ಪ್ರತಿದಿನ, ನಾನು ಆಸ್ಪತ್ರೆಯಲ್ಲಿ ಪುಸ್ತಕ ಓದುತ್ತೇನೆ.",Kannada
ನಾನು ಇಂದು ಆಸ್ಪತ್ರೆಯಲ್ಲಿ ಸಿನಿಮಾ ನೋಡುತ್ತೇನೆ ಎಂದು ಹೇಳಿದರು.,Kannada
ನಾನು ಕಚೇರಿಯಲ್ಲಿ ವಿಶ್ವವಿದ್ಯಾಲಯದಲ್ಲಿ ಓದುತ್ತೇನೆ ಮಾಡಲು ಬಯಸುತ್ತಾನೆ.,Kannada
ನಾನು ಕಚೇರಿಯಲ್ಲಿ ಪತ್ರ ಬರೆಯುತ್ತೇನೆ ಪ್ರತಿದಿನ.,Kannada
मैं ने कहा कि वह पुस्तकालय में किताब पढ़ता हूँ शाम के समय।,Hindi
मैं ने कहा कि वह विश्वविद्यालय में व्यायाम करता हूँ आज।,Hindi
मैं शहर में किताब पढ़ता हूँ चाहता है।,Hindi
நான் காலை நேரத்தில் பூங்காவில் புத்தகம் படிக்கிறேன் என்று கூறினார்.,Tamil
ഈ ആഴ്ച ഞാൻ കടയിൽ കത്ത് എഴുതുന്നു.,Malayalam
मैं ने कहा कि वह पुस्तकालय में भाषा सीखता हूँ कल।,Hindi
मैं ने कहा कि वह पुस्तकालय में व्यायाम करता हूँ इस सप्ताह।,Hindi
قال أنا إنه أشاهد فيلما في المستشفى صباحا.,Arabic
"இந்த வாரம், நான் நகரத்தில் புத்தகம் படிக்கிறேன்.",Tamil
ನಾನು ರೆಸ್ಟೋರೆಂಟ್‌ನಲ್ಲಿ ವ್ಯಾಯಾಮ ಮಾಡುತ್ತೇನೆ ಮಾಡಲು ಬಯಸುತ್ತಾನೆ.,Kannada
"Я сказал, что смотрю фильм в магазине сегодня.",Russian
ഞാൻ ഇന്ന് ലൈബ്രറിയിൽ കത്ത് എഴുതുന്നു എന്ന് പറഞ്ഞു.,Malayalam
"ಈ ವಾರ, ನಾನು ನಗರದಲ್ಲಿ ಕೆಲಸಕ್ಕೆ ಹೋಗುತ್ತೇನೆ.",Kannada
ഞാൻ എല്ലാ ദിവസവും സ്കൂളിൽ വ്യായാമം ചെയ്യുന്നു എന്ന് പറഞ്ഞു.,Malayalam
நான் அலுவலகத்தில் கடிதம் எழுதுகிறேன் இந்த வாரம்.,Tamil
صباحا، أنا أشرب القهوة في المنزل.,Arabic
"Я сказал, что пью кофе в парке рано утром.",Russian
أنا أشرب القهوة في الجامعة غدا.,Arabic
நான் காலையில் அலுவலகத்தில் பல்கலைக்கழகத்தில் படிக்கிறேன் என்று கூறினார்.,Tamil
ഞാൻ ഈ ആഴ്ച കടയിൽ ജോലിക്ക് പോകുന്നു.,Malayalam
मैं ने कहा कि वह दुकान में व्यायाम करता हूँ आज।,Hindi
Εγώ είπε ότι διαβάζω ένα βιβλίο στη βιβλιοθήκη αυτή την εβδομάδα.,Greek
मैं पत्र लिखता हूँ अस्पताल में शाम के समय।,Hindi
Εγώ βλέπω μια ταινία στο σπίτι το πρωί.,Greek
Εγώ κάνω γυμναστική στο σπίτι αργά το βράδυ.,Greek
ನಾನು ಶಾಲೆಯಲ್ಲಿ ಸಿನಿಮಾ ನೋಡುತ್ತೇನೆ ಪ್ರತಿದಿನ.,Kannada
"நாளை, நான் வீட்டில் திரைப்படம் பார்க்கிறேன்.",Tamil
Εγώ θέλει να διαβάζω ένα βιβλίο στο κατάστημα.,Greek
"மாலை நேரத்தில், நான் கடையில் புத்தகம் படிக்கிறேன்.",Tamil
நான் மாலை நேரத்தில் பள்ளியில் புத்தகம் படிக்கிறேன் என்று கூறினார்.,Tamil
ನಾನು ಉದ್ಯಾನವನದಲ್ಲಿ ಪುಸ್ತಕ ಓದುತ್ತೇನೆ ನಾಳೆ.,Kannada
"ಸಂಜೆ, ನಾನು ಆಸ್ಪತ್ರೆಯಲ್ಲಿ ಪತ್ರ ಬರೆಯುತ್ತೇನೆ.",Kannada
قال أنا إنه أدرس في الجامعة في المتجر صباحا.,Arabic
ഞാൻ രാവിലെ ആശുപത്രിയിൽ ഭാഷ പഠിക്കുന്നു എന്ന് പറഞ്ഞു.,Malayalam
ഇന്ന് ഞാൻ ആശുപത്രിയിൽ സർവകലാശാലയിൽ പഠിക്കുന്നു.,Malayalam
ನಾನು ಅಂಗಡಿಯಲ್ಲಿ ಕಾಫಿ ಕುಡಿಯುತ್ತೇನೆ ನಾಳೆ.,Kannada
ನಾನು ಆಸ್ಪತ್ರೆಯಲ್ಲಿ ಪತ್ರ ಬರೆಯುತ್ತೇನೆ ನಾಳೆ.,Kannada
വൈകുന്നേരം സമയത്ത് ഞാൻ കടയിൽ ജോലിക്ക് പോകുന്നു.,Malayalam
"மாலையில், நான் கடையில் வேலைக்கு செல்கிறேன்.",Tamil
Εγώ είπε ότι βλέπω μια ταινία στο σχολείο αυτή την εβδομάδα.,Greek
Εγώ βλέπω μια ταινία στο εστιατόριο αργά το βράδυ.,Greek
Εγώ είπε ότι πηγαίνω στη δουλειά στο νοσοκομείο σήμερα.,Greek
"शाम के समय, मैं भाषा सीखता हूँ पुस्तकालय में।",Hindi
قال أنا إنه أقرأ كتابا في الحديقة صباحا.,Arabic
"காலையில், நான் மருத்துவமனையில் புத்தகம் படிக்கிறேன்.",Tamil
ഞാൻ രാവിലെ സമയത്ത് ലൈബ്രറിയിൽ ഭാഷ പഠിക്കുന്നു.,Malayalam
"вечером, Я иду на работу в городе.",Russian
मैं चाय पीता हूँ अस्पताल में कल।,Hindi
நான் பூங்காவில் உடற்பயிற்சி செய்கிறேன் மாலையில்.,Tamil
"सुबह के समय, मैं व्यायाम करता हूँ रेस्तरां में।",Hindi
قال أنا إنه أشرب القهوة في المكتب في المساء.,Arabic
ഞാൻ എല്ലാ ദിവസവും സ്കൂളിൽ സിനിമ കാണുന്നു.,Malayalam
"காலையில், நான் வீட்டில் புத்தகம் படிக்கிறேன்.",Tamil
"Я сказал, что пишу письмо в больнице завтра.",Russian
أنا يريد أن أكتب رسالة في المستشفى.,Arabic
நான் காலை நேரத்தில் அலுவலகத்தில் காபி குடிக்கிறேன் என்று கூறினார்.,Tamil
ನಾನು ಶಾಲೆಯಲ್ಲಿ ಪತ್ರ ಬರೆಯುತ್ತೇನೆ ಪ್ರತಿದಿನ.,Kannada
நான் தினமும் அலுவலகத்தில் வேலைக்கு செல்கிறேன் என்று கூறினார்.,Tamil
ഞാൻ രാവിലെ സമയത്ത് പാർക്കിൽ ജോലിക്ക് പോകുന്നു.,Malayalam
ഞാൻ രാവിലെ സർവകലാശാലയിൽ വ്യായാമം ചെയ്യുന്നു.,Malayalam
"утром, Я изучаю язык дома.",Russian
ഞാൻ ഇന്ന് സർവകലാശാലയിൽ സർവകലാശാലയിൽ പഠിക്കുന്നു എന്ന് പറഞ്ഞു.,Malayalam
غدا، أنا أدرس في الجامعة في المنزل.,Arabic
"Я сказал, что занимаюсь спортом в школе завтра.",Russian
Я смотрю фильм в парке рано утром.,Russian
ഞാൻ ഇന്ന് ആശുപത്രിയിൽ പുസ്തകം വായിക്കുന്നു.,Malayalam
ನಾನು ಶಾಲೆಯಲ್ಲಿ ಕಾಫಿ ಕುಡಿಯುತ್ತೇನೆ ಸಂಜೆ.,Kannada
Εγώ βλέπω μια ταινία στο πανεπιστήμιο αυτή την εβδομάδα.,Greek
நான் நூலகத்தில் வேலைக்கு செல்கிறேன் காலையில்.,Tamil
मैं ने कहा कि वह स्कूल में पत्र लिखता हूँ इस सप्ताह।,Hindi
ഞാൻ രാവിലെ സ്കൂളിൽ സർവകലാശാലയിൽ പഠിക്കുന്നു എന്ന് പറഞ്ഞു.,Malayalam
Εγώ μαθαίνω τη γλώσσα στη βιβλιοθήκη το πρωί.,Greek
நான் பூங்காவில் மொழி கற்கிறேன் விரும்புகிறார்.,Tamil
"Я сказал, что пишу письмо в офисе утром.",Russian
"Я сказал, что учусь в университете в магазине на этой неделе.",Russian
நான் நாளை கடையில் கடிதம் எழுதுகிறேன் என்று கூறினார்.,Tamil
"ನಾಳೆ, ನಾನು ಮನೆಯಲ್ಲಿ ಕಾಫಿ ಕುಡಿಯುತ್ತೇನೆ.",Kannada
"हर दिन, मैं काम पर जाता हूँ घर में।",Hindi
"Я сказал, что учусь в университете в магазине поздно вечером.",Russian
വൈകുന്നേരം ഞാൻ വീട്ടിൽ കത്ത് എഴുതുന്നു.,Malayalam
ഞാൻ എല്ലാ ദിവസവും സർവകലാശാലയിൽ കാപ്പി കുടിക്കുന്നു.,Malayalam
Εγώ σπουδάζω στο πανεπιστήμιο στο πάρκο το βράδυ.,Greek
"शाम को, मैं विश्वविद्यालय में पढ़ता हूँ पुस्तकालय में।",Hindi
قال أنا إنه أكتب رسالة في الحديقة غدا.,Arabic
"மாலை நேரத்தில், நான் நூலகத்தில் உடற்பயிற்சி செய்கிறேன்.",Tamil
വൈകുന്നേരം ഞാൻ ആശുപത്രിയിൽ കത്ത് എഴുതുന്നു.,Malayalam
मैं चाय पीता हूँ कार्यालय में हर दिन।,Hindi
Εγώ μαθαίνω τη γλώσσα στο πάρκο κάθε μέρα.,Greek
أنا أقرأ كتابا في المنزل اليوم.,Arabic
ഞാൻ രാവിലെ വീട്ടിൽ കാപ്പി കുടിക്കുന്നു എന്ന് പറഞ്ഞു.,Malayalam
"தினமும், நான் வீட்டில் பல்கலைக்கழகத்தில் படிக்கிறேன்.",Tamil
நான் மாலையில் பள்ளியில் காபி குடிக்கிறேன் என்று கூறினார்.,Tamil
ഞാൻ നാളെ വീട്ടിൽ സർവകലാശാലയിൽ പഠിക്കുന്നു.,Malayalam
"αύριο, Εγώ κάνω γυμναστική στο εστιατόριο.",Greek
Εγώ πίνω καφέ στο νοσοκομείο σήμερα.,Greek
"νωρίς το πρωί, Εγώ διαβάζω ένα βιβλίο στη βιβλιοθήκη.",Greek
എല്ലാ ദിവസവും ഞാൻ ലൈബ്രറിയിൽ കാപ്പി കുടിക്കുന്നു.,Malayalam
ഞാൻ ഇന്ന് കടയിൽ ഭാഷ പഠിക്കുന്നു എന്ന് പറഞ്ഞു.,Malayalam
Εγώ γράφω ένα γράμμα στη βιβλιοθήκη το βράδυ.,Greek
Я смотрю фильм в университете завтра.,Russian
"ಬೆಳಗಿನ ಸಮಯದಲ್ಲಿ, ನಾನು ಗ್ರಂಥಾಲಯದಲ್ಲಿ ಸಿನಿಮಾ ನೋಡುತ್ತೇನೆ.",Kannada
நான் இந்த வாரம் நூலகத்தில் மொழி கற்கிறேன் என்று கூறினார்.,Tamil
"на этой неделе, Я изучаю язык в университете.",Russian
मैं ने कहा कि वह घर में किताब पढ़ता हूँ इस सप्ताह।,Hindi
"ಸಂಜೆಯ ಸಮಯದಲ್ಲಿ, ನಾನು ಉದ್ಯಾನವನದಲ್ಲಿ ಕೆಲಸಕ್ಕೆ ಹೋಗುತ್ತೇನೆ.",Kannada
"Я сказал, что иду на работу в больнице завтра.",Russian
ഞാൻ രാവിലെ കടയിൽ സിനിമ കാണുന്നു എന്ന് പറഞ്ഞു.,Malayalam
"ಇಂದು, ನಾನು ವಿಶ್ವವಿದ್ಯಾಲಯದಲ್ಲಿ ವ್ಯಾಯಾಮ ಮಾಡುತ್ತೇನೆ.",Kannada
"ಬೆಳಿಗ್ಗೆ, ನಾನು ಶಾಲೆಯಲ್ಲಿ ಕೆಲಸಕ್ಕೆ ಹೋಗುತ್ತೇನೆ.",Kannada
ഞാൻ രാവിലെ സമയത്ത് ആശുപത്രിയിൽ പുസ്തകം വായിക്കുന്നു.,Malayalam
Εγώ βλέπω μια ταινία στο σχολείο κάθε μέρα.,Greek
"поздно вечером, Я изучаю язык в ресторане.",Russian
ഞാൻ ഓഫീസിൽ കത്ത് എഴുതുന്നു ആഗ്രഹിക്കുന്നു.,Malayalam
"தினமும், நான் கடையில் வேலைக்கு செல்கிறேன்.",Tamil
நான் இன்று மருத்துவமனையில் காபி குடிக்கிறேன் என்று கூறினார்.,Tamil
Εγώ κάνω γυμναστική στη βιβλιοθήκη αργά το βράδυ.,Greek
ನಾನು ಪ್ರತಿದಿನ ಅಂಗಡಿಯಲ್ಲಿ ಪುಸ್ತಕ ಓದುತ್ತೇನೆ ಎಂದು ಹೇಳಿದರು.,Kannada
Εγώ μαθαίνω τη γλώσσα στο νοσοκομείο αύριο.,Greek
ನಾನು ಪ್ರತಿದಿನ ಶಾಲೆಯಲ್ಲಿ ಪತ್ರ ಬರೆಯುತ್ತೇನೆ ಎಂದು ಹೇಳಿದರು.,Kannada
"ಪ್ರತಿದಿನ, ನಾನು ಅಂಗಡಿಯಲ್ಲಿ ಭಾಷೆ ಕಲಿಯುತ್ತೇನೆ.",Kannada
ഞാൻ രാവിലെ സമയത്ത് കടയിൽ സർവകലാശാലയിൽ പഠിക്കുന്നു എന്ന് പറഞ്ഞു.,Malayalam
أنا أقرأ كتابا في المتجر هذا الأسبوع.,Arabic
"αργά το βράδυ, Εγώ μαθαίνω τη γλώσσα στην πόλη.",Greek
ನಾನು ಶಾಲೆಯಲ್ಲಿ ಭಾಷೆ ಕಲಿಯುತ್ತೇನೆ ಸಂಜೆ.,Kannada
"इस सप्ताह, मैं व्यायाम करता हूँ विश्वविद्यालय में।",Hindi
Εγώ σπουδάζω στο πανεπιστήμιο στο σπίτι αυτή την εβδομάδα.,Greek
"आज, मैं फिल्म देखता हूँ कार्यालय में।",Hindi
أنا أشرب القهوة في المدينة هذا الأسبوع.,Arabic
ഞാൻ ഇന്ന് കടയിൽ ജോലിക്ക് പോകുന്നു.,Malayalam
قال أنا إنه أقرأ كتابا في المكتب هذا الأسبوع.,Arabic
هذا الأسبوع، أنا أقرأ كتابا في المنزل.,Arabic
நான் பல்கலைக்கழகத்தில் காபி குடிக்கிறேன் காலையில்.,Tamil
Я учусь в университете в парке на этой неделе.,Russian
صباحا، أنا أشاهد فيلما في الحديقة.,Arabic
ഞാൻ രാവിലെ നഗരത്തിൽ പുസ്തകം വായിക്കുന്നു.,Malayalam
நான் காலை நேரத்தில் பள்ளியில் பல்கலைக்கழகத்தில் படிக்கிறேன் என்று கூறினார்.,Tamil
"आज, मैं व्यायाम करता हूँ विश्वविद्यालय में।",Hindi
Я изучаю язык в городе поздно вечером.,Russian
நான் மருத்துவமனையில் மொழி கற்கிறேன் நாளை.,Tamil
"Я сказал, что изучаю язык в офисе на этой неделе.",Russian
ഇന്ന് ഞാൻ സർവകലാശാലയിൽ ഭാഷ പഠിക്കുന്നു.,Malayalam
"αυτή την εβδομάδα, Εγώ βλέπω μια ταινία στο πανεπιστήμιο.",Greek
ഞാൻ വൈകുന്നേരം സമയത്ത് വീട്ടിൽ സിനിമ കാണുന്നു.,Malayalam
"αύριο, Εγώ κάνω γυμναστική στο κατάστημα.",Greek
"Я сказал, что изучаю язык в парке завтра.",Russian
ഞാൻ വൈകുന്നേരം ആശുപത്രിയിൽ പുസ്തകം വായിക്കുന്നു എന്ന് പറഞ്ഞു.,Malayalam
"Я сказал, что смотрю фильм дома завтра.",Russian
ನಾನು ಬೆಳಿಗ್ಗೆ ಗ್ರಂಥಾಲಯದಲ್ಲಿ ಸಿನಿಮಾ ನೋಡುತ್ತೇನೆ ಎಂದು ಹೇಳಿದರು.,Kannada
"शाम के समय, मैं फिल्म देखता हूँ अस्पताल में।",Hindi
Я пью кофе в ресторане поздно вечером.,Russian
நான் உணவகத்தில் கடிதம் எழுதுகிறேன் காலையில்.,Tamil
Я хочет иду на работу в офисе.,Russian
"தினமும், நான் பள்ளியில் திரைப்படம் பார்க்கிறேன்.",Tamil
قال أنا إنه أكتب رسالة في المنزل صباحا.,Arabic
قال أنا إنه أكتب رسالة في المستشفى هذا الأسبوع.,Arabic
நான் மாலை நேரத்தில் உணவகத்தில் காபி குடிக்கிறேன் என்று கூறினார்.,Tamil
Я занимаюсь спортом в городе завтра.,Russian
"ಸಂಜೆಯ ಸಮಯದಲ್ಲಿ, ನಾನು ಆಸ್ಪತ್ರೆಯಲ್ಲಿ ಕಾಫಿ ಕುಡಿಯುತ್ತೇನೆ.",Kannada
أنا أتعلم اللغة في المكتب صباحا.,Arabic
"αργά το βράδυ, Εγώ κάνω γυμναστική στο νοσοκομείο.",Greek
Εγώ γράφω ένα γράμμα στο πανεπιστήμιο κάθε μέρα.,Greek
ನಾನು ಇಂದು ವಿಶ್ವವಿದ್ಯಾಲಯದಲ್ಲಿ ಕಾಫಿ ಕುಡಿಯುತ್ತೇನೆ ಎಂದು ಹೇಳಿದರು.,Kannada
Εγώ είπε ότι μαθαίνω τη γλώσσα στο νοσοκομείο σήμερα.,Greek
Я хочет занимаюсь спортом в школе.,Russian
"αυτή την εβδομάδα, Εγώ βλέπω μια ταινία στη βιβλιοθήκη.",Greek
Я пью кофе в городе сегодня.,Russian
غدا، أنا أكتب رسالة في المستشفى.,Arabic
"ಬೆಳಗಿನ ಸಮಯದಲ್ಲಿ, ನಾನು ವಿಶ್ವವಿದ್ಯಾಲಯದಲ್ಲಿ ವ್ಯಾಯಾಮ ಮಾಡುತ್ತೇನೆ.",Kannada
நான் பள்ளியில் புத்தகம் படிக்கிறேன் காலையில்.,Tamil
मैं ने कहा कि वह विश्वविद्यालय में पत्र लिखता हूँ आज।,Hindi
ನಾನು ಮನೆಯಲ್ಲಿ ಕಾಫಿ ಕುಡಿಯುತ್ತೇನೆ ಇಂದು.,Kannada
"ಈ ವಾರ, ನಾನು ವಿಶ್ವವಿದ್ಯಾಲಯದಲ್ಲಿ ಪುಸ್ತಕ ಓದುತ್ತೇನೆ.",Kannada
أنا يريد أن أتعلم اللغة في الجامعة.,Arabic
Я иду на работу дома каждый день.,Russian
രാവിലെ ഞാൻ ലൈബ്രറിയിൽ ഭാഷ പഠിക്കുന്നു.,Malayalam
"நாளை, நான் பள்ளியில் புத்தகம் படிக்கிறேன்.",Tamil
ഞാൻ വൈകുന്നേരം സ്കൂളിൽ പുസ്തകം വായിക്കുന്നു.,Malayalam
ನಾನು ಮನೆಯಲ್ಲಿ ಭಾಷೆ ಕಲಿಯುತ್ತೇನೆ ಬೆಳಗಿನ ಸಮಯದಲ್ಲಿ.,Kannada
நான் மருத்துவமனையில் பல்கலைக்கழகத்தில் படிக்கிறேன் இன்று.,Tamil
في المساء، أنا أمارس الرياضة في المستشفى.,Arabic
مساء، أنا أشرب القهوة في المنزل.,Arabic
ನಾನು ಸಂಜೆ ರೆಸ್ಟೋರೆಂಟ್‌ನಲ್ಲಿ ಪುಸ್ತಕ ಓದುತ್ತೇನೆ ಎಂದು ಹೇಳಿದರು.,Kannada
قال أنا إنه أشرب القهوة في المكتب في الصباح.,Arabic
ഞാൻ രാവിലെ പാർക്കിൽ പുസ്തകം വായിക്കുന്നു എന്ന് പറഞ്ഞു.,Malayalam
நான் காலையில் மருத்துவமனையில் பல்கலைக்கழகத்தில் படிக்கிறேன் என்று கூறினார்.,Tamil
"на этой неделе, Я иду на работу в библиотеке.",Russian
Εγώ κάνω γυμναστική στο σχολείο σήμερα.,Greek
"το πρωί, Εγώ πίνω καφέ στο νοσοκομείο.",Greek
ഞാൻ എല്ലാ ദിവസവും ലൈബ്രറിയിൽ സിനിമ കാണുന്നു.,Malayalam
"το βράδυ, Εγώ κάνω γυμναστική στο νοσοκομείο.",Greek
Εγώ είπε ότι σπουδάζω στο πανεπιστήμιο στο εστιατόριο αύριο.,Greek
मैं ने कहा कि वह कार्यालय में भाषा सीखता हूँ सुबह के समय।,Hindi
أنا أشاهد فيلما في المستشفى هذا الأسبوع.,Arabic
நான் பள்ளியில் காபி குடிக்கிறேன் மாலை நேரத்தில்.,Tamil
Я пью кофе в городе завтра.,Russian
நான் பள்ளியில் பல்கலைக்கழகத்தில் படிக்கிறேன் மாலை நேரத்தில்.,Tamil
"αργά το βράδυ, Εγώ κάνω γυμναστική στην πόλη.",Greek
ഞാൻ രാവിലെ സർവകലാശാലയിൽ സർവകലാശാലയിൽ പഠിക്കുന്നു എന്ന് പറഞ്ഞു.,Malayalam
मैं ने कहा कि वह स्कूल में काम पर जाता हूँ इस सप्ताह।,Hindi
"αυτή την εβδομάδα, Εγώ διαβάζω ένα βιβλίο στο κατάστημα.",Greek
Я пью кофе в университете поздно вечером.,Russian
ഈ ആഴ്ച ഞാൻ കടയിൽ വ്യായാമം ചെയ്യുന്നു.,Malayalam
ഞാൻ നാളെ സർവകലാശാലയിൽ കത്ത് എഴുതുന്നു.,Malayalam
"தினமும், நான் பள்ளியில் கடிதம் எழுதுகிறேன்.",Tamil
Εγώ είπε ότι κάνω γυμναστική στο νοσοκομείο σήμερα.,Greek
أنا أتعلم اللغة في الجامعة هذا الأسبوع.,Arabic
நான் இந்த வாரம் பூங்காவில் பல்கலைக்கழகத்தில் படிக்கிறேன் என்று கூறினார்.,Tamil
நான் நூலகத்தில் வேலைக்கு செல்கிறேன் விரும்புகிறார்.,Tamil
Εγώ διαβάζω ένα βιβλίο στο σχολείο το πρωί.,Greek
أنا أذهب إلى العمل في المكتب هذا الأسبوع.,Arabic
"αργά το βράδυ, Εγώ κάνω γυμναστική στο σχολείο.",Greek
मैं विश्वविद्यालय में पढ़ता हूँ विश्वविद्यालय में आज।,Hindi
"इस सप्ताह, मैं भाषा सीखता हूँ घर में।",Hindi
मैं ने कहा कि वह दुकान में किताब पढ़ता हूँ सुबह के समय।,Hindi
ഞാൻ വൈകുന്നേരം ലൈബ്രറിയിൽ വ്യായാമം ചെയ്യുന്നു എന്ന് പറഞ്ഞു.,Malayalam
நான் மருத்துவமனையில் வேலைக்கு செல்கிறேன் தினமும்.,Tamil
"सुबह के समय, मैं व्यायाम करता हूँ स्कूल में।",Hindi
ನಾನು ನಾಳೆ ಅಂಗಡಿಯಲ್ಲಿ ಕೆಲಸಕ್ಕೆ ಹೋಗುತ್ತೇನೆ ಎಂದು ಹೇಳಿದರು.,Kannada
ഞാൻ നാളെ ലൈബ്രറിയിൽ കത്ത് എഴുതുന്നു.,Malayalam
ನಾನು ನಾಳೆ ಮನೆಯಲ್ಲಿ ಪತ್ರ ಬರೆಯುತ್ತೇನೆ ಎಂದು ಹೇಳಿದರು.,Kannada
நான் மாலையில் மருத்துவமனையில் காபி குடிக்கிறேன் என்று கூறினார்.,Tamil
मैं फिल्म देखता हूँ अस्पताल में इस सप्ताह।,Hindi
أنا أشرب القهوة في المتجر مساء.,Arabic
"மாலை நேரத்தில், நான் நூலகத்தில் பல்கலைக்கழகத்தில் படிக்கிறேன்.",Tamil
ನಾನು ಈ ವಾರ ರೆಸ್ಟೋರೆಂಟ್‌ನಲ್ಲಿ ಸಿನಿಮಾ ನೋಡುತ್ತೇನೆ ಎಂದು ಹೇಳಿದರು.,Kannada
"आज, मैं फिल्म देखता हूँ घर में।",Hindi
मैं ने कहा कि वह शहर में फिल्म देखता हूँ सुबह।,Hindi
صباحا، أنا أشرب القهوة في الحديقة.,Arabic
ഞാൻ ഈ ആഴ്ച ഓഫീസിൽ സിനിമ കാണുന്നു.,Malayalam
"இந்த வாரம், நான் உணவகத்தில் புத்தகம் படிக்கிறேன்.",Tamil
"το βράδυ, Εγώ γράφω ένα γράμμα στο σχολείο.",Greek
"காலை நேரத்தில், நான் பூங்காவில் கடிதம் எழுதுகிறேன்.",Tamil
രാവിലെ സമയത്ത് ഞാൻ വീട്ടിൽ സിനിമ കാണുന്നു.,Malayalam
വൈകുന്നേരം ഞാൻ ലൈബ്രറിയിൽ സർവകലാശാലയിൽ പഠിക്കുന്നു.,Malayalam
நான் நாளை உணவகத்தில் வேலைக்கு செல்கிறேன் என்று கூறினார்.,Tamil
நான் வீட்டில் காபி குடிக்கிறேன் காலையில்.,Tamil
"κάθε μέρα, Εγώ πίνω καφέ στην πόλη.",Greek
أنا أشاهد فيلما في الجامعة مساء.,Arabic
"காலையில், நான் மருத்துவமனையில் மொழி கற்கிறேன்.",Tamil
ನಾನು ಉದ್ಯಾನವನದಲ್ಲಿ ಭಾಷೆ ಕಲಿಯುತ್ತೇನೆ ಸಂಜೆ.,Kannada
Εγώ είπε ότι βλέπω μια ταινία στο πάρκο νωρίς το πρωί.,Greek
"Я сказал, что иду на работу в университете завтра.",Russian
"рано утром, Я иду на работу в университете.",Russian
मैं पत्र लिखता हूँ दुकान में आज।,Hindi
എല്ലാ ദിവസവും ഞാൻ സർവകലാശാലയിൽ കത്ത് എഴുതുന്നു.,Malayalam
நான் அலுவலகத்தில் வேலைக்கு செல்கிறேன் காலை நேரத்தில்.,Tamil
"ಪ್ರತಿದಿನ, ನಾನು ಅಂಗಡಿಯಲ್ಲಿ ಪತ್ರ ಬರೆಯುತ್ತೇನೆ.",Kannada
"поздно вечером, Я занимаюсь спортом в офисе.",Russian
मैं विश्वविद्यालय में पढ़ता हूँ रेस्तरां में शाम को।,Hindi
Я читаю книгу в городе поздно вечером.,Russian
ഞാൻ വൈകുന്നേരം പാർക്കിൽ സർവകലാശാലയിൽ പഠിക്കുന്നു എന്ന് പറഞ്ഞു.,Malayalam
ഞാൻ രാവിലെ വീട്ടിൽ കത്ത് എഴുതുന്നു.,Malayalam
أنا أذهب إلى العمل في المكتبة مساء.,Arabic
"поздно вечером, Я читаю книгу дома.",Russian
நான் காலையில் பள்ளியில் மொழி கற்கிறேன் என்று கூறினார்.,Tamil
Εγώ θέλει να πηγαίνω στη δουλειά στο εστιατόριο.,Greek
ഞാൻ ഇന്ന് കടയിൽ സിനിമ കാണുന്നു എന്ന് പറഞ്ഞു.,Malayalam
मैं किताब पढ़ता हूँ पुस्तकालय में कल।,Hindi
صباحا، أنا أدرس في الجامعة في المتجر.,Arabic
قال أنا إنه أذهب إلى العمل في المتجر غدا.,Arabic
"ಬೆಳಿಗ್ಗೆ, ನಾನು ವಿಶ್ವವಿದ್ಯಾಲಯದಲ್ಲಿ ಪತ್ರ ಬರೆಯುತ್ತೇನೆ.",Kannada
Εγώ πηγαίνω στη δουλειά στο σχολείο κάθε μέρα.,Greek
"इस सप्ताह, मैं भाषा सीखता हूँ रेस्तरां में।",Hindi
நான் தினமும் அலுவலகத்தில் மொழி கற்கிறேன் என்று கூறினார்.,Tamil
Εγώ είπε ότι βλέπω μια ταινία στην πόλη το πρωί.,Greek
Я пишу письмо в магазине утром.,Russian
"κάθε μέρα, Εγώ γράφω ένα γράμμα στο εστιατόριο.",Greek
ഞാൻ എല്ലാ ദിവസവും ആശുപത്രിയിൽ വ്യായാമം ചെയ്യുന്നു എന്ന് പറഞ്ഞു.,Malayalam
நான் நூலகத்தில் திரைப்படம் பார்க்கிறேன் தினமும்.,Tamil
ನಾನು ನಾಳೆ ರೆಸ್ಟೋರೆಂಟ್‌ನಲ್ಲಿ ಪುಸ್ತಕ ಓದುತ್ತೇನೆ ಎಂದು ಹೇಳಿದರು.,Kannada
ನಾನು ಸಂಜೆ ಉದ್ಯಾನವನದಲ್ಲಿ ಪತ್ರ ಬರೆಯುತ್ತೇನೆ ಎಂದು ಹೇಳಿದರು.,Kannada
أنا أذهب إلى العمل في الحديقة في المساء.,Arabic
ഞാൻ രാവിലെ റെസ്റ്റോറന്റിൽ ജോലിക്ക് പോകുന്നു എന്ന് പറഞ്ഞു.,Malayalam
मैं काम पर जाता हूँ दुकान में कल।,Hindi
വൈകുന്നേരം ഞാൻ റെസ്റ്റോറന്റിൽ സിനിമ കാണുന്നു.,Malayalam
നാളെ ഞാൻ റെസ്റ്റോറന്റിൽ വ്യായാമം ചെയ്യുന്നു.,Malayalam
Εγώ βλέπω μια ταινία στο εστιατόριο το βράδυ.,Greek
രാവിലെ ഞാൻ ആശുപത്രിയിൽ വ്യായാമം ചെയ്യുന്നു.,Malayalam
مساء، أنا أشاهد فيلما في الحديقة.,Arabic
في المساء، أنا أتعلم اللغة في المدينة.,Arabic
Εγώ θέλει να βλέπω μια ταινία στο νοσοκομείο.,Greek
كل يوم، أنا أدرس في الجامعة في الجامعة.,Arabic
Я смотрю фильм в университете на этой неделе.,Russian
"हर दिन, मैं फिल्म देखता हूँ रेस्तरां में।",Hindi
ನಾನು ಈ ವಾರ ಉದ್ಯಾನವನದಲ್ಲಿ ಪತ್ರ ಬರೆಯುತ್ತೇನೆ ಎಂದು ಹೇಳಿದರು.,Kannada
ഞാൻ ഇന്ന് ലൈബ്രറിയിൽ പുസ്തകം വായിക്കുന്നു എന്ന് പറഞ്ഞു.,Malayalam
"कल, मैं काम पर जाता हूँ विश्वविद्यालय में।",Hindi
"ನಾಳೆ, ನಾನು ಶಾಲೆಯಲ್ಲಿ ಸಿನಿಮಾ ನೋಡುತ್ತೇನೆ.",Kannada
நான் அலுவலகத்தில் உடற்பயிற்சி செய்கிறேன் தினமும்.,Tamil
اليوم، أنا أمارس الرياضة في المنزل.,Arabic
Εγώ βλέπω μια ταινία στο πάρκο κάθε μέρα.,Greek
"ಬೆಳಗಿನ ಸಮಯದಲ್ಲಿ, ನಾನು ಉದ್ಯಾನವನದಲ್ಲಿ ಕೆಲಸಕ್ಕೆ ಹೋಗುತ್ತೇನೆ.",Kannada
ನಾನು ಉದ್ಯಾನವನದಲ್ಲಿ ಕಾಫಿ ಕುಡಿಯುತ್ತೇನೆ ನಾಳೆ.,Kannada
ನಾನು ಇಂದು ಉದ್ಯಾನವನದಲ್ಲಿ ಕಾಫಿ ಕುಡಿಯುತ್ತೇನೆ ಎಂದು ಹೇಳಿದರು.,Kannada
"ಸಂಜೆಯ ಸಮಯದಲ್ಲಿ, ನಾನು ವಿಶ್ವವಿದ್ಯಾಲಯದಲ್ಲಿ ಕೆಲಸಕ್ಕೆ ಹೋಗುತ್ತೇನೆ.",Kannada
Εγώ είπε ότι γράφω ένα γράμμα στο πανεπιστήμιο το βράδυ.,Greek
Εγώ πίνω καφέ στην πόλη σήμερα.,Greek
Я читаю книгу дома каждый день.,Russian
ഞാൻ നാളെ നഗരത്തിൽ സിനിമ കാണുന്നു എന്ന് പറഞ്ഞു.,Malayalam
Εγώ είπε ότι βλέπω μια ταινία στο πανεπιστήμιο νωρίς το πρωί.,Greek
ನಾನು ಕಚೇರಿಯಲ್ಲಿ ವ್ಯಾಯಾಮ ಮಾಡುತ್ತೇನೆ ಬೆಳಿಗ್ಗೆ.,Kannada
"το πρωί, Εγώ κάνω γυμναστική στο σπίτι.",Greek
ഞാൻ എല്ലാ ദിവസവും സ്കൂളിൽ ജോലിക്ക് പോകുന്നു എന്ന് പറഞ്ഞു.,Malayalam
Εγώ θέλει να κάνω γυμναστική στη βιβλιοθήκη.,Greek
"ನಾಳೆ, ನಾನು ವಿಶ್ವವಿದ್ಯಾಲಯದಲ್ಲಿ ಸಿನಿಮಾ ನೋಡುತ್ತೇನೆ.",Kannada
Εγώ είπε ότι πηγαίνω στη δουλειά στο γραφείο το βράδυ.,Greek
ನಾನು ಆಸ್ಪತ್ರೆಯಲ್ಲಿ ಪತ್ರ ಬರೆಯುತ್ತೇನೆ ಈ ವಾರ.,Kannada
"தினமும், நான் பூங்காவில் காபி குடிக்கிறேன்.",Tamil
ನಾನು ಅಂಗಡಿಯಲ್ಲಿ ವ್ಯಾಯಾಮ ಮಾಡುತ್ತೇನೆ ಈ ವಾರ.,Kannada
"το πρωί, Εγώ διαβάζω ένα βιβλίο στο πανεπιστήμιο.",Greek
Я учусь в университете дома утром.,Russian
ನಾನು ಸಂಜೆಯ ಸಮಯದಲ್ಲಿ ಉದ್ಯಾನವನದಲ್ಲಿ ಸಿನಿಮಾ ನೋಡುತ್ತೇನೆ ಎಂದು ಹೇಳಿದರು.,Kannada
എല്ലാ ദിവസവും ഞാൻ സർവകലാശാലയിൽ പുസ്തകം വായിക്കുന്നു.,Malayalam
Я изучаю язык в библиотеке рано утром.,Russian
मैं काम पर जाता हूँ कार्यालय में हर दिन।,Hindi
"நாளை, நான் மருத்துவமனையில் புத்தகம் படிக்கிறேன்.",Tamil
Я смотрю фильм в парке завтра.,Russian
ನಾನು ಆಸ್ಪತ್ರೆಯಲ್ಲಿ ಭಾಷೆ ಕಲಿಯುತ್ತೇನೆ ನಾಳೆ.,Kannada
நான் காலையில் கடையில் மொழி கற்கிறேன் என்று கூறினார்.,Tamil
أنا أدرس في الجامعة في المتجر في المساء.,Arabic
ನಾನು ನಗರದಲ್ಲಿ ಕೆಲಸಕ್ಕೆ ಹೋಗುತ್ತೇನೆ ಇಂದು.,Kannada
Εγώ σπουδάζω στο πανεπιστήμιο στη βιβλιοθήκη αργά το βράδυ.,Greek
Εγώ μαθαίνω τη γλώσσα στην πόλη το βράδυ.,Greek
ನಾನು ಉದ್ಯಾನವನದಲ್ಲಿ ವ್ಯಾಯಾಮ ಮಾಡುತ್ತೇನೆ ಮಾಡಲು ಬಯಸುತ್ತಾನೆ.,Kannada
Я смотрю фильм в городе сегодня.,Russian
நான் பூங்காவில் புத்தகம் படிக்கிறேன் நாளை.,Tamil
நான் நூலகத்தில் திரைப்படம் பார்க்கிறேன் காலை நேரத்தில்.,Tamil
"காலை நேரத்தில், நான் அலுவலகத்தில் கடிதம் எழுதுகிறேன்.",Tamil
രാവിലെ ഞാൻ റെസ്റ്റോറന്റിൽ കത്ത് എഴുതുന്നു.,Malayalam
Εγώ διαβάζω ένα βιβλίο στο νοσοκομείο αύριο.,Greek
मैं किताब पढ़ता हूँ दुकान में शाम को।,Hindi
"σήμερα, Εγώ βλέπω μια ταινία στο εστιατόριο.",Greek
قال أنا إنه أتعلم اللغة في الجامعة اليوم.,Arabic
நான் காலையில் மருத்துவமனையில் திரைப்படம் பார்க்கிறேன் என்று கூறினார்.,Tamil
مساء، أنا أمارس الرياضة في المنزل.,Arabic
"вечером, Я читаю книгу в офисе.",Russian
"Я сказал, что изучаю язык в школе сегодня.",Russian
"Я сказал, что пью кофе в университете вечером.",Russian
"ಬೆಳಿಗ್ಗೆ, ನಾನು ಶಾಲೆಯಲ್ಲಿ ಪುಸ್ತಕ ಓದುತ್ತೇನೆ.",Kannada
"σήμερα, Εγώ πηγαίνω στη δουλειά στο πάρκο.",Greek
كل يوم، أنا أكتب رسالة في المكتبة.,Arabic
ഈ ആഴ്ച ഞാൻ ആശുപത്രിയിൽ ജോലിക്ക് പോകുന്നു.,Malayalam
"Я сказал, что занимаюсь спортом в школе вечером.",Russian
ഞാൻ രാവിലെ സർവകലാശാലയിൽ പുസ്തകം വായിക്കുന്നു എന്ന് പറഞ്ഞു.,Malayalam
Я хочет пью кофе в городе.,Russian
اليوم، أنا أكتب رسالة في المستشفى.,Arabic
قال أنا إنه أتعلم اللغة في المدينة في الصباح.,Arabic
मैं किताब पढ़ता हूँ विश्वविद्यालय में सुबह के समय।,Hindi
"рано утром, Я пишу письмо в парке.",Russian
ನಾನು ನಗರದಲ್ಲಿ ಪತ್ರ ಬರೆಯುತ್ತೇನೆ ಮಾಡಲು ಬಯಸುತ್ತಾನೆ.,Kannada
"कल, मैं पत्र लिखता हूँ पार्क में।",Hindi
Εγώ είπε ότι σπουδάζω στο πανεπιστήμιο στο κατάστημα κάθε μέρα.,Greek
मैं ने कहा कि वह विश्वविद्यालय में पत्र लिखता हूँ हर दिन।,Hindi
ഞാൻ വൈകുന്നേരം സമയത്ത് നഗരത്തിൽ കാപ്പി കുടിക്കുന്നു എന്ന് പറഞ്ഞു.,Malayalam
قال أنا إنه أكتب رسالة في المنزل كل يوم.,Arabic
വൈകുന്നേരം ഞാൻ പാർക്കിൽ സിനിമ കാണുന്നു.,Malayalam
நான் இந்த வாரம் மருத்துவமனையில் பல்கலைக்கழகத்தில் படிக்கிறேன் என்று கூறினார்.,Tamil
Εγώ είπε ότι πίνω καφέ στο πάρκο αργά το βράδυ.,Greek
"на этой неделе, Я изучаю язык в ресторане.",Russian
ನಾನು ರೆಸ್ಟೋರೆಂಟ್‌ನಲ್ಲಿ ವ್ಯಾಯಾಮ ಮಾಡುತ್ತೇನೆ ಇಂದು.,Kannada
Я смотрю фильм в больнице сегодня.,Russian
Εγώ είπε ότι πίνω καφέ στο νοσοκομείο αυτή την εβδομάδα.,Greek
"вечером, Я занимаюсь спортом в больнице.",Russian
ഞാൻ രാവിലെ സമയത്ത് സ്കൂളിൽ വ്യായാമം ചെയ്യുന്നു എന്ന് പറഞ്ഞു.,Malayalam
ഞാൻ എല്ലാ ദിവസവും പാർക്കിൽ കാപ്പി കുടിക്കുന്നു എന്ന് പറഞ്ഞു.,Malayalam
"காலையில், நான் வீட்டில் திரைப்படம் பார்க்கிறேன்.",Tamil
मैं किताब पढ़ता हूँ विश्वविद्यालय में हर दिन।,Hindi
"сегодня, Я занимаюсь спортом дома.",Russian
"इस सप्ताह, मैं किताब पढ़ता हूँ पार्क में।",Hindi
"ಸಂಜೆ, ನಾನು ಶಾಲೆಯಲ್ಲಿ ಭಾಷೆ ಕಲಿಯುತ್ತೇನೆ.",Kannada
Εγώ είπε ότι διαβάζω ένα βιβλίο στη βιβλιοθήκη κάθε μέρα.,Greek
"ಸಂಜೆ, ನಾನು ಗ್ರಂಥಾಲಯದಲ್ಲಿ ಪತ್ರ ಬರೆಯುತ್ತೇನೆ.",Kannada
أنا أذهب إلى العمل في الجامعة صباحا.,Arabic
قال أنا إنه أمارس الرياضة في المكتبة في الصباح.,Arabic
मैं ने कहा कि वह कार्यालय में विश्वविद्यालय में पढ़ता हूँ हर दिन।,Hindi
ഞാൻ ഈ ആഴ്ച ആശുപത്രിയിൽ കത്ത് എഴുതുന്നു.,Malayalam
நான் மாலை நேரத்தில் நகரத்தில் உடற்பயிற்சி செய்கிறேன் என்று கூறினார்.,Tamil
"காலையில், நான் பூங்காவில் பல்கலைக்கழகத்தில் படிக்கிறேன்.",Tamil
ನಾನು ಕಚೇರಿಯಲ್ಲಿ ಭಾಷೆ ಕಲಿಯುತ್ತೇನೆ ಮಾಡಲು ಬಯಸುತ್ತಾನೆ.,Kannada
मैं ने कहा कि वह दुकान में व्यायाम करता हूँ सुबह के समय।,Hindi
قال أنا إنه أمارس الرياضة في المنزل اليوم.,Arabic
நான் நாளை நகரத்தில் உடற்பயிற்சி செய்கிறேன் என்று கூறினார்.,Tamil
قال أنا إنه أشاهد فيلما في المتجر في الصباح.,Arabic
ನಾನು ಅಂಗಡಿಯಲ್ಲಿ ಪತ್ರ ಬರೆಯುತ್ತೇನೆ ಇಂದು.,Kannada
"सुबह, मैं भाषा सीखता हूँ शहर में।",Hindi
मैं ने कहा कि वह रेस्तरां में फिल्म देखता हूँ सुबह के समय।,Hindi
ನಾನು ಬೆಳಿಗ್ಗೆ ನಗರದಲ್ಲಿ ಪತ್ರ ಬರೆಯುತ್ತೇನೆ ಎಂದು ಹೇಳಿದರು.,Kannada
நான் இந்த வாரம் வீட்டில் கடிதம் எழுதுகிறேன் என்று கூறினார்.,Tamil
أنا أكتب رسالة في المدرسة هذا الأسبوع.,Arabic
أنا أتعلم اللغة في المستشفى في الصباح.,Arabic
"ಸಂಜೆಯ ಸಮಯದಲ್ಲಿ, ನಾನು ಅಂಗಡಿಯಲ್ಲಿ ವ್ಯಾಯಾಮ ಮಾಡುತ್ತೇನೆ.",Kannada
Εγώ βλέπω μια ταινία στη βιβλιοθήκη σήμερα.,Greek
ഞാൻ രാവിലെ സമയത്ത് റെസ്റ്റോറന്റിൽ ഭാഷ പഠിക്കുന്നു എന്ന് പറഞ്ഞു.,Malayalam
मैं ने कहा कि वह अस्पताल में विश्वविद्यालय में पढ़ता हूँ शाम के समय।,Hindi
ನಾನು ಈ ವಾರ ನಗರದಲ್ಲಿ ಭಾಷೆ ಕಲಿಯುತ್ತೇನೆ ಎಂದು ಹೇಳಿದರು.,Kannada
"поздно вечером, Я смотрю фильм в офисе.",Russian
मैं चाय पीता हूँ दुकान में इस सप्ताह।,Hindi
ഞാൻ വൈകുന്നേരം സമയത്ത് ആശുപത്രിയിൽ പുസ്തകം വായിക്കുന്നു എന്ന് പറഞ്ഞു.,Malayalam
"இன்று, நான் உணவகத்தில் மொழி கற்கிறேன்.",Tamil
Εγώ είπε ότι σπουδάζω στο πανεπιστήμιο στο κατάστημα αργά το βράδυ.,Greek
"Я сказал, что читаю книгу в офисе поздно вечером.",Russian
मैं काम पर जाता हूँ विश्वविद्यालय में सुबह के समय।,Hindi
मैं चाय पीता हूँ पार्क में सुबह।,Hindi
Εγώ γράφω ένα γράμμα στο γραφείο το βράδυ.,Greek
मैं ने कहा कि वह घर में विश्वविद्यालय में पढ़ता हूँ इस सप्ताह।,Hindi
நான் வீட்டில் திரைப்படம் பார்க்கிறேன் காலையில்.,Tamil
ನಾನು ಮನೆಯಲ್ಲಿ ವಿಶ್ವವಿದ್ಯಾಲಯದಲ್ಲಿ ಓದುತ್ತೇನೆ ಸಂಜೆಯ ಸಮಯದಲ್ಲಿ.,Kannada
ನಾನು ಪ್ರತಿದಿನ ಗ್ರಂಥಾಲಯದಲ್ಲಿ ಪುಸ್ತಕ ಓದುತ್ತೇನೆ ಎಂದು ಹೇಳಿದರು.,Kannada
நான் அலுவலகத்தில் காபி குடிக்கிறேன் இந்த வாரம்.,Tamil
मैं काम पर जाता हूँ रेस्तरां में सुबह के समय।,Hindi
நான் இந்த வாரம் உணவகத்தில் மொழி கற்கிறேன் என்று கூறினார்.,Tamil
രാവിലെ ഞാൻ ലൈബ്രറിയിൽ സർവകലാശാലയിൽ പഠിക്കുന്നു.,Malayalam
मैं काम पर जाता हूँ शहर में आज।,Hindi
"ಇಂದು, ನಾನು ಗ್ರಂಥಾಲಯದಲ್ಲಿ ವ್ಯಾಯಾಮ ಮಾಡುತ್ತೇನೆ.",Kannada
நான் நாளை கடையில் காபி குடிக்கிறேன் என்று கூறினார்.,Tamil
Εγώ είπε ότι κάνω γυμναστική στη βιβλιοθήκη το βράδυ.,Greek
രാവിലെ സമയത്ത് ഞാൻ സ്കൂളിൽ പുസ്തകം വായിക്കുന്നു.,Malayalam
أنا أدرس في الجامعة في المتجر كل يوم.,Arabic
"на этой неделе, Я пишу письмо в ресторане.",Russian
ഞാൻ വൈകുന്നേരം സമയത്ത് നഗരത്തിൽ സിനിമ കാണുന്നു എന്ന് പറഞ്ഞു.,Malayalam
اليوم، أنا أكتب رسالة في الحديقة.,Arabic
"இன்று, நான் மருத்துவமனையில் காபி குடிக்கிறேன்.",Tamil
"αυτή την εβδομάδα, Εγώ μαθαίνω τη γλώσσα στο πάρκο.",Greek
मैं किताब पढ़ता हूँ दुकान में इस सप्ताह।,Hindi
நான் நாளை நூலகத்தில் பல்கலைக்கழகத்தில் படிக்கிறேன் என்று கூறினார்.,Tamil
"на этой неделе, Я читаю книгу в больнице.",Russian
நான் தினமும் மருத்துவமனையில் திரைப்படம் பார்க்கிறேன் என்று கூறினார்.,Tamil
मैं ने कहा कि वह विश्वविद्यालय में विश्वविद्यालय में पढ़ता हूँ सुबह।,Hindi
"இந்த வாரம், நான் வீட்டில் கடிதம் எழுதுகிறேன்.",Tamil
मैं विश्वविद्यालय में फिल्म देखता हूँ चाहता है।,Hindi
Я пью кофе в офисе завтра.,Russian
ನಾನು ಮನೆಯಲ್ಲಿ ಭಾಷೆ ಕಲಿಯುತ್ತೇನೆ ಮಾಡಲು ಬಯಸುತ್ತಾನೆ.,Kannada
"सुबह के समय, मैं व्यायाम करता हूँ विश्वविद्यालय में।",Hindi
मैं फिल्म देखता हूँ स्कूल में कल।,Hindi
நான் மாலை நேரத்தில் மருத்துவமனையில் உடற்பயிற்சி செய்கிறேன் என்று கூறினார்.,Tamil
मैं ने कहा कि वह रेस्तरां में काम पर जाता हूँ कल।,Hindi
"इस सप्ताह, मैं पत्र लिखता हूँ पार्क में।",Hindi
நான் பள்ளியில் திரைப்படம் பார்க்கிறேன் மாலை நேரத்தில்.,Tamil
मैं ने कहा कि वह रेस्तरां में पत्र लिखता हूँ सुबह।,Hindi
நான் நாளை பல்கலைக்கழகத்தில் கடிதம் எழுதுகிறேன் என்று கூறினார்.,Tamil
Εγώ είπε ότι πίνω καφέ στο νοσοκομείο σήμερα.,Greek
நான் இந்த வாரம் நகரத்தில் புத்தகம் படிக்கிறேன் என்று கூறினார்.,Tamil
நான் பள்ளியில் உடற்பயிற்சி செய்கிறேன் இந்த வாரம்.,Tamil
मैं ने कहा कि वह कार्यालय में किताब पढ़ता हूँ सुबह के समय।,Hindi
Εγώ θέλει να πηγαίνω στη δουλειά στη βιβλιοθήκη.,Greek
أنا أدرس في الجامعة في المنزل غدا.,Arabic
أنا يريد أن أشرب القهوة في المتجر.,Arabic
ನಾನು ಸಂಜೆ ಶಾಲೆಯಲ್ಲಿ ಕೆಲಸಕ್ಕೆ ಹೋಗುತ್ತೇನೆ ಎಂದು ಹೇಳಿದರು.,Kannada
Я учусь в университете в парке поздно вечером.,Russian
நான் வீட்டில் கடிதம் எழுதுகிறேன் இன்று.,Tamil
நான் நாளை மருத்துவமனையில் திரைப்படம் பார்க்கிறேன் என்று கூறினார்.,Tamil
मैं काम पर जाता हूँ पुस्तकालय में इस सप्ताह।,Hindi
मैं चाय पीता हूँ अस्पताल में सुबह।,Hindi
വൈകുന്നേരം ഞാൻ ആശുപത്രിയിൽ വ്യായാമം ചെയ്യുന്നു.,Malayalam
நான் வீட்டில் உடற்பயிற்சி செய்கிறேன் காலையில்.,Tamil
قال أنا إنه أمارس الرياضة في المتجر هذا الأسبوع.,Arabic
Εγώ είπε ότι μαθαίνω τη γλώσσα στην πόλη αυτή την εβδομάδα.,Greek
ನಾನು ಶಾಲೆಯಲ್ಲಿ ವ್ಯಾಯಾಮ ಮಾಡುತ್ತೇನೆ ನಾಳೆ.,Kannada
"сегодня, Я читаю книгу в ресторане.",Russian
Εγώ είπε ότι κάνω γυμναστική στο εστιατόριο κάθε μέρα.,Greek
"सुबह, मैं विश्वविद्यालय में पढ़ता हूँ अस्पताल में।",Hindi
ನಾನು ನಾಳೆ ರೆಸ್ಟೋರೆಂಟ್‌ನಲ್ಲಿ ಕಾಫಿ ಕುಡಿಯುತ್ತೇನೆ ಎಂದು ಹೇಳಿದರು.,Kannada
Εγώ διαβάζω ένα βιβλίο στο σχολείο νωρίς το πρωί.,Greek
"ನಾಳೆ, ನಾನು ಗ್ರಂಥಾಲಯದಲ್ಲಿ ಕೆಲಸಕ್ಕೆ ಹೋಗುತ್ತೇನೆ.",Kannada
मैं विश्वविद्यालय में पढ़ता हूँ रेस्तरां में हर दिन।,Hindi
Εγώ θέλει να πηγαίνω στη δουλειά στο σχολείο.,Greek
"ಬೆಳಗಿನ ಸಮಯದಲ್ಲಿ, ನಾನು ಶಾಲೆಯಲ್ಲಿ ಕೆಲಸಕ್ಕೆ ಹೋಗುತ್ತೇನೆ.",Kannada
"рано утром, Я читаю книгу в школе.",Russian
"हर दिन, मैं भाषा सीखता हूँ स्कूल में।",Hindi
ഇന്ന് ഞാൻ ഓഫീസിൽ സർവകലാശാലയിൽ പഠിക്കുന്നു.,Malayalam
ഞാൻ സ്കൂളിൽ സർവകലാശാലയിൽ പഠിക്കുന്നു ആഗ്രഹിക്കുന്നു.,Malayalam
വൈകുന്നേരം സമയത്ത് ഞാൻ കടയിൽ കത്ത് എഴുതുന്നു.,Malayalam
مساء، أنا أمارس الرياضة في المكتب.,Arabic
قال أنا إنه أذهب إلى العمل في المدرسة غدا.,Arabic
قال أنا إنه أذهب إلى العمل في الحديقة في الصباح.,Arabic
Εγώ είπε ότι πίνω καφέ στο γραφείο αργά το βράδυ.,Greek
قال أنا إنه أشاهد فيلما في المستشفى مساء.,Arabic
ഞാൻ രാവിലെ സർവകലാശാലയിൽ പുസ്തകം വായിക്കുന്നു.,Malayalam
قال أنا إنه أذهب إلى العمل في المكتب غدا.,Arabic
ഞാൻ നാളെ ആശുപത്രിയിൽ ജോലിക്ക് പോകുന്നു എന്ന് പറഞ്ഞു.,Malayalam
நான் மாலை நேரத்தில் பள்ளியில் கடிதம் எழுதுகிறேன் என்று கூறினார்.,Tamil
मैं ने कहा कि वह कार्यालय में फिल्म देखता हूँ सुबह।,Hindi
ನಾನು ಬೆಳಿಗ್ಗೆ ಕಚೇರಿಯಲ್ಲಿ ಕೆಲಸಕ್ಕೆ ಹೋಗುತ್ತೇನೆ ಎಂದು ಹೇಳಿದರು.,Kannada
Я хочет пью кофе в школе.,Russian
Εγώ γράφω ένα γράμμα στην πόλη το βράδυ.,Greek
"ಪ್ರತಿದಿನ, ನಾನು ನಗರದಲ್ಲಿ ಕೆಲಸಕ್ಕೆ ಹೋಗುತ್ತೇನೆ.",Kannada
Εγώ είπε ότι κάνω γυμναστική στο πάρκο αύριο.,Greek
मैं ने कहा कि वह कार्यालय में भाषा सीखता हूँ इस सप्ताह।,Hindi
قال أنا إنه أقرأ كتابا في الجامعة في الصباح.,Arabic
मैं ने कहा कि वह अस्पताल में व्यायाम करता हूँ सुबह।,Hindi
मैं ने कहा कि वह दुकान में पत्र लिखता हूँ शाम के समय।,Hindi
मैं ने कहा कि वह अस्पताल में भाषा सीखता हूँ सुबह।,Hindi
मैं भाषा सीखता हूँ घर में शाम के समय।,Hindi
मैं पार्क में भाषा सीखता हूँ चाहता है।,Hindi
ನಾನು ಬೆಳಗಿನ ಸಮಯದಲ್ಲಿ ಕಚೇರಿಯಲ್ಲಿ ಭಾಷೆ ಕಲಿಯುತ್ತೇನೆ ಎಂದು ಹೇಳಿದರು.,Kannada
"हर दिन, मैं किताब पढ़ता हूँ रेस्तरां में।",Hindi
ನಾನು ಮನೆಯಲ್ಲಿ ಪುಸ್ತಕ ಓದುತ್ತೇನೆ ನಾಳೆ.,Kannada
"ಬೆಳಗಿನ ಸಮಯದಲ್ಲಿ, ನಾನು ರೆಸ್ಟೋರೆಂಟ್‌ನಲ್ಲಿ ಭಾಷೆ ಕಲಿಯುತ್ತೇನೆ.",Kannada
ഞാൻ വൈകുന്നേരം സമയത്ത് കടയിൽ വ്യായാമം ചെയ്യുന്നു എന്ന് പറഞ്ഞു.,Malayalam
मैं कार्यालय में काम पर जाता हूँ चाहता है।,Hindi
ನಾನು ಬೆಳಿಗ್ಗೆ ವಿಶ್ವವಿದ್ಯಾಲಯದಲ್ಲಿ ಸಿನಿಮಾ ನೋಡುತ್ತೇನೆ ಎಂದು ಹೇಳಿದರು.,Kannada
هذا الأسبوع، أنا أذهب إلى العمل في المكتب.,Arabic
"हर दिन, मैं पत्र लिखता हूँ पार्क में।",Hindi
"ನಾಳೆ, ನಾನು ಕಚೇರಿಯಲ್ಲಿ ಕೆಲಸಕ್ಕೆ ಹೋಗುತ್ತೇನೆ.",Kannada
"இன்று, நான் அலுவலகத்தில் காபி குடிக்கிறேன்.",Tamil
هذا الأسبوع، أنا أمارس الرياضة في الجامعة.,Arabic
मैं पत्र लिखता हूँ पार्क में इस सप्ताह।,Hindi
मैं काम पर जाता हूँ विश्वविद्यालय में सुबह।,Hindi
"Я сказал, что смотрю фильм дома утром.",Russian
Εγώ είπε ότι κάνω γυμναστική στην πόλη το βράδυ.,Greek
ನಾನು ನಾಳೆ ಮನೆಯಲ್ಲಿ ಕೆಲಸಕ್ಕೆ ಹೋಗುತ್ತೇನೆ ಎಂದು ಹೇಳಿದರು.,Kannada
ഈ ആഴ്ച ഞാൻ ഓഫീസിൽ വ്യായാമം ചെയ്യുന്നു.,Malayalam
"Я сказал, что занимаюсь спортом в университете утром.",Russian
ನಾನು ಉದ್ಯಾನವನದಲ್ಲಿ ಪತ್ರ ಬರೆಯುತ್ತೇನೆ ಇಂದು.,Kannada
मैं विश्वविद्यालय में पढ़ता हूँ रेस्तरां में कल।,Hindi
Εγώ κάνω γυμναστική στο πανεπιστήμιο σήμερα.,Greek
ನಾನು ವಿಶ್ವವಿದ್ಯಾಲಯದಲ್ಲಿ ಸಿನಿಮಾ ನೋಡುತ್ತೇನೆ ಬೆಳಗಿನ ಸಮಯದಲ್ಲಿ.,Kannada
"Я сказал, что смотрю фильм в офисе рано утром.",Russian
"आज, मैं चाय पीता हूँ पुस्तकालय में।",Hindi
قال أنا إنه أقرأ كتابا في المنزل اليوم.,Arabic
ഞാൻ ഇന്ന് വീട്ടിൽ കത്ത് എഴുതുന്നു എന്ന് പറഞ്ഞു.,Malayalam
"सुबह, मैं पत्र लिखता हूँ दुकान में।",Hindi
"शाम के समय, मैं विश्वविद्यालय में पढ़ता हूँ अस्पताल में।",Hindi
Εγώ σπουδάζω στο πανεπιστήμιο στο νοσοκομείο νωρίς το πρωί.,Greek
मैं व्यायाम करता हूँ कार्यालय में सुबह।,Hindi
"вечером, Я учусь в университете в библиотеке.",Russian
രാവിലെ ഞാൻ ആശുപത്രിയിൽ സിനിമ കാണുന്നു.,Malayalam
मैं फिल्म देखता हूँ शहर में सुबह।,Hindi
"поздно вечером, Я иду на работу в школе.",Russian
நான் மாலையில் பூங்காவில் திரைப்படம் பார்க்கிறேன் என்று கூறினார்.,Tamil
كل يوم، أنا أكتب رسالة في المستشفى.,Arabic
Εγώ διαβάζω ένα βιβλίο στο κατάστημα νωρίς το πρωί.,Greek
Εγώ σπουδάζω στο πανεπιστήμιο στη βιβλιοθήκη κάθε μέρα.,Greek
Εγώ είπε ότι γράφω ένα γράμμα στο νοσοκομείο αυτή την εβδομάδα.,Greek
ನಾನು ಉದ್ಯಾನವನದಲ್ಲಿ ಕೆಲಸಕ್ಕೆ ಹೋಗುತ್ತೇನೆ ಇಂದು.,Kannada
Я изучаю язык в парке вечером.,Russian
Εγώ θέλει να πίνω καφέ στο σχολείο.,Greek
ഞാൻ വൈകുന്നേരം ആശുപത്രിയിൽ പുസ്തകം വായിക്കുന്നു.,Malayalam
Εγώ σπουδάζω στο πανεπιστήμιο στο εστιατόριο το πρωί.,Greek
Я иду на работу в школе сегодня.,Russian
أنا أقرأ كتابا في الجامعة كل يوم.,Arabic
"Я сказал, что занимаюсь спортом в библиотеке завтра.",Russian
"आज, मैं भाषा सीखता हूँ विश्वविद्यालय में।",Hindi
ഇന്ന് ഞാൻ റെസ്റ്റോറന്റിൽ പുസ്തകം വായിക്കുന്നു.,Malayalam
நான் கடையில் காபி குடிக்கிறேன் இன்று.,Tamil
Я пью кофе в школе сегодня.,Russian
ನಾನು ಬೆಳಿಗ್ಗೆ ರೆಸ್ಟೋರೆಂಟ್‌ನಲ್ಲಿ ಪತ್ರ ಬರೆಯುತ್ತೇನೆ ಎಂದು ಹೇಳಿದರು.,Kannada
Εγώ μαθαίνω τη γλώσσα στο κατάστημα αύριο.,Greek
قال أنا إنه أكتب رسالة في المنزل في المساء.,Arabic
قال أنا إنه أدرس في الجامعة في المكتب غدا.,Arabic
ನಾನು ಅಂಗಡಿಯಲ್ಲಿ ಕೆಲಸಕ್ಕೆ ಹೋಗುತ್ತೇನೆ ಈ ವಾರ.,Kannada
"αργά το βράδυ, Εγώ βλέπω μια ταινία στο σπίτι.",Greek
"каждый день, Я занимаюсь спортом в школе.",Russian
ನಾನು ಈ ವಾರ ಉದ್ಯಾನವನದಲ್ಲಿ ವ್ಯಾಯಾಮ ಮಾಡುತ್ತೇನೆ ಎಂದು ಹೇಳಿದರು.,Kannada
"νωρίς το πρωί, Εγώ σπουδάζω στο πανεπιστήμιο στο νοσοκομείο.",Greek
ನಾನು ಬೆಳಿಗ್ಗೆ ರೆಸ್ಟೋರೆಂಟ್‌ನಲ್ಲಿ ಕಾಫಿ ಕುಡಿಯುತ್ತೇನೆ ಎಂದು ಹೇಳಿದರು.,Kannada
"ಈ ವಾರ, ನಾನು ಗ್ರಂಥಾಲಯದಲ್ಲಿ ವ್ಯಾಯಾಮ ಮಾಡುತ್ತೇನೆ.",Kannada
"на этой неделе, Я учусь в университете в офисе.",Russian
ನಾನು ಅಂಗಡಿಯಲ್ಲಿ ಪುಸ್ತಕ ಓದುತ್ತೇನೆ ಮಾಡಲು ಬಯಸುತ್ತಾನೆ.,Kannada
நான் இன்று வீட்டில் திரைப்படம் பார்க்கிறேன் என்று கூறினார்.,Tamil
ഞാൻ രാവിലെ സർവകലാശാലയിൽ ഭാഷ പഠിക്കുന്നു എന്ന് പറഞ്ഞു.,Malayalam
"ಸಂಜೆ, ನಾನು ನಗರದಲ್ಲಿ ಕಾಫಿ ಕುಡಿಯುತ್ತೇನೆ.",Kannada
"на этой неделе, Я пью кофе дома.",Russian
قال أنا إنه أكتب رسالة في المكتبة كل يوم.,Arabic
"आज, मैं फिल्म देखता हूँ शहर में।",Hindi
मैं पत्र लिखता हूँ घर में आज।,Hindi
"மாலை நேரத்தில், நான் நூலகத்தில் வேலைக்கு செல்கிறேன்.",Tamil
நான் இந்த வாரம் உணவகத்தில் காபி குடிக்கிறேன் என்று கூறினார்.,Tamil
நான் கடையில் உடற்பயிற்சி செய்கிறேன் தினமும்.,Tamil
Εγώ είπε ότι πίνω καφέ στο εστιατόριο αυτή την εβδομάδα.,Greek
Εγώ είπε ότι μαθαίνω τη γλώσσα στη βιβλιοθήκη το πρωί.,Greek
أنا أتعلم اللغة في المتجر مساء.,Arabic
ನಾನು ಪ್ರತಿದಿನ ಉದ್ಯಾನವನದಲ್ಲಿ ವ್ಯಾಯಾಮ ಮಾಡುತ್ತೇನೆ ಎಂದು ಹೇಳಿದರು.,Kannada
Εγώ κάνω γυμναστική στο πανεπιστήμιο αργά το βράδυ.,Greek
أنا أكتب رسالة في المكتبة صباحا.,Arabic
"ನಾಳೆ, ನಾನು ನಗರದಲ್ಲಿ ಭಾಷೆ ಕಲಿಯುತ್ತೇನೆ.",Kannada
"завтра, Я пью кофе в больнице.",Russian
"νωρίς το πρωί, Εγώ κάνω γυμναστική στο σπίτι.",Greek
मैं ने कहा कि वह स्कूल में फिल्म देखता हूँ सुबह के समय।,Hindi
"ಈ ವಾರ, ನಾನು ವಿಶ್ವವಿದ್ಯಾಲಯದಲ್ಲಿ ಪತ್ರ ಬರೆಯುತ್ತೇನೆ.",Kannada
मैं ने कहा कि वह पार्क में चाय पीता हूँ इस सप्ताह।,Hindi
Я смотрю фильм дома на этой неделе.,Russian
"आज, मैं व्यायाम करता हूँ घर में।",Hindi
Εγώ θέλει να μαθαίνω τη γλώσσα στο κατάστημα.,Greek
"நாளை, நான் நகரத்தில் கடிதம் எழுதுகிறேன்.",Tamil
Εγώ είπε ότι πηγαίνω στη δουλειά στην πόλη το βράδυ.,Greek
"இந்த வாரம், நான் வீட்டில் மொழி கற்கிறேன்.",Tamil
Я пишу письмо в магазине вечером.,Russian
ನಾನು ಸಂಜೆಯ ಸಮಯದಲ್ಲಿ ಶಾಲೆಯಲ್ಲಿ ವಿಶ್ವವಿದ್ಯಾಲಯದಲ್ಲಿ ಓದುತ್ತೇನೆ ಎಂದು ಹೇಳಿದರು.,Kannada
ഞാൻ രാവിലെ ആശുപത്രിയിൽ സിനിമ കാണുന്നു എന്ന് പറഞ്ഞു.,Malayalam
நான் மருத்துவமனையில் மொழி கற்கிறேன் தினமும்.,Tamil
"தினமும், நான் வீட்டில் மொழி கற்கிறேன்.",Tamil
"இந்த வாரம், நான் உணவகத்தில் மொழி கற்கிறேன்.",Tamil
في المساء، أنا أمارس الرياضة في المنزل.,Arabic
"காலை நேரத்தில், நான் கடையில் கடிதம் எழுதுகிறேன்.",Tamil
"сегодня, Я изучаю язык в больнице.",Russian
ನಾನು ಈ ವಾರ ಉದ್ಯಾನವನದಲ್ಲಿ ಭಾಷೆ ಕಲಿಯುತ್ತೇನೆ ಎಂದು ಹೇಳಿದರು.,Kannada
أنا أذهب إلى العمل في المدينة مساء.,Arabic
"νωρίς το πρωί, Εγώ σπουδάζω στο πανεπιστήμιο στο εστιατόριο.",Greek
قال أنا إنه أدرس في الجامعة في المكتبة غدا.,Arabic
"το βράδυ, Εγώ σπουδάζω στο πανεπιστήμιο στο πάρκο.",Greek
"на этой неделе, Я иду на работу дома.",Russian
"вечером, Я смотрю фильм в университете.",Russian
நான் மாலையில் மருத்துவமனையில் திரைப்படம் பார்க்கிறேன் என்று கூறினார்.,Tamil
"το βράδυ, Εγώ πίνω καφέ στην πόλη.",Greek
Εγώ πηγαίνω στη δουλειά στο εστιατόριο σήμερα.,Greek
Εγώ είπε ότι σπουδάζω στο πανεπιστήμιο στο κατάστημα το πρωί.,Greek
நான் வீட்டில் கடிதம் எழுதுகிறேன் நாளை.,Tamil
मैं ने कहा कि वह स्कूल में भाषा सीखता हूँ सुबह।,Hindi
Я пью кофе в офисе рано утром.,Russian
Я пью кофе в библиотеке завтра.,Russian
"το βράδυ, Εγώ γράφω ένα γράμμα στο γραφείο.",Greek
ഞാൻ നാളെ പാർക്കിൽ പുസ്തകം വായിക്കുന്നു എന്ന് പറഞ്ഞു.,Malayalam
صباحا، أنا أتعلم اللغة في الحديقة.,Arabic
"ಸಂಜೆಯ ಸಮಯದಲ್ಲಿ, ನಾನು ಕಚೇರಿಯಲ್ಲಿ ಪುಸ್ತಕ ಓದುತ್ತೇನೆ.",Kannada
രാവിലെ ഞാൻ റെസ്റ്റോറന്റിൽ വ്യായാമം ചെയ്യുന്നു.,Malayalam
मैं ने कहा कि वह पुस्तकालय में किताब पढ़ता हूँ इस सप्ताह।,Hindi
ನಾನು ಬೆಳಿಗ್ಗೆ ಆಸ್ಪತ್ರೆಯಲ್ಲಿ ವಿಶ್ವವಿದ್ಯಾಲಯದಲ್ಲಿ ಓದುತ್ತೇನೆ ಎಂದು ಹೇಳಿದರು.,Kannada
ನಾನು ಬೆಳಿಗ್ಗೆ ವಿಶ್ವವಿದ್ಯಾಲಯದಲ್ಲಿ ಕಾಫಿ ಕುಡಿಯುತ್ತೇನೆ ಎಂದು ಹೇಳಿದರು.,Kannada
நான் காலை நேரத்தில் நூலகத்தில் திரைப்படம் பார்க்கிறேன் என்று கூறினார்.,Tamil
قال أنا إنه أقرأ كتابا في الحديقة غدا.,Arabic
مساء، أنا أدرس في الجامعة في المطعم.,Arabic
ನಾನು ಗ್ರಂಥಾಲಯದಲ್ಲಿ ಕೆಲಸಕ್ಕೆ ಹೋಗುತ್ತೇನೆ ಪ್ರತಿದಿನ.,Kannada
ನಾನು ಬೆಳಿಗ್ಗೆ ಕಚೇರಿಯಲ್ಲಿ ವಿಶ್ವವಿದ್ಯಾಲಯದಲ್ಲಿ ಓದುತ್ತೇನೆ ಎಂದು ಹೇಳಿದರು.,Kannada
Εγώ θέλει να πηγαίνω στη δουλειά στο γραφείο.,Greek
വൈകുന്നേരം സമയത്ത് ഞാൻ സ്കൂളിൽ ഭാഷ പഠിക്കുന്നു.,Malayalam
"поздно вечером, Я занимаюсь спортом в университете.",Russian
قال أنا إنه أشرب القهوة في المنزل في المساء.,Arabic
Εγώ είπε ότι βλέπω μια ταινία στην πόλη κάθε μέρα.,Greek
Εγώ κάνω γυμναστική στο σχολείο αυτή την εβδομάδα.,Greek
قال أنا إنه أمارس الرياضة في الحديقة غدا.,Arabic
"सुबह, मैं पत्र लिखता हूँ विश्वविद्यालय में।",Hindi
"рано утром, Я пью кофе в парке.",Russian
ನಾನು ನಾಳೆ ಆಸ್ಪತ್ರೆಯಲ್ಲಿ ಕೆಲಸಕ್ಕೆ ಹೋಗುತ್ತೇನೆ ಎಂದು ಹೇಳಿದರು.,Kannada
मैं ने कहा कि वह कार्यालय में भाषा सीखता हूँ हर दिन।,Hindi
أنا أكتب رسالة في المتجر في الصباح.,Arabic
ഞാൻ പാർക്കിൽ പുസ്തകം വായിക്കുന്നു ആഗ്രഹിക്കുന്നു.,Malayalam
ഞാൻ വൈകുന്നേരം പാർക്കിൽ സർവകലാശാലയിൽ പഠിക്കുന്നു.,Malayalam
मैं ने कहा कि वह दुकान में व्यायाम करता हूँ शाम के समय।,Hindi
"ಸಂಜೆಯ ಸಮಯದಲ್ಲಿ, ನಾನು ರೆಸ್ಟೋರೆಂಟ್‌ನಲ್ಲಿ ಸಿನಿಮಾ ನೋಡುತ್ತೇನೆ.",Kannada
நான் மாலை நேரத்தில் உணவகத்தில் வேலைக்கு செல்கிறேன் என்று கூறினார்.,Tamil
Я пью кофе в офисе каждый день.,Russian
நான் தினமும் கடையில் திரைப்படம் பார்க்கிறேன் என்று கூறினார்.,Tamil
Я занимаюсь спортом в больнице сегодня.,Russian
"ಇಂದು, ನಾನು ಅಂಗಡಿಯಲ್ಲಿ ಪುಸ್ತಕ ಓದುತ್ತೇನೆ.",Kannada
രാവിലെ സമയത്ത് ഞാൻ റെസ്റ്റോറന്റിൽ കത്ത് എഴുതുന്നു.,Malayalam
"இந்த வாரம், நான் கடையில் வேலைக்கு செல்கிறேன்.",Tamil
ഞാൻ വൈകുന്നേരം കടയിൽ വ്യായാമം ചെയ്യുന്നു എന്ന് പറഞ്ഞു.,Malayalam
في المساء، أنا أتعلم اللغة في الجامعة.,Arabic
"Я сказал, что смотрю фильм в ресторане каждый день.",Russian
நான் தினமும் உணவகத்தில் திரைப்படம் பார்க்கிறேன் என்று கூறினார்.,Tamil
"каждый день, Я пью кофе в магазине.",Russian
أنا أتعلم اللغة في المدرسة كل يوم.,Arabic
غدا، أنا أشاهد فيلما في المكتبة.,Arabic
நான் நாளை நூலகத்தில் கடிதம் எழுதுகிறேன் என்று கூறினார்.,Tamil
വൈകുന്നേരം സമയത്ത് ഞാൻ വീട്ടിൽ ഭാഷ പഠിക്കുന്നു.,Malayalam
"на этой неделе, Я занимаюсь спортом дома.",Russian
اليوم، أنا أمارس الرياضة في الجامعة.,Arabic
"ನಾಳೆ, ನಾನು ಗ್ರಂಥಾಲಯದಲ್ಲಿ ವಿಶ್ವವಿದ್ಯಾಲಯದಲ್ಲಿ ಓದುತ್ತೇನೆ.",Kannada
ഞാൻ രാവിലെ ഓഫീസിൽ ജോലിക്ക് പോകുന്നു എന്ന് പറഞ്ഞു.,Malayalam
ನಾನು ಇಂದು ಶಾಲೆಯಲ್ಲಿ ಪತ್ರ ಬರೆಯುತ್ತೇನೆ ಎಂದು ಹೇಳಿದರು.,Kannada
"हर दिन, मैं चाय पीता हूँ घर में।",Hindi
ನಾನು ಪ್ರತಿದಿನ ಉದ್ಯಾನವನದಲ್ಲಿ ಭಾಷೆ ಕಲಿಯುತ್ತೇನೆ ಎಂದು ಹೇಳಿದರು.,Kannada
"рано утром, Я пью кофе в городе.",Russian
"ಈ ವಾರ, ನಾನು ಗ್ರಂಥಾಲಯದಲ್ಲಿ ಪತ್ರ ಬರೆಯುತ್ತೇನೆ.",Kannada
ഞാൻ രാവിലെ സമയത്ത് സ്കൂളിൽ സിനിമ കാണുന്നു എന്ന് പറഞ്ഞു.,Malayalam
ನಾನು ಉದ್ಯಾನವನದಲ್ಲಿ ಪತ್ರ ಬರೆಯುತ್ತೇನೆ ಸಂಜೆಯ ಸಮಯದಲ್ಲಿ.,Kannada
أنا أقرأ كتابا في الجامعة غدا.,Arabic
أنا أمارس الرياضة في المستشفى في الصباح.,Arabic
"Я сказал, что читаю книгу в больнице рано утром.",Russian
मैं पत्र लिखता हूँ शहर में शाम के समय।,Hindi
"Я сказал, что читаю книгу в офисе сегодня.",Russian
"αυτή την εβδομάδα, Εγώ πηγαίνω στη δουλειά στο κατάστημα.",Greek
ನಾನು ಶಾಲೆಯಲ್ಲಿ ಕಾಫಿ ಕುಡಿಯುತ್ತೇನೆ ಬೆಳಿಗ್ಗೆ.,Kannada
"το βράδυ, Εγώ πηγαίνω στη δουλειά στο πανεπιστήμιο.",Greek
ನಾನು ವಿಶ್ವವಿದ್ಯಾಲಯದಲ್ಲಿ ಪತ್ರ ಬರೆಯುತ್ತೇನೆ ಇಂದು.,Kannada
"Я сказал, что изучаю язык в офисе завтра.",Russian
വൈകുന്നേരം സമയത്ത് ഞാൻ റെസ്റ്റോറന്റിൽ ജോലിക്ക് പോകുന്നു.,Malayalam
"вечером, Я смотрю фильм в офисе.",Russian
"कल, मैं फिल्म देखता हूँ रेस्तरां में।",Hindi
"ಬೆಳಗಿನ ಸಮಯದಲ್ಲಿ, ನಾನು ಅಂಗಡಿಯಲ್ಲಿ ಸಿನಿಮಾ ನೋಡುತ್ತೇನೆ.",Kannada
ഞാൻ ഇന്ന് ലൈബ്രറിയിൽ ജോലിക്ക് പോകുന്നു എന്ന് പറഞ്ഞു.,Malayalam
मैं किताब पढ़ता हूँ विश्वविद्यालय में इस सप्ताह।,Hindi
मैं काम पर जाता हूँ दुकान में हर दिन।,Hindi
ഞാൻ എല്ലാ ദിവസവും സർവകലാശാലയിൽ കാപ്പി കുടിക്കുന്നു എന്ന് പറഞ്ഞു.,Malayalam
أنا أشاهد فيلما في المكتبة غدا.,Arabic
ഞാൻ രാവിലെ സമയത്ത് നഗരത്തിൽ വ്യായാമം ചെയ്യുന്നു എന്ന് പറഞ്ഞു.,Malayalam
मैं ने कहा कि वह विश्वविद्यालय में चाय पीता हूँ शाम को।,Hindi
मैं ने कहा कि वह दुकान में काम पर जाता हूँ इस सप्ताह।,Hindi
"शाम के समय, मैं व्यायाम करता हूँ स्कूल में।",Hindi
मैं काम पर जाता हूँ पार्क में सुबह।,Hindi
ನಾನು ಇಂದು ಶಾಲೆಯಲ್ಲಿ ವ್ಯಾಯಾಮ ಮಾಡುತ್ತೇನೆ ಎಂದು ಹೇಳಿದರು.,Kannada
मैं ने कहा कि वह पार्क में फिल्म देखता हूँ शाम को।,Hindi
"शाम के समय, मैं पत्र लिखता हूँ रेस्तरां में।",Hindi
اليوم، أنا أشاهد فيلما في المدينة.,Arabic
ನಾನು ಪ್ರತಿದಿನ ಗ್ರಂಥಾಲಯದಲ್ಲಿ ವ್ಯಾಯಾಮ ಮಾಡುತ್ತೇನೆ ಎಂದು ಹೇಳಿದರು.,Kannada
"कल, मैं किताब पढ़ता हूँ कार्यालय में।",Hindi
मैं भाषा सीखता हूँ विश्वविद्यालय में हर दिन।,Hindi
ನಾನು ಗ್ರಂಥಾಲಯದಲ್ಲಿ ಪತ್ರ ಬರೆಯುತ್ತೇನೆ ಸಂಜೆ.,Kannada
நான் இந்த வாரம் நூலகத்தில் உடற்பயிற்சி செய்கிறேன் என்று கூறினார்.,Tamil
"மாலை நேரத்தில், நான் பல்கலைக்கழகத்தில் புத்தகம் படிக்கிறேன்.",Tamil
நான் பல்கலைக்கழகத்தில் காபி குடிக்கிறேன் மாலை நேரத்தில்.,Tamil
"தினமும், நான் பூங்காவில் மொழி கற்கிறேன்.",Tamil
في الصباح، أنا أذهب إلى العمل في الحديقة.,Arabic
"κάθε μέρα, Εγώ μαθαίνω τη γλώσσα στο πάρκο.",Greek
"поздно вечером, Я учусь в университете в университете.",Russian
"ಇಂದು, ನಾನು ರೆಸ್ಟೋರೆಂಟ್‌ನಲ್ಲಿ ಕೆಲಸಕ್ಕೆ ಹೋಗುತ್ತೇನೆ.",Kannada
"இந்த வாரம், நான் மருத்துவமனையில் புத்தகம் படிக்கிறேன்.",Tamil
"இன்று, நான் பல்கலைக்கழகத்தில் புத்தகம் படிக்கிறேன்.",Tamil
"Я сказал, что учусь в университете в университете утром.",Russian
Εγώ είπε ότι πίνω καφέ στην πόλη αύριο.,Greek
நான் தினமும் மருத்துவமனையில் உடற்பயிற்சி செய்கிறேன் என்று கூறினார்.,Tamil
நான் இன்று கடையில் மொழி கற்கிறேன் என்று கூறினார்.,Tamil
"இந்த வாரம், நான் நகரத்தில் மொழி கற்கிறேன்.",Tamil
أنا يريد أن أشرب القهوة في المدينة.,Arabic
أنا أدرس في الجامعة في المطعم في الصباح.,Arabic
ನಾನು ಗ್ರಂಥಾಲಯದಲ್ಲಿ ವಿಶ್ವವಿದ್ಯಾಲಯದಲ್ಲಿ ಓದುತ್ತೇನೆ ಬೆಳಿಗ್ಗೆ.,Kannada
நான் வீட்டில் புத்தகம் படிக்கிறேன் இன்று.,Tamil
"हर दिन, मैं पत्र लिखता हूँ दुकान में।",Hindi
நான் காலை நேரத்தில் வீட்டில் கடிதம் எழுதுகிறேன் என்று கூறினார்.,Tamil
"ಸಂಜೆ, ನಾನು ಮನೆಯಲ್ಲಿ ವ್ಯಾಯಾಮ ಮಾಡುತ್ತೇನೆ.",Kannada
غدا، أنا أشاهد فيلما في المدرسة.,Arabic
मैं पत्र लिखता हूँ कार्यालय में हर दिन।,Hindi
قال أنا إنه أكتب رسالة في الحديقة مساء.,Arabic
"மாலையில், நான் உணவகத்தில் கடிதம் எழுதுகிறேன்.",Tamil
मैं ने कहा कि वह अस्पताल में चाय पीता हूँ शाम को।,Hindi
நான் மாலையில் நகரத்தில் வேலைக்கு செல்கிறேன் என்று கூறினார்.,Tamil
أنا أقرأ كتابا في المستشفى كل يوم.,Arabic
في المساء، أنا أذهب إلى العمل في المدينة.,Arabic
मैं ने कहा कि वह पार्क में फिल्म देखता हूँ कल।,Hindi
ഞാൻ രാവിലെ ആശുപത്രിയിൽ സർവകലാശാലയിൽ പഠിക്കുന്നു.,Malayalam
"αργά το βράδυ, Εγώ διαβάζω ένα βιβλίο στο σχολείο.",Greek
Εγώ γράφω ένα γράμμα στο εστιατόριο νωρίς το πρωί.,Greek
"κάθε μέρα, Εγώ κάνω γυμναστική στο πάρκο.",Greek
"Я сказал, что учусь в университете в университете каждый день.",Russian
Εγώ πίνω καφέ στη βιβλιοθήκη το βράδυ.,Greek
أنا أمارس الرياضة في الجامعة في الصباح.,Arabic
ഞാൻ വൈകുന്നേരം സമയത്ത് പാർക്കിൽ സിനിമ കാണുന്നു എന്ന് പറഞ്ഞു.,Malayalam
ഞാൻ ഇന്ന് വീട്ടിൽ ഭാഷ പഠിക്കുന്നു.,Malayalam
أنا أتعلم اللغة في المنزل اليوم.,Arabic
ഞാൻ വൈകുന്നേരം സർവകലാശാലയിൽ സിനിമ കാണുന്നു.,Malayalam
Я изучаю язык в магазине поздно вечером.,Russian
Εγώ είπε ότι πίνω καφέ στην πόλη αυτή την εβδομάδα.,Greek
ನಾನು ಬೆಳಗಿನ ಸಮಯದಲ್ಲಿ ಕಚೇರಿಯಲ್ಲಿ ಪುಸ್ತಕ ಓದುತ್ತೇನೆ ಎಂದು ಹೇಳಿದರು.,Kannada
मैं ने कहा कि वह रेस्तरां में किताब पढ़ता हूँ कल।,Hindi
"காலை நேரத்தில், நான் பள்ளியில் மொழி கற்கிறேன்.",Tamil
"सुबह, मैं भाषा सीखता हूँ पार्क में।",Hindi
ഞാൻ ഇന്ന് പാർക്കിൽ പുസ്തകം വായിക്കുന്നു എന്ന് പറഞ്ഞു.,Malayalam
"Я сказал, что пишу письмо в офисе завтра.",Russian
Εγώ θέλει να βλέπω μια ταινία στο σπίτι.,Greek
قال أنا إنه أتعلم اللغة في الجامعة كل يوم.,Arabic
ഞാൻ ഇന്ന് കടയിൽ പുസ്തകം വായിക്കുന്നു എന്ന് പറഞ്ഞു.,Malayalam
ഇന്ന് ഞാൻ സ്കൂളിൽ ജോലിക്ക് പോകുന്നു.,Malayalam
"ಸಂಜೆ, ನಾನು ನಗರದಲ್ಲಿ ಪುಸ್ತಕ ಓದುತ್ತೇನೆ.",Kannada
मैं व्यायाम करता हूँ दुकान में कल।,Hindi
मैं किताब पढ़ता हूँ विश्वविद्यालय में आज।,Hindi
ನಾನು ಇಂದು ಅಂಗಡಿಯಲ್ಲಿ ವಿಶ್ವವಿದ್ಯಾಲಯದಲ್ಲಿ ಓದುತ್ತೇನೆ ಎಂದು ಹೇಳಿದರು.,Kannada
நான் தினமும் பல்கலைக்கழகத்தில் பல்கலைக்கழகத்தில் படிக்கிறேன் என்று கூறினார்.,Tamil
എല്ലാ ദിവസവും ഞാൻ കടയിൽ കത്ത് എഴുതുന്നു.,Malayalam
"каждый день, Я учусь в университете в ресторане.",Russian
ನಾನು ಕಚೇರಿಯಲ್ಲಿ ಕೆಲಸಕ್ಕೆ ಹೋಗುತ್ತೇನೆ ಸಂಜೆ.,Kannada
ഞാൻ ഈ ആഴ്ച വീട്ടിൽ ഭാഷ പഠിക്കുന്നു എന്ന് പറഞ്ഞു.,Malayalam
أنا يريد أن أشرب القهوة في المكتب.,Arabic
मैं ने कहा कि वह पार्क में फिल्म देखता हूँ सुबह।,Hindi
मैं पत्र लिखता हूँ विश्वविद्यालय में शाम के समय।,Hindi
मैं ने कहा कि वह कार्यालय में फिल्म देखता हूँ कल।,Hindi
Εγώ διαβάζω ένα βιβλίο στο γραφείο κάθε μέρα.,Greek
أنا أذهب إلى العمل في المستشفى في الصباح.,Arabic
"மாலையில், நான் அலுவலகத்தில் உடற்பயிற்சி செய்கிறேன்.",Tamil
நான் தினமும் நூலகத்தில் புத்தகம் படிக்கிறேன் என்று கூறினார்.,Tamil
Εγώ είπε ότι διαβάζω ένα βιβλίο στο νοσοκομείο το πρωί.,Greek
Εγώ είπε ότι κάνω γυμναστική στο εστιατόριο αυτή την εβδομάδα.,Greek
मैं पत्र लिखता हूँ स्कूल में कल।,Hindi
நான் பல்கலைக்கழகத்தில் வேலைக்கு செல்கிறேன் மாலையில்.,Tamil
நான் உணவகத்தில் வேலைக்கு செல்கிறேன் இன்று.,Tamil
ഞാൻ വൈകുന്നേരം പാർക്കിൽ ജോലിക്ക് പോകുന്നു.,Malayalam
Εγώ είπε ότι διαβάζω ένα βιβλίο στο σπίτι το πρωί.,Greek
أنا أذهب إلى العمل في المدينة كل يوم.,Arabic
मैं चाय पीता हूँ रेस्तरां में सुबह।,Hindi
قال أنا إنه أتعلم اللغة في المكتبة غدا.,Arabic
Я пишу письмо в университете на этой неделе.,Russian
मैं विश्वविद्यालय में पढ़ता हूँ घर में कल।,Hindi
"மாலை நேரத்தில், நான் பள்ளியில் வேலைக்கு செல்கிறேன்.",Tamil
"ಈ ವಾರ, ನಾನು ರೆಸ್ಟೋರೆಂಟ್‌ನಲ್ಲಿ ಸಿನಿಮಾ ನೋಡುತ್ತೇನೆ.",Kannada
நான் இந்த வாரம் நகரத்தில் மொழி கற்கிறேன் என்று கூறினார்.,Tamil
ഞാൻ ഇന്ന് നഗരത്തിൽ സിനിമ കാണുന്നു എന്ന് പറഞ്ഞു.,Malayalam
"कल, मैं काम पर जाता हूँ पार्क में।",Hindi
"Я сказал, что смотрю фильм в библиотеке завтра.",Russian
Εγώ γράφω ένα γράμμα στο κατάστημα αργά το βράδυ.,Greek
நான் பள்ளியில் கடிதம் எழுதுகிறேன் மாலையில்.,Tamil
मैं चाय पीता हूँ स्कूल में हर दिन।,Hindi
"Я сказал, что пью кофе в больнице завтра.",Russian
قال أنا إنه أتعلم اللغة في المدرسة كل يوم.,Arabic
"ಬೆಳಿಗ್ಗೆ, ನಾನು ಅಂಗಡಿಯಲ್ಲಿ ಭಾಷೆ ಕಲಿಯುತ್ತೇನೆ.",Kannada
قال أنا إنه أشاهد فيلما في المدرسة اليوم.,Arabic
"Я сказал, что смотрю фильм в парке на этой неделе.",Russian
"மாலையில், நான் வீட்டில் திரைப்படம் பார்க்கிறேன்.",Tamil
ನಾನು ಗ್ರಂಥಾಲಯದಲ್ಲಿ ಭಾಷೆ ಕಲಿಯುತ್ತೇನೆ ಪ್ರತಿದಿನ.,Kannada
قال أنا إنه أشرب القهوة في الجامعة كل يوم.,Arabic
هذا الأسبوع، أنا أمارس الرياضة في الحديقة.,Arabic
ഞാൻ വൈകുന്നേരം സമയത്ത് റെസ്റ്റോറന്റിൽ വ്യായാമം ചെയ്യുന്നു.,Malayalam
"सुबह के समय, मैं व्यायाम करता हूँ कार्यालय में।",Hindi
ನಾನು ಈ ವಾರ ಶಾಲೆಯಲ್ಲಿ ವಿಶ್ವವಿದ್ಯಾಲಯದಲ್ಲಿ ಓದುತ್ತೇನೆ ಎಂದು ಹೇಳಿದರು.,Kannada
"காலை நேரத்தில், நான் உணவகத்தில் உடற்பயிற்சி செய்கிறேன்.",Tamil
Εγώ πίνω καφέ στην πόλη νωρίς το πρωί.,Greek
मैं भाषा सीखता हूँ पुस्तकालय में इस सप्ताह।,Hindi
أنا أشاهد فيلما في المتجر في المساء.,Arabic
मैं व्यायाम करता हूँ कार्यालय में शाम के समय।,Hindi
قال أنا إنه أقرأ كتابا في المكتب في الصباح.,Arabic
Я читаю книгу в магазине сегодня.,Russian
قال أنا إنه أذهب إلى العمل في الحديقة في المساء.,Arabic
ഞാൻ നാളെ സ്കൂളിൽ കത്ത് എഴുതുന്നു എന്ന് പറഞ്ഞു.,Malayalam
मैं ने कहा कि वह अस्पताल में चाय पीता हूँ इस सप्ताह।,Hindi
Я смотрю фильм в школе завтра.,Russian
"நாளை, நான் பல்கலைக்கழகத்தில் பல்கலைக்கழகத்தில் படிக்கிறேன்.",Tamil
قال أنا إنه أشرب القهوة في المنزل كل يوم.,Arabic
ഞാൻ ഇന്ന് റെസ്റ്റോറന്റിൽ വ്യായാമം ചെയ്യുന്നു എന്ന് പറഞ്ഞു.,Malayalam
"утром, Я пишу письмо в ресторане.",Russian
ഞാൻ പാർക്കിൽ സിനിമ കാണുന്നു ആഗ്രഹിക്കുന്നു.,Malayalam
"Я сказал, что учусь в университете в больнице вечером.",Russian
أنا أمارس الرياضة في المدرسة هذا الأسبوع.,Arabic
मैं ने कहा कि वह घर में विश्वविद्यालय में पढ़ता हूँ शाम के समय।,Hindi
Εγώ κάνω γυμναστική στο νοσοκομείο το πρωί.,Greek
"поздно вечером, Я занимаюсь спортом в школе.",Russian
"ಪ್ರತಿದಿನ, ನಾನು ಮನೆಯಲ್ಲಿ ವಿಶ್ವವಿದ್ಯಾಲಯದಲ್ಲಿ ಓದುತ್ತೇನೆ.",Kannada
"மாலை நேரத்தில், நான் வீட்டில் கடிதம் எழுதுகிறேன்.",Tamil
"सुबह के समय, मैं भाषा सीखता हूँ शहर में।",Hindi
"நாளை, நான் பூங்காவில் மொழி கற்கிறேன்.",Tamil
"на этой неделе, Я читаю книгу в школе.",Russian
मैं भाषा सीखता हूँ शहर में हर दिन।,Hindi
நான் நாளை அலுவலகத்தில் காபி குடிக்கிறேன் என்று கூறினார்.,Tamil
"आज, मैं काम पर जाता हूँ कार्यालय में।",Hindi
நான் மாலை நேரத்தில் பல்கலைக்கழகத்தில் வேலைக்கு செல்கிறேன் என்று கூறினார்.,Tamil
"το βράδυ, Εγώ μαθαίνω τη γλώσσα στο κατάστημα.",Greek
ഞാൻ വൈകുന്നേരം സമയത്ത് വീട്ടിൽ വ്യായാമം ചെയ്യുന്നു.,Malayalam
ഞാൻ ഇന്ന് സ്കൂളിൽ വ്യായാമം ചെയ്യുന്നു എന്ന് പറഞ്ഞു.,Malayalam
مساء، أنا أذهب إلى العمل في المنزل.,Arabic
ഞാൻ ഇന്ന് സ്കൂളിൽ സിനിമ കാണുന്നു.,Malayalam
"каждый день, Я учусь в университете в офисе.",Russian
ഞാൻ നാളെ നഗരത്തിൽ കത്ത് എഴുതുന്നു.,Malayalam
ನಾನು ರೆಸ್ಟೋರೆಂಟ್‌ನಲ್ಲಿ ಕಾಫಿ ಕುಡಿಯುತ್ತೇನೆ ಸಂಜೆ.,Kannada
ഞാൻ രാവിലെ സ്കൂളിൽ ഭാഷ പഠിക്കുന്നു.,Malayalam
ഇന്ന് ഞാൻ നഗരത്തിൽ ജോലിക്ക് പോകുന്നു.,Malayalam
"поздно вечером, Я учусь в университете дома.",Russian
मैं भाषा सीखता हूँ अस्पताल में शाम को।,Hindi
"Я сказал, что смотрю фильм в офисе утром.",Russian
நான் வீட்டில் காபி குடிக்கிறேன் காலை நேரத்தில்.,Tamil
நான் நகரத்தில் வேலைக்கு செல்கிறேன் விரும்புகிறார்.,Tamil
"हर दिन, मैं व्यायाम करता हूँ अस्पताल में।",Hindi
രാവിലെ സമയത്ത് ഞാൻ ഓഫീസിൽ പുസ്തകം വായിക്കുന്നു.,Malayalam
ನಾನು ಸಂಜೆಯ ಸಮಯದಲ್ಲಿ ಅಂಗಡಿಯಲ್ಲಿ ಕೆಲಸಕ್ಕೆ ಹೋಗುತ್ತೇನೆ ಎಂದು ಹೇಳಿದರು.,Kannada
مساء، أنا أشرب القهوة في المكتبة.,Arabic
ഞാൻ രാവിലെ സമയത്ത് ആശുപത്രിയിൽ വ്യായാമം ചെയ്യുന്നു.,Malayalam
Я иду на работу в больнице каждый день.,Russian
Εγώ είπε ότι βλέπω μια ταινία στο πάρκο κάθε μέρα.,Greek
"இந்த வாரம், நான் நகரத்தில் வேலைக்கு செல்கிறேன்.",Tamil
ನಾನು ಬೆಳಗಿನ ಸಮಯದಲ್ಲಿ ಉದ್ಯಾನವನದಲ್ಲಿ ವಿಶ್ವವಿದ್ಯಾಲಯದಲ್ಲಿ ಓದುತ್ತೇನೆ ಎಂದು ಹೇಳಿದರು.,Kannada
Я читаю книгу дома завтра.,Russian
நான் காலை நேரத்தில் பல்கலைக்கழகத்தில் காபி குடிக்கிறேன் என்று கூறினார்.,Tamil
ഞാൻ രാവിലെ സമയത്ത് കടയിൽ പുസ്തകം വായിക്കുന്നു.,Malayalam
मैं रेस्तरां में भाषा सीखता हूँ चाहता है।,Hindi
في الصباح، أنا أدرس في الجامعة في الجامعة.,Arabic
أنا أدرس في الجامعة في المستشفى في الصباح.,Arabic
ನಾನು ಅಂಗಡಿಯಲ್ಲಿ ಕಾಫಿ ಕುಡಿಯುತ್ತೇನೆ ಇಂದು.,Kannada
நான் வீட்டில் பல்கலைக்கழகத்தில் படிக்கிறேன் காலை நேரத்தில்.,Tamil
मैं ने कहा कि वह रेस्तरां में विश्वविद्यालय में पढ़ता हूँ शाम के समय।,Hindi
"ಈ ವಾರ, ನಾನು ಅಂಗಡಿಯಲ್ಲಿ ಸಿನಿಮಾ ನೋಡುತ್ತೇನೆ.",Kannada
Εγώ είπε ότι βλέπω μια ταινία στο σπίτι νωρίς το πρωί.,Greek
ഞാൻ വൈകുന്നേരം സമയത്ത് റെസ്റ്റോറന്റിൽ കത്ത് എഴുതുന്നു.,Malayalam
ನಾನು ಇಂದು ವಿಶ್ವವಿದ್ಯಾಲಯದಲ್ಲಿ ಪತ್ರ ಬರೆಯುತ್ತೇನೆ ಎಂದು ಹೇಳಿದರು.,Kannada
ನಾನು ಕಚೇರಿಯಲ್ಲಿ ಕೆಲಸಕ್ಕೆ ಹೋಗುತ್ತೇನೆ ಬೆಳಗಿನ ಸಮಯದಲ್ಲಿ.,Kannada
मैं पत्र लिखता हूँ पुस्तकालय में शाम के समय।,Hindi
"το πρωί, Εγώ μαθαίνω τη γλώσσα στην πόλη.",Greek
"αργά το βράδυ, Εγώ σπουδάζω στο πανεπιστήμιο στη βιβλιοθήκη.",Greek
मैं भाषा सीखता हूँ रेस्तरां में सुबह।,Hindi
غدا، أنا أقرأ كتابا في الجامعة.,Arabic
"மாலையில், நான் பூங்காவில் திரைப்படம் பார்க்கிறேன்.",Tamil
"Я сказал, что пью кофе дома завтра.",Russian
ನಾನು ಪ್ರತಿದಿನ ಮನೆಯಲ್ಲಿ ಪತ್ರ ಬರೆಯುತ್ತೇನೆ ಎಂದು ಹೇಳಿದರು.,Kannada
أنا أكتب رسالة في الجامعة مساء.,Arabic
ನಾನು ಪ್ರತಿದಿನ ಗ್ರಂಥಾಲಯದಲ್ಲಿ ಕೆಲಸಕ್ಕೆ ಹೋಗುತ್ತೇನೆ ಎಂದು ಹೇಳಿದರು.,Kannada
நான் பள்ளியில் கடிதம் எழுதுகிறேன் நாளை.,Tamil
ನಾನು ಅಂಗಡಿಯಲ್ಲಿ ಸಿನಿಮಾ ನೋಡುತ್ತೇನೆ ಪ್ರತಿದಿನ.,Kannada
"αύριο, Εγώ σπουδάζω στο πανεπιστήμιο στο κατάστημα.",Greek
"Я сказал, что пью кофе в ресторане поздно вечером.",Russian
أنا أمارس الرياضة في المدرسة في المساء.,Arabic
நான் பல்கலைக்கழகத்தில் உடற்பயிற்சி செய்கிறேன் இன்று.,Tamil
"утром, Я читаю книгу в парке.",Russian
أنا أشرب القهوة في الحديقة غدا.,Arabic
ഞാൻ രാവിലെ കടയിൽ പുസ്തകം വായിക്കുന്നു.,Malayalam
Εγώ βλέπω μια ταινία στο κατάστημα κάθε μέρα.,Greek
मैं रेस्तरां में विश्वविद्यालय में पढ़ता हूँ चाहता है।,Hindi
قال أنا إنه أمارس الرياضة في المنزل صباحا.,Arabic
قال أنا إنه أشاهد فيلما في الحديقة في الصباح.,Arabic
मैं फिल्म देखता हूँ पुस्तकालय में सुबह के समय।,Hindi
"αυτή την εβδομάδα, Εγώ σπουδάζω στο πανεπιστήμιο στο κατάστημα.",Greek
நான் நூலகத்தில் உடற்பயிற்சி செய்கிறேன் இந்த வாரம்.,Tamil
நான் நகரத்தில் மொழி கற்கிறேன் தினமும்.,Tamil
"завтра, Я иду на работу в офисе.",Russian
أنا أمارس الرياضة في المكتبة غدا.,Arabic
في الصباح، أنا أشاهد فيلما في الجامعة.,Arabic
ನಾನು ಉದ್ಯಾನವನದಲ್ಲಿ ಭಾಷೆ ಕಲಿಯುತ್ತೇನೆ ಪ್ರತಿದಿನ.,Kannada
مساء، أنا أقرأ كتابا في المدينة.,Arabic
நான் நூலகத்தில் திரைப்படம் பார்க்கிறேன் மாலையில்.,Tamil
"ಸಂಜೆಯ ಸಮಯದಲ್ಲಿ, ನಾನು ಆಸ್ಪತ್ರೆಯಲ್ಲಿ ಪತ್ರ ಬರೆಯುತ್ತೇನೆ.",Kannada
أنا أكتب رسالة في المتجر في المساء.,Arabic
ഞാൻ ഇന്ന് സർവകലാശാലയിൽ ഭാഷ പഠിക്കുന്നു.,Malayalam
"Я сказал, что иду на работу в парке на этой неделе.",Russian
Εγώ πηγαίνω στη δουλειά στο πάρκο αύριο.,Greek
"νωρίς το πρωί, Εγώ πίνω καφέ στο πανεπιστήμιο.",Greek
நான் மருத்துவமனையில் உடற்பயிற்சி செய்கிறேன் காலை நேரத்தில்.,Tamil
"ಬೆಳಗಿನ ಸಮಯದಲ್ಲಿ, ನಾನು ಅಂಗಡಿಯಲ್ಲಿ ಭಾಷೆ ಕಲಿಯುತ್ತೇನೆ.",Kannada
ഞാൻ നാളെ റെസ്റ്റോറന്റിൽ ഭാഷ പഠിക്കുന്നു.,Malayalam
രാവിലെ ഞാൻ സർവകലാശാലയിൽ കാപ്പി കുടിക്കുന്നു.,Malayalam
ഞാൻ ആശുപത്രിയിൽ വ്യായാമം ചെയ്യുന്നു ആഗ്രഹിക്കുന്നു.,Malayalam
ನಾನು ನಾಳೆ ಉದ್ಯಾನವನದಲ್ಲಿ ವಿಶ್ವವಿದ್ಯಾಲಯದಲ್ಲಿ ಓದುತ್ತೇನೆ ಎಂದು ಹೇಳಿದರು.,Kannada
Εγώ είπε ότι βλέπω μια ταινία στο πάρκο το βράδυ.,Greek
صباحا، أنا أذهب إلى العمل في المستشفى.,Arabic
ഞാൻ രാവിലെ സമയത്ത് സ്കൂളിൽ ജോലിക്ക് പോകുന്നു.,Malayalam
Я иду на работу в библиотеке поздно вечером.,Russian
"शाम को, मैं चाय पीता हूँ शहर में।",Hindi
"Я сказал, что изучаю язык в школе рано утром.",Russian
நான் உணவகத்தில் திரைப்படம் பார்க்கிறேன் காலையில்.,Tamil
"हर दिन, मैं व्यायाम करता हूँ शहर में।",Hindi
"αύριο, Εγώ πηγαίνω στη δουλειά στο σχολείο.",Greek
"सुबह, मैं किताब पढ़ता हूँ शहर में।",Hindi
ನಾನು ಸಂಜೆಯ ಸಮಯದಲ್ಲಿ ಆಸ್ಪತ್ರೆಯಲ್ಲಿ ಕಾಫಿ ಕುಡಿಯುತ್ತೇನೆ ಎಂದು ಹೇಳಿದರು.,Kannada
ഞാൻ ഈ ആഴ്ച ആശുപത്രിയിൽ ഭാഷ പഠിക്കുന്നു.,Malayalam
ನಾನು ಇಂದು ಉದ್ಯಾನವನದಲ್ಲಿ ಕೆಲಸಕ್ಕೆ ಹೋಗುತ್ತೇನೆ ಎಂದು ಹೇಳಿದರು.,Kannada
ഞാൻ വൈകുന്നേരം വീട്ടിൽ ജോലിക്ക് പോകുന്നു എന്ന് പറഞ്ഞു.,Malayalam
ഞാൻ നാളെ സ്കൂളിൽ സർവകലാശാലയിൽ പഠിക്കുന്നു എന്ന് പറഞ്ഞു.,Malayalam
"நாளை, நான் பல்கலைக்கழகத்தில் காபி குடிக்கிறேன்.",Tamil
ഞാൻ എല്ലാ ദിവസവും കടയിൽ സിനിമ കാണുന്നു.,Malayalam
"утром, Я пишу письмо дома.",Russian
ഞാൻ വൈകുന്നേരം സമയത്ത് സർവകലാശാലയിൽ സർവകലാശാലയിൽ പഠിക്കുന്നു.,Malayalam
"αύριο, Εγώ γράφω ένα γράμμα στο σπίτι.",Greek
Я смотрю фильм в библиотеке поздно вечером.,Russian
"காலை நேரத்தில், நான் வீட்டில் கடிதம் எழுதுகிறேன்.",Tamil
വൈകുന്നേരം സമയത്ത് ഞാൻ സ്കൂളിൽ കാപ്പി കുടിക്കുന്നു.,Malayalam
Εγώ πίνω καφέ στο σχολείο το πρωί.,Greek
ನಾನು ಪ್ರತಿದಿನ ಕಚೇರಿಯಲ್ಲಿ ಭಾಷೆ ಕಲಿಯುತ್ತೇನೆ ಎಂದು ಹೇಳಿದರು.,Kannada
ನಾನು ಪ್ರತಿದಿನ ಉದ್ಯಾನವನದಲ್ಲಿ ಕೆಲಸಕ್ಕೆ ಹೋಗುತ್ತೇನೆ ಎಂದು ಹೇಳಿದರು.,Kannada
"ಇಂದು, ನಾನು ರೆಸ್ಟೋರೆಂಟ್‌ನಲ್ಲಿ ಪುಸ್ತಕ ಓದುತ್ತೇನೆ.",Kannada
ഞാൻ വൈകുന്നേരം സമയത്ത് പാർക്കിൽ ഭാഷ പഠിക്കുന്നു.,Malayalam
Я хочет пишу письмо в университете.,Russian
ഞാൻ വൈകുന്നേരം നഗരത്തിൽ വ്യായാമം ചെയ്യുന്നു എന്ന് പറഞ്ഞു.,Malayalam
Εγώ κάνω γυμναστική στην πόλη το βράδυ.,Greek
Я читаю книгу дома сегодня.,Russian
ഞാൻ എല്ലാ ദിവസവും നഗരത്തിൽ പുസ്തകം വായിക്കുന്നു.,Malayalam
मैं काम पर जाता हूँ दुकान में सुबह के समय।,Hindi
நான் தினமும் கடையில் புத்தகம் படிக்கிறேன் என்று கூறினார்.,Tamil
"शाम को, मैं किताब पढ़ता हूँ अस्पताल में।",Hindi
Εγώ σπουδάζω στο πανεπιστήμιο στο σπίτι κάθε μέρα.,Greek
أنا أكتب رسالة في المكتبة هذا الأسبوع.,Arabic
நான் வீட்டில் காபி குடிக்கிறேன் மாலையில்.,Tamil
قال أنا إنه أذهب إلى العمل في المستشفى هذا الأسبوع.,Arabic
في الصباح، أنا أقرأ كتابا في المكتب.,Arabic
Я пью кофе в библиотеке сегодня.,Russian
Я иду на работу в магазине на этой неделе.,Russian
اليوم، أنا أشرب القهوة في المطعم.,Arabic
Εγώ είπε ότι σπουδάζω στο πανεπιστήμιο στην πόλη σήμερα.,Greek
Εγώ είπε ότι βλέπω μια ταινία στο εστιατόριο το πρωί.,Greek
"αύριο, Εγώ μαθαίνω τη γλώσσα στο σπίτι.",Greek
قال أنا إنه أمارس الرياضة في الجامعة اليوم.,Arabic
"σήμερα, Εγώ κάνω γυμναστική στο πάρκο.",Greek
நான் காலை நேரத்தில் அலுவலகத்தில் உடற்பயிற்சி செய்கிறேன் என்று கூறினார்.,Tamil
मैं चाय पीता हूँ दुकान में हर दिन।,Hindi
ഞാൻ ഈ ആഴ്ച സർവകലാശാലയിൽ ഭാഷ പഠിക്കുന്നു.,Malayalam
എല്ലാ ദിവസവും ഞാൻ കടയിൽ സർവകലാശാലയിൽ പഠിക്കുന്നു.,Malayalam
قال أنا إنه أمارس الرياضة في الجامعة صباحا.,Arabic
"மாலை நேரத்தில், நான் பல்கலைக்கழகத்தில் திரைப்படம் பார்க்கிறேன்.",Tamil
ನಾನು ನಗರದಲ್ಲಿ ಕಾಫಿ ಕುಡಿಯುತ್ತೇನೆ ಸಂಜೆ.,Kannada
Εγώ είπε ότι πίνω καφέ στο σπίτι σήμερα.,Greek
Εγώ είπε ότι βλέπω μια ταινία στο κατάστημα σήμερα.,Greek
ನಾನು ಮನೆಯಲ್ಲಿ ಕೆಲಸಕ್ಕೆ ಹೋಗುತ್ತೇನೆ ಸಂಜೆಯ ಸಮಯದಲ್ಲಿ.,Kannada
நான் மருத்துவமனையில் திரைப்படம் பார்க்கிறேன் காலையில்.,Tamil
أنا أشاهد فيلما في المطعم اليوم.,Arabic
मैं फिल्म देखता हूँ रेस्तरां में इस सप्ताह।,Hindi
Εγώ είπε ότι γράφω ένα γράμμα στο γραφείο κάθε μέρα.,Greek
Я занимаюсь спортом в городе сегодня.,Russian
قال أنا إنه أكتب رسالة في المدرسة كل يوم.,Arabic
Я читаю книгу дома вечером.,Russian
"ಸಂಜೆ, ನಾನು ಆಸ್ಪತ್ರೆಯಲ್ಲಿ ಸಿನಿಮಾ ನೋಡುತ್ತೇನೆ.",Kannada
Εγώ είπε ότι βλέπω μια ταινία στο σχολείο νωρίς το πρωί.,Greek
"поздно вечером, Я изучаю язык в парке.",Russian
நான் இன்று பள்ளியில் பல்கலைக்கழகத்தில் படிக்கிறேன் என்று கூறினார்.,Tamil
Εγώ σπουδάζω στο πανεπιστήμιο στο πάρκο κάθε μέρα.,Greek
Εγώ βλέπω μια ταινία στο γραφείο κάθε μέρα.,Greek
मैं ने कहा कि वह विश्वविद्यालय में चाय पीता हूँ हर दिन।,Hindi
"सुबह के समय, मैं व्यायाम करता हूँ घर में।",Hindi
قال أنا إنه أمارس الرياضة في المدينة في المساء.,Arabic
Я читаю книгу в университете рано утром.,Russian
"αυτή την εβδομάδα, Εγώ σπουδάζω στο πανεπιστήμιο στο σπίτι.",Greek
"το βράδυ, Εγώ κάνω γυμναστική στη βιβλιοθήκη.",Greek
"தினமும், நான் உணவகத்தில் கடிதம் எழுதுகிறேன்.",Tamil
मैं ने कहा कि वह स्कूल में पत्र लिखता हूँ हर दिन।,Hindi
ഞാൻ എല്ലാ ദിവസവും ഓഫീസിൽ കാപ്പി കുടിക്കുന്നു എന്ന് പറഞ്ഞു.,Malayalam
நான் நூலகத்தில் புத்தகம் படிக்கிறேன் காலையில்.,Tamil
രാവിലെ ഞാൻ കടയിൽ സർവകലാശാലയിൽ പഠിക്കുന്നു.,Malayalam
ഞാൻ രാവിലെ ഓഫീസിൽ സിനിമ കാണുന്നു എന്ന് പറഞ്ഞു.,Malayalam
"νωρίς το πρωί, Εγώ διαβάζω ένα βιβλίο στο εστιατόριο.",Greek
قال أنا إنه أذهب إلى العمل في المدرسة في الصباح.,Arabic
நான் வீட்டில் கடிதம் எழுதுகிறேன் காலை நேரத்தில்.,Tamil
قال أنا إنه أتعلم اللغة في المدرسة هذا الأسبوع.,Arabic
ನಾನು ಮನೆಯಲ್ಲಿ ಪತ್ರ ಬರೆಯುತ್ತೇನೆ ಬೆಳಗಿನ ಸಮಯದಲ್ಲಿ.,Kannada
ഞാൻ എല്ലാ ദിവസവും വീട്ടിൽ കത്ത് എഴുതുന്നു.,Malayalam
"Я сказал, что пишу письмо в парке рано утром.",Russian
मैं पत्र लिखता हूँ पुस्तकालय में कल।,Hindi
Εγώ είπε ότι κάνω γυμναστική στο πάρκο το πρωί.,Greek
मैं काम पर जाता हूँ कार्यालय में शाम को।,Hindi
"ಬೆಳಿಗ್ಗೆ, ನಾನು ಅಂಗಡಿಯಲ್ಲಿ ಸಿನಿಮಾ ನೋಡುತ್ತೇನೆ.",Kannada
ഇന്ന് ഞാൻ സർവകലാശാലയിൽ പുസ്തകം വായിക്കുന്നു.,Malayalam
قال أنا إنه أكتب رسالة في المكتبة صباحا.,Arabic
நான் நாளை பல்கலைக்கழகத்தில் உடற்பயிற்சி செய்கிறேன் என்று கூறினார்.,Tamil
قال أنا إنه أقرأ كتابا في المكتب مساء.,Arabic
मैं फिल्म देखता हूँ शहर में शाम के समय।,Hindi
"शाम को, मैं पत्र लिखता हूँ कार्यालय में।",Hindi
اليوم، أنا أتعلم اللغة في الجامعة.,Arabic
ನಾನು ಬೆಳಿಗ್ಗೆ ವಿಶ್ವವಿದ್ಯಾಲಯದಲ್ಲಿ ಪುಸ್ತಕ ಓದುತ್ತೇನೆ ಎಂದು ಹೇಳಿದರು.,Kannada
मैं ने कहा कि वह दुकान में विश्वविद्यालय में पढ़ता हूँ इस सप्ताह।,Hindi
നാളെ ഞാൻ ലൈബ്രറിയിൽ ഭാഷ പഠിക്കുന്നു.,Malayalam
"शाम के समय, मैं चाय पीता हूँ दुकान में।",Hindi
"காலையில், நான் நூலகத்தில் புத்தகம் படிக்கிறேன்.",Tamil
"இன்று, நான் கடையில் காபி குடிக்கிறேன்.",Tamil
أنا أتعلم اللغة في المتجر كل يوم.,Arabic
Я учусь в университете в больнице поздно вечером.,Russian
நான் இந்த வாரம் நூலகத்தில் பல்கலைக்கழகத்தில் படிக்கிறேன் என்று கூறினார்.,Tamil
ഞാൻ വൈകുന്നേരം സമയത്ത് ആശുപത്രിയിൽ സിനിമ കാണുന്നു എന്ന് പറഞ്ഞു.,Malayalam
قال أنا إنه أذهب إلى العمل في الجامعة مساء.,Arabic
ನಾನು ಆಸ್ಪತ್ರೆಯಲ್ಲಿ ಕಾಫಿ ಕುಡಿಯುತ್ತೇನೆ ಸಂಜೆಯ ಸಮಯದಲ್ಲಿ.,Kannada
मैं पत्र लिखता हूँ विश्वविद्यालय में शाम को।,Hindi
"αυτή την εβδομάδα, Εγώ μαθαίνω τη γλώσσα στο γραφείο.",Greek
ನಾನು ನಗರದಲ್ಲಿ ವಿಶ್ವವಿದ್ಯಾಲಯದಲ್ಲಿ ಓದುತ್ತೇನೆ ನಾಳೆ.,Kannada
ഞാൻ എല്ലാ ദിവസവും കടയിൽ ഭാഷ പഠിക്കുന്നു.,Malayalam
أنا أدرس في الجامعة في المتجر غدا.,Arabic
Я пью кофе в ресторане рано утром.,Russian
நான் மாலை நேரத்தில் பல்கலைக்கழகத்தில் பல்கலைக்கழகத்தில் படிக்கிறேன் என்று கூறினார்.,Tamil
நான் பூங்காவில் கடிதம் எழுதுகிறேன் நாளை.,Tamil
قال أنا إنه أشرب القهوة في الحديقة غدا.,Arabic
मैं ने कहा कि वह पुस्तकालय में चाय पीता हूँ कल।,Hindi
أنا أمارس الرياضة في المتجر مساء.,Arabic
ഇന്ന് ഞാൻ പാർക്കിൽ സർവകലാശാലയിൽ പഠിക്കുന്നു.,Malayalam
"το βράδυ, Εγώ κάνω γυμναστική στο κατάστημα.",Greek
நான் தினமும் அலுவலகத்தில் திரைப்படம் பார்க்கிறேன் என்று கூறினார்.,Tamil
ನಾನು ಶಾಲೆಯಲ್ಲಿ ಪುಸ್ತಕ ಓದುತ್ತೇನೆ ಬೆಳಗಿನ ಸಮಯದಲ್ಲಿ.,Kannada
"σήμερα, Εγώ γράφω ένα γράμμα στο εστιατόριο.",Greek
"இன்று, நான் நூலகத்தில் பல்கலைக்கழகத்தில் படிக்கிறேன்.",Tamil
"सुबह के समय, मैं किताब पढ़ता हूँ रेस्तरां में।",Hindi
"Я сказал, что пишу письмо дома рано утром.",Russian
"поздно вечером, Я иду на работу в университете.",Russian
"сегодня, Я читаю книгу в магазине.",Russian
"сегодня, Я пишу письмо в офисе.",Russian
ഞാൻ ഇന്ന് പാർക്കിൽ കാപ്പി കുടിക്കുന്നു എന്ന് പറഞ്ഞു.,Malayalam
"Я сказал, что читаю книгу дома вечером.",Russian
நான் இந்த வாரம் நூலகத்தில் காபி குடிக்கிறேன் என்று கூறினார்.,Tamil
"இன்று, நான் வீட்டில் புத்தகம் படிக்கிறேன்.",Tamil
كل يوم، أنا أقرأ كتابا في المطعم.,Arabic
أنا أتعلم اللغة في المطعم غدا.,Arabic
Εγώ βλέπω μια ταινία στο γραφείο αυτή την εβδομάδα.,Greek
"Я сказал, что читаю книгу в парке завтра.",Russian
Εγώ είπε ότι κάνω γυμναστική στο κατάστημα το βράδυ.,Greek
Я пишу письмо дома каждый день.,Russian
أنا أمارس الرياضة في الجامعة في المساء.,Arabic
நான் அலுவலகத்தில் வேலைக்கு செல்கிறேன் இன்று.,Tamil
أنا أذهب إلى العمل في الجامعة في المساء.,Arabic
أنا أكتب رسالة في الحديقة في الصباح.,Arabic
Εγώ είπε ότι διαβάζω ένα βιβλίο στο πανεπιστήμιο το πρωί.,Greek
اليوم، أنا أشاهد فيلما في المكتبة.,Arabic
Я читаю книгу в школе утром.,Russian
ഞാൻ നാളെ സർവകലാശാലയിൽ പുസ്തകം വായിക്കുന്നു എന്ന് പറഞ്ഞു.,Malayalam
Я изучаю язык в парке каждый день.,Russian
"αυτή την εβδομάδα, Εγώ πηγαίνω στη δουλειά στο γραφείο.",Greek
غدا، أنا أذهب إلى العمل في المستشفى.,Arabic
വൈകുന്നേരം സമയത്ത് ഞാൻ പാർക്കിൽ സിനിമ കാണുന്നു.,Malayalam
مساء، أنا أشاهد فيلما في المكتبة.,Arabic
ನಾನು ಇಂದು ಗ್ರಂಥಾಲಯದಲ್ಲಿ ಭಾಷೆ ಕಲಿಯುತ್ತೇನೆ ಎಂದು ಹೇಳಿದರು.,Kannada
मैं ने कहा कि वह शहर में विश्वविद्यालय में पढ़ता हूँ आज।,Hindi
நான் காலையில் நூலகத்தில் வேலைக்கு செல்கிறேன் என்று கூறினார்.,Tamil
मैं ने कहा कि वह घर में काम पर जाता हूँ कल।,Hindi
"हर दिन, मैं किताब पढ़ता हूँ दुकान में।",Hindi
நான் காலையில் பல்கலைக்கழகத்தில் காபி குடிக்கிறேன் என்று கூறினார்.,Tamil
मैं ने कहा कि वह कार्यालय में चाय पीता हूँ कल।,Hindi
വൈകുന്നേരം ഞാൻ പാർക്കിൽ കാപ്പി കുടിക്കുന്നു.,Malayalam
நான் வீட்டில் காபி குடிக்கிறேன் இன்று.,Tamil
நான் மருத்துவமனையில் காபி குடிக்கிறேன் இன்று.,Tamil
ನಾನು ಮನೆಯಲ್ಲಿ ಪುಸ್ತಕ ಓದುತ್ತೇನೆ ಬೆಳಗಿನ ಸಮಯದಲ್ಲಿ.,Kannada
நான் கடையில் திரைப்படம் பார்க்கிறேன் இந்த வாரம்.,Tamil
ഞാൻ സർവകലാശാലയിൽ ജോലിക്ക് പോകുന്നു ആഗ്രഹിക്കുന്നു.,Malayalam
"Я сказал, что занимаюсь спортом в парке завтра.",Russian
രാവിലെ ഞാൻ നഗരത്തിൽ പുസ്തകം വായിക്കുന്നു.,Malayalam
मैं चाय पीता हूँ पार्क में कल।,Hindi
"κάθε μέρα, Εγώ γράφω ένα γράμμα στο κατάστημα.",Greek
Я изучаю язык в офисе утром.,Russian
"Я сказал, что иду на работу в университете каждый день.",Russian
நான் மாலை நேரத்தில் கடையில் காபி குடிக்கிறேன் என்று கூறினார்.,Tamil
"Я сказал, что пишу письмо в городе каждый день.",Russian
ഞാൻ രാവിലെ സർവകലാശാലയിൽ വ്യായാമം ചെയ്യുന്നു എന്ന് പറഞ്ഞു.,Malayalam
मैं चाय पीता हूँ विश्वविद्यालय में कल।,Hindi
நான் நூலகத்தில் உடற்பயிற்சி செய்கிறேன் காலை நேரத்தில்.,Tamil
വൈകുന്നേരം സമയത്ത് ഞാൻ സ്കൂളിൽ സിനിമ കാണുന്നു.,Malayalam
Я занимаюсь спортом в больнице утром.,Russian
"αυτή την εβδομάδα, Εγώ πηγαίνω στη δουλειά στο πανεπιστήμιο.",Greek
أنا أمارس الرياضة في المستشفى هذا الأسبوع.,Arabic
நான் காலையில் பல்கலைக்கழகத்தில் பல்கலைக்கழகத்தில் படிக்கிறேன் என்று கூறினார்.,Tamil
"ಈ ವಾರ, ನಾನು ನಗರದಲ್ಲಿ ಭಾಷೆ ಕಲಿಯುತ್ತೇನೆ.",Kannada
ഞാൻ രാവിലെ സമയത്ത് നഗരത്തിൽ കാപ്പി കുടിക്കുന്നു.,Malayalam
ഇന്ന് ഞാൻ സ്കൂളിൽ സർവകലാശാലയിൽ പഠിക്കുന്നു.,Malayalam
في المساء، أنا أقرأ كتابا في المدينة.,Arabic
Εγώ είπε ότι πηγαίνω στη δουλειά στο πάρκο αργά το βράδυ.,Greek
Я иду на работу в магазине завтра.,Russian
أنا يريد أن أشاهد فيلما في المتجر.,Arabic
Εγώ είπε ότι βλέπω μια ταινία στο εστιατόριο νωρίς το πρωί.,Greek
Я изучаю язык в ресторане рано утром.,Russian
நான் நூலகத்தில் மொழி கற்கிறேன் இன்று.,Tamil
ನಾನು ಅಂಗಡಿಯಲ್ಲಿ ಕಾಫಿ ಕುಡಿಯುತ್ತೇನೆ ಸಂಜೆಯ ಸಮಯದಲ್ಲಿ.,Kannada
Εγώ είπε ότι μαθαίνω τη γλώσσα στην πόλη κάθε μέρα.,Greek
വൈകുന്നേരം ഞാൻ റെസ്റ്റോറന്റിൽ കത്ത് എഴുതുന്നു.,Malayalam
ನಾನು ಬೆಳಿಗ್ಗೆ ಮನೆಯಲ್ಲಿ ಕಾಫಿ ಕುಡಿಯುತ್ತೇನೆ ಎಂದು ಹೇಳಿದರು.,Kannada
"इस सप्ताह, मैं फिल्म देखता हूँ स्कूल में।",Hindi
എല്ലാ ദിവസവും ഞാൻ കടയിൽ ജോലിക്ക് പോകുന്നു.,Malayalam
"ಈ ವಾರ, ನಾನು ಅಂಗಡಿಯಲ್ಲಿ ಪುಸ್ತಕ ಓದುತ್ತೇನೆ.",Kannada
"ಪ್ರತಿದಿನ, ನಾನು ಉದ್ಯಾನವನದಲ್ಲಿ ಭಾಷೆ ಕಲಿಯುತ್ತೇನೆ.",Kannada
मैं ने कहा कि वह अस्पताल में फिल्म देखता हूँ कल।,Hindi
मैं विश्वविद्यालय में पढ़ता हूँ पुस्तकालय में हर दिन।,Hindi
ഞാൻ വൈകുന്നേരം സമയത്ത് വീട്ടിൽ പുസ്തകം വായിക്കുന്നു.,Malayalam
ನಾನು ಉದ್ಯಾನವನದಲ್ಲಿ ಪುಸ್ತಕ ಓದುತ್ತೇನೆ ಸಂಜೆಯ ಸಮಯದಲ್ಲಿ.,Kannada
"ಈ ವಾರ, ನಾನು ಆಸ್ಪತ್ರೆಯಲ್ಲಿ ಪುಸ್ತಕ ಓದುತ್ತೇನೆ.",Kannada
قال أنا إنه أشرب القهوة في المكتبة غدا.,Arabic
Εγώ πίνω καφέ στο πάρκο αύριο.,Greek
मैं ने कहा कि वह अस्पताल में व्यायाम करता हूँ इस सप्ताह।,Hindi
ഞാൻ ഈ ആഴ്ച പാർക്കിൽ വ്യായാമം ചെയ്യുന്നു.,Malayalam
"Я сказал, что пью кофе в ресторане на этой неделе.",Russian
मैं ने कहा कि वह शहर में काम पर जाता हूँ इस सप्ताह।,Hindi
Εγώ κάνω γυμναστική στο νοσοκομείο το βράδυ.,Greek
ഞാൻ ഇന്ന് നഗരത്തിൽ വ്യായാമം ചെയ്യുന്നു എന്ന് പറഞ്ഞു.,Malayalam
ನಾನು ಇಂದು ವಿಶ್ವವಿದ್ಯಾಲಯದಲ್ಲಿ ವಿಶ್ವವಿದ್ಯಾಲಯದಲ್ಲಿ ಓದುತ್ತೇನೆ ಎಂದು ಹೇಳಿದರು.,Kannada
நான் உணவகத்தில் மொழி கற்கிறேன் மாலையில்.,Tamil
"завтра, Я изучаю язык в парке.",Russian
ഞാൻ വൈകുന്നേരം സമയത്ത് സ്കൂളിൽ കത്ത് എഴുതുന്നു.,Malayalam
"Я сказал, что занимаюсь спортом в ресторане завтра.",Russian
أنا أشرب القهوة في المكتب في الصباح.,Arabic
أنا أشاهد فيلما في الحديقة هذا الأسبوع.,Arabic
Я пишу письмо в ресторане поздно вечером.,Russian
ഞാൻ ഈ ആഴ്ച ലൈബ്രറിയിൽ പുസ്തകം വായിക്കുന്നു.,Malayalam
"காலை நேரத்தில், நான் மருத்துவமனையில் மொழி கற்கிறேன்.",Tamil
في الصباح، أنا أكتب رسالة في المكتب.,Arabic
രാവിലെ സമയത്ത് ഞാൻ സർവകലാശാലയിൽ സർവകലാശാലയിൽ പഠിക്കുന്നു.,Malayalam
"κάθε μέρα, Εγώ πηγαίνω στη δουλειά στο εστιατόριο.",Greek
قال أنا إنه أذهب إلى العمل في المكتب في الصباح.,Arabic
Εγώ θέλει να γράφω ένα γράμμα στη βιβλιοθήκη.,Greek
"காலையில், நான் வீட்டில் வேலைக்கு செல்கிறேன்.",Tamil
"ಬೆಳಿಗ್ಗೆ, ನಾನು ರೆಸ್ಟೋರೆಂಟ್‌ನಲ್ಲಿ ವಿಶ್ವವಿದ್ಯಾಲಯದಲ್ಲಿ ಓದುತ್ತೇನೆ.",Kannada
ನಾನು ನಗರದಲ್ಲಿ ಭಾಷೆ ಕಲಿಯುತ್ತೇನೆ ನಾಳೆ.,Kannada
أنا أشاهد فيلما في المكتب مساء.,Arabic
Εγώ μαθαίνω τη γλώσσα στο εστιατόριο αυτή την εβδομάδα.,Greek
مساء، أنا أكتب رسالة في المكتب.,Arabic
"ಪ್ರತಿದಿನ, ನಾನು ಅಂಗಡಿಯಲ್ಲಿ ವ್ಯಾಯಾಮ ಮಾಡುತ್ತೇನೆ.",Kannada
"ಸಂಜೆಯ ಸಮಯದಲ್ಲಿ, ನಾನು ನಗರದಲ್ಲಿ ಕೆಲಸಕ್ಕೆ ಹೋಗುತ್ತೇನೆ.",Kannada
صباحا، أنا أشاهد فيلما في المنزل.,Arabic
"το πρωί, Εγώ πηγαίνω στη δουλειά στο πάρκο.",Greek
قال أنا إنه أدرس في الجامعة في المكتب صباحا.,Arabic
Εγώ είπε ότι πίνω καφέ στη βιβλιοθήκη το βράδυ.,Greek
"рано утром, Я читаю книгу в университете.",Russian
ഞാൻ രാവിലെ സമയത്ത് വീട്ടിൽ ജോലിക്ക് പോകുന്നു എന്ന് പറഞ്ഞു.,Malayalam
"рано утром, Я пишу письмо в школе.",Russian
ನಾನು ಗ್ರಂಥಾಲಯದಲ್ಲಿ ಕಾಫಿ ಕುಡಿಯುತ್ತೇನೆ ಬೆಳಗಿನ ಸಮಯದಲ್ಲಿ.,Kannada
நான் உணவகத்தில் பல்கலைக்கழகத்தில் படிக்கிறேன் தினமும்.,Tamil
"το βράδυ, Εγώ γράφω ένα γράμμα στο πανεπιστήμιο.",Greek
രാവിലെ ഞാൻ വീട്ടിൽ ഭാഷ പഠിക്കുന്നു.,Malayalam
"सुबह, मैं काम पर जाता हूँ कार्यालय में।",Hindi
Я занимаюсь спортом в школе завтра.,Russian
هذا الأسبوع، أنا أتعلم اللغة في المدرسة.,Arabic
വൈകുന്നേരം ഞാൻ സർവകലാശാലയിൽ ജോലിക്ക് പോകുന്നു.,Malayalam
Εγώ γράφω ένα γράμμα στο σπίτι αυτή την εβδομάδα.,Greek
قال أنا إنه أتعلم اللغة في المكتب في المساء.,Arabic
"ಈ ವಾರ, ನಾನು ಕಚೇರಿಯಲ್ಲಿ ಪತ್ರ ಬರೆಯುತ್ತೇನೆ.",Kannada
ನಾನು ಬೆಳಗಿನ ಸಮಯದಲ್ಲಿ ಗ್ರಂಥಾಲಯದಲ್ಲಿ ಭಾಷೆ ಕಲಿಯುತ್ತೇನೆ ಎಂದು ಹೇಳಿದರು.,Kannada
"поздно вечером, Я смотрю фильм в больнице.",Russian
ನಾನು ಸಂಜೆ ವಿಶ್ವವಿದ್ಯಾಲಯದಲ್ಲಿ ವಿಶ್ವವಿದ್ಯಾಲಯದಲ್ಲಿ ಓದುತ್ತೇನೆ ಎಂದು ಹೇಳಿದರು.,Kannada
ನಾನು ಇಂದು ಕಚೇರಿಯಲ್ಲಿ ಸಿನಿಮಾ ನೋಡುತ್ತೇನೆ ಎಂದು ಹೇಳಿದರು.,Kannada
قال أنا إنه أمارس الرياضة في المطعم غدا.,Arabic
मैं ने कहा कि वह स्कूल में व्यायाम करता हूँ शाम के समय।,Hindi
Εγώ είπε ότι μαθαίνω τη γλώσσα στη βιβλιοθήκη το βράδυ.,Greek
நான் பல்கலைக்கழகத்தில் பல்கலைக்கழகத்தில் படிக்கிறேன் தினமும்.,Tamil
Εγώ είπε ότι μαθαίνω τη γλώσσα στο σπίτι νωρίς το πρωί.,Greek
நான் மருத்துவமனையில் திரைப்படம் பார்க்கிறேன் தினமும்.,Tamil
ഞാൻ ഇന്ന് സ്കൂളിൽ ഭാഷ പഠിക്കുന്നു.,Malayalam
ഇന്ന് ഞാൻ വീട്ടിൽ പുസ്തകം വായിക്കുന്നു.,Malayalam
"каждый день, Я пью кофе в библиотеке.",Russian
"शाम के समय, मैं भाषा सीखता हूँ पार्क में।",Hindi
"शाम को, मैं भाषा सीखता हूँ विश्वविद्यालय में।",Hindi
Εγώ είπε ότι γράφω ένα γράμμα στο νοσοκομείο αύριο.,Greek
നാളെ ഞാൻ ആശുപത്രിയിൽ കാപ്പി കുടിക്കുന്നു.,Malayalam
Я изучаю язык в больнице утром.,Russian
ഞാൻ ഈ ആഴ്ച നഗരത്തിൽ കാപ്പി കുടിക്കുന്നു.,Malayalam
ഞാൻ രാവിലെ ആശുപത്രിയിൽ കത്ത് എഴുതുന്നു.,Malayalam
मैं काम पर जाता हूँ पुस्तकालय में शाम को।,Hindi
"நாளை, நான் கடையில் புத்தகம் படிக்கிறேன்.",Tamil
Я пью кофе в парке поздно вечером.,Russian
நான் தினமும் நகரத்தில் புத்தகம் படிக்கிறேன் என்று கூறினார்.,Tamil
"कल, मैं विश्वविद्यालय में पढ़ता हूँ रेस्तरां में।",Hindi
मैं पार्क में पत्र लिखता हूँ चाहता है।,Hindi
ഞാൻ ഈ ആഴ്ച വീട്ടിൽ ഭാഷ പഠിക്കുന്നു.,Malayalam
"рано утром, Я занимаюсь спортом в библиотеке.",Russian
ഇന്ന് ഞാൻ റെസ്റ്റോറന്റിൽ ജോലിക്ക് പോകുന്നു.,Malayalam
"Я сказал, что занимаюсь спортом в парке на этой неделе.",Russian
"ಬೆಳಿಗ್ಗೆ, ನಾನು ರೆಸ್ಟೋರೆಂಟ್‌ನಲ್ಲಿ ಕಾಫಿ ಕುಡಿಯುತ್ತೇನೆ.",Kannada
Εγώ σπουδάζω στο πανεπιστήμιο στο σχολείο αργά το βράδυ.,Greek
"Я сказал, что занимаюсь спортом в ресторане сегодня.",Russian
"το βράδυ, Εγώ γράφω ένα γράμμα στο πάρκο.",Greek
ഞാൻ രാവിലെ സമയത്ത് ആശുപത്രിയിൽ വ്യായാമം ചെയ്യുന്നു എന്ന് പറഞ്ഞു.,Malayalam
ನಾನು ಮನೆಯಲ್ಲಿ ವಿಶ್ವವಿದ್ಯಾಲಯದಲ್ಲಿ ಓದುತ್ತೇನೆ ಬೆಳಿಗ್ಗೆ.,Kannada
രാവിലെ ഞാൻ ആശുപത്രിയിൽ ജോലിക്ക് പോകുന്നു.,Malayalam
"இன்று, நான் மருத்துவமனையில் புத்தகம் படிக்கிறேன்.",Tamil
ഞാൻ വൈകുന്നേരം ആശുപത്രിയിൽ കത്ത് എഴുതുന്നു.,Malayalam
நான் மாலை நேரத்தில் அலுவலகத்தில் உடற்பயிற்சி செய்கிறேன் என்று கூறினார்.,Tamil
"மாலை நேரத்தில், நான் பூங்காவில் வேலைக்கு செல்கிறேன்.",Tamil
Εγώ είπε ότι σπουδάζω στο πανεπιστήμιο στο σχολείο νωρίς το πρωί.,Greek
أنا أمارس الرياضة في المدينة كل يوم.,Arabic
நான் மாலை நேரத்தில் பூங்காவில் பல்கலைக்கழகத்தில் படிக்கிறேன் என்று கூறினார்.,Tamil
"το βράδυ, Εγώ πηγαίνω στη δουλειά στο εστιατόριο.",Greek
Εγώ γράφω ένα γράμμα στο σπίτι αργά το βράδυ.,Greek
"рано утром, Я изучаю язык в библиотеке.",Russian
मैं ने कहा कि वह घर में किताब पढ़ता हूँ हर दिन।,Hindi
ഞാൻ രാവിലെ സമയത്ത് വീട്ടിൽ പുസ്തകം വായിക്കുന്നു എന്ന് പറഞ്ഞു.,Malayalam
"ಪ್ರತಿದಿನ, ನಾನು ಶಾಲೆಯಲ್ಲಿ ವ್ಯಾಯಾಮ ಮಾಡುತ್ತೇನೆ.",Kannada
"ಪ್ರತಿದಿನ, ನಾನು ಗ್ರಂಥಾಲಯದಲ್ಲಿ ಭಾಷೆ ಕಲಿಯುತ್ತೇನೆ.",Kannada
நான் காலையில் கடையில் வேலைக்கு செல்கிறேன் என்று கூறினார்.,Tamil
मैं ने कहा कि वह रेस्तरां में चाय पीता हूँ कल।,Hindi
ഈ ആഴ്ച ഞാൻ ലൈബ്രറിയിൽ കാപ്പി കുടിക്കുന്നു.,Malayalam
Я читаю книгу в ресторане сегодня.,Russian
قال أنا إنه أقرأ كتابا في المطعم هذا الأسبوع.,Arabic
قال أنا إنه أقرأ كتابا في المدينة غدا.,Arabic
ഈ ആഴ്ച ഞാൻ റെസ്റ്റോറന്റിൽ ഭാഷ പഠിക്കുന്നു.,Malayalam
"поздно вечером, Я пишу письмо в городе.",Russian
"Я сказал, что учусь в университете в библиотеке вечером.",Russian
"каждый день, Я пишу письмо в библиотеке.",Russian
"αργά το βράδυ, Εγώ βλέπω μια ταινία στο πανεπιστήμιο.",Greek
Εγώ είπε ότι μαθαίνω τη γλώσσα στην πόλη αργά το βράδυ.,Greek
ഞാൻ നാളെ കടയിൽ കാപ്പി കുടിക്കുന്നു.,Malayalam
ഞാൻ രാവിലെ സമയത്ത് പാർക്കിൽ കാപ്പി കുടിക്കുന്നു എന്ന് പറഞ്ഞു.,Malayalam
நான் இன்று அலுவலகத்தில் மொழி கற்கிறேன் என்று கூறினார்.,Tamil
"शाम के समय, मैं फिल्म देखता हूँ शहर में।",Hindi
ഞാൻ രാവിലെ ലൈബ്രറിയിൽ കാപ്പി കുടിക്കുന്നു.,Malayalam
"ಇಂದು, ನಾನು ನಗರದಲ್ಲಿ ಕಾಫಿ ಕುಡಿಯುತ್ತೇನೆ.",Kannada
Я иду на работу дома утром.,Russian
ನಾನು ಉದ್ಯಾನವನದಲ್ಲಿ ವ್ಯಾಯಾಮ ಮಾಡುತ್ತೇನೆ ಬೆಳಿಗ್ಗೆ.,Kannada
"το πρωί, Εγώ γράφω ένα γράμμα στην πόλη.",Greek
Εγώ είπε ότι μαθαίνω τη γλώσσα στο γραφείο αυτή την εβδομάδα.,Greek
Я хочет изучаю язык дома.,Russian
Εγώ είπε ότι διαβάζω ένα βιβλίο στην πόλη αυτή την εβδομάδα.,Greek
أنا أقرأ كتابا في المكتب غدا.,Arabic
"आज, मैं चाय पीता हूँ स्कूल में।",Hindi
ഞാൻ രാവിലെ സമയത്ത് റെസ്റ്റോറന്റിൽ വ്യായാമം ചെയ്യുന്നു.,Malayalam
ನಾನು ಇಂದು ರೆಸ್ಟೋರೆಂಟ್‌ನಲ್ಲಿ ಕೆಲಸಕ್ಕೆ ಹೋಗುತ್ತೇನೆ ಎಂದು ಹೇಳಿದರು.,Kannada
मैं चाय पीता हूँ पुस्तकालय में शाम के समय।,Hindi
Я хочет читаю книгу дома.,Russian
ഞാൻ ഇന്ന് സർവകലാശാലയിൽ ജോലിക്ക് പോകുന്നു.,Malayalam
"ಪ್ರತಿದಿನ, ನಾನು ಆಸ್ಪತ್ರೆಯಲ್ಲಿ ವ್ಯಾಯಾಮ ಮಾಡುತ್ತೇನೆ.",Kannada
في الصباح، أنا أذهب إلى العمل في المطعم.,Arabic
ನಾನು ಇಂದು ಶಾಲೆಯಲ್ಲಿ ಪುಸ್ತಕ ಓದುತ್ತೇನೆ ಎಂದು ಹೇಳಿದರು.,Kannada
"Я сказал, что читаю книгу в городе рано утром.",Russian
صباحا، أنا أقرأ كتابا في المدينة.,Arabic
நான் பள்ளியில் உடற்பயிற்சி செய்கிறேன் விரும்புகிறார்.,Tamil
"மாலையில், நான் பள்ளியில் திரைப்படம் பார்க்கிறேன்.",Tamil
ഞാൻ വൈകുന്നേരം സർവകലാശാലയിൽ ഭാഷ പഠിക്കുന്നു.,Malayalam
Εγώ μαθαίνω τη γλώσσα στο σπίτι σήμερα.,Greek
Εγώ είπε ότι πηγαίνω στη δουλειά στη βιβλιοθήκη το βράδυ.,Greek
நான் இன்று அலுவலகத்தில் புத்தகம் படிக்கிறேன் என்று கூறினார்.,Tamil
நான் கடையில் புத்தகம் படிக்கிறேன் இந்த வாரம்.,Tamil
"Я сказал, что смотрю фильм в парке рано утром.",Russian
Εγώ είπε ότι γράφω ένα γράμμα στο σχολείο σήμερα.,Greek
വൈകുന്നേരം സമയത്ത് ഞാൻ വീട്ടിൽ സർവകലാശാലയിൽ പഠിക്കുന്നു.,Malayalam
Εγώ κάνω γυμναστική στο σπίτι σήμερα.,Greek
ഞാൻ പാർക്കിൽ കത്ത് എഴുതുന്നു ആഗ്രഹിക്കുന്നു.,Malayalam
ഈ ആഴ്ച ഞാൻ കടയിൽ പുസ്തകം വായിക്കുന്നു.,Malayalam
"ಸಂಜೆಯ ಸಮಯದಲ್ಲಿ, ನಾನು ಮನೆಯಲ್ಲಿ ಕೆಲಸಕ್ಕೆ ಹೋಗುತ್ತೇನೆ.",Kannada
"каждый день, Я занимаюсь спортом в ресторане.",Russian
"κάθε μέρα, Εγώ πίνω καφέ στη βιβλιοθήκη.",Greek
في المساء، أنا أشرب القهوة في المتجر.,Arabic
"αργά το βράδυ, Εγώ πίνω καφέ στο πανεπιστήμιο.",Greek
"ಬೆಳಗಿನ ಸಮಯದಲ್ಲಿ, ನಾನು ಉದ್ಯಾನವನದಲ್ಲಿ ಪತ್ರ ಬರೆಯುತ್ತೇನೆ.",Kannada
Εγώ είπε ότι πηγαίνω στη δουλειά στο πάρκο αύριο.,Greek
"νωρίς το πρωί, Εγώ σπουδάζω στο πανεπιστήμιο στο πανεπιστήμιο.",Greek
ഞാൻ നാളെ സ്കൂളിൽ സർവകലാശാലയിൽ പഠിക്കുന്നു.,Malayalam
मैं काम पर जाता हूँ विश्वविद्यालय में हर दिन।,Hindi
Εγώ κάνω γυμναστική στο πανεπιστήμιο κάθε μέρα.,Greek
ನಾನು ಸಂಜೆಯ ಸಮಯದಲ್ಲಿ ಮನೆಯಲ್ಲಿ ವ್ಯಾಯಾಮ ಮಾಡುತ್ತೇನೆ ಎಂದು ಹೇಳಿದರು.,Kannada
ನಾನು ಉದ್ಯಾನವನದಲ್ಲಿ ವಿಶ್ವವಿದ್ಯಾಲಯದಲ್ಲಿ ಓದುತ್ತೇನೆ ಇಂದು.,Kannada
Я читаю книгу в парке поздно вечером.,Russian
أنا أقرأ كتابا في المنزل مساء.,Arabic
ഞാൻ ഇന്ന് ലൈബ്രറിയിൽ സിനിമ കാണുന്നു എന്ന് പറഞ്ഞു.,Malayalam
"νωρίς το πρωί, Εγώ πηγαίνω στη δουλειά στο σπίτι.",Greek
اليوم، أنا أدرس في الجامعة في المستشفى.,Arabic
"το βράδυ, Εγώ σπουδάζω στο πανεπιστήμιο στο σχολείο.",Greek
मैं ने कहा कि वह घर में विश्वविद्यालय में पढ़ता हूँ हर दिन।,Hindi
நான் பள்ளியில் புத்தகம் படிக்கிறேன் தினமும்.,Tamil
"κάθε μέρα, Εγώ πηγαίνω στη δουλειά στη βιβλιοθήκη.",Greek
Εγώ είπε ότι σπουδάζω στο πανεπιστήμιο στο πάρκο το πρωί.,Greek
நான் பூங்காவில் பல்கலைக்கழகத்தில் படிக்கிறேன் இந்த வாரம்.,Tamil
ഞാൻ ഇന്ന് സ്കൂളിൽ സിനിമ കാണുന്നു എന്ന് പറഞ്ഞു.,Malayalam
Εγώ είπε ότι πίνω καφέ στο εστιατόριο σήμερα.,Greek
"Я сказал, что пью кофе в магазине утром.",Russian
ನಾನು ಮನೆಯಲ್ಲಿ ವ್ಯಾಯಾಮ ಮಾಡುತ್ತೇನೆ ಮಾಡಲು ಬಯಸುತ್ತಾನೆ.,Kannada
ನಾನು ಪ್ರತಿದಿನ ಉದ್ಯಾನವನದಲ್ಲಿ ಸಿನಿಮಾ ನೋಡುತ್ತೇನೆ ಎಂದು ಹೇಳಿದರು.,Kannada
في المساء، أنا أكتب رسالة في المدرسة.,Arabic
أنا أدرس في الجامعة في الجامعة في الصباح.,Arabic
"Я сказал, что читаю книгу в городе сегодня.",Russian
قال أنا إنه أشرب القهوة في المكتبة صباحا.,Arabic
"மாலை நேரத்தில், நான் கடையில் பல்கலைக்கழகத்தில் படிக்கிறேன்.",Tamil
मैं ने कहा कि वह पार्क में विश्वविद्यालय में पढ़ता हूँ शाम के समय।,Hindi
قال أنا إنه أكتب رسالة في المطعم في الصباح.,Arabic
"மாலையில், நான் உணவகத்தில் மொழி கற்கிறேன்.",Tamil
ഞാൻ വൈകുന്നേരം സമയത്ത് സർവകലാശാലയിൽ വ്യായാമം ചെയ്യുന്നു.,Malayalam
நான் மாலையில் நகரத்தில் உடற்பயிற்சி செய்கிறேன் என்று கூறினார்.,Tamil
Εγώ βλέπω μια ταινία στο σπίτι αυτή την εβδομάδα.,Greek
Εγώ είπε ότι βλέπω μια ταινία στο κατάστημα αύριο.,Greek
"सुबह के समय, मैं विश्वविद्यालय में पढ़ता हूँ दुकान में।",Hindi
"утром, Я пишу письмо в офисе.",Russian
Я изучаю язык в офисе на этой неделе.,Russian
في الصباح، أنا أذهب إلى العمل في المستشفى.,Arabic
"αργά το βράδυ, Εγώ βλέπω μια ταινία στο πάρκο.",Greek
في المساء، أنا أدرس في الجامعة في المكتبة.,Arabic
"ಪ್ರತಿದಿನ, ನಾನು ಕಚೇರಿಯಲ್ಲಿ ಕಾಫಿ ಕುಡಿಯುತ್ತೇನೆ.",Kannada
قال أنا إنه أكتب رسالة في المنزل غدا.,Arabic
Εγώ βλέπω μια ταινία στο σχολείο σήμερα.,Greek
நான் மருத்துவமனையில் மொழி கற்கிறேன் காலை நேரத்தில்.,Tamil
أنا أكتب رسالة في المكتب كل يوم.,Arabic
ನಾನು ಈ ವಾರ ರೆಸ್ಟೋರೆಂಟ್‌ನಲ್ಲಿ ವಿಶ್ವವಿದ್ಯಾಲಯದಲ್ಲಿ ಓದುತ್ತೇನೆ ಎಂದು ಹೇಳಿದರು.,Kannada
"завтра, Я пью кофе в ресторане.",Russian
Εγώ μαθαίνω τη γλώσσα στο πανεπιστήμιο κάθε μέρα.,Greek
"вечером, Я пишу письмо в больнице.",Russian
أنا أذهب إلى العمل في المطعم صباحا.,Arabic
Εγώ διαβάζω ένα βιβλίο στο γραφείο το βράδυ.,Greek
मैं भाषा सीखता हूँ अस्पताल में आज।,Hindi
قال أنا إنه أذهب إلى العمل في المدينة مساء.,Arabic
நான் நகரத்தில் மொழி கற்கிறேன் இன்று.,Tamil
ഞാൻ നാളെ ആശുപത്രിയിൽ ജോലിക്ക് പോകുന്നു.,Malayalam
هذا الأسبوع، أنا أكتب رسالة في المنزل.,Arabic
"κάθε μέρα, Εγώ διαβάζω ένα βιβλίο στο γραφείο.",Greek
ഞാൻ നാളെ കടയിൽ ജോലിക്ക് പോകുന്നു.,Malayalam
ഞാൻ വൈകുന്നേരം സമയത്ത് പാർക്കിൽ ജോലിക്ക് പോകുന്നു എന്ന് പറഞ്ഞു.,Malayalam
Εγώ πίνω καφέ στο πανεπιστήμιο το πρωί.,Greek
"शाम के समय, मैं काम पर जाता हूँ कार्यालय में।",Hindi
ഞാൻ രാവിലെ കടയിൽ പുസ്തകം വായിക്കുന്നു എന്ന് പറഞ്ഞു.,Malayalam
ഞാൻ രാവിലെ സമയത്ത് പാർക്കിൽ ജോലിക്ക് പോകുന്നു എന്ന് പറഞ്ഞു.,Malayalam
أنا أدرس في الجامعة في الحديقة غدا.,Arabic
"ಪ್ರತಿದಿನ, ನಾನು ಗ್ರಂಥಾಲಯದಲ್ಲಿ ವ್ಯಾಯಾಮ ಮಾಡುತ್ತೇನೆ.",Kannada
Εγώ πίνω καφέ στο σπίτι αργά το βράδυ.,Greek
ನಾನು ನಗರದಲ್ಲಿ ವಿಶ್ವವಿದ್ಯಾಲಯದಲ್ಲಿ ಓದುತ್ತೇನೆ ಸಂಜೆಯ ಸಮಯದಲ್ಲಿ.,Kannada
ഞാൻ ലൈബ്രറിയിൽ വ്യായാമം ചെയ്യുന്നു ആഗ്രഹിക്കുന്നു.,Malayalam
ನಾನು ಬೆಳಗಿನ ಸಮಯದಲ್ಲಿ ಮನೆಯಲ್ಲಿ ಸಿನಿಮಾ ನೋಡುತ್ತೇನೆ ಎಂದು ಹೇಳಿದರು.,Kannada
मैं ने कहा कि वह कार्यालय में फिल्म देखता हूँ हर दिन।,Hindi
في الصباح، أنا أتعلم اللغة في المدينة.,Arabic
أنا يريد أن أتعلم اللغة في المكتبة.,Arabic
ನಾನು ನಗರದಲ್ಲಿ ಭಾಷೆ ಕಲಿಯುತ್ತೇನೆ ಇಂದು.,Kannada
நான் தினமும் மருத்துவமனையில் காபி குடிக்கிறேன் என்று கூறினார்.,Tamil
"शाम के समय, मैं विश्वविद्यालय में पढ़ता हूँ दुकान में।",Hindi
"மாலையில், நான் வீட்டில் கடிதம் எழுதுகிறேன்.",Tamil
ನಾನು ಇಂದು ಗ್ರಂಥಾಲಯದಲ್ಲಿ ಪತ್ರ ಬರೆಯುತ್ತೇನೆ ಎಂದು ಹೇಳಿದರು.,Kannada
ഞാൻ നാളെ വീട്ടിൽ പുസ്തകം വായിക്കുന്നു.,Malayalam
Εγώ είπε ότι πίνω καφέ στο πάρκο αύριο.,Greek
Εγώ πίνω καφέ στο εστιατόριο κάθε μέρα.,Greek
मैं भाषा सीखता हूँ घर में इस सप्ताह।,Hindi
"Я сказал, что пишу письмо в парке вечером.",Russian
"утром, Я пью кофе в ресторане.",Russian
நான் தினமும் பள்ளியில் உடற்பயிற்சி செய்கிறேன் என்று கூறினார்.,Tamil
நான் கடையில் பல்கலைக்கழகத்தில் படிக்கிறேன் விரும்புகிறார்.,Tamil
Я учусь в университете в больнице завтра.,Russian
ನಾನು ಗ್ರಂಥಾಲಯದಲ್ಲಿ ಕಾಫಿ ಕುಡಿಯುತ್ತೇನೆ ಮಾಡಲು ಬಯಸುತ್ತಾನೆ.,Kannada
मैं ने कहा कि वह शहर में व्यायाम करता हूँ आज।,Hindi
"நாளை, நான் வீட்டில் உடற்பயிற்சி செய்கிறேன்.",Tamil
Я учусь в университете в школе сегодня.,Russian
நான் உணவகத்தில் வேலைக்கு செல்கிறேன் இந்த வாரம்.,Tamil
நான் பூங்காவில் கடிதம் எழுதுகிறேன் காலையில்.,Tamil
قال أنا إنه أمارس الرياضة في المنزل غدا.,Arabic
"Я сказал, что читаю книгу в парке утром.",Russian
Εγώ γράφω ένα γράμμα στο κατάστημα σήμερα.,Greek
"вечером, Я изучаю язык в школе.",Russian
"αργά το βράδυ, Εγώ γράφω ένα γράμμα στην πόλη.",Greek
"завтра, Я занимаюсь спортом в библиотеке.",Russian
غدا، أنا أتعلم اللغة في المطعم.,Arabic
"каждый день, Я пишу письмо в парке.",Russian
Εγώ κάνω γυμναστική στο γραφείο νωρίς το πρωί.,Greek
"ಪ್ರತಿದಿನ, ನಾನು ನಗರದಲ್ಲಿ ವಿಶ್ವವಿದ್ಯಾಲಯದಲ್ಲಿ ಓದುತ್ತೇನೆ.",Kannada
Я иду на работу в городе каждый день.,Russian
في الصباح، أنا أمارس الرياضة في المطعم.,Arabic
मैं ने कहा कि वह शहर में फिल्म देखता हूँ आज।,Hindi
"каждый день, Я занимаюсь спортом в библиотеке.",Russian
मैं ने कहा कि वह दुकान में भाषा सीखता हूँ सुबह।,Hindi
ನಾನು ಅಂಗಡಿಯಲ್ಲಿ ಸಿನಿಮಾ ನೋಡುತ್ತೇನೆ ಮಾಡಲು ಬಯಸುತ್ತಾನೆ.,Kannada
मैं विश्वविद्यालय में पढ़ता हूँ पार्क में हर दिन।,Hindi
ഞാൻ വൈകുന്നേരം റെസ്റ്റോറന്റിൽ പുസ്തകം വായിക്കുന്നു എന്ന് പറഞ്ഞു.,Malayalam
நான் காலை நேரத்தில் மருத்துவமனையில் திரைப்படம் பார்க்கிறேன் என்று கூறினார்.,Tamil
"ಇಂದು, ನಾನು ಕಚೇರಿಯಲ್ಲಿ ಭಾಷೆ ಕಲಿಯುತ್ತೇನೆ.",Kannada
Εγώ πηγαίνω στη δουλειά στο κατάστημα κάθε μέρα.,Greek
ഞാൻ ഇന്ന് ലൈബ്രറിയിൽ സർവകലാശാലയിൽ പഠിക്കുന്നു എന്ന് പറഞ്ഞു.,Malayalam
"आज, मैं काम पर जाता हूँ पार्क में।",Hindi
قال أنا إنه أذهب إلى العمل في المكتبة غدا.,Arabic
நான் மாலையில் அலுவலகத்தில் புத்தகம் படிக்கிறேன் என்று கூறினார்.,Tamil
أنا أقرأ كتابا في المكتب صباحا.,Arabic
Εγώ θέλει να διαβάζω ένα βιβλίο στη βιβλιοθήκη.,Greek
Εγώ πίνω καφέ στην πόλη αργά το βράδυ.,Greek
مساء، أنا أدرس في الجامعة في الجامعة.,Arabic
Я хочет изучаю язык в парке.,Russian
நான் நகரத்தில் புத்தகம் படிக்கிறேன் காலை நேரத்தில்.,Tamil
Εγώ βλέπω μια ταινία στο εστιατόριο αυτή την εβδομάδα.,Greek
நான் இன்று வீட்டில் கடிதம் எழுதுகிறேன் என்று கூறினார்.,Tamil
أنا أمارس الرياضة في المدينة مساء.,Arabic
كل يوم، أنا أشرب القهوة في المستشفى.,Arabic
"ನಾಳೆ, ನಾನು ಅಂಗಡಿಯಲ್ಲಿ ಭಾಷೆ ಕಲಿಯುತ್ತೇನೆ.",Kannada
"ಸಂಜೆಯ ಸಮಯದಲ್ಲಿ, ನಾನು ಮನೆಯಲ್ಲಿ ಪುಸ್ತಕ ಓದುತ್ತೇನೆ.",Kannada
ನಾನು ಸಂಜೆಯ ಸಮಯದಲ್ಲಿ ಅಂಗಡಿಯಲ್ಲಿ ವಿಶ್ವವಿದ್ಯಾಲಯದಲ್ಲಿ ಓದುತ್ತೇನೆ ಎಂದು ಹೇಳಿದರು.,Kannada
ನಾನು ಗ್ರಂಥಾಲಯದಲ್ಲಿ ಭಾಷೆ ಕಲಿಯುತ್ತೇನೆ ಸಂಜೆಯ ಸಮಯದಲ್ಲಿ.,Kannada
Εγώ γράφω ένα γράμμα στο σχολείο το βράδυ.,Greek
في الصباح، أنا أتعلم اللغة في المطعم.,Arabic
"ಬೆಳಿಗ್ಗೆ, ನಾನು ವಿಶ್ವವಿದ್ಯಾಲಯದಲ್ಲಿ ಪುಸ್ತಕ ಓದುತ್ತೇನೆ.",Kannada
"сегодня, Я пью кофе в библиотеке.",Russian
मैं पार्क में चाय पीता हूँ चाहता है।,Hindi
ನಾನು ವಿಶ್ವವಿದ್ಯಾಲಯದಲ್ಲಿ ಪತ್ರ ಬರೆಯುತ್ತೇನೆ ಬೆಳಗಿನ ಸಮಯದಲ್ಲಿ.,Kannada
أنا أمارس الرياضة في المطعم هذا الأسبوع.,Arabic
"Я сказал, что изучаю язык в городе завтра.",Russian
"आज, मैं भाषा सीखता हूँ पुस्तकालय में।",Hindi
ನಾನು ಅಂಗಡಿಯಲ್ಲಿ ಕಾಫಿ ಕುಡಿಯುತ್ತೇನೆ ಪ್ರತಿದಿನ.,Kannada
मैं घर में काम पर जाता हूँ चाहता है।,Hindi
قال أنا إنه أشاهد فيلما في المدرسة في الصباح.,Arabic
"காலையில், நான் பல்கலைக்கழகத்தில் புத்தகம் படிக்கிறேன்.",Tamil
غدا، أنا أدرس في الجامعة في الجامعة.,Arabic
"κάθε μέρα, Εγώ σπουδάζω στο πανεπιστήμιο στο πάρκο.",Greek
أنا أشرب القهوة في المتجر صباحا.,Arabic
मैं किताब पढ़ता हूँ शहर में शाम को।,Hindi
ನಾನು ಬೆಳಗಿನ ಸಮಯದಲ್ಲಿ ಅಂಗಡಿಯಲ್ಲಿ ಭಾಷೆ ಕಲಿಯುತ್ತೇನೆ ಎಂದು ಹೇಳಿದರು.,Kannada
أنا أمارس الرياضة في المكتبة مساء.,Arabic
Εγώ είπε ότι σπουδάζω στο πανεπιστήμιο στο πανεπιστήμιο το πρωί.,Greek
ഞാൻ ഇന്ന് സ്കൂളിൽ ജോലിക്ക് പോകുന്നു എന്ന് പറഞ്ഞു.,Malayalam
"Я сказал, что пишу письмо в магазине вечером.",Russian
غدا، أنا أتعلم اللغة في المكتبة.,Arabic
Εγώ διαβάζω ένα βιβλίο στην πόλη σήμερα.,Greek
ഞാൻ ഇന്ന് ആശുപത്രിയിൽ സിനിമ കാണുന്നു.,Malayalam
"ನಾಳೆ, ನಾನು ವಿಶ್ವವಿದ್ಯಾಲಯದಲ್ಲಿ ಕಾಫಿ ಕುಡಿಯುತ್ತೇನೆ.",Kannada
"το πρωί, Εγώ σπουδάζω στο πανεπιστήμιο στο γραφείο.",Greek
मैं ने कहा कि वह अस्पताल में किताब पढ़ता हूँ शाम के समय।,Hindi
मैं चाय पीता हूँ दुकान में शाम को।,Hindi
"ಸಂಜೆಯ ಸಮಯದಲ್ಲಿ, ನಾನು ಮನೆಯಲ್ಲಿ ಸಿನಿಮಾ ನೋಡುತ್ತೇನೆ.",Kannada
"Я сказал, что иду на работу в офисе на этой неделе.",Russian
"νωρίς το πρωί, Εγώ πηγαίνω στη δουλειά στο νοσοκομείο.",Greek
நான் கடையில் திரைப்படம் பார்க்கிறேன் காலை நேரத்தில்.,Tamil
ನಾನು ರೆಸ್ಟೋರೆಂಟ್‌ನಲ್ಲಿ ಪತ್ರ ಬರೆಯುತ್ತೇನೆ ಮಾಡಲು ಬಯಸುತ್ತಾನೆ.,Kannada
غدا، أنا أدرس في الجامعة في المكتبة.,Arabic
ഞാൻ ഇന്ന് റെസ്റ്റോറന്റിൽ ഭാഷ പഠിക്കുന്നു എന്ന് പറഞ്ഞു.,Malayalam
मैं भाषा सीखता हूँ पार्क में आज।,Hindi
நான் அலுவலகத்தில் மொழி கற்கிறேன் தினமும்.,Tamil
"σήμερα, Εγώ διαβάζω ένα βιβλίο στο πανεπιστήμιο.",Greek
"Я сказал, что пью кофе в парке завтра.",Russian
ನಾನು ಇಂದು ನಗರದಲ್ಲಿ ಪತ್ರ ಬರೆಯುತ್ತೇನೆ ಎಂದು ಹೇಳಿದರು.,Kannada
"शाम के समय, मैं काम पर जाता हूँ पार्क में।",Hindi
நான் பல்கலைக்கழகத்தில் புத்தகம் படிக்கிறேன் இந்த வாரம்.,Tamil
"शाम के समय, मैं चाय पीता हूँ शहर में।",Hindi
நான் பள்ளியில் புத்தகம் படிக்கிறேன் இந்த வாரம்.,Tamil
"ಬೆಳಿಗ್ಗೆ, ನಾನು ನಗರದಲ್ಲಿ ಭಾಷೆ ಕಲಿಯುತ್ತೇನೆ.",Kannada
ನಾನು ಶಾಲೆಯಲ್ಲಿ ಕೆಲಸಕ್ಕೆ ಹೋಗುತ್ತೇನೆ ಇಂದು.,Kannada
ನಾನು ಮನೆಯಲ್ಲಿ ಸಿನಿಮಾ ನೋಡುತ್ತೇನೆ ಈ ವಾರ.,Kannada
ഞാൻ വൈകുന്നേരം സ്കൂളിൽ ജോലിക്ക് പോകുന്നു.,Malayalam
اليوم، أنا أقرأ كتابا في الجامعة.,Arabic
ഞാൻ ഈ ആഴ്ച പാർക്കിൽ സർവകലാശാലയിൽ പഠിക്കുന്നു എന്ന് പറഞ്ഞു.,Malayalam
Я изучаю язык в городе рано утром.,Russian
"сегодня, Я иду на работу дома.",Russian
ഞാൻ നാളെ പാർക്കിൽ കാപ്പി കുടിക്കുന്നു.,Malayalam
मैं पत्र लिखता हूँ घर में शाम को।,Hindi
أنا أشاهد فيلما في المكتب اليوم.,Arabic
"Я сказал, что читаю книгу в магазине каждый день.",Russian
قال أنا إنه أقرأ كتابا في الجامعة هذا الأسبوع.,Arabic
நான் நாளை அலுவலகத்தில் உடற்பயிற்சி செய்கிறேன் என்று கூறினார்.,Tamil
ನಾನು ಮನೆಯಲ್ಲಿ ಪುಸ್ತಕ ಓದುತ್ತೇನೆ ಬೆಳಿಗ್ಗೆ.,Kannada
ഞാൻ എല്ലാ ദിവസവും വീട്ടിൽ ഭാഷ പഠിക്കുന്നു എന്ന് പറഞ്ഞു.,Malayalam
ನಾನು ರೆಸ್ಟೋರೆಂಟ್‌ನಲ್ಲಿ ಕಾಫಿ ಕುಡಿಯುತ್ತೇನೆ ಬೆಳಿಗ್ಗೆ.,Kannada
ഞാൻ ഈ ആഴ്ച സ്കൂളിൽ വ്യായാമം ചെയ്യുന്നു.,Malayalam
मैं ने कहा कि वह अस्पताल में काम पर जाता हूँ कल।,Hindi
"рано утром, Я пишу письмо дома.",Russian
اليوم، أنا أذهب إلى العمل في الجامعة.,Arabic
मैं पत्र लिखता हूँ विश्वविद्यालय में हर दिन।,Hindi
Εγώ διαβάζω ένα βιβλίο στο σπίτι το πρωί.,Greek
أنا أشاهد فيلما في الحديقة مساء.,Arabic
ഞാൻ വൈകുന്നേരം കടയിൽ കത്ത് എഴുതുന്നു.,Malayalam
ഞാൻ ഇന്ന് ഓഫീസിൽ വ്യായാമം ചെയ്യുന്നു എന്ന് പറഞ്ഞു.,Malayalam
"Я сказал, что смотрю фильм в университете утром.",Russian
நான் பல்கலைக்கழகத்தில் பல்கலைக்கழகத்தில் படிக்கிறேன் இந்த வாரம்.,Tamil
ನಾನು ಮನೆಯಲ್ಲಿ ಕೆಲಸಕ್ಕೆ ಹೋಗುತ್ತೇನೆ ಬೆಳಗಿನ ಸಮಯದಲ್ಲಿ.,Kannada
मैं ने कहा कि वह घर में चाय पीता हूँ सुबह।,Hindi
എല്ലാ ദിവസവും ഞാൻ നഗരത്തിൽ ഭാഷ പഠിക്കുന്നു.,Malayalam
ನಾನು ಈ ವಾರ ಆಸ್ಪತ್ರೆಯಲ್ಲಿ ಭಾಷೆ ಕಲಿಯುತ್ತೇನೆ ಎಂದು ಹೇಳಿದರು.,Kannada
"ನಾಳೆ, ನಾನು ಕಚೇರಿಯಲ್ಲಿ ಪುಸ್ತಕ ಓದುತ್ತೇನೆ.",Kannada
मैं शहर में विश्वविद्यालय में पढ़ता हूँ चाहता है।,Hindi
قال أنا إنه أدرس في الجامعة في المستشفى مساء.,Arabic
صباحا، أنا أذهب إلى العمل في المطعم.,Arabic
நான் மாலையில் உணவகத்தில் திரைப்படம் பார்க்கிறேன் என்று கூறினார்.,Tamil
ನಾನು ನಾಳೆ ಕಚೇರಿಯಲ್ಲಿ ಪತ್ರ ಬರೆಯುತ್ತೇನೆ ಎಂದು ಹೇಳಿದರು.,Kannada
ഞാൻ രാവിലെ സമയത്ത് ഓഫീസിൽ പുസ്തകം വായിക്കുന്നു.,Malayalam
Я пишу письмо в школе вечером.,Russian
मैं शहर में काम पर जाता हूँ चाहता है।,Hindi
मैं ने कहा कि वह दुकान में पत्र लिखता हूँ हर दिन।,Hindi
ನಾನು ಇಂದು ವಿಶ್ವವಿದ್ಯಾಲಯದಲ್ಲಿ ಸಿನಿಮಾ ನೋಡುತ್ತೇನೆ ಎಂದು ಹೇಳಿದರು.,Kannada
ഞാൻ നാളെ വീട്ടിൽ സിനിമ കാണുന്നു എന്ന് പറഞ്ഞു.,Malayalam
قال أنا إنه أكتب رسالة في المستشفى في المساء.,Arabic
ನಾನು ನಾಳೆ ಉದ್ಯಾನವನದಲ್ಲಿ ಕಾಫಿ ಕುಡಿಯುತ್ತೇನೆ ಎಂದು ಹೇಳಿದರು.,Kannada
मैं ने कहा कि वह शहर में व्यायाम करता हूँ सुबह के समय।,Hindi
"इस सप्ताह, मैं पत्र लिखता हूँ स्कूल में।",Hindi
मैं किताब पढ़ता हूँ अस्पताल में शाम को।,Hindi
قال أنا إنه أشاهد فيلما في الحديقة كل يوم.,Arabic
غدا، أنا أذهب إلى العمل في المكتبة.,Arabic
ನಾನು ಸಂಜೆ ಶಾಲೆಯಲ್ಲಿ ವಿಶ್ವವಿದ್ಯಾಲಯದಲ್ಲಿ ಓದುತ್ತೇನೆ ಎಂದು ಹೇಳಿದರು.,Kannada
Εγώ μαθαίνω τη γλώσσα στο πάρκο το βράδυ.,Greek
"Я сказал, что изучаю язык в офисе рано утром.",Russian
قال أنا إنه أمارس الرياضة في المطعم اليوم.,Arabic
ನಾನು ಪ್ರತಿದಿನ ವಿಶ್ವವಿದ್ಯಾಲಯದಲ್ಲಿ ವಿಶ್ವವಿದ್ಯಾಲಯದಲ್ಲಿ ಓದುತ್ತೇನೆ ಎಂದು ಹೇಳಿದರು.,Kannada
"поздно вечером, Я читаю книгу в университете.",Russian
ഞാൻ നാളെ വീട്ടിൽ കാപ്പി കുടിക്കുന്നു.,Malayalam
"αργά το βράδυ, Εγώ διαβάζω ένα βιβλίο στο πάρκο.",Greek
Εγώ είπε ότι μαθαίνω τη γλώσσα στο σπίτι αύριο.,Greek
ഞാൻ രാവിലെ സമയത്ത് കടയിൽ വ്യായാമം ചെയ്യുന്നു.,Malayalam
"ಈ ವಾರ, ನಾನು ಉದ್ಯಾನವನದಲ್ಲಿ ಪತ್ರ ಬರೆಯುತ್ತೇನೆ.",Kannada
मैं ने कहा कि वह घर में भाषा सीखता हूँ आज।,Hindi
"поздно вечером, Я пью кофе в городе.",Russian
मैं पत्र लिखता हूँ दुकान में हर दिन।,Hindi
"ಬೆಳಿಗ್ಗೆ, ನಾನು ಮನೆಯಲ್ಲಿ ಕೆಲಸಕ್ಕೆ ಹೋಗುತ್ತೇನೆ.",Kannada
मैं ने कहा कि वह विश्वविद्यालय में चाय पीता हूँ सुबह के समय।,Hindi
Εγώ διαβάζω ένα βιβλίο στη βιβλιοθήκη αύριο.,Greek
Εγώ είπε ότι πηγαίνω στη δουλειά στο γραφείο αύριο.,Greek
قال أنا إنه أمارس الرياضة في المدينة مساء.,Arabic
"ಇಂದು, ನಾನು ಮನೆಯಲ್ಲಿ ಕೆಲಸಕ್ಕೆ ಹೋಗುತ್ತೇನೆ.",Kannada
मैं किताब पढ़ता हूँ अस्पताल में इस सप्ताह।,Hindi
أنا أمارس الرياضة في المطعم غدا.,Arabic
Εγώ είπε ότι γράφω ένα γράμμα στο νοσοκομείο κάθε μέρα.,Greek
Εγώ γράφω ένα γράμμα στην πόλη αύριο.,Greek
Я читаю книгу в парке на этой неделе.,Russian
Я занимаюсь спортом в магазине сегодня.,Russian
രാവിലെ ഞാൻ ആശുപത്രിയിൽ പുസ്തകം വായിക്കുന്നു.,Malayalam
"νωρίς το πρωί, Εγώ μαθαίνω τη γλώσσα στο γραφείο.",Greek
ನಾನು ಕಚೇರಿಯಲ್ಲಿ ಪುಸ್ತಕ ಓದುತ್ತೇನೆ ಸಂಜೆಯ ಸಮಯದಲ್ಲಿ.,Kannada
രാവിലെ സമയത്ത് ഞാൻ സ്കൂളിൽ കത്ത് എഴുതുന്നു.,Malayalam
ഈ ആഴ്ച ഞാൻ നഗരത്തിൽ സർവകലാശാലയിൽ പഠിക്കുന്നു.,Malayalam
"மாலை நேரத்தில், நான் பல்கலைக்கழகத்தில் கடிதம் எழுதுகிறேன்.",Tamil
Εγώ είπε ότι μαθαίνω τη γλώσσα στο νοσοκομείο κάθε μέρα.,Greek
ನಾನು ಪ್ರತಿದಿನ ರೆಸ್ಟೋರೆಂಟ್‌ನಲ್ಲಿ ಪುಸ್ತಕ ಓದುತ್ತೇನೆ ಎಂದು ಹೇಳಿದರು.,Kannada
Εγώ γράφω ένα γράμμα στη βιβλιοθήκη σήμερα.,Greek
ഞാൻ വൈകുന്നേരം സമയത്ത് ലൈബ്രറിയിൽ കത്ത് എഴുതുന്നു.,Malayalam
"कल, मैं चाय पीता हूँ घर में।",Hindi
"इस सप्ताह, मैं पत्र लिखता हूँ रेस्तरां में।",Hindi
"हर दिन, मैं काम पर जाता हूँ पार्क में।",Hindi
ഞാൻ വൈകുന്നേരം വീട്ടിൽ സിനിമ കാണുന്നു എന്ന് പറഞ്ഞു.,Malayalam
ഇന്ന് ഞാൻ സർവകലാശാലയിൽ കത്ത് എഴുതുന്നു.,Malayalam
"Я сказал, что пишу письмо дома сегодня.",Russian
मैं विश्वविद्यालय में पढ़ता हूँ घर में शाम के समय।,Hindi
Εγώ βλέπω μια ταινία στο νοσοκομείο σήμερα.,Greek
വൈകുന്നേരം സമയത്ത് ഞാൻ റെസ്റ്റോറന്റിൽ വ്യായാമം ചെയ്യുന്നു.,Malayalam
"हर दिन, मैं चाय पीता हूँ पार्क में।",Hindi
أنا أشرب القهوة في المكتب كل يوم.,Arabic
"Я сказал, что пью кофе в парке вечером.",Russian
ನಾನು ಪ್ರತಿದಿನ ಮನೆಯಲ್ಲಿ ಕೆಲಸಕ್ಕೆ ಹೋಗುತ್ತೇನೆ ಎಂದು ಹೇಳಿದರು.,Kannada
ഞാൻ രാവിലെ സമയത്ത് സ്കൂളിൽ സിനിമ കാണുന്നു.,Malayalam
"сегодня, Я смотрю фильм в университете.",Russian
ഇന്ന് ഞാൻ ഓഫീസിൽ സിനിമ കാണുന്നു.,Malayalam
Εγώ είπε ότι σπουδάζω στο πανεπιστήμιο στο εστιατόριο το βράδυ.,Greek
ನಾನು ಬೆಳಿಗ್ಗೆ ಅಂಗಡಿಯಲ್ಲಿ ವಿಶ್ವವಿದ್ಯಾಲಯದಲ್ಲಿ ಓದುತ್ತೇನೆ ಎಂದು ಹೇಳಿದರು.,Kannada
मैं पार्क में विश्वविद्यालय में पढ़ता हूँ चाहता है।,Hindi
Εγώ βλέπω μια ταινία στο κατάστημα το βράδυ.,Greek
غدا، أنا أشاهد فيلما في المكتب.,Arabic
ನಾನು ಸಂಜೆ ಆಸ್ಪತ್ರೆಯಲ್ಲಿ ಸಿನಿಮಾ ನೋಡುತ್ತೇನೆ ಎಂದು ಹೇಳಿದರು.,Kannada
मैं ने कहा कि वह दुकान में चाय पीता हूँ सुबह।,Hindi
"மாலையில், நான் வீட்டில் பல்கலைக்கழகத்தில் படிக்கிறேன்.",Tamil
ഞാൻ രാവിലെ ഓഫീസിൽ വ്യായാമം ചെയ്യുന്നു എന്ന് പറഞ്ഞു.,Malayalam
قال أنا إنه أكتب رسالة في الجامعة في المساء.,Arabic
"на этой неделе, Я изучаю язык в городе.",Russian
Εγώ είπε ότι πίνω καφέ στην πόλη νωρίς το πρωί.,Greek
मैं ने कहा कि वह विश्वविद्यालय में विश्वविद्यालय में पढ़ता हूँ शाम के समय।,Hindi
هذا الأسبوع، أنا أقرأ كتابا في المكتب.,Arabic
اليوم، أنا أشرب القهوة في المدرسة.,Arabic
मैं व्यायाम करता हूँ कार्यालय में कल।,Hindi
நான் நகரத்தில் காபி குடிக்கிறேன் காலையில்.,Tamil
قال أنا إنه أشرب القهوة في المطعم غدا.,Arabic
"सुबह, मैं विश्वविद्यालय में पढ़ता हूँ दुकान में।",Hindi
ನಾನು ಗ್ರಂಥಾಲಯದಲ್ಲಿ ಕೆಲಸಕ್ಕೆ ಹೋಗುತ್ತೇನೆ ಬೆಳಗಿನ ಸಮಯದಲ್ಲಿ.,Kannada
Εγώ σπουδάζω στο πανεπιστήμιο στο σπίτι αύριο.,Greek
Εγώ κάνω γυμναστική στο γραφείο το πρωί.,Greek
ഞാൻ വൈകുന്നേരം സമയത്ത് ഓഫീസിൽ ജോലിക്ക് പോകുന്നു എന്ന് പറഞ്ഞു.,Malayalam
நான் காலை நேரத்தில் உணவகத்தில் மொழி கற்கிறேன் என்று கூறினார்.,Tamil
ഞാൻ രാവിലെ കടയിൽ കാപ്പി കുടിക്കുന്നു.,Malayalam
ഈ ആഴ്ച ഞാൻ പാർക്കിൽ പുസ്തകം വായിക്കുന്നു.,Malayalam
ഞാൻ ഈ ആഴ്ച വീട്ടിൽ ജോലിക്ക് പോകുന്നു എന്ന് പറഞ്ഞു.,Malayalam
मैं ने कहा कि वह घर में चाय पीता हूँ कल।,Hindi
أنا أشرب القهوة في المكتبة هذا الأسبوع.,Arabic
أنا أمارس الرياضة في المدينة هذا الأسبوع.,Arabic
ನಾನು ಮನೆಯಲ್ಲಿ ವ್ಯಾಯಾಮ ಮಾಡುತ್ತೇನೆ ಇಂದು.,Kannada
എല്ലാ ദിവസവും ഞാൻ പാർക്കിൽ പുസ്തകം വായിക്കുന്നു.,Malayalam
मैं ने कहा कि वह पार्क में किताब पढ़ता हूँ सुबह के समय।,Hindi
صباحا، أنا أشاهد فيلما في الجامعة.,Arabic
ನಾನು ರೆಸ್ಟೋರೆಂಟ್‌ನಲ್ಲಿ ಕೆಲಸಕ್ಕೆ ಹೋಗುತ್ತೇನೆ ಇಂದು.,Kannada
"ಸಂಜೆ, ನಾನು ಗ್ರಂಥಾಲಯದಲ್ಲಿ ವಿಶ್ವವಿದ್ಯಾಲಯದಲ್ಲಿ ಓದುತ್ತೇನೆ.",Kannada
ನಾನು ಶಾಲೆಯಲ್ಲಿ ಕಾಫಿ ಕುಡಿಯುತ್ತೇನೆ ಬೆಳಗಿನ ಸಮಯದಲ್ಲಿ.,Kannada
நான் பூங்காவில் காபி குடிக்கிறேன் காலையில்.,Tamil
ഞാൻ നാളെ ആശുപത്രിയിൽ പുസ്തകം വായിക്കുന്നു എന്ന് പറഞ്ഞു.,Malayalam
"காலையில், நான் பள்ளியில் வேலைக்கு செல்கிறேன்.",Tamil
Εγώ διαβάζω ένα βιβλίο στο πανεπιστήμιο το πρωί.,Greek
أنا أشرب القهوة في المكتب صباحا.,Arabic
Я пью кофе в офисе на этой неделе.,Russian
ഞാൻ പാർക്കിൽ സർവകലാശാലയിൽ പഠിക്കുന്നു ആഗ്രഹിക്കുന്നു.,Malayalam
ഞാൻ ഇന്ന് വീട്ടിൽ കാപ്പി കുടിക്കുന്നു എന്ന് പറഞ്ഞു.,Malayalam
நான் பள்ளியில் வேலைக்கு செல்கிறேன் காலை நேரத்தில்.,Tamil
நான் மாலை நேரத்தில் மருத்துவமனையில் கடிதம் எழுதுகிறேன் என்று கூறினார்.,Tamil
"आज, मैं पत्र लिखता हूँ पुस्तकालय में।",Hindi
"рано утром, Я смотрю фильм в городе.",Russian
"ನಾಳೆ, ನಾನು ಅಂಗಡಿಯಲ್ಲಿ ಪುಸ್ತಕ ಓದುತ್ತೇನೆ.",Kannada
मैं पुस्तकालय में किताब पढ़ता हूँ चाहता है।,Hindi
"Я сказал, что иду на работу в школе вечером.",Russian
मैं चाय पीता हूँ अस्पताल में शाम के समय।,Hindi
"αυτή την εβδομάδα, Εγώ διαβάζω ένα βιβλίο στο γραφείο.",Greek
"σήμερα, Εγώ μαθαίνω τη γλώσσα στην πόλη.",Greek
मैं ने कहा कि वह पार्क में फिल्म देखता हूँ आज।,Hindi
"Я сказал, что пью кофе в университете на этой неделе.",Russian
രാവിലെ ഞാൻ സ്കൂളിൽ ഭാഷ പഠിക്കുന്നു.,Malayalam
"ಈ ವಾರ, ನಾನು ಆಸ್ಪತ್ರೆಯಲ್ಲಿ ಭಾಷೆ ಕಲಿಯುತ್ತೇನೆ.",Kannada
Я пишу письмо в школе поздно вечером.,Russian
ഞാൻ രാവിലെ ആശുപത്രിയിൽ കാപ്പി കുടിക്കുന്നു.,Malayalam
"शाम के समय, मैं काम पर जाता हूँ घर में।",Hindi
मैं व्यायाम करता हूँ कार्यालय में इस सप्ताह।,Hindi
मैं विश्वविद्यालय में पढ़ता हूँ कार्यालय में कल।,Hindi
"сегодня, Я учусь в университете в университете.",Russian
Εγώ θέλει να πίνω καφέ στο εστιατόριο.,Greek
Я смотрю фильм в университете утром.,Russian
मैं चाय पीता हूँ स्कूल में कल।,Hindi
"शाम को, मैं किताब पढ़ता हूँ दुकान में।",Hindi
நான் நூலகத்தில் காபி குடிக்கிறேன் விரும்புகிறார்.,Tamil
ഞാൻ രാവിലെ സമയത്ത് വീട്ടിൽ സർവകലാശാലയിൽ പഠിക്കുന്നു എന്ന് പറഞ്ഞു.,Malayalam
"κάθε μέρα, Εγώ γράφω ένα γράμμα στο σπίτι.",Greek
"सुबह, मैं काम पर जाता हूँ पार्क में।",Hindi
ನಾನು ಅಂಗಡಿಯಲ್ಲಿ ವಿಶ್ವವಿದ್ಯಾಲಯದಲ್ಲಿ ಓದುತ್ತೇನೆ ಸಂಜೆ.,Kannada
ನಾನು ಸಂಜೆ ಕಚೇರಿಯಲ್ಲಿ ವ್ಯಾಯಾಮ ಮಾಡುತ್ತೇನೆ ಎಂದು ಹೇಳಿದರು.,Kannada
"ಬೆಳಗಿನ ಸಮಯದಲ್ಲಿ, ನಾನು ಶಾಲೆಯಲ್ಲಿ ಪತ್ರ ಬರೆಯುತ್ತೇನೆ.",Kannada
ഞാൻ രാവിലെ സമയത്ത് വീട്ടിൽ പുസ്തകം വായിക്കുന്നു.,Malayalam
मैं किताब पढ़ता हूँ शहर में सुबह।,Hindi
"αύριο, Εγώ διαβάζω ένα βιβλίο στο πάρκο.",Greek
Εγώ είπε ότι μαθαίνω τη γλώσσα στο πανεπιστήμιο το πρωί.,Greek
"शाम के समय, मैं फिल्म देखता हूँ दुकान में।",Hindi
ನಾನು ಬೆಳಿಗ್ಗೆ ಗ್ರಂಥಾಲಯದಲ್ಲಿ ಭಾಷೆ ಕಲಿಯುತ್ತೇನೆ ಎಂದು ಹೇಳಿದರು.,Kannada
मैं ने कहा कि वह कार्यालय में काम पर जाता हूँ सुबह।,Hindi
"ಬೆಳಗಿನ ಸಮಯದಲ್ಲಿ, ನಾನು ನಗರದಲ್ಲಿ ಕೆಲಸಕ್ಕೆ ಹೋಗುತ್ತೇನೆ.",Kannada
Я пью кофе в ресторане вечером.,Russian
"शाम को, मैं विश्वविद्यालय में पढ़ता हूँ कार्यालय में।",Hindi
"इस सप्ताह, मैं पत्र लिखता हूँ शहर में।",Hindi
நான் பல்கலைக்கழகத்தில் மொழி கற்கிறேன் காலையில்.,Tamil
"σήμερα, Εγώ πηγαίνω στη δουλειά στο γραφείο.",Greek
قال أنا إنه أكتب رسالة في المستشفى كل يوم.,Arabic
Я читаю книгу в офисе каждый день.,Russian
രാവിലെ ഞാൻ ലൈബ്രറിയിൽ കത്ത് എഴുതുന്നു.,Malayalam
"сегодня, Я изучаю язык в офисе.",Russian
Я пишу письмо дома поздно вечером.,Russian
Εγώ θέλει να κάνω γυμναστική στην πόλη.,Greek
قال أنا إنه أذهب إلى العمل في المتجر في المساء.,Arabic
நான் வீட்டில் கடிதம் எழுதுகிறேன் மாலையில்.,Tamil
"इस सप्ताह, मैं भाषा सीखता हूँ विश्वविद्यालय में।",Hindi
मैं काम पर जाता हूँ रेस्तरां में शाम के समय।,Hindi
Εγώ πηγαίνω στη δουλειά στη βιβλιοθήκη αύριο.,Greek
நான் காலை நேரத்தில் அலுவலகத்தில் பல்கலைக்கழகத்தில் படிக்கிறேன் என்று கூறினார்.,Tamil
"Я сказал, что изучаю язык в парке рано утром.",Russian
"утром, Я читаю книгу в офисе.",Russian
मैं भाषा सीखता हूँ अस्पताल में इस सप्ताह।,Hindi
ನಾನು ಉದ್ಯಾನವನದಲ್ಲಿ ಪುಸ್ತಕ ಓದುತ್ತೇನೆ ಬೆಳಿಗ್ಗೆ.,Kannada
"காலையில், நான் பள்ளியில் மொழி கற்கிறேன்.",Tamil
ഞാൻ രാവിലെ കടയിൽ വ്യായാമം ചെയ്യുന്നു.,Malayalam
मैं ने कहा कि वह रेस्तरां में किताब पढ़ता हूँ शाम के समय।,Hindi
मैं स्कूल में भाषा सीखता हूँ चाहता है।,Hindi
"காலை நேரத்தில், நான் பல்கலைக்கழகத்தில் திரைப்படம் பார்க்கிறேன்.",Tamil
"Я сказал, что пишу письмо в городе рано утром.",Russian
நான் நூலகத்தில் பல்கலைக்கழகத்தில் படிக்கிறேன் விரும்புகிறார்.,Tamil
मैं ने कहा कि वह पार्क में व्यायाम करता हूँ शाम के समय।,Hindi
غدا، أنا أكتب رسالة في الحديقة.,Arabic
நான் காலையில் உணவகத்தில் வேலைக்கு செல்கிறேன் என்று கூறினார்.,Tamil
ನಾನು ಕಚೇರಿಯಲ್ಲಿ ಕೆಲಸಕ್ಕೆ ಹೋಗುತ್ತೇನೆ ಪ್ರತಿದಿನ.,Kannada
"το βράδυ, Εγώ μαθαίνω τη γλώσσα στο νοσοκομείο.",Greek
രാവിലെ ഞാൻ കടയിൽ ജോലിക്ക് പോകുന്നു.,Malayalam
أنا أدرس في الجامعة في المدينة مساء.,Arabic
मैं ने कहा कि वह अस्पताल में काम पर जाता हूँ सुबह के समय।,Hindi
मैं ने कहा कि वह कार्यालय में किताब पढ़ता हूँ शाम को।,Hindi
مساء، أنا أكتب رسالة في المطعم.,Arabic
நான் நாளை அலுவலகத்தில் பல்கலைக்கழகத்தில் படிக்கிறேன் என்று கூறினார்.,Tamil
صباحا، أنا أشرب القهوة في المكتب.,Arabic
Εγώ σπουδάζω στο πανεπιστήμιο στο πανεπιστήμιο το βράδυ.,Greek
நான் வீட்டில் கடிதம் எழுதுகிறேன் மாலை நேரத்தில்.,Tamil
Я хочет смотрю фильм дома.,Russian
मैं काम पर जाता हूँ रेस्तरां में हर दिन।,Hindi
"காலையில், நான் வீட்டில் பல்கலைக்கழகத்தில் படிக்கிறேன்.",Tamil
"மாலை நேரத்தில், நான் அலுவலகத்தில் உடற்பயிற்சி செய்கிறேன்.",Tamil
ನಾನು ಆಸ್ಪತ್ರೆಯಲ್ಲಿ ಭಾಷೆ ಕಲಿಯುತ್ತೇನೆ ಪ್ರತಿದಿನ.,Kannada
ഞാൻ ഈ ആഴ്ച റെസ്റ്റോറന്റിൽ സർവകലാശാലയിൽ പഠിക്കുന്നു.,Malayalam
"Я сказал, что смотрю фильм в магазине вечером.",Russian
ನಾನು ಗ್ರಂಥಾಲಯದಲ್ಲಿ ಕೆಲಸಕ್ಕೆ ಹೋಗುತ್ತೇನೆ ಮಾಡಲು ಬಯಸುತ್ತಾನೆ.,Kannada
ഈ ആഴ്ച ഞാൻ കടയിൽ ജോലിക്ക് പോകുന്നു.,Malayalam
ഞാൻ നാളെ റെസ്റ്റോറന്റിൽ ജോലിക്ക് പോകുന്നു എന്ന് പറഞ്ഞു.,Malayalam
قال أنا إنه أشاهد فيلما في المكتبة كل يوم.,Arabic
ನಾನು ಮನೆಯಲ್ಲಿ ಕಾಫಿ ಕುಡಿಯುತ್ತೇನೆ ಸಂಜೆಯ ಸಮಯದಲ್ಲಿ.,Kannada
"το πρωί, Εγώ βλέπω μια ταινία στην πόλη.",Greek
Εγώ διαβάζω ένα βιβλίο στο σπίτι το βράδυ.,Greek
"हर दिन, मैं विश्वविद्यालय में पढ़ता हूँ दुकान में।",Hindi
मैं किताब पढ़ता हूँ पार्क में हर दिन।,Hindi
நான் மாலை நேரத்தில் பூங்காவில் காபி குடிக்கிறேன் என்று கூறினார்.,Tamil
ഞാൻ ഇന്ന് ഓഫീസിൽ ഭാഷ പഠിക്കുന്നു.,Malayalam
هذا الأسبوع، أنا أتعلم اللغة في المطعم.,Arabic
ഞാൻ നഗരത്തിൽ സിനിമ കാണുന്നു ആഗ്രഹിക്കുന്നു.,Malayalam
Εγώ είπε ότι γράφω ένα γράμμα στην πόλη αυτή την εβδομάδα.,Greek
ನಾನು ನಾಳೆ ವಿಶ್ವವಿದ್ಯಾಲಯದಲ್ಲಿ ವಿಶ್ವವಿದ್ಯಾಲಯದಲ್ಲಿ ಓದುತ್ತೇನೆ ಎಂದು ಹೇಳಿದರು.,Kannada
"இந்த வாரம், நான் உணவகத்தில் கடிதம் எழுதுகிறேன்.",Tamil
ഞാൻ എല്ലാ ദിവസവും നഗരത്തിൽ സിനിമ കാണുന്നു എന്ന് പറഞ്ഞു.,Malayalam
"Я сказал, что пью кофе в больнице утром.",Russian
"ನಾಳೆ, ನಾನು ರೆಸ್ಟೋರೆಂಟ್‌ನಲ್ಲಿ ಪತ್ರ ಬರೆಯುತ್ತೇನೆ.",Kannada
"इस सप्ताह, मैं विश्वविद्यालय में पढ़ता हूँ अस्पताल में।",Hindi
நான் வீட்டில் புத்தகம் படிக்கிறேன் தினமும்.,Tamil
ನಾನು ಬೆಳಗಿನ ಸಮಯದಲ್ಲಿ ಮನೆಯಲ್ಲಿ ಭಾಷೆ ಕಲಿಯುತ್ತೇನೆ ಎಂದು ಹೇಳಿದರು.,Kannada
मैं चाय पीता हूँ विश्वविद्यालय में शाम के समय।,Hindi
ഞാൻ നാളെ ഓഫീസിൽ സർവകലാശാലയിൽ പഠിക്കുന്നു എന്ന് പറഞ്ഞു.,Malayalam
Я пью кофе в парке рано утром.,Russian
"αυτή την εβδομάδα, Εγώ διαβάζω ένα βιβλίο στο σχολείο.",Greek
ഞാൻ നാളെ നഗരത്തിൽ പുസ്തകം വായിക്കുന്നു.,Malayalam
ഈ ആഴ്ച ഞാൻ സ്കൂളിൽ പുസ്തകം വായിക്കുന്നു.,Malayalam
Я хочет учусь в университете в городе.,Russian
രാവിലെ സമയത്ത് ഞാൻ ആശുപത്രിയിൽ കത്ത് എഴുതുന്നു.,Malayalam
Я пишу письмо в школе на этой неделе.,Russian
قال أنا إنه أشاهد فيلما في الجامعة صباحا.,Arabic
"தினமும், நான் நகரத்தில் காபி குடிக்கிறேன்.",Tamil
"σήμερα, Εγώ πηγαίνω στη δουλειά στο νοσοκομείο.",Greek
Εγώ βλέπω μια ταινία στο σπίτι αύριο.,Greek
"ಸಂಜೆ, ನಾನು ಆಸ್ಪತ್ರೆಯಲ್ಲಿ ವಿಶ್ವವಿದ್ಯಾಲಯದಲ್ಲಿ ಓದುತ್ತೇನೆ.",Kannada
"இந்த வாரம், நான் மருத்துவமனையில் வேலைக்கு செல்கிறேன்.",Tamil
ನಾನು ಇಂದು ಕಚೇರಿಯಲ್ಲಿ ಕೆಲಸಕ್ಕೆ ಹೋಗುತ್ತೇನೆ ಎಂದು ಹೇಳಿದರು.,Kannada
நான் காலை நேரத்தில் பல்கலைக்கழகத்தில் மொழி கற்கிறேன் என்று கூறினார்.,Tamil
ನಾನು ಸಂಜೆಯ ಸಮಯದಲ್ಲಿ ಅಂಗಡಿಯಲ್ಲಿ ಕಾಫಿ ಕುಡಿಯುತ್ತೇನೆ ಎಂದು ಹೇಳಿದರು.,Kannada
"இந்த வாரம், நான் பள்ளியில் காபி குடிக்கிறேன்.",Tamil
मैं ने कहा कि वह घर में काम पर जाता हूँ आज।,Hindi
في المساء، أنا أقرأ كتابا في المنزل.,Arabic
നാളെ ഞാൻ കടയിൽ കത്ത് എഴുതുന്നു.,Malayalam
मैं ने कहा कि वह घर में व्यायाम करता हूँ शाम के समय।,Hindi
"αυτή την εβδομάδα, Εγώ διαβάζω ένα βιβλίο στο εστιατόριο.",Greek
ನಾನು ವಿಶ್ವವಿದ್ಯಾಲಯದಲ್ಲಿ ಕಾಫಿ ಕುಡಿಯುತ್ತೇನೆ ಪ್ರತಿದಿನ.,Kannada
Εγώ πηγαίνω στη δουλειά στο εστιατόριο το βράδυ.,Greek
قال أنا إنه أدرس في الجامعة في المدرسة صباحا.,Arabic
"κάθε μέρα, Εγώ πίνω καφέ στο εστιατόριο.",Greek
நான் இன்று நூலகத்தில் காபி குடிக்கிறேன் என்று கூறினார்.,Tamil
मैं विश्वविद्यालय में पढ़ता हूँ रेस्तरां में आज।,Hindi
كل يوم، أنا أشرب القهوة في المكتب.,Arabic
Εγώ είπε ότι πηγαίνω στη δουλειά στην πόλη κάθε μέρα.,Greek
Εγώ πηγαίνω στη δουλειά στο πάρκο το βράδυ.,Greek
ഞാൻ എല്ലാ ദിവസവും ലൈബ്രറിയിൽ പുസ്തകം വായിക്കുന്നു എന്ന് പറഞ്ഞു.,Malayalam
मैं ने कहा कि वह कार्यालय में विश्वविद्यालय में पढ़ता हूँ सुबह।,Hindi
"இந்த வாரம், நான் பூங்காவில் காபி குடிக்கிறேன்.",Tamil
"हर दिन, मैं भाषा सीखता हूँ घर में।",Hindi
ನಾನು ಉದ್ಯಾನವನದಲ್ಲಿ ಪತ್ರ ಬರೆಯುತ್ತೇನೆ ಸಂಜೆ.,Kannada
Εγώ είπε ότι διαβάζω ένα βιβλίο στο εστιατόριο αυτή την εβδομάδα.,Greek
"மாலையில், நான் பூங்காவில் புத்தகம் படிக்கிறேன்.",Tamil
Εγώ μαθαίνω τη γλώσσα στο σπίτι νωρίς το πρωί.,Greek
Я учусь в университете в городе рано утром.,Russian
நான் கடையில் பல்கலைக்கழகத்தில் படிக்கிறேன் காலை நேரத்தில்.,Tamil
நான் பல்கலைக்கழகத்தில் கடிதம் எழுதுகிறேன் இந்த வாரம்.,Tamil
मैं व्यायाम करता हूँ अस्पताल में हर दिन।,Hindi
في الصباح، أنا أدرس في الجامعة في الحديقة.,Arabic
"Я сказал, что иду на работу дома каждый день.",Russian
ನಾನು ಆಸ್ಪತ್ರೆಯಲ್ಲಿ ಭಾಷೆ ಕಲಿಯುತ್ತೇನೆ ಸಂಜೆ.,Kannada
"поздно вечером, Я смотрю фильм в библиотеке.",Russian
நான் பல்கலைக்கழகத்தில் மொழி கற்கிறேன் மாலையில்.,Tamil
ഞാൻ ഇന്ന് ആശുപത്രിയിൽ ജോലിക്ക് പോകുന്നു.,Malayalam
"ಇಂದು, ನಾನು ಮನೆಯಲ್ಲಿ ಕಾಫಿ ಕುಡಿಯುತ್ತೇನೆ.",Kannada
"தினமும், நான் உணவகத்தில் மொழி கற்கிறேன்.",Tamil
"αυτή την εβδομάδα, Εγώ κάνω γυμναστική στο κατάστημα.",Greek
"ಸಂಜೆಯ ಸಮಯದಲ್ಲಿ, ನಾನು ವಿಶ್ವವಿದ್ಯಾಲಯದಲ್ಲಿ ವ್ಯಾಯಾಮ ಮಾಡುತ್ತೇನೆ.",Kannada
ನಾನು ಉದ್ಯಾನವನದಲ್ಲಿ ವ್ಯಾಯಾಮ ಮಾಡುತ್ತೇನೆ ಸಂಜೆ.,Kannada
"каждый день, Я иду на работу в школе.",Russian
"आज, मैं विश्वविद्यालय में पढ़ता हूँ स्कूल में।",Hindi
Εγώ είπε ότι βλέπω μια ταινία στο κατάστημα το βράδυ.,Greek
"மாலையில், நான் நகரத்தில் உடற்பயிற்சி செய்கிறேன்.",Tamil
Εγώ είπε ότι διαβάζω ένα βιβλίο στο πανεπιστήμιο κάθε μέρα.,Greek
"το πρωί, Εγώ σπουδάζω στο πανεπιστήμιο στο εστιατόριο.",Greek
قال أنا إنه أتعلم اللغة في المتجر مساء.,Arabic
ನಾನು ಕಚೇರಿಯಲ್ಲಿ ಪತ್ರ ಬರೆಯುತ್ತೇನೆ ನಾಳೆ.,Kannada
ഇന്ന് ഞാൻ നഗരത്തിൽ കത്ത് എഴുതുന്നു.,Malayalam
நான் கடையில் புத்தகம் படிக்கிறேன் இன்று.,Tamil
"இந்த வாரம், நான் மருத்துவமனையில் மொழி கற்கிறேன்.",Tamil
أنا أشاهد فيلما في المدرسة في المساء.,Arabic
நான் அலுவலகத்தில் காபி குடிக்கிறேன் காலை நேரத்தில்.,Tamil
ನಾನು ಗ್ರಂಥಾಲಯದಲ್ಲಿ ಸಿನಿಮಾ ನೋಡುತ್ತೇನೆ ಮಾಡಲು ಬಯಸುತ್ತಾನೆ.,Kannada
ഞാൻ വൈകുന്നേരം സമയത്ത് നഗരത്തിൽ ഭാഷ പഠിക്കുന്നു എന്ന് പറഞ്ഞു.,Malayalam
"вечером, Я пишу письмо дома.",Russian
ഞാൻ എല്ലാ ദിവസവും കടയിൽ സർവകലാശാലയിൽ പഠിക്കുന്നു.,Malayalam
ನಾನು ರೆಸ್ಟೋರೆಂಟ್‌ನಲ್ಲಿ ವ್ಯಾಯಾಮ ಮಾಡುತ್ತೇನೆ ಸಂಜೆಯ ಸಮಯದಲ್ಲಿ.,Kannada
أنا يريد أن أشاهد فيلما في المطعم.,Arabic
Εγώ πηγαίνω στη δουλειά στο πάρκο το πρωί.,Greek
"हर दिन, मैं विश्वविद्यालय में पढ़ता हूँ घर में।",Hindi
ನಾನು ಈ ವಾರ ಮನೆಯಲ್ಲಿ ಸಿನಿಮಾ ನೋಡುತ್ತೇನೆ ಎಂದು ಹೇಳಿದರು.,Kannada
أنا يريد أن أكتب رسالة في المنزل.,Arabic
നാളെ ഞാൻ ഓഫീസിൽ സിനിമ കാണുന്നു.,Malayalam
"शाम के समय, मैं किताब पढ़ता हूँ विश्वविद्यालय में।",Hindi
ನಾನು ಮನೆಯಲ್ಲಿ ಕೆಲಸಕ್ಕೆ ಹೋಗುತ್ತೇನೆ ಪ್ರತಿದಿನ.,Kannada
Εγώ θέλει να μαθαίνω τη γλώσσα στο πανεπιστήμιο.,Greek
मैं ने कहा कि वह पुस्तकालय में व्यायाम करता हूँ सुबह के समय।,Hindi
ഞാൻ ഈ ആഴ്ച ആശുപത്രിയിൽ ഭാഷ പഠിക്കുന്നു എന്ന് പറഞ്ഞു.,Malayalam
Εγώ διαβάζω ένα βιβλίο στο πάρκο νωρίς το πρωί.,Greek
ನಾನು ಗ್ರಂಥಾಲಯದಲ್ಲಿ ಪತ್ರ ಬರೆಯುತ್ತೇನೆ ಈ ವಾರ.,Kannada
Я иду на работу в больнице на этой неделе.,Russian
"поздно вечером, Я пишу письмо в магазине.",Russian
"κάθε μέρα, Εγώ βλέπω μια ταινία στο σπίτι.",Greek
ഞാൻ ഇന്ന് റെസ്റ്റോറന്റിൽ സിനിമ കാണുന്നു എന്ന് പറഞ്ഞു.,Malayalam
"நாளை, நான் பூங்காவில் பல்கலைக்கழகத்தில் படிக்கிறேன்.",Tamil
நான் பள்ளியில் காபி குடிக்கிறேன் விரும்புகிறார்.,Tamil
Εγώ είπε ότι πηγαίνω στη δουλειά στην πόλη σήμερα.,Greek
"Я сказал, что занимаюсь спортом в офисе на этой неделе.",Russian
ഞാൻ ഈ ആഴ്ച ഓഫീസിൽ ജോലിക്ക് പോകുന്നു.,Malayalam
ഇന്ന് ഞാൻ ഓഫീസിൽ പുസ്തകം വായിക്കുന്നു.,Malayalam
"κάθε μέρα, Εγώ διαβάζω ένα βιβλίο στο σχολείο.",Greek
"ಈ ವಾರ, ನಾನು ಮನೆಯಲ್ಲಿ ಸಿನಿಮಾ ನೋಡುತ್ತೇನೆ.",Kannada
"утром, Я смотрю фильм в библиотеке.",Russian
ഞാൻ ഇന്ന് കടയിൽ സർവകലാശാലയിൽ പഠിക്കുന്നു എന്ന് പറഞ്ഞു.,Malayalam
"மாலை நேரத்தில், நான் பள்ளியில் காபி குடிக்கிறேன்.",Tamil
"Я сказал, что читаю книгу в университете утром.",Russian
நான் நாளை நூலகத்தில் திரைப்படம் பார்க்கிறேன் என்று கூறினார்.,Tamil
قال أنا إنه أقرأ كتابا في المدرسة غدا.,Arabic
मैं ने कहा कि वह पुस्तकालय में विश्वविद्यालय में पढ़ता हूँ शाम को।,Hindi
ನಾನು ಅಂಗಡಿಯಲ್ಲಿ ವ್ಯಾಯಾಮ ಮಾಡುತ್ತೇನೆ ಮಾಡಲು ಬಯಸುತ್ತಾನೆ.,Kannada
"कल, मैं चाय पीता हूँ शहर में।",Hindi
ನಾನು ಆಸ್ಪತ್ರೆಯಲ್ಲಿ ವಿಶ್ವವಿದ್ಯಾಲಯದಲ್ಲಿ ಓದುತ್ತೇನೆ ಬೆಳಗಿನ ಸಮಯದಲ್ಲಿ.,Kannada
"शाम को, मैं चाय पीता हूँ रेस्तरां में।",Hindi
നാളെ ഞാൻ ലൈബ്രറിയിൽ കാപ്പി കുടിക്കുന്നു.,Malayalam
Εγώ πίνω καφέ στο πάρκο νωρίς το πρωί.,Greek
"காலையில், நான் நகரத்தில் புத்தகம் படிக்கிறேன்.",Tamil
"தினமும், நான் அலுவலகத்தில் பல்கலைக்கழகத்தில் படிக்கிறேன்.",Tamil
വൈകുന്നേരം ഞാൻ കടയിൽ സർവകലാശാലയിൽ പഠിക്കുന്നു.,Malayalam
Εγώ είπε ότι σπουδάζω στο πανεπιστήμιο στη βιβλιοθήκη αυτή την εβδομάδα.,Greek
ನಾನು ಅಂಗಡಿಯಲ್ಲಿ ಭಾಷೆ ಕಲಿಯುತ್ತೇನೆ ಸಂಜೆಯ ಸಮಯದಲ್ಲಿ.,Kannada
രാവിലെ ഞാൻ ഓഫീസിൽ ഭാഷ പഠിക്കുന്നു.,Malayalam
ನಾನು ಅಂಗಡಿಯಲ್ಲಿ ಪತ್ರ ಬರೆಯುತ್ತೇನೆ ಸಂಜೆಯ ಸಮಯದಲ್ಲಿ.,Kannada
"இந்த வாரம், நான் கடையில் புத்தகம் படிக்கிறேன்.",Tamil
मैं किताब पढ़ता हूँ अस्पताल में हर दिन।,Hindi
ನಾನು ಸಂಜೆಯ ಸಮಯದಲ್ಲಿ ಗ್ರಂಥಾಲಯದಲ್ಲಿ ವ್ಯಾಯಾಮ ಮಾಡುತ್ತೇನೆ ಎಂದು ಹೇಳಿದರು.,Kannada
ನಾನು ಸಂಜೆಯ ಸಮಯದಲ್ಲಿ ಕಚೇರಿಯಲ್ಲಿ ಪುಸ್ತಕ ಓದುತ್ತೇನೆ ಎಂದು ಹೇಳಿದರು.,Kannada
Εγώ είπε ότι μαθαίνω τη γλώσσα στην πόλη νωρίς το πρωί.,Greek
"ಪ್ರತಿದಿನ, ನಾನು ಮನೆಯಲ್ಲಿ ಕಾಫಿ ಕುಡಿಯುತ್ತೇನೆ.",Kannada
"сегодня, Я пишу письмо в парке.",Russian
Εγώ είπε ότι βλέπω μια ταινία στο γραφείο το πρωί.,Greek
मैं व्यायाम करता हूँ कार्यालय में सुबह के समय।,Hindi
أنا أتعلم اللغة في المنزل في الصباح.,Arabic
நான் வீட்டில் உடற்பயிற்சி செய்கிறேன் மாலை நேரத்தில்.,Tamil
"ಬೆಳಿಗ್ಗೆ, ನಾನು ಮನೆಯಲ್ಲಿ ಭಾಷೆ ಕಲಿಯುತ್ತೇನೆ.",Kannada
நான் இந்த வாரம் உணவகத்தில் உடற்பயிற்சி செய்கிறேன் என்று கூறினார்.,Tamil
ನಾನು ವಿಶ್ವವಿದ್ಯಾಲಯದಲ್ಲಿ ಸಿನಿಮಾ ನೋಡುತ್ತೇನೆ ಪ್ರತಿದಿನ.,Kannada
Εγώ είπε ότι πηγαίνω στη δουλειά στο πάρκο το πρωί.,Greek
എല്ലാ ദിവസവും ഞാൻ ആശുപത്രിയിൽ സർവകലാശാലയിൽ പഠിക്കുന്നു.,Malayalam
أنا يريد أن أقرأ كتابا في المطعم.,Arabic
"завтра, Я читаю книгу в библиотеке.",Russian
"மாலை நேரத்தில், நான் அலுவலகத்தில் திரைப்படம் பார்க்கிறேன்.",Tamil
വൈകുന്നേരം സമയത്ത് ഞാൻ ലൈബ്രറിയിൽ ജോലിക്ക് പോകുന്നു.,Malayalam
ഞാൻ വൈകുന്നേരം സമയത്ത് ആശുപത്രിയിൽ ഭാഷ പഠിക്കുന്നു എന്ന് പറഞ്ഞു.,Malayalam
"сегодня, Я иду на работу в университете.",Russian
நான் நாளை மருத்துவமனையில் உடற்பயிற்சி செய்கிறேன் என்று கூறினார்.,Tamil
நான் காலையில் கடையில் பல்கலைக்கழகத்தில் படிக்கிறேன் என்று கூறினார்.,Tamil
قال أنا إنه أمارس الرياضة في المستشفى في المساء.,Arabic
"Я сказал, что смотрю фильм в библиотеке каждый день.",Russian
"поздно вечером, Я читаю книгу в парке.",Russian
أنا يريد أن أشاهد فيلما في الحديقة.,Arabic
أنا أتعلم اللغة في المنزل كل يوم.,Arabic
Εγώ είπε ότι γράφω ένα γράμμα στο πάρκο αύριο.,Greek
"ಪ್ರತಿದಿನ, ನಾನು ರೆಸ್ಟೋರೆಂಟ್‌ನಲ್ಲಿ ಕಾಫಿ ಕುಡಿಯುತ್ತೇನೆ.",Kannada
"இன்று, நான் உணவகத்தில் காபி குடிக்கிறேன்.",Tamil
ഞാൻ ഇന്ന് സ്കൂളിൽ പുസ്തകം വായിക്കുന്നു.,Malayalam
ನಾನು ನಗರದಲ್ಲಿ ವಿಶ್ವವಿದ್ಯಾಲಯದಲ್ಲಿ ಓದುತ್ತೇನೆ ಪ್ರತಿದಿನ.,Kannada
"утром, Я учусь в университете в университете.",Russian
ഞാൻ ഇന്ന് സർവകലാശാലയിൽ സിനിമ കാണുന്നു.,Malayalam
"вечером, Я учусь в университете в ресторане.",Russian
"каждый день, Я учусь в университете в городе.",Russian
Εγώ γράφω ένα γράμμα στο πάρκο αργά το βράδυ.,Greek
मैं चाय पीता हूँ पुस्तकालय में इस सप्ताह।,Hindi
غدا، أنا أكتب رسالة في المطعم.,Arabic
Я занимаюсь спортом в университете поздно вечером.,Russian
ഞാൻ സ്കൂളിൽ ഭാഷ പഠിക്കുന്നു ആഗ്രഹിക്കുന്നു.,Malayalam
मैं विश्वविद्यालय में भाषा सीखता हूँ चाहता है।,Hindi
ನಾನು ವಿಶ್ವವಿದ್ಯಾಲಯದಲ್ಲಿ ವಿಶ್ವವಿದ್ಯಾಲಯದಲ್ಲಿ ಓದುತ್ತೇನೆ ಬೆಳಗಿನ ಸಮಯದಲ್ಲಿ.,Kannada
"каждый день, Я смотрю фильм в университете.",Russian
"Я сказал, что читаю книгу в магазине вечером.",Russian
"αργά το βράδυ, Εγώ γράφω ένα γράμμα στο εστιατόριο.",Greek
ನಾನು ನಾಳೆ ಆಸ್ಪತ್ರೆಯಲ್ಲಿ ಸಿನಿಮಾ ನೋಡುತ್ತೇನೆ ಎಂದು ಹೇಳಿದರು.,Kannada
"каждый день, Я смотрю фильм в библиотеке.",Russian
قال أنا إنه أمارس الرياضة في الجامعة في الصباح.,Arabic
Εγώ είπε ότι πίνω καφέ στη βιβλιοθήκη αύριο.,Greek
मैं ने कहा कि वह पार्क में फिल्म देखता हूँ सुबह के समय।,Hindi
"காலை நேரத்தில், நான் நகரத்தில் திரைப்படம் பார்க்கிறேன்.",Tamil
قال أنا إنه أدرس في الجامعة في الجامعة في المساء.,Arabic
രാവിലെ സമയത്ത് ഞാൻ കടയിൽ വ്യായാമം ചെയ്യുന്നു.,Malayalam
நான் நகரத்தில் உடற்பயிற்சி செய்கிறேன் மாலை நேரத்தில்.,Tamil
मैं कार्यालय में फिल्म देखता हूँ चाहता है।,Hindi
"σήμερα, Εγώ γράφω ένα γράμμα στην πόλη.",Greek
"மாலையில், நான் கடையில் காபி குடிக்கிறேன்.",Tamil
"மாலை நேரத்தில், நான் நூலகத்தில் கடிதம் எழுதுகிறேன்.",Tamil
ನಾನು ಶಾಲೆಯಲ್ಲಿ ಪುಸ್ತಕ ಓದುತ್ತೇನೆ ಇಂದು.,Kannada
"நாளை, நான் பல்கலைக்கழகத்தில் திரைப்படம் பார்க்கிறேன்.",Tamil
Εγώ είπε ότι μαθαίνω τη γλώσσα στη βιβλιοθήκη κάθε μέρα.,Greek
ഞാൻ നാളെ കടയിൽ ഭാഷ പഠിക്കുന്നു എന്ന് പറഞ്ഞു.,Malayalam
"завтра, Я читаю книгу дома.",Russian
मैं ने कहा कि वह घर में चाय पीता हूँ शाम को।,Hindi
"утром, Я смотрю фильм дома.",Russian
ನಾನು ನಗರದಲ್ಲಿ ವ್ಯಾಯಾಮ ಮಾಡುತ್ತೇನೆ ಸಂಜೆ.,Kannada
मैं व्यायाम करता हूँ अस्पताल में शाम को।,Hindi
मैं शहर में व्यायाम करता हूँ चाहता है।,Hindi
"காலை நேரத்தில், நான் வீட்டில் புத்தகம் படிக்கிறேன்.",Tamil
நான் வீட்டில் திரைப்படம் பார்க்கிறேன் இன்று.,Tamil
قال أنا إنه أدرس في الجامعة في المستشفى في الصباح.,Arabic
"κάθε μέρα, Εγώ μαθαίνω τη γλώσσα στο σχολείο.",Greek
في الصباح، أنا أذهب إلى العمل في المنزل.,Arabic
غدا، أنا أتعلم اللغة في المتجر.,Arabic
എല്ലാ ദിവസവും ഞാൻ ആശുപത്രിയിൽ ജോലിക്ക് പോകുന്നു.,Malayalam
أنا أشاهد فيلما في المدينة هذا الأسبوع.,Arabic
Я читаю книгу в ресторане утром.,Russian
"рано утром, Я изучаю язык в магазине.",Russian
ನಾನು ಸಂಜೆಯ ಸಮಯದಲ್ಲಿ ವಿಶ್ವವಿದ್ಯಾಲಯದಲ್ಲಿ ಕೆಲಸಕ್ಕೆ ಹೋಗುತ್ತೇನೆ ಎಂದು ಹೇಳಿದರು.,Kannada
Εγώ πίνω καφέ στο κατάστημα το πρωί.,Greek
मैं ने कहा कि वह स्कूल में भाषा सीखता हूँ शाम के समय।,Hindi
"вечером, Я изучаю язык в университете.",Russian
मैं ने कहा कि वह दुकान में चाय पीता हूँ कल।,Hindi
"इस सप्ताह, मैं व्यायाम करता हूँ रेस्तरां में।",Hindi
"हर दिन, मैं फिल्म देखता हूँ पुस्तकालय में।",Hindi
"இன்று, நான் அலுவலகத்தில் கடிதம் எழுதுகிறேன்.",Tamil
أنا أدرس في الجامعة في المكتبة في الصباح.,Arabic
قال أنا إنه أذهب إلى العمل في المدينة اليوم.,Arabic
ನಾನು ಬೆಳಗಿನ ಸಮಯದಲ್ಲಿ ಗ್ರಂಥಾಲಯದಲ್ಲಿ ವಿಶ್ವವಿದ್ಯಾಲಯದಲ್ಲಿ ಓದುತ್ತೇನೆ ಎಂದು ಹೇಳಿದರು.,Kannada
நான் நாளை பல்கலைக்கழகத்தில் புத்தகம் படிக்கிறேன் என்று கூறினார்.,Tamil
"Я сказал, что изучаю язык в школе каждый день.",Russian
நான் மருத்துவமனையில் உடற்பயிற்சி செய்கிறேன் காலையில்.,Tamil
صباحا، أنا أمارس الرياضة في المدرسة.,Arabic
"αυτή την εβδομάδα, Εγώ γράφω ένα γράμμα στο σχολείο.",Greek
நான் மாலை நேரத்தில் நகரத்தில் வேலைக்கு செல்கிறேன் என்று கூறினார்.,Tamil
"σήμερα, Εγώ κάνω γυμναστική στην πόλη.",Greek
"νωρίς το πρωί, Εγώ βλέπω μια ταινία στο κατάστημα.",Greek
"शाम के समय, मैं व्यायाम करता हूँ घर में।",Hindi
"ಈ ವಾರ, ನಾನು ಕಚೇರಿಯಲ್ಲಿ ಭಾಷೆ ಕಲಿಯುತ್ತೇನೆ.",Kannada
قال أنا إنه أقرأ كتابا في المكتب صباحا.,Arabic
मैं विश्वविद्यालय में पढ़ता हूँ पुस्तकालय में आज।,Hindi
Я занимаюсь спортом в школе утром.,Russian
ನಾನು ಬೆಳಿಗ್ಗೆ ಶಾಲೆಯಲ್ಲಿ ಸಿನಿಮಾ ನೋಡುತ್ತೇನೆ ಎಂದು ಹೇಳಿದರು.,Kannada
ನಾನು ಸಂಜೆಯ ಸಮಯದಲ್ಲಿ ವಿಶ್ವವಿದ್ಯಾಲಯದಲ್ಲಿ ಸಿನಿಮಾ ನೋಡುತ್ತೇನೆ ಎಂದು ಹೇಳಿದರು.,Kannada
ഞാൻ വൈകുന്നേരം ലൈബ്രറിയിൽ പുസ്തകം വായിക്കുന്നു എന്ന് പറഞ്ഞു.,Malayalam
நான் பூங்காவில் உடற்பயிற்சி செய்கிறேன் தினமும்.,Tamil
मैं पुस्तकालय में भाषा सीखता हूँ चाहता है।,Hindi
நான் கடையில் திரைப்படம் பார்க்கிறேன் இன்று.,Tamil
"இன்று, நான் பள்ளியில் வேலைக்கு செல்கிறேன்.",Tamil
"Я сказал, что читаю книгу в библиотеке рано утром.",Russian
"αργά το βράδυ, Εγώ σπουδάζω στο πανεπιστήμιο στο πάρκο.",Greek
"Я сказал, что смотрю фильм в библиотеке сегодня.",Russian
Εγώ είπε ότι πηγαίνω στη δουλειά στο σπίτι αύριο.,Greek
هذا الأسبوع، أنا أكتب رسالة في المكتب.,Arabic
"शाम को, मैं चाय पीता हूँ विश्वविद्यालय में।",Hindi
"Я сказал, что пью кофе в офисе на этой неделе.",Russian
Εγώ είπε ότι μαθαίνω τη γλώσσα στο σπίτι κάθε μέρα.,Greek
Εγώ είπε ότι πίνω καφέ στην πόλη το πρωί.,Greek
"सुबह के समय, मैं चाय पीता हूँ शहर में।",Hindi
വൈകുന്നേരം സമയത്ത് ഞാൻ റെസ്റ്റോറന്റിൽ ഭാഷ പഠിക്കുന്നു.,Malayalam
"Я сказал, что изучаю язык в библиотеке каждый день.",Russian
நான் நகரத்தில் திரைப்படம் பார்க்கிறேன் இன்று.,Tamil
ഞാൻ രാവിലെ സമയത്ത് വീട്ടിൽ കത്ത് എഴുതുന്നു എന്ന് പറഞ്ഞു.,Malayalam
ഞാൻ ഇന്ന് ലൈബ്രറിയിൽ ഭാഷ പഠിക്കുന്നു.,Malayalam
ഞാൻ നാളെ ഓഫീസിൽ സിനിമ കാണുന്നു എന്ന് പറഞ്ഞു.,Malayalam
قال أنا إنه أدرس في الجامعة في المدرسة هذا الأسبوع.,Arabic
"कल, मैं भाषा सीखता हूँ रेस्तरां में।",Hindi
Εγώ μαθαίνω τη γλώσσα στο κατάστημα κάθε μέρα.,Greek
Εγώ είπε ότι κάνω γυμναστική στο νοσοκομείο αργά το βράδυ.,Greek
நான் மாலை நேரத்தில் உணவகத்தில் கடிதம் எழுதுகிறேன் என்று கூறினார்.,Tamil
"κάθε μέρα, Εγώ μαθαίνω τη γλώσσα στη βιβλιοθήκη.",Greek
"Я сказал, что пью кофе дома поздно вечером.",Russian
मैं ने कहा कि वह रेस्तरां में किताब पढ़ता हूँ आज।,Hindi
"αύριο, Εγώ κάνω γυμναστική στο πανεπιστήμιο.",Greek
ನಾನು ಈ ವಾರ ಗ್ರಂಥಾಲಯದಲ್ಲಿ ಪತ್ರ ಬರೆಯುತ್ತೇನೆ ಎಂದು ಹೇಳಿದರು.,Kannada
"Я сказал, что изучаю язык в городе утром.",Russian
ನಾನು ಸಂಜೆ ಅಂಗಡಿಯಲ್ಲಿ ವ್ಯಾಯಾಮ ಮಾಡುತ್ತೇನೆ ಎಂದು ಹೇಳಿದರು.,Kannada
Εγώ πίνω καφέ στη βιβλιοθήκη το πρωί.,Greek
Εγώ είπε ότι σπουδάζω στο πανεπιστήμιο στην πόλη το πρωί.,Greek
ഞാൻ വൈകുന്നേരം ഓഫീസിൽ പുസ്തകം വായിക്കുന്നു എന്ന് പറഞ്ഞു.,Malayalam
قال أنا إنه أكتب رسالة في المدينة غدا.,Arabic
"νωρίς το πρωί, Εγώ βλέπω μια ταινία στη βιβλιοθήκη.",Greek
Я читаю книгу в школе завтра.,Russian
ഞാൻ എല്ലാ ദിവസവും പാർക്കിൽ വ്യായാമം ചെയ്യുന്നു എന്ന് പറഞ്ഞു.,Malayalam
ನಾನು ಬೆಳಿಗ್ಗೆ ವಿಶ್ವವಿದ್ಯಾಲಯದಲ್ಲಿ ಭಾಷೆ ಕಲಿಯುತ್ತೇನೆ ಎಂದು ಹೇಳಿದರು.,Kannada
قال أنا إنه أشرب القهوة في الجامعة مساء.,Arabic
أنا أكتب رسالة في المنزل هذا الأسبوع.,Arabic
मैं ने कहा कि वह घर में किताब पढ़ता हूँ कल।,Hindi
"காலையில், நான் பள்ளியில் திரைப்படம் பார்க்கிறேன்.",Tamil
"σήμερα, Εγώ μαθαίνω τη γλώσσα στο πανεπιστήμιο.",Greek
मैं ने कहा कि वह शहर में पत्र लिखता हूँ शाम को।,Hindi
ഞാൻ ഇന്ന് കടയിൽ ജോലിക്ക് പോകുന്നു എന്ന് പറഞ്ഞു.,Malayalam
நான் பள்ளியில் காபி குடிக்கிறேன் இந்த வாரம்.,Tamil
"Я сказал, что читаю книгу в университете рано утром.",Russian
"κάθε μέρα, Εγώ διαβάζω ένα βιβλίο στο κατάστημα.",Greek
Я пью кофе в городе вечером.,Russian
நான் அலுவலகத்தில் கடிதம் எழுதுகிறேன் காலை நேரத்தில்.,Tamil
اليوم، أنا أشرب القهوة في الجامعة.,Arabic
"каждый день, Я пишу письмо дома.",Russian
ನಾನು ಇಂದು ಮನೆಯಲ್ಲಿ ಪತ್ರ ಬರೆಯುತ್ತೇನೆ ಎಂದು ಹೇಳಿದರು.,Kannada
ನಾನು ಶಾಲೆಯಲ್ಲಿ ವಿಶ್ವವಿದ್ಯಾಲಯದಲ್ಲಿ ಓದುತ್ತೇನೆ ನಾಳೆ.,Kannada
"каждый день, Я пишу письмо в магазине.",Russian
ഞാൻ രാവിലെ സമയത്ത് സർവകലാശാലയിൽ സർവകലാശാലയിൽ പഠിക്കുന്നു എന്ന് പറഞ്ഞു.,Malayalam
أنا أدرس في الجامعة في المستشفى هذا الأسبوع.,Arabic
मैं काम पर जाता हूँ स्कूल में इस सप्ताह।,Hindi
நான் இன்று வீட்டில் வேலைக்கு செல்கிறேன் என்று கூறினார்.,Tamil
"शाम के समय, मैं भाषा सीखता हूँ रेस्तरां में।",Hindi
വൈകുന്നേരം സമയത്ത് ഞാൻ റെസ്റ്റോറന്റിൽ കത്ത് എഴുതുന്നു.,Malayalam
நான் பள்ளியில் புத்தகம் படிக்கிறேன் நாளை.,Tamil
"शाम को, मैं काम पर जाता हूँ स्कूल में।",Hindi
كل يوم، أنا أشرب القهوة في الحديقة.,Arabic
Εγώ είπε ότι μαθαίνω τη γλώσσα στο πανεπιστήμιο κάθε μέρα.,Greek
Εγώ είπε ότι κάνω γυμναστική στο κατάστημα αργά το βράδυ.,Greek
أنا أشاهد فيلما في المتجر كل يوم.,Arabic
मैं काम पर जाता हूँ पार्क में आज।,Hindi
"αυτή την εβδομάδα, Εγώ γράφω ένα γράμμα στο νοσοκομείο.",Greek
ನಾನು ಸಂಜೆಯ ಸಮಯದಲ್ಲಿ ವಿಶ್ವವಿದ್ಯಾಲಯದಲ್ಲಿ ವಿಶ್ವವಿದ್ಯಾಲಯದಲ್ಲಿ ಓದುತ್ತೇನೆ ಎಂದು ಹೇಳಿದರು.,Kannada
أنا يريد أن أذهب إلى العمل في الحديقة.,Arabic
Я пью кофе в парке каждый день.,Russian
Εγώ πηγαίνω στη δουλειά στο γραφείο σήμερα.,Greek
"ಬೆಳಿಗ್ಗೆ, ನಾನು ನಗರದಲ್ಲಿ ವ್ಯಾಯಾಮ ಮಾಡುತ್ತೇನೆ.",Kannada
"αυτή την εβδομάδα, Εγώ διαβάζω ένα βιβλίο στο πανεπιστήμιο.",Greek
"ಪ್ರತಿದಿನ, ನಾನು ಅಂಗಡಿಯಲ್ಲಿ ಸಿನಿಮಾ ನೋಡುತ್ತೇನೆ.",Kannada
ഞാൻ എല്ലാ ദിവസവും സർവകലാശാലയിൽ ഭാഷ പഠിക്കുന്നു എന്ന് പറഞ്ഞു.,Malayalam
ನಾನು ಆಸ್ಪತ್ರೆಯಲ್ಲಿ ವಿಶ್ವವಿದ್ಯಾಲಯದಲ್ಲಿ ಓದುತ್ತೇನೆ ಪ್ರತಿದಿನ.,Kannada
قال أنا إنه أمارس الرياضة في المكتب هذا الأسبوع.,Arabic
मैं विश्वविद्यालय में पढ़ता हूँ घर में हर दिन।,Hindi
Я хочет изучаю язык в университете.,Russian
நான் பூங்காவில் வேலைக்கு செல்கிறேன் நாளை.,Tamil
मैं ने कहा कि वह घर में पत्र लिखता हूँ इस सप्ताह।,Hindi
ഈ ആഴ്ച ഞാൻ പാർക്കിൽ സർവകലാശാലയിൽ പഠിക്കുന്നു.,Malayalam
ഞാൻ വൈകുന്നേരം സമയത്ത് ലൈബ്രറിയിൽ പുസ്തകം വായിക്കുന്നു എന്ന് പറഞ്ഞു.,Malayalam
ഞാൻ വൈകുന്നേരം നഗരത്തിൽ സിനിമ കാണുന്നു എന്ന് പറഞ്ഞു.,Malayalam
أنا أقرأ كتابا في الحديقة صباحا.,Arabic
நான் உணவகத்தில் மொழி கற்கிறேன் காலை நேரத்தில்.,Tamil
"αύριο, Εγώ πίνω καφέ στο νοσοκομείο.",Greek
قال أنا إنه أتعلم اللغة في المدينة اليوم.,Arabic
ನಾನು ಬೆಳಗಿನ ಸಮಯದಲ್ಲಿ ಉದ್ಯಾನವನದಲ್ಲಿ ವ್ಯಾಯಾಮ ಮಾಡುತ್ತೇನೆ ಎಂದು ಹೇಳಿದರು.,Kannada
قال أنا إنه أشرب القهوة في الجامعة هذا الأسبوع.,Arabic
قال أنا إنه أكتب رسالة في الحديقة هذا الأسبوع.,Arabic
"каждый день, Я пью кофе в школе.",Russian
"Я сказал, что занимаюсь спортом в городе сегодня.",Russian
"Я сказал, что занимаюсь спортом в университете поздно вечером.",Russian
मैं ने कहा कि वह अस्पताल में फिल्म देखता हूँ आज।,Hindi
Εγώ βλέπω μια ταινία στη βιβλιοθήκη το βράδυ.,Greek
ನಾನು ಸಂಜೆಯ ಸಮಯದಲ್ಲಿ ಗ್ರಂಥಾಲಯದಲ್ಲಿ ಕೆಲಸಕ್ಕೆ ಹೋಗುತ್ತೇನೆ ಎಂದು ಹೇಳಿದರು.,Kannada
"Я сказал, что читаю книгу в парке каждый день.",Russian
நான் உணவகத்தில் கடிதம் எழுதுகிறேன் தினமும்.,Tamil
രാവിലെ ഞാൻ ലൈബ്രറിയിൽ പുസ്തകം വായിക്കുന്നു.,Malayalam
मैं कार्यालय में पत्र लिखता हूँ चाहता है।,Hindi
"αυτή την εβδομάδα, Εγώ σπουδάζω στο πανεπιστήμιο στο εστιατόριο.",Greek
मैं ने कहा कि वह रेस्तरां में काम पर जाता हूँ सुबह।,Hindi
Εγώ σπουδάζω στο πανεπιστήμιο στο κατάστημα αύριο.,Greek
"शाम के समय, मैं विश्वविद्यालय में पढ़ता हूँ रेस्तरां में।",Hindi
"ಪ್ರತಿದಿನ, ನಾನು ಮನೆಯಲ್ಲಿ ವ್ಯಾಯಾಮ ಮಾಡುತ್ತೇನೆ.",Kannada
"காலை நேரத்தில், நான் நூலகத்தில் பல்கலைக்கழகத்தில் படிக்கிறேன்.",Tamil
ഞാൻ വൈകുന്നേരം ലൈബ്രറിയിൽ പുസ്തകം വായിക്കുന്നു.,Malayalam
ನಾನು ಸಂಜೆಯ ಸಮಯದಲ್ಲಿ ರೆಸ್ಟೋರೆಂಟ್‌ನಲ್ಲಿ ಸಿನಿಮಾ ನೋಡುತ್ತೇನೆ ಎಂದು ಹೇಳಿದರು.,Kannada
اليوم، أنا أكتب رسالة في المكتبة.,Arabic
நான் மாலை நேரத்தில் பூங்காவில் வேலைக்கு செல்கிறேன் என்று கூறினார்.,Tamil
"ಈ ವಾರ, ನಾನು ಕಚೇರಿಯಲ್ಲಿ ವಿಶ್ವವಿದ್ಯಾಲಯದಲ್ಲಿ ಓದುತ್ತೇನೆ.",Kannada
രാവിലെ സമയത്ത് ഞാൻ ആശുപത്രിയിൽ പുസ്തകം വായിക്കുന്നു.,Malayalam
"இன்று, நான் நூலகத்தில் திரைப்படம் பார்க்கிறேன்.",Tamil
Εγώ είπε ότι πηγαίνω στη δουλειά στο σπίτι το πρωί.,Greek
"ನಾಳೆ, ನಾನು ಆಸ್ಪತ್ರೆಯಲ್ಲಿ ಭಾಷೆ ಕಲಿಯುತ್ತೇನೆ.",Kannada
Εγώ θέλει να σπουδάζω στο πανεπιστήμιο στο γραφείο.,Greek
मैं ने कहा कि वह पुस्तकालय में विश्वविद्यालय में पढ़ता हूँ आज।,Hindi
"αύριο, Εγώ κάνω γυμναστική στην πόλη.",Greek
"सुबह, मैं फिल्म देखता हूँ पार्क में।",Hindi
വൈകുന്നേരം സമയത്ത് ഞാൻ സർവകലാശാലയിൽ കാപ്പി കുടിക്കുന്നു.,Malayalam
Εγώ πίνω καφέ στο γραφείο νωρίς το πρωί.,Greek
ഞാൻ ഈ ആഴ്ച നഗരത്തിൽ സിനിമ കാണുന്നു എന്ന് പറഞ്ഞു.,Malayalam
Εγώ είπε ότι πηγαίνω στη δουλειά στην πόλη αργά το βράδυ.,Greek
في المساء، أنا أمارس الرياضة في المدرسة.,Arabic
Я иду на работу в офисе сегодня.,Russian
"утром, Я пью кофе в больнице.",Russian
"शाम के समय, मैं पत्र लिखता हूँ पुस्तकालय में।",Hindi
நான் காலை நேரத்தில் மருத்துவமனையில் புத்தகம் படிக்கிறேன் என்று கூறினார்.,Tamil
Я пишу письмо в больнице утром.,Russian
ഞാൻ എല്ലാ ദിവസവും ലൈബ്രറിയിൽ സർവകലാശാലയിൽ പഠിക്കുന്നു.,Malayalam
ഞാൻ ഈ ആഴ്ച സ്കൂളിൽ കാപ്പി കുടിക്കുന്നു എന്ന് പറഞ്ഞു.,Malayalam
ഞാൻ എല്ലാ ദിവസവും റെസ്റ്റോറന്റിൽ സിനിമ കാണുന്നു എന്ന് പറഞ്ഞു.,Malayalam
"на этой неделе, Я смотрю фильм в больнице.",Russian
Εγώ μαθαίνω τη γλώσσα στη βιβλιοθήκη αύριο.,Greek
Εγώ βλέπω μια ταινία στο κατάστημα το πρωί.,Greek
Я читаю книгу в городе каждый день.,Russian
Я занимаюсь спортом в офисе утром.,Russian
قال أنا إنه أشرب القهوة في المدرسة صباحا.,Arabic
"σήμερα, Εγώ βλέπω μια ταινία στο νοσοκομείο.",Greek
मैं भाषा सीखता हूँ पुस्तकालय में आज।,Hindi
"το πρωί, Εγώ κάνω γυμναστική στο γραφείο.",Greek
Я смотрю фильм в городе рано утром.,Russian
Εγώ πίνω καφέ στο πάρκο κάθε μέρα.,Greek
मैं ने कहा कि वह अस्पताल में काम पर जाता हूँ हर दिन।,Hindi
"सुबह के समय, मैं व्यायाम करता हूँ शहर में।",Hindi
أنا يريد أن أمارس الرياضة في المتجر.,Arabic
"κάθε μέρα, Εγώ κάνω γυμναστική στο γραφείο.",Greek
"ಈ ವಾರ, ನಾನು ಕಚೇರಿಯಲ್ಲಿ ಸಿನಿಮಾ ನೋಡುತ್ತೇನೆ.",Kannada
मैं व्यायाम करता हूँ पुस्तकालय में आज।,Hindi
ഞാൻ രാവിലെ സമയത്ത് സർവകലാശാലയിൽ ജോലിക്ക് പോകുന്നു.,Malayalam
Я учусь в университете в больнице на этой неделе.,Russian
ഇന്ന് ഞാൻ വീട്ടിൽ കാപ്പി കുടിക്കുന്നു.,Malayalam
Εγώ είπε ότι βλέπω μια ταινία στο σχολείο αργά το βράδυ.,Greek
"सुबह के समय, मैं विश्वविद्यालय में पढ़ता हूँ शहर में।",Hindi
"завтра, Я иду на работу в библиотеке.",Russian
ನಾನು ಮನೆಯಲ್ಲಿ ವ್ಯಾಯಾಮ ಮಾಡುತ್ತೇನೆ ಬೆಳಗಿನ ಸಮಯದಲ್ಲಿ.,Kannada
"Я сказал, что учусь в университете в городе рано утром.",Russian
"மாலையில், நான் வீட்டில் உடற்பயிற்சி செய்கிறேன்.",Tamil
நான் மாலையில் மருத்துவமனையில் மொழி கற்கிறேன் என்று கூறினார்.,Tamil
"το βράδυ, Εγώ γράφω ένα γράμμα στη βιβλιοθήκη.",Greek
Εγώ είπε ότι πηγαίνω στη δουλειά στο κατάστημα αυτή την εβδομάδα.,Greek
വൈകുന്നേരം ഞാൻ നഗരത്തിൽ പുസ്തകം വായിക്കുന്നു.,Malayalam
"நாளை, நான் அலுவலகத்தில் உடற்பயிற்சி செய்கிறேன்.",Tamil
"ಸಂಜೆಯ ಸಮಯದಲ್ಲಿ, ನಾನು ಗ್ರಂಥಾಲಯದಲ್ಲಿ ಸಿನಿಮಾ ನೋಡುತ್ತೇನೆ.",Kannada
كل يوم، أنا أتعلم اللغة في المكتبة.,Arabic
"каждый день, Я учусь в университете в больнице.",Russian
"நாளை, நான் பூங்காவில் கடிதம் எழுதுகிறேன்.",Tamil
"Я сказал, что пишу письмо дома на этой неделе.",Russian
मैं विश्वविद्यालय में पढ़ता हूँ विश्वविद्यालय में शाम के समय।,Hindi
قال أنا إنه أمارس الرياضة في المدرسة هذا الأسبوع.,Arabic
قال أنا إنه أكتب رسالة في المتجر مساء.,Arabic
قال أنا إنه أتعلم اللغة في المطعم هذا الأسبوع.,Arabic
أنا أقرأ كتابا في المتجر في المساء.,Arabic
நான் நூலகத்தில் வேலைக்கு செல்கிறேன் காலை நேரத்தில்.,Tamil
मैं फिल्म देखता हूँ रेस्तरां में सुबह के समय।,Hindi
நான் பல்கலைக்கழகத்தில் புத்தகம் படிக்கிறேன் மாலையில்.,Tamil
ഞാൻ വീട്ടിൽ കാപ്പി കുടിക്കുന്നു ആഗ്രഹിക്കുന്നു.,Malayalam
أنا أتعلم اللغة في الحديقة اليوم.,Arabic
"Я сказал, что учусь в университете в библиотеке утром.",Russian
நான் பள்ளியில் மொழி கற்கிறேன் விரும்புகிறார்.,Tamil
രാവിലെ ഞാൻ സർവകലാശാലയിൽ കത്ത് എഴുതുന്നു.,Malayalam
Εγώ κάνω γυμναστική στο πάρκο αύριο.,Greek
Εγώ είπε ότι γράφω ένα γράμμα στο εστιατόριο νωρίς το πρωί.,Greek
"το πρωί, Εγώ διαβάζω ένα βιβλίο στη βιβλιοθήκη.",Greek
Я пишу письмо в библиотеке рано утром.,Russian
ನಾನು ಸಂಜೆಯ ಸಮಯದಲ್ಲಿ ಆಸ್ಪತ್ರೆಯಲ್ಲಿ ಪತ್ರ ಬರೆಯುತ್ತೇನೆ ಎಂದು ಹೇಳಿದರು.,Kannada
நான் நூலகத்தில் காபி குடிக்கிறேன் இந்த வாரம்.,Tamil
قال أنا إنه أكتب رسالة في المتجر غدا.,Arabic
Εγώ πηγαίνω στη δουλειά στο εστιατόριο το πρωί.,Greek
"காலையில், நான் நகரத்தில் மொழி கற்கிறேன்.",Tamil
ನಾನು ವಿಶ್ವವಿದ್ಯಾಲಯದಲ್ಲಿ ಪತ್ರ ಬರೆಯುತ್ತೇನೆ ಸಂಜೆ.,Kannada
मैं ने कहा कि वह शहर में भाषा सीखता हूँ सुबह के समय।,Hindi
"το βράδυ, Εγώ πίνω καφέ στο σχολείο.",Greek
"νωρίς το πρωί, Εγώ κάνω γυμναστική στο κατάστημα.",Greek
ഞാൻ വൈകുന്നേരം സമയത്ത് ലൈബ്രറിയിൽ ജോലിക്ക് പോകുന്നു.,Malayalam
"завтра, Я читаю книгу в университете.",Russian
Я изучаю язык в школе на этой неделе.,Russian
நான் மாலையில் வீட்டில் உடற்பயிற்சி செய்கிறேன் என்று கூறினார்.,Tamil
أنا أشاهد فيلما في المنزل مساء.,Arabic
هذا الأسبوع، أنا أشرب القهوة في الجامعة.,Arabic
Я пишу письмо в офисе поздно вечером.,Russian
Εγώ βλέπω μια ταινία στο πάρκο το βράδυ.,Greek
"ಇಂದು, ನಾನು ಅಂಗಡಿಯಲ್ಲಿ ವ್ಯಾಯಾಮ ಮಾಡುತ್ತೇನೆ.",Kannada
ഞാൻ നാളെ കടയിൽ വ്യായാമം ചെയ്യുന്നു എന്ന് പറഞ്ഞു.,Malayalam
मैं पुस्तकालय में चाय पीता हूँ चाहता है।,Hindi
நான் பல்கலைக்கழகத்தில் பல்கலைக்கழகத்தில் படிக்கிறேன் காலையில்.,Tamil
Εγώ είπε ότι πίνω καφέ στο πανεπιστήμιο κάθε μέρα.,Greek
ഞാൻ ഈ ആഴ്ച റെസ്റ്റോറന്റിൽ വ്യായാമം ചെയ്യുന്നു എന്ന് പറഞ്ഞു.,Malayalam
ನಾನು ನಾಳೆ ಗ್ರಂಥಾಲಯದಲ್ಲಿ ವಿಶ್ವವಿದ್ಯಾಲಯದಲ್ಲಿ ಓದುತ್ತೇನೆ ಎಂದು ಹೇಳಿದರು.,Kannada
ഞാൻ രാവിലെ കടയിൽ കത്ത് എഴുതുന്നു എന്ന് പറഞ്ഞു.,Malayalam
Εγώ πίνω καφέ στην πόλη αυτή την εβδομάδα.,Greek
"Я сказал, что занимаюсь спортом в магазине сегодня.",Russian
ഞാൻ രാവിലെ ഓഫീസിൽ സർവകലാശാലയിൽ പഠിക്കുന്നു എന്ന് പറഞ്ഞു.,Malayalam
मैं ने कहा कि वह अस्पताल में विश्वविद्यालय में पढ़ता हूँ कल।,Hindi
Я иду на работу в больнице рано утром.,Russian
நான் கடையில் கடிதம் எழுதுகிறேன் விரும்புகிறார்.,Tamil
"поздно вечером, Я читаю книгу в больнице.",Russian
Εγώ κάνω γυμναστική στο σχολείο το βράδυ.,Greek
ഈ ആഴ്ച ഞാൻ വീട്ടിൽ കത്ത് എഴുതുന്നു.,Malayalam
Εγώ είπε ότι σπουδάζω στο πανεπιστήμιο στην πόλη αυτή την εβδομάδα.,Greek
ನಾನು ರೆಸ್ಟೋರೆಂಟ್‌ನಲ್ಲಿ ಭಾಷೆ ಕಲಿಯುತ್ತೇನೆ ಇಂದು.,Kannada
ഞാൻ രാവിലെ സമയത്ത് ആശുപത്രിയിൽ കാപ്പി കുടിക്കുന്നു എന്ന് പറഞ്ഞു.,Malayalam
நான் மருத்துவமனையில் பல்கலைக்கழகத்தில் படிக்கிறேன் விரும்புகிறார்.,Tamil
நான் காலையில் பள்ளியில் கடிதம் எழுதுகிறேன் என்று கூறினார்.,Tamil
ഞാൻ വൈകുന്നേരം സ്കൂളിൽ ഭാഷ പഠിക്കുന്നു എന്ന് പറഞ്ഞു.,Malayalam
Я занимаюсь спортом в офисе рано утром.,Russian
நான் காலையில் அலுவலகத்தில் மொழி கற்கிறேன் என்று கூறினார்.,Tamil
நான் நூலகத்தில் பல்கலைக்கழகத்தில் படிக்கிறேன் தினமும்.,Tamil
"இந்த வாரம், நான் உணவகத்தில் திரைப்படம் பார்க்கிறேன்.",Tamil
قال أنا إنه أكتب رسالة في المدينة هذا الأسبوع.,Arabic
Εγώ κάνω γυμναστική στο εστιατόριο αυτή την εβδομάδα.,Greek
मैं ने कहा कि वह विश्वविद्यालय में व्यायाम करता हूँ इस सप्ताह।,Hindi
قال أنا إنه أدرس في الجامعة في المكتبة كل يوم.,Arabic
ನಾನು ಬೆಳಗಿನ ಸಮಯದಲ್ಲಿ ರೆಸ್ಟೋರೆಂಟ್‌ನಲ್ಲಿ ವಿಶ್ವವಿದ್ಯಾಲಯದಲ್ಲಿ ಓದುತ್ತೇನೆ ಎಂದು ಹೇಳಿದರು.,Kannada
വൈകുന്നേരം ഞാൻ ഓഫീസിൽ സിനിമ കാണുന്നു.,Malayalam
"завтра, Я смотрю фильм в парке.",Russian
நான் இன்று நூலகத்தில் புத்தகம் படிக்கிறேன் என்று கூறினார்.,Tamil
ನಾನು ಅಂಗಡಿಯಲ್ಲಿ ಸಿನಿಮಾ ನೋಡುತ್ತೇನೆ ಇಂದು.,Kannada
Εγώ γράφω ένα γράμμα στο νοσοκομείο το πρωί.,Greek
ഞാൻ ഇന്ന് ഓഫീസിൽ ജോലിക്ക് പോകുന്നു എന്ന് പറഞ്ഞു.,Malayalam
قال أنا إنه أمارس الرياضة في المتجر في الصباح.,Arabic
"நாளை, நான் வீட்டில் கடிதம் எழுதுகிறேன்.",Tamil
ನಾನು ಶಾಲೆಯಲ್ಲಿ ಪುಸ್ತಕ ಓದುತ್ತೇನೆ ಸಂಜೆ.,Kannada
"на этой неделе, Я учусь в университете в ресторане.",Russian
قال أنا إنه أشاهد فيلما في المدرسة في المساء.,Arabic
நான் மாலை நேரத்தில் பல்கலைக்கழகத்தில் திரைப்படம் பார்க்கிறேன் என்று கூறினார்.,Tamil
"каждый день, Я иду на работу дома.",Russian
Εγώ είπε ότι σπουδάζω στο πανεπιστήμιο στο σπίτι το βράδυ.,Greek
நான் அலுவலகத்தில் காபி குடிக்கிறேன் நாளை.,Tamil
मैं काम पर जाता हूँ रेस्तरां में सुबह।,Hindi
قال أنا إنه أشاهد فيلما في المكتبة هذا الأسبوع.,Arabic
Εγώ είπε ότι σπουδάζω στο πανεπιστήμιο στο εστιατόριο νωρίς το πρωί.,Greek
أنا أمارس الرياضة في المدرسة في الصباح.,Arabic
நான் காலையில் அலுவலகத்தில் கடிதம் எழுதுகிறேன் என்று கூறினார்.,Tamil
أنا أكتب رسالة في الجامعة في المساء.,Arabic
هذا الأسبوع، أنا أذهب إلى العمل في المطعم.,Arabic
நான் மாலை நேரத்தில் நகரத்தில் மொழி கற்கிறேன் என்று கூறினார்.,Tamil
ഞാൻ എല്ലാ ദിവസവും ലൈബ്രറിയിൽ കത്ത് എഴുതുന്നു എന്ന് പറഞ്ഞു.,Malayalam
Εγώ είπε ότι μαθαίνω τη γλώσσα στο σχολείο σήμερα.,Greek
ನಾನು ಮನೆಯಲ್ಲಿ ವ್ಯಾಯಾಮ ಮಾಡುತ್ತೇನೆ ಪ್ರತಿದಿನ.,Kannada
Я иду на работу дома поздно вечером.,Russian
നാളെ ഞാൻ ആശുപത്രിയിൽ ഭാഷ പഠിക്കുന്നു.,Malayalam
Εγώ είπε ότι πηγαίνω στη δουλειά στη βιβλιοθήκη σήμερα.,Greek
"утром, Я иду на работу в больнице.",Russian
"каждый день, Я читаю книгу в магазине.",Russian
"காலை நேரத்தில், நான் வீட்டில் திரைப்படம் பார்க்கிறேன்.",Tamil
நான் இன்று உணவகத்தில் திரைப்படம் பார்க்கிறேன் என்று கூறினார்.,Tamil
Εγώ βλέπω μια ταινία στο εστιατόριο αύριο.,Greek
Εγώ είπε ότι μαθαίνω τη γλώσσα στο σχολείο αύριο.,Greek
"το πρωί, Εγώ γράφω ένα γράμμα στο πάρκο.",Greek
Εγώ κάνω γυμναστική στο πάρκο σήμερα.,Greek
ഞാൻ രാവിലെ സമയത്ത് ആശുപത്രിയിൽ പുസ്തകം വായിക്കുന്നു എന്ന് പറഞ്ഞു.,Malayalam
Я смотрю фильм в парке каждый день.,Russian
Я пишу письмо в магазине завтра.,Russian
"Я сказал, что пью кофе в магазине на этой неделе.",Russian
"σήμερα, Εγώ πίνω καφέ στο νοσοκομείο.",Greek
أنا أذهب إلى العمل في المتجر في المساء.,Arabic
Εγώ διαβάζω ένα βιβλίο στο νοσοκομείο νωρίς το πρωί.,Greek
मैं ने कहा कि वह पार्क में किताब पढ़ता हूँ सुबह।,Hindi
நான் காலை நேரத்தில் நகரத்தில் கடிதம் எழுதுகிறேன் என்று கூறினார்.,Tamil
എല്ലാ ദിവസവും ഞാൻ നഗരത്തിൽ ജോലിക്ക് പോകുന്നു.,Malayalam
"ಬೆಳಿಗ್ಗೆ, ನಾನು ಉದ್ಯಾನವನದಲ್ಲಿ ಸಿನಿಮಾ ನೋಡುತ್ತೇನೆ.",Kannada
"сегодня, Я иду на работу в парке.",Russian
قال أنا إنه أتعلم اللغة في المنزل صباحا.,Arabic
நான் வீட்டில் திரைப்படம் பார்க்கிறேன் மாலை நேரத்தில்.,Tamil
ഞാൻ നാളെ ആശുപത്രിയിൽ സിനിമ കാണുന്നു എന്ന് പറഞ്ഞു.,Malayalam
في المساء، أنا أتعلم اللغة في المطعم.,Arabic
قال أنا إنه أدرس في الجامعة في المنزل صباحا.,Arabic
ನಾನು ಈ ವಾರ ಅಂಗಡಿಯಲ್ಲಿ ಭಾಷೆ ಕಲಿಯುತ್ತೇನೆ ಎಂದು ಹೇಳಿದರು.,Kannada
أنا أشاهد فيلما في الحديقة كل يوم.,Arabic
مساء، أنا أتعلم اللغة في المتجر.,Arabic
Я хочет пишу письмо в офисе.,Russian
"вечером, Я пью кофе в офисе.",Russian
"αργά το βράδυ, Εγώ πηγαίνω στη δουλειά στη βιβλιοθήκη.",Greek
"завтра, Я иду на работу в больнице.",Russian
വൈകുന്നേരം സമയത്ത് ഞാൻ പാർക്കിൽ ഭാഷ പഠിക്കുന്നു.,Malayalam
"ಬೆಳಿಗ್ಗೆ, ನಾನು ಶಾಲೆಯಲ್ಲಿ ಕಾಫಿ ಕುಡಿಯುತ್ತೇನೆ.",Kannada
मैं विश्वविद्यालय में पढ़ता हूँ विश्वविद्यालय में कल।,Hindi
मैं ने कहा कि वह कार्यालय में विश्वविद्यालय में पढ़ता हूँ इस सप्ताह।,Hindi
நான் பூங்காவில் புத்தகம் படிக்கிறேன் காலையில்.,Tamil
"το πρωί, Εγώ πηγαίνω στη δουλειά στο γραφείο.",Greek
"ಬೆಳಿಗ್ಗೆ, ನಾನು ವಿಶ್ವವಿದ್ಯಾಲಯದಲ್ಲಿ ವಿಶ್ವವಿದ್ಯಾಲಯದಲ್ಲಿ ಓದುತ್ತೇನೆ.",Kannada
"Я сказал, что читаю книгу в больнице на этой неделе.",Russian
நான் நாளை பூங்காவில் பல்கலைக்கழகத்தில் படிக்கிறேன் என்று கூறினார்.,Tamil
ನಾನು ಪ್ರತಿದಿನ ನಗರದಲ್ಲಿ ಕಾಫಿ ಕುಡಿಯುತ್ತೇನೆ ಎಂದು ಹೇಳಿದರು.,Kannada
أنا أقرأ كتابا في المدينة غدا.,Arabic
أنا أشاهد فيلما في المكتب في الصباح.,Arabic
நான் அலுவலகத்தில் திரைப்படம் பார்க்கிறேன் காலையில்.,Tamil
"शाम को, मैं पत्र लिखता हूँ पार्क में।",Hindi
Εγώ διαβάζω ένα βιβλίο στο κατάστημα το βράδυ.,Greek
ನಾನು ವಿಶ್ವವಿದ್ಯಾಲಯದಲ್ಲಿ ಕಾಫಿ ಕುಡಿಯುತ್ತೇನೆ ಸಂಜೆಯ ಸಮಯದಲ್ಲಿ.,Kannada
ഇന്ന് ഞാൻ സ്കൂളിൽ സിനിമ കാണുന്നു.,Malayalam
എല്ലാ ദിവസവും ഞാൻ ഓഫീസിൽ സർവകലാശാലയിൽ പഠിക്കുന്നു.,Malayalam
صباحا، أنا أمارس الرياضة في المكتبة.,Arabic
قال أنا إنه أقرأ كتابا في المتجر مساء.,Arabic
ഞാൻ ഓഫീസിൽ സർവകലാശാലയിൽ പഠിക്കുന്നു ആഗ്രഹിക്കുന്നു.,Malayalam
ನಾನು ಗ್ರಂಥಾಲಯದಲ್ಲಿ ಪತ್ರ ಬರೆಯುತ್ತೇನೆ ಬೆಳಗಿನ ಸಮಯದಲ್ಲಿ.,Kannada
"поздно вечером, Я иду на работу в больнице.",Russian
قال أنا إنه أدرس في الجامعة في المدينة صباحا.,Arabic
قال أنا إنه أكتب رسالة في الجامعة صباحا.,Arabic
நான் கடையில் பல்கலைக்கழகத்தில் படிக்கிறேன் தினமும்.,Tamil
मैं काम पर जाता हूँ शहर में शाम को।,Hindi
هذا الأسبوع، أنا أشرب القهوة في المكتب.,Arabic
صباحا، أنا أقرأ كتابا في المطعم.,Arabic
ഞാൻ എല്ലാ ദിവസവും വീട്ടിൽ സിനിമ കാണുന്നു എന്ന് പറഞ്ഞു.,Malayalam
ഞാൻ വൈകുന്നേരം പാർക്കിൽ കത്ത് എഴുതുന്നു.,Malayalam
كل يوم، أنا أذهب إلى العمل في المدرسة.,Arabic
قال أنا إنه أقرأ كتابا في المتجر صباحا.,Arabic
Εγώ μαθαίνω τη γλώσσα στο νοσοκομείο αυτή την εβδομάδα.,Greek
ഇന്ന് ഞാൻ റെസ്റ്റോറന്റിൽ സർവകലാശാലയിൽ പഠിക്കുന്നു.,Malayalam
நான் நூலகத்தில் காபி குடிக்கிறேன் இன்று.,Tamil
"ಸಂಜೆಯ ಸಮಯದಲ್ಲಿ, ನಾನು ರೆಸ್ಟೋರೆಂಟ್‌ನಲ್ಲಿ ಪತ್ರ ಬರೆಯುತ್ತೇನೆ.",Kannada
ನಾನು ಬೆಳಗಿನ ಸಮಯದಲ್ಲಿ ರೆಸ್ಟೋರೆಂಟ್‌ನಲ್ಲಿ ಕೆಲಸಕ್ಕೆ ಹೋಗುತ್ತೇನೆ ಎಂದು ಹೇಳಿದರು.,Kannada
मैं पत्र लिखता हूँ पुस्तकालय में हर दिन।,Hindi
ഞാൻ രാവിലെ പാർക്കിൽ വ്യായാമം ചെയ്യുന്നു.,Malayalam
ഞാൻ ഇന്ന് ആശുപത്രിയിൽ ഭാഷ പഠിക്കുന്നു.,Malayalam
Εγώ είπε ότι πίνω καφέ στο σχολείο το πρωί.,Greek
"Я сказал, что смотрю фильм в парке утром.",Russian
قال أنا إنه أشرب القهوة في المدينة في الصباح.,Arabic
أنا أدرس في الجامعة في المنزل كل يوم.,Arabic
قال أنا إنه أمارس الرياضة في المدينة هذا الأسبوع.,Arabic
"ಬೆಳಗಿನ ಸಮಯದಲ್ಲಿ, ನಾನು ವಿಶ್ವವಿದ್ಯಾಲಯದಲ್ಲಿ ಪತ್ರ ಬರೆಯುತ್ತೇನೆ.",Kannada
"மாலையில், நான் நூலகத்தில் பல்கலைக்கழகத்தில் படிக்கிறேன்.",Tamil
"हर दिन, मैं पत्र लिखता हूँ पुस्तकालय में।",Hindi
Εγώ βλέπω μια ταινία στη βιβλιοθήκη νωρίς το πρωί.,Greek
Я изучаю язык в городе сегодня.,Russian
Εγώ διαβάζω ένα βιβλίο στο πανεπιστήμιο αργά το βράδυ.,Greek
في الصباح، أنا أذهب إلى العمل في المتجر.,Arabic
ನಾನು ಬೆಳಿಗ್ಗೆ ರೆಸ್ಟೋರೆಂಟ್‌ನಲ್ಲಿ ಕೆಲಸಕ್ಕೆ ಹೋಗುತ್ತೇನೆ ಎಂದು ಹೇಳಿದರು.,Kannada
قال أنا إنه أشاهد فيلما في المنزل كل يوم.,Arabic
ഞാൻ കടയിൽ കാപ്പി കുടിക്കുന്നു ആഗ്രഹിക്കുന്നു.,Malayalam
ഞാൻ ഈ ആഴ്ച കടയിൽ വ്യായാമം ചെയ്യുന്നു.,Malayalam
"Я сказал, что изучаю язык дома сегодня.",Russian
"आज, मैं किताब पढ़ता हूँ घर में।",Hindi
நான் அலுவலகத்தில் கடிதம் எழுதுகிறேன் மாலையில்.,Tamil
ನಾನು ನಾಳೆ ವಿಶ್ವವಿದ್ಯಾಲಯದಲ್ಲಿ ಭಾಷೆ ಕಲಿಯುತ್ತೇನೆ ಎಂದು ಹೇಳಿದರು.,Kannada
ನಾನು ಇಂದು ನಗರದಲ್ಲಿ ವಿಶ್ವವಿದ್ಯಾಲಯದಲ್ಲಿ ಓದುತ್ತೇನೆ ಎಂದು ಹೇಳಿದರು.,Kannada
أنا أدرس في الجامعة في المطعم مساء.,Arabic
मैं व्यायाम करता हूँ विश्वविद्यालय में सुबह।,Hindi
"शाम के समय, मैं भाषा सीखता हूँ घर में।",Hindi
"Я сказал, что пишу письмо в офисе сегодня.",Russian
Я учусь в университете в ресторане завтра.,Russian
मैं ने कहा कि वह विश्वविद्यालय में काम पर जाता हूँ आज।,Hindi
"ಬೆಳಿಗ್ಗೆ, ನಾನು ವಿಶ್ವವಿದ್ಯಾಲಯದಲ್ಲಿ ಕಾಫಿ ಕುಡಿಯುತ್ತೇನೆ.",Kannada
غدا، أنا أدرس في الجامعة في المدرسة.,Arabic
ನಾನು ಕಚೇರಿಯಲ್ಲಿ ಕಾಫಿ ಕುಡಿಯುತ್ತೇನೆ ಬೆಳಿಗ್ಗೆ.,Kannada
ഞാൻ ഇന്ന് സ്കൂളിൽ സർവകലാശാലയിൽ പഠിക്കുന്നു.,Malayalam
ನಾನು ನಾಳೆ ಉದ್ಯಾನವನದಲ್ಲಿ ಪತ್ರ ಬರೆಯುತ್ತೇನೆ ಎಂದು ಹೇಳಿದರು.,Kannada
Εγώ είπε ότι μαθαίνω τη γλώσσα στο νοσοκομείο το πρωί.,Greek
വൈകുന്നേരം ഞാൻ ലൈബ്രറിയിൽ വ്യായാമം ചെയ്യുന്നു.,Malayalam
நான் மருத்துவமனையில் காபி குடிக்கிறேன் நாளை.,Tamil
मैं ने कहा कि वह पुस्तकालय में किताब पढ़ता हूँ हर दिन।,Hindi
هذا الأسبوع، أنا أتعلم اللغة في المدينة.,Arabic
"утром, Я занимаюсь спортом в университете.",Russian
ഞാൻ വൈകുന്നേരം സമയത്ത് പാർക്കിൽ കത്ത് എഴുതുന്നു എന്ന് പറഞ്ഞു.,Malayalam
ನಾನು ಸಂಜೆ ಆಸ್ಪತ್ರೆಯಲ್ಲಿ ವಿಶ್ವವಿದ್ಯಾಲಯದಲ್ಲಿ ಓದುತ್ತೇನೆ ಎಂದು ಹೇಳಿದರು.,Kannada
ഞാൻ ഈ ആഴ്ച വീട്ടിൽ സിനിമ കാണുന്നു.,Malayalam
"இந்த வாரம், நான் பள்ளியில் உடற்பயிற்சி செய்கிறேன்.",Tamil
Εγώ είπε ότι πηγαίνω στη δουλειά στο σχολείο νωρίς το πρωί.,Greek
Я учусь в университете в офисе сегодня.,Russian
मैं किताब पढ़ता हूँ पुस्तकालय में हर दिन।,Hindi
"ಬೆಳಗಿನ ಸಮಯದಲ್ಲಿ, ನಾನು ಮನೆಯಲ್ಲಿ ಕಾಫಿ ಕುಡಿಯುತ್ತೇನೆ.",Kannada
"Я сказал, что смотрю фильм в офисе завтра.",Russian
Я занимаюсь спортом в магазине рано утром.,Russian
मैं किताब पढ़ता हूँ घर में कल।,Hindi
"завтра, Я учусь в университете в парке.",Russian
मैं काम पर जाता हूँ कार्यालय में शाम के समय।,Hindi
Я учусь в университете в парке утром.,Russian
Я пишу письмо в библиотеке утром.,Russian
நான் நாளை பள்ளியில் காபி குடிக்கிறேன் என்று கூறினார்.,Tamil
ನಾನು ಸಂಜೆ ಶಾಲೆಯಲ್ಲಿ ವ್ಯಾಯಾಮ ಮಾಡುತ್ತೇನೆ ಎಂದು ಹೇಳಿದರು.,Kannada
"Я сказал, что изучаю язык дома рано утром.",Russian
நான் அலுவலகத்தில் மொழி கற்கிறேன் இன்று.,Tamil
"सुबह के समय, मैं काम पर जाता हूँ विश्वविद्यालय में।",Hindi
ഞാൻ നാളെ റെസ്റ്റോറന്റിൽ കത്ത് എഴുതുന്നു.,Malayalam
मैं विश्वविद्यालय में पढ़ता हूँ कार्यालय में शाम को।,Hindi
നാളെ ഞാൻ റെസ്റ്റോറന്റിൽ ജോലിക്ക് പോകുന്നു.,Malayalam
நான் மாலையில் அலுவலகத்தில் பல்கலைக்கழகத்தில் படிக்கிறேன் என்று கூறினார்.,Tamil
"Я сказал, что читаю книгу в больнице сегодня.",Russian
أنا أدرس في الجامعة في المدرسة كل يوم.,Arabic
ഞാൻ വൈകുന്നേരം സമയത്ത് പാർക്കിൽ പുസ്തകം വായിക്കുന്നു എന്ന് പറഞ്ഞു.,Malayalam
நான் பல்கலைக்கழகத்தில் புத்தகம் படிக்கிறேன் இன்று.,Tamil
Я читаю книгу в магазине поздно вечером.,Russian
मैं ने कहा कि वह पुस्तकालय में चाय पीता हूँ आज।,Hindi
ഞാൻ ഇന്ന് വീട്ടിൽ ജോലിക്ക് പോകുന്നു.,Malayalam
"सुबह, मैं विश्वविद्यालय में पढ़ता हूँ विश्वविद्यालय में।",Hindi
मैं ने कहा कि वह स्कूल में काम पर जाता हूँ आज।,Hindi
Εγώ είπε ότι γράφω ένα γράμμα στην πόλη το πρωί.,Greek
ഞാൻ നാളെ വീട്ടിൽ വ്യായാമം ചെയ്യുന്നു എന്ന് പറഞ്ഞു.,Malayalam
Εγώ πηγαίνω στη δουλειά στη βιβλιοθήκη το βράδυ.,Greek
நான் வீட்டில் பல்கலைக்கழகத்தில் படிக்கிறேன் இந்த வாரம்.,Tamil
मैं पत्र लिखता हूँ घर में सुबह के समय।,Hindi
വൈകുന്നേരം ഞാൻ സ്കൂളിൽ ജോലിക്ക് പോകുന്നു.,Malayalam
ഞാൻ എല്ലാ ദിവസവും ഓഫീസിൽ കത്ത് എഴുതുന്നു എന്ന് പറഞ്ഞു.,Malayalam
நான் பள்ளியில் பல்கலைக்கழகத்தில் படிக்கிறேன் காலையில்.,Tamil
நான் மாலையில் வீட்டில் காபி குடிக்கிறேன் என்று கூறினார்.,Tamil
நான் பல்கலைக்கழகத்தில் திரைப்படம் பார்க்கிறேன் மாலையில்.,Tamil
ഞാൻ നാളെ ഓഫീസിൽ സിനിമ കാണുന്നു.,Malayalam
"сегодня, Я изучаю язык в городе.",Russian
വൈകുന്നേരം സമയത്ത് ഞാൻ റെസ്റ്റോറന്റിൽ കാപ്പി കുടിക്കുന്നു.,Malayalam
ನಾನು ಅಂಗಡಿಯಲ್ಲಿ ಭಾಷೆ ಕಲಿಯುತ್ತೇನೆ ಬೆಳಿಗ್ಗೆ.,Kannada
"Я сказал, что пишу письмо в ресторане сегодня.",Russian
"हर दिन, मैं किताब पढ़ता हूँ शहर में।",Hindi
ഞാൻ രാവിലെ പാർക്കിൽ സിനിമ കാണുന്നു.,Malayalam
நான் பூங்காவில் புத்தகம் படிக்கிறேன் இந்த வாரம்.,Tamil
ನಾನು ಬೆಳಿಗ್ಗೆ ಉದ್ಯಾನವನದಲ್ಲಿ ವಿಶ್ವವಿದ್ಯಾಲಯದಲ್ಲಿ ಓದುತ್ತೇನೆ ಎಂದು ಹೇಳಿದರು.,Kannada
मैं शहर में भाषा सीखता हूँ चाहता है।,Hindi
"на этой неделе, Я читаю книгу дома.",Russian
ನಾನು ನಗರದಲ್ಲಿ ಭಾಷೆ ಕಲಿಯುತ್ತೇನೆ ಬೆಳಿಗ್ಗೆ.,Kannada
Я читаю книгу в городе сегодня.,Russian
"αυτή την εβδομάδα, Εγώ βλέπω μια ταινία στο γραφείο.",Greek
ನಾನು ನಾಳೆ ಮನೆಯಲ್ಲಿ ಕಾಫಿ ಕುಡಿಯುತ್ತೇನೆ ಎಂದು ಹೇಳಿದರು.,Kannada
ഞാൻ വൈകുന്നേരം സമയത്ത് ലൈബ്രറിയിൽ സിനിമ കാണുന്നു എന്ന് പറഞ്ഞു.,Malayalam
ഞാൻ രാവിലെ സമയത്ത് സർവകലാശാലയിൽ ഭാഷ പഠിക്കുന്നു.,Malayalam
في الصباح، أنا أتعلم اللغة في المنزل.,Arabic
Εγώ διαβάζω ένα βιβλίο στη βιβλιοθήκη αργά το βράδυ.,Greek
ഞാൻ വൈകുന്നേരം സമയത്ത് ഓഫീസിൽ കത്ത് എഴുതുന്നു.,Malayalam
"Я сказал, что учусь в университете в университете поздно вечером.",Russian
நான் இன்று பள்ளியில் கடிதம் எழுதுகிறேன் என்று கூறினார்.,Tamil
هذا الأسبوع، أنا أذهب إلى العمل في الجامعة.,Arabic
"ಸಂಜೆ, ನಾನು ಕಚೇರಿಯಲ್ಲಿ ಸಿನಿಮಾ ನೋಡುತ್ತೇನೆ.",Kannada
ഞാൻ രാവിലെ സർവകലാശാലയിൽ സിനിമ കാണുന്നു എന്ന് പറഞ്ഞു.,Malayalam
ನಾನು ಗ್ರಂಥಾಲಯದಲ್ಲಿ ಕಾಫಿ ಕುಡಿಯುತ್ತೇನೆ ಪ್ರತಿದಿನ.,Kannada
ഞാൻ രാവിലെ സമയത്ത് ലൈബ്രറിയിൽ വ്യായാമം ചെയ്യുന്നു എന്ന് പറഞ്ഞു.,Malayalam
मैं ने कहा कि वह घर में फिल्म देखता हूँ सुबह के समय।,Hindi
ഞാൻ നാളെ വീട്ടിൽ ഭാഷ പഠിക്കുന്നു.,Malayalam
قال أنا إنه أذهب إلى العمل في المدينة صباحا.,Arabic
"ನಾಳೆ, ನಾನು ಗ್ರಂಥಾಲಯದಲ್ಲಿ ಭಾಷೆ ಕಲಿಯುತ್ತೇನೆ.",Kannada
أنا أذهب إلى العمل في المكتب كل يوم.,Arabic
വൈകുന്നേരം സമയത്ത് ഞാൻ ലൈബ്രറിയിൽ കത്ത് എഴുതുന്നു.,Malayalam
في الصباح، أنا أقرأ كتابا في المنزل.,Arabic
ഞാൻ രാവിലെ സ്കൂളിൽ വ്യായാമം ചെയ്യുന്നു.,Malayalam
ഞാൻ വൈകുന്നേരം ഓഫീസിൽ ഭാഷ പഠിക്കുന്നു.,Malayalam
நான் இன்று உணவகத்தில் கடிதம் எழுதுகிறேன் என்று கூறினார்.,Tamil
قال أنا إنه أشرب القهوة في المستشفى صباحا.,Arabic
Εγώ είπε ότι κάνω γυμναστική στο κατάστημα το πρωί.,Greek
Я изучаю язык в библиотеке утром.,Russian
"Я сказал, что иду на работу в магазине поздно вечером.",Russian
اليوم، أنا أمارس الرياضة في المطعم.,Arabic
ನಾನು ಪ್ರತಿದಿನ ರೆಸ್ಟೋರೆಂಟ್‌ನಲ್ಲಿ ಪತ್ರ ಬರೆಯುತ್ತೇನೆ ಎಂದು ಹೇಳಿದರು.,Kannada
நான் தினமும் நகரத்தில் உடற்பயிற்சி செய்கிறேன் என்று கூறினார்.,Tamil
நான் வீட்டில் கடிதம் எழுதுகிறேன் காலையில்.,Tamil
قال أنا إنه أمارس الرياضة في المطعم مساء.,Arabic
Εγώ είπε ότι βλέπω μια ταινία στη βιβλιοθήκη το πρωί.,Greek
مساء، أنا أتعلم اللغة في المدرسة.,Arabic
ഞാൻ വൈകുന്നേരം സമയത്ത് നഗരത്തിൽ കത്ത് എഴുതുന്നു.,Malayalam
Я занимаюсь спортом в библиотеке утром.,Russian
Εγώ πηγαίνω στη δουλειά στο πανεπιστήμιο αργά το βράδυ.,Greek
قال أنا إنه أذهب إلى العمل في المكتبة مساء.,Arabic
"இந்த வாரம், நான் அலுவலகத்தில் கடிதம் எழுதுகிறேன்.",Tamil
Я занимаюсь спортом дома каждый день.,Russian
ഞാൻ ഈ ആഴ്ച സർവകലാശാലയിൽ പുസ്തകം വായിക്കുന്നു.,Malayalam
أنا يريد أن أمارس الرياضة في المكتب.,Arabic
ഞാൻ വൈകുന്നേരം സമയത്ത് ഓഫീസിൽ കാപ്പി കുടിക്കുന്നു.,Malayalam
ഞാൻ വൈകുന്നേരം ലൈബ്രറിയിൽ കാപ്പി കുടിക്കുന്നു എന്ന് പറഞ്ഞു.,Malayalam
"कल, मैं चाय पीता हूँ अस्पताल में।",Hindi
صباحا، أنا أقرأ كتابا في المدرسة.,Arabic
Я иду на работу в парке вечером.,Russian
നാളെ ഞാൻ വീട്ടിൽ സർവകലാശാലയിൽ പഠിക്കുന്നു.,Malayalam
"αυτή την εβδομάδα, Εγώ βλέπω μια ταινία στο νοσοκομείο.",Greek
"ಬೆಳಿಗ್ಗೆ, ನಾನು ರೆಸ್ಟೋರೆಂಟ್‌ನಲ್ಲಿ ಪತ್ರ ಬರೆಯುತ್ತೇನೆ.",Kannada
मैं पत्र लिखता हूँ कार्यालय में इस सप्ताह।,Hindi
"αργά το βράδυ, Εγώ μαθαίνω τη γλώσσα στη βιβλιοθήκη.",Greek
"вечером, Я читаю книгу дома.",Russian
"மாலை நேரத்தில், நான் நகரத்தில் கடிதம் எழுதுகிறேன்.",Tamil
Я пишу письмо в парке завтра.,Russian
"νωρίς το πρωί, Εγώ πίνω καφέ στο γραφείο.",Greek
قال أنا إنه أمارس الرياضة في الحديقة في المساء.,Arabic
"Я сказал, что смотрю фильм в школе каждый день.",Russian
ನಾನು ಉದ್ಯಾನವನದಲ್ಲಿ ವಿಶ್ವವಿದ್ಯಾಲಯದಲ್ಲಿ ಓದುತ್ತೇನೆ ಬೆಳಿಗ್ಗೆ.,Kannada
मैं ने कहा कि वह दुकान में भाषा सीखता हूँ शाम के समय।,Hindi
நான் நூலகத்தில் திரைப்படம் பார்க்கிறேன் நாளை.,Tamil
நான் பல்கலைக்கழகத்தில் வேலைக்கு செல்கிறேன் காலையில்.,Tamil
"νωρίς το πρωί, Εγώ γράφω ένα γράμμα στο σπίτι.",Greek
"завтра, Я смотрю фильм дома.",Russian
"Я сказал, что учусь в университете в школе сегодня.",Russian
"Я сказал, что учусь в университете дома на этой неделе.",Russian
ഈ ആഴ്ച ഞാൻ നഗരത്തിൽ കത്ത് എഴുതുന്നു.,Malayalam
Я иду на работу в университете рано утром.,Russian
நான் காலையில் நகரத்தில் புத்தகம் படிக்கிறேன் என்று கூறினார்.,Tamil
"на этой неделе, Я занимаюсь спортом в университете.",Russian
ನಾನು ಇಂದು ಕಚೇರಿಯಲ್ಲಿ ಭಾಷೆ ಕಲಿಯುತ್ತೇನೆ ಎಂದು ಹೇಳಿದರು.,Kannada
"सुबह के समय, मैं फिल्म देखता हूँ शहर में।",Hindi
ഞാൻ വൈകുന്നേരം സമയത്ത് കടയിൽ സിനിമ കാണുന്നു എന്ന് പറഞ്ഞു.,Malayalam
Я учусь в университете в школе каждый день.,Russian
मैं चाय पीता हूँ पुस्तकालय में सुबह।,Hindi
Εγώ είπε ότι διαβάζω ένα βιβλίο στο σχολείο το πρωί.,Greek
நான் பூங்காவில் திரைப்படம் பார்க்கிறேன் காலை நேரத்தில்.,Tamil
मैं व्यायाम करता हूँ कार्यालय में हर दिन।,Hindi
"поздно вечером, Я иду на работу в магазине.",Russian
قال أنا إنه أشرب القهوة في المكتبة كل يوم.,Arabic
ನಾನು ಪ್ರತಿದಿನ ಗ್ರಂಥಾಲಯದಲ್ಲಿ ಪತ್ರ ಬರೆಯುತ್ತೇನೆ ಎಂದು ಹೇಳಿದರು.,Kannada
"தினமும், நான் பூங்காவில் உடற்பயிற்சி செய்கிறேன்.",Tamil
நான் கடையில் பல்கலைக்கழகத்தில் படிக்கிறேன் மாலையில்.,Tamil
هذا الأسبوع، أنا أشاهد فيلما في المدرسة.,Arabic
"поздно вечером, Я занимаюсь спортом в библиотеке.",Russian
मैं ने कहा कि वह अस्पताल में फिल्म देखता हूँ शाम के समय।,Hindi
قال أنا إنه أكتب رسالة في الجامعة مساء.,Arabic
मैं किताब पढ़ता हूँ स्कूल में शाम के समय।,Hindi
"Я сказал, что читаю книгу в парке сегодня.",Russian
நான் காலையில் பல்கலைக்கழகத்தில் திரைப்படம் பார்க்கிறேன் என்று கூறினார்.,Tamil
Я смотрю фильм в магазине сегодня.,Russian
രാവിലെ സമയത്ത് ഞാൻ കടയിൽ ജോലിക്ക് പോകുന്നു.,Malayalam
मैं व्यायाम करता हूँ घर में हर दिन।,Hindi
मैं ने कहा कि वह स्कूल में चाय पीता हूँ हर दिन।,Hindi
Εγώ πηγαίνω στη δουλειά στο πάρκο αργά το βράδυ.,Greek
ഞാൻ ഇന്ന് സ്കൂളിൽ സർവകലാശാലയിൽ പഠിക്കുന്നു എന്ന് പറഞ്ഞു.,Malayalam
ഞാൻ രാവിലെ സമയത്ത് റെസ്റ്റോറന്റിൽ ഭാഷ പഠിക്കുന്നു.,Malayalam
Εγώ είπε ότι διαβάζω ένα βιβλίο στη βιβλιοθήκη σήμερα.,Greek
ഞാൻ എല്ലാ ദിവസവും സർവകലാശാലയിൽ വ്യായാമം ചെയ്യുന്നു എന്ന് പറഞ്ഞു.,Malayalam
أنا أشرب القهوة في المنزل هذا الأسبوع.,Arabic
मैं फिल्म देखता हूँ कार्यालय में सुबह।,Hindi
Εγώ διαβάζω ένα βιβλίο στη βιβλιοθήκη αυτή την εβδομάδα.,Greek
أنا أذهب إلى العمل في الحديقة في الصباح.,Arabic
Εγώ σπουδάζω στο πανεπιστήμιο στο νοσοκομείο το βράδυ.,Greek
मैं भाषा सीखता हूँ घर में शाम को।,Hindi
ഞാൻ എല്ലാ ദിവസവും റെസ്റ്റോറന്റിൽ കത്ത് എഴുതുന്നു.,Malayalam
"शाम के समय, मैं पत्र लिखता हूँ घर में।",Hindi
"το πρωί, Εγώ πηγαίνω στη δουλειά στο εστιατόριο.",Greek
"காலை நேரத்தில், நான் பள்ளியில் வேலைக்கு செல்கிறேன்.",Tamil
Εγώ διαβάζω ένα βιβλίο στην πόλη το πρωί.,Greek
"ಪ್ರತಿದಿನ, ನಾನು ನಗರದಲ್ಲಿ ಕಾಫಿ ಕುಡಿಯುತ್ತೇನೆ.",Kannada
"сегодня, Я занимаюсь спортом в университете.",Russian
நான் இன்று கடையில் உடற்பயிற்சி செய்கிறேன் என்று கூறினார்.,Tamil
"Я сказал, что пью кофе в библиотеке на этой неделе.",Russian
ഞാൻ വൈകുന്നേരം ഓഫീസിൽ സർവകലാശാലയിൽ പഠിക്കുന്നു.,Malayalam
ನಾನು ಸಂಜೆಯ ಸಮಯದಲ್ಲಿ ಗ್ರಂಥಾಲಯದಲ್ಲಿ ಕಾಫಿ ಕುಡಿಯುತ್ತೇನೆ ಎಂದು ಹೇಳಿದರು.,Kannada
ನಾನು ಕಚೇರಿಯಲ್ಲಿ ಭಾಷೆ ಕಲಿಯುತ್ತೇನೆ ಬೆಳಿಗ್ಗೆ.,Kannada
ನಾನು ನಗರದಲ್ಲಿ ವ್ಯಾಯಾಮ ಮಾಡುತ್ತೇನೆ ಪ್ರತಿದಿನ.,Kannada
أنا أمارس الرياضة في المكتبة في المساء.,Arabic
"இன்று, நான் பூங்காவில் புத்தகம் படிக்கிறேன்.",Tamil
ನಾನು ರೆಸ್ಟೋರೆಂಟ್‌ನಲ್ಲಿ ಸಿನಿಮಾ ನೋಡುತ್ತೇನೆ ಸಂಜೆ.,Kannada
"ನಾಳೆ, ನಾನು ಶಾಲೆಯಲ್ಲಿ ಪುಸ್ತಕ ಓದುತ್ತೇನೆ.",Kannada
Я учусь в университете в офисе на этой неделе.,Russian
صباحا، أنا أشاهد فيلما في المدرسة.,Arabic
मैं पत्र लिखता हूँ कार्यालय में आज।,Hindi
"शाम को, मैं फिल्म देखता हूँ घर में।",Hindi
ഞാൻ രാവിലെ സമയത്ത് പാർക്കിൽ പുസ്തകം വായിക്കുന്നു.,Malayalam
"இன்று, நான் பூங்காவில் திரைப்படம் பார்க்கிறேன்.",Tamil
நான் கடையில் வேலைக்கு செல்கிறேன் மாலை நேரத்தில்.,Tamil
"காலை நேரத்தில், நான் அலுவலகத்தில் மொழி கற்கிறேன்.",Tamil
"सुबह के समय, मैं किताब पढ़ता हूँ कार्यालय में।",Hindi
Εγώ κάνω γυμναστική στο κατάστημα το πρωί.,Greek
Я хочет изучаю язык в библиотеке.,Russian
ನಾನು ನಗರದಲ್ಲಿ ಕೆಲಸಕ್ಕೆ ಹೋಗುತ್ತೇನೆ ಪ್ರತಿದಿನ.,Kannada
في الصباح، أنا أدرس في الجامعة في المكتب.,Arabic
രാവിലെ ഞാൻ വീട്ടിൽ സിനിമ കാണുന്നു.,Malayalam
ನಾನು ಸಂಜೆ ಆಸ್ಪತ್ರೆಯಲ್ಲಿ ಭಾಷೆ ಕಲಿಯುತ್ತೇನೆ ಎಂದು ಹೇಳಿದರು.,Kannada
मैं दुकान में फिल्म देखता हूँ चाहता है।,Hindi
ನಾನು ಮನೆಯಲ್ಲಿ ಸಿನಿಮಾ ನೋಡುತ್ತೇನೆ ಪ್ರತಿದಿನ.,Kannada
"ಈ ವಾರ, ನಾನು ಶಾಲೆಯಲ್ಲಿ ಪತ್ರ ಬರೆಯುತ್ತೇನೆ.",Kannada
நான் பூங்காவில் பல்கலைக்கழகத்தில் படிக்கிறேன் மாலையில்.,Tamil
أنا أكتب رسالة في المستشفى في الصباح.,Arabic
صباحا، أنا أشرب القهوة في المدينة.,Arabic
"ಪ್ರತಿದಿನ, ನಾನು ಆಸ್ಪತ್ರೆಯಲ್ಲಿ ಪತ್ರ ಬರೆಯುತ್ತೇನೆ.",Kannada
ನಾನು ಬೆಳಗಿನ ಸಮಯದಲ್ಲಿ ಶಾಲೆಯಲ್ಲಿ ವಿಶ್ವವಿದ್ಯಾಲಯದಲ್ಲಿ ಓದುತ್ತೇನೆ ಎಂದು ಹೇಳಿದರು.,Kannada
أنا أشرب القهوة في الجامعة هذا الأسبوع.,Arabic
വൈകുന്നേരം ഞാൻ നഗരത്തിൽ കാപ്പി കുടിക്കുന്നു.,Malayalam
"காலை நேரத்தில், நான் கடையில் காபி குடிக்கிறேன்.",Tamil
Я занимаюсь спортом в школе сегодня.,Russian
Εγώ πίνω καφέ στο γραφείο αργά το βράδυ.,Greek
أنا أشرب القهوة في المطعم في الصباح.,Arabic
Εγώ θέλει να γράφω ένα γράμμα στο πάρκο.,Greek
நான் இன்று பள்ளியில் வேலைக்கு செல்கிறேன் என்று கூறினார்.,Tamil
أنا أمارس الرياضة في المدرسة غدا.,Arabic
في المساء، أنا أشاهد فيلما في المتجر.,Arabic
രാവിലെ ഞാൻ പാർക്കിൽ വ്യായാമം ചെയ്യുന്നു.,Malayalam
"Я сказал, что иду на работу в больнице на этой неделе.",Russian
"காலை நேரத்தில், நான் நகரத்தில் காபி குடிக்கிறேன்.",Tamil
"மாலை நேரத்தில், நான் பள்ளியில் கடிதம் எழுதுகிறேன்.",Tamil
मैं भाषा सीखता हूँ घर में हर दिन।,Hindi
मैं चाय पीता हूँ विश्वविद्यालय में शाम को।,Hindi
ನಾನು ಅಂಗಡಿಯಲ್ಲಿ ಭಾಷೆ ಕಲಿಯುತ್ತೇನೆ ಇಂದು.,Kannada
"सुबह के समय, मैं पत्र लिखता हूँ अस्पताल में।",Hindi
"सुबह, मैं किताब पढ़ता हूँ रेस्तरां में।",Hindi
मैं काम पर जाता हूँ स्कूल में आज।,Hindi
நான் நகரத்தில் பல்கலைக்கழகத்தில் படிக்கிறேன் தினமும்.,Tamil
أنا أكتب رسالة في المكتبة اليوم.,Arabic
ഇന്ന് ഞാൻ ലൈബ്രറിയിൽ ഭാഷ പഠിക്കുന്നു.,Malayalam
Εγώ πίνω καφέ στο πάρκο σήμερα.,Greek
ഞാൻ നാളെ വീട്ടിൽ വ്യായാമം ചെയ്യുന്നു.,Malayalam
ഞാൻ രാവിലെ ഓഫീസിൽ കാപ്പി കുടിക്കുന്നു എന്ന് പറഞ്ഞു.,Malayalam
في المساء، أنا أذهب إلى العمل في المنزل.,Arabic
"शाम के समय, मैं विश्वविद्यालय में पढ़ता हूँ कार्यालय में।",Hindi
ನಾನು ಇಂದು ಅಂಗಡಿಯಲ್ಲಿ ವ್ಯಾಯಾಮ ಮಾಡುತ್ತೇನೆ ಎಂದು ಹೇಳಿದರು.,Kannada
நான் நாளை உணவகத்தில் கடிதம் எழுதுகிறேன் என்று கூறினார்.,Tamil
"Я сказал, что занимаюсь спортом в библиотеке поздно вечером.",Russian
ഞാൻ ഇന്ന് സർവകലാശാലയിൽ പുസ്തകം വായിക്കുന്നു.,Malayalam
Я читаю книгу в университете вечером.,Russian
എല്ലാ ദിവസവും ഞാൻ കടയിൽ സിനിമ കാണുന്നു.,Malayalam
ನಾನು ಸಂಜೆಯ ಸಮಯದಲ್ಲಿ ಗ್ರಂಥಾಲಯದಲ್ಲಿ ವಿಶ್ವವಿದ್ಯಾಲಯದಲ್ಲಿ ಓದುತ್ತೇನೆ ಎಂದು ಹೇಳಿದರು.,Kannada
Εγώ σπουδάζω στο πανεπιστήμιο στην πόλη το πρωί.,Greek
വൈകുന്നേരം ഞാൻ സ്കൂളിൽ കാപ്പി കുടിക്കുന്നു.,Malayalam
ನಾನು ನಾಳೆ ಅಂಗಡಿಯಲ್ಲಿ ವ್ಯಾಯಾಮ ಮಾಡುತ್ತೇನೆ ಎಂದು ಹೇಳಿದರು.,Kannada
"сегодня, Я пишу письмо в школе.",Russian
"ನಾಳೆ, ನಾನು ವಿಶ್ವವಿದ್ಯಾಲಯದಲ್ಲಿ ಪುಸ್ತಕ ಓದುತ್ತೇನೆ.",Kannada
قال أنا إنه أشرب القهوة في المدرسة اليوم.,Arabic
أنا أمارس الرياضة في المدرسة اليوم.,Arabic
قال أنا إنه أذهب إلى العمل في المنزل صباحا.,Arabic
"вечером, Я смотрю фильм в магазине.",Russian
मैं ने कहा कि वह रेस्तरां में भाषा सीखता हूँ शाम को।,Hindi
"ಬೆಳಗಿನ ಸಮಯದಲ್ಲಿ, ನಾನು ವಿಶ್ವವಿದ್ಯಾಲಯದಲ್ಲಿ ಕೆಲಸಕ್ಕೆ ಹೋಗುತ್ತೇನೆ.",Kannada
في المساء، أنا أتعلم اللغة في الحديقة.,Arabic
நான் உணவகத்தில் புத்தகம் படிக்கிறேன் இந்த வாரம்.,Tamil
मैं ने कहा कि वह शहर में चाय पीता हूँ शाम को।,Hindi
ನಾನು ರೆಸ್ಟೋರೆಂಟ್‌ನಲ್ಲಿ ಕಾಫಿ ಕುಡಿಯುತ್ತೇನೆ ಇಂದು.,Kannada
ഞാൻ രാവിലെ സമയത്ത് വീട്ടിൽ കത്ത് എഴുതുന്നു.,Malayalam
நான் நகரத்தில் கடிதம் எழுதுகிறேன் மாலையில்.,Tamil
أنا أتعلم اللغة في المدرسة اليوم.,Arabic
Εγώ γράφω ένα γράμμα στο εστιατόριο αργά το βράδυ.,Greek
நான் இந்த வாரம் அலுவலகத்தில் கடிதம் எழுதுகிறேன் என்று கூறினார்.,Tamil
مساء، أنا أقرأ كتابا في المتجر.,Arabic
"το πρωί, Εγώ κάνω γυμναστική στο κατάστημα.",Greek
ഈ ആഴ്ച ഞാൻ ഓഫീസിൽ സിനിമ കാണുന്നു.,Malayalam
ഈ ആഴ്ച ഞാൻ സർവകലാശാലയിൽ സിനിമ കാണുന്നു.,Malayalam
"αυτή την εβδομάδα, Εγώ πηγαίνω στη δουλειά στο νοσοκομείο.",Greek
मैं ने कहा कि वह कार्यालय में व्यायाम करता हूँ इस सप्ताह।,Hindi
ഞാൻ നാളെ സർവകലാശാലയിൽ ഭാഷ പഠിക്കുന്നു.,Malayalam
أنا أدرس في الجامعة في المستشفى كل يوم.,Arabic
मैं ने कहा कि वह घर में भाषा सीखता हूँ हर दिन।,Hindi
मैं ने कहा कि वह शहर में चाय पीता हूँ इस सप्ताह।,Hindi
मैं ने कहा कि वह अस्पताल में पत्र लिखता हूँ सुबह।,Hindi
"ಬೆಳಗಿನ ಸಮಯದಲ್ಲಿ, ನಾನು ಕಚೇರಿಯಲ್ಲಿ ಕೆಲಸಕ್ಕೆ ಹೋಗುತ್ತೇನೆ.",Kannada
"ಈ ವಾರ, ನಾನು ಕಚೇರಿಯಲ್ಲಿ ಕಾಫಿ ಕುಡಿಯುತ್ತೇನೆ.",Kannada
"κάθε μέρα, Εγώ διαβάζω ένα βιβλίο στη βιβλιοθήκη.",Greek
நான் நூலகத்தில் மொழி கற்கிறேன் மாலையில்.,Tamil
ನಾನು ನಾಳೆ ಕಚೇರಿಯಲ್ಲಿ ವ್ಯಾಯಾಮ ಮಾಡುತ್ತೇನೆ ಎಂದು ಹೇಳಿದರು.,Kannada
كل يوم، أنا أدرس في الجامعة في المدرسة.,Arabic
"завтра, Я занимаюсь спортом в офисе.",Russian
நான் இந்த வாரம் பூங்காவில் திரைப்படம் பார்க்கிறேன் என்று கூறினார்.,Tamil
"σήμερα, Εγώ βλέπω μια ταινία στη βιβλιοθήκη.",Greek
मैं फिल्म देखता हूँ रेस्तरां में कल।,Hindi
قال أنا إنه أقرأ كتابا في المنزل مساء.,Arabic
"το πρωί, Εγώ μαθαίνω τη γλώσσα στο πάρκο.",Greek
قال أنا إنه أشرب القهوة في المدرسة هذا الأسبوع.,Arabic
मैं ने कहा कि वह कार्यालय में चाय पीता हूँ सुबह।,Hindi
Εγώ είπε ότι γράφω ένα γράμμα στο σπίτι αργά το βράδυ.,Greek
Я читаю книгу в городе рано утром.,Russian
قال أنا إنه أكتب رسالة في المتجر اليوم.,Arabic
قال أنا إنه أذهب إلى العمل في المكتب في المساء.,Arabic
"Я сказал, что занимаюсь спортом в школе рано утром.",Russian
قال أنا إنه أمارس الرياضة في المكتبة غدا.,Arabic
मैं विश्वविद्यालय में पढ़ता हूँ दुकान में सुबह।,Hindi
"மாலையில், நான் பூங்காவில் உடற்பயிற்சி செய்கிறேன்.",Tamil
"утром, Я читаю книгу в ресторане.",Russian
"νωρίς το πρωί, Εγώ πίνω καφέ στο εστιατόριο.",Greek
Я читаю книгу в библиотеке сегодня.,Russian
"ಪ್ರತಿದಿನ, ನಾನು ಉದ್ಯಾನವನದಲ್ಲಿ ಕೆಲಸಕ್ಕೆ ಹೋಗುತ್ತೇನೆ.",Kannada
"सुबह, मैं चाय पीता हूँ पुस्तकालय में।",Hindi
Εγώ είπε ότι γράφω ένα γράμμα στην πόλη αύριο.,Greek
قال أنا إنه أشرب القهوة في المستشفى كل يوم.,Arabic
"завтра, Я читаю книгу в городе.",Russian
വൈകുന്നേരം സമയത്ത് ഞാൻ സർവകലാശാലയിൽ സിനിമ കാണുന്നു.,Malayalam
Εγώ πίνω καφέ στο γραφείο το πρωί.,Greek
Εγώ γράφω ένα γράμμα στο κατάστημα κάθε μέρα.,Greek
"αύριο, Εγώ κάνω γυμναστική στο πάρκο.",Greek
நான் காலையில் மருத்துவமனையில் காபி குடிக்கிறேன் என்று கூறினார்.,Tamil
ನಾನು ಬೆಳಿಗ್ಗೆ ಉದ್ಯಾನವನದಲ್ಲಿ ಭಾಷೆ ಕಲಿಯುತ್ತೇನೆ ಎಂದು ಹೇಳಿದರು.,Kannada
ഞാൻ രാവിലെ സ്കൂളിൽ സർവകലാശാലയിൽ പഠിക്കുന്നു.,Malayalam
ನಾನು ಅಂಗಡಿಯಲ್ಲಿ ಸಿನಿಮಾ ನೋಡುತ್ತೇನೆ ಸಂಜೆ.,Kannada
ನಾನು ಬೆಳಿಗ್ಗೆ ನಗರದಲ್ಲಿ ವ್ಯಾಯಾಮ ಮಾಡುತ್ತೇನೆ ಎಂದು ಹೇಳಿದರು.,Kannada
أنا أدرس في الجامعة في المكتبة اليوم.,Arabic
Я смотрю фильм в университете каждый день.,Russian
غدا، أنا أقرأ كتابا في المكتب.,Arabic
मैं अस्पताल में व्यायाम करता हूँ चाहता है।,Hindi
أنا أتعلم اللغة في المكتبة في المساء.,Arabic
എല്ലാ ദിവസവും ഞാൻ നഗരത്തിൽ വ്യായാമം ചെയ്യുന്നു.,Malayalam
நான் இன்று கடையில் புத்தகம் படிக்கிறேன் என்று கூறினார்.,Tamil
ನಾನು ಸಂಜೆಯ ಸಮಯದಲ್ಲಿ ಕಚೇರಿಯಲ್ಲಿ ವ್ಯಾಯಾಮ ಮಾಡುತ್ತೇನೆ ಎಂದು ಹೇಳಿದರು.,Kannada
"Я сказал, что учусь в университете в школе поздно вечером.",Russian
ನಾನು ಅಂಗಡಿಯಲ್ಲಿ ವಿಶ್ವವಿದ್ಯಾಲಯದಲ್ಲಿ ಓದುತ್ತೇನೆ ಈ ವಾರ.,Kannada
"αύριο, Εγώ πηγαίνω στη δουλειά στο εστιατόριο.",Greek
நான் கடையில் காபி குடிக்கிறேன் காலை நேரத்தில்.,Tamil
நான் மாலை நேரத்தில் பல்கலைக்கழகத்தில் கடிதம் எழுதுகிறேன் என்று கூறினார்.,Tamil
صباحا، أنا أذهب إلى العمل في المدينة.,Arabic
"νωρίς το πρωί, Εγώ μαθαίνω τη γλώσσα στο νοσοκομείο.",Greek
"завтра, Я изучаю язык в больнице.",Russian
मैं काम पर जाता हूँ रेस्तरां में कल।,Hindi
Я смотрю фильм в школе каждый день.,Russian
Εγώ είπε ότι μαθαίνω τη γλώσσα στο κατάστημα το βράδυ.,Greek
நான் காலையில் பூங்காவில் மொழி கற்கிறேன் என்று கூறினார்.,Tamil
मैं विश्वविद्यालय में पढ़ता हूँ स्कूल में सुबह के समय।,Hindi
நான் நகரத்தில் உடற்பயிற்சி செய்கிறேன் விரும்புகிறார்.,Tamil
ഞാൻ വൈകുന്നേരം സമയത്ത് സർവകലാശാലയിൽ ഭാഷ പഠിക്കുന്നു.,Malayalam
"இன்று, நான் பூங்காவில் மொழி கற்கிறேன்.",Tamil
ഈ ആഴ്ച ഞാൻ സർവകലാശാലയിൽ ജോലിക്ക് പോകുന്നു.,Malayalam
Εγώ πηγαίνω στη δουλειά στο σχολείο το βράδυ.,Greek
मैं ने कहा कि वह स्कूल में भाषा सीखता हूँ आज।,Hindi
Εγώ διαβάζω ένα βιβλίο στο σχολείο αύριο.,Greek
ನಾನು ಶಾಲೆಯಲ್ಲಿ ವ್ಯಾಯಾಮ ಮಾಡುತ್ತೇನೆ ಈ ವಾರ.,Kannada
"शाम को, मैं भाषा सीखता हूँ अस्पताल में।",Hindi
ഈ ആഴ്ച ഞാൻ റെസ്റ്റോറന്റിൽ കത്ത് എഴുതുന്നു.,Malayalam
"рано утром, Я изучаю язык в школе.",Russian
أنا أمارس الرياضة في المدرسة كل يوم.,Arabic
Я иду на работу в парке рано утром.,Russian
ഞാൻ ഈ ആഴ്ച സർവകലാശാലയിൽ സർവകലാശാലയിൽ പഠിക്കുന്നു.,Malayalam
मैं ने कहा कि वह स्कूल में काम पर जाता हूँ सुबह के समय।,Hindi
Εγώ είπε ότι πίνω καφέ στο πάρκο το βράδυ.,Greek
Εγώ είπε ότι κάνω γυμναστική στο εστιατόριο το πρωί.,Greek
ನಾನು ಸಂಜೆಯ ಸಮಯದಲ್ಲಿ ಅಂಗಡಿಯಲ್ಲಿ ಪತ್ರ ಬರೆಯುತ್ತೇನೆ ಎಂದು ಹೇಳಿದರು.,Kannada
Я изучаю язык в городе завтра.,Russian
Εγώ θέλει να κάνω γυμναστική στο πάρκο.,Greek
"рано утром, Я читаю книгу в магазине.",Russian
ನಾನು ನಾಳೆ ನಗರದಲ್ಲಿ ಕಾಫಿ ಕುಡಿಯುತ್ತೇನೆ ಎಂದು ಹೇಳಿದರು.,Kannada
ನಾನು ಈ ವಾರ ಮನೆಯಲ್ಲಿ ವಿಶ್ವವಿದ್ಯಾಲಯದಲ್ಲಿ ಓದುತ್ತೇನೆ ಎಂದು ಹೇಳಿದರು.,Kannada
मैं ने कहा कि वह शहर में चाय पीता हूँ आज।,Hindi
ನಾನು ನಾಳೆ ಕಚೇರಿಯಲ್ಲಿ ಸಿನಿಮಾ ನೋಡುತ್ತೇನೆ ಎಂದು ಹೇಳಿದರು.,Kannada
நான் மாலை நேரத்தில் உணவகத்தில் திரைப்படம் பார்க்கிறேன் என்று கூறினார்.,Tamil
"αργά το βράδυ, Εγώ μαθαίνω τη γλώσσα στο πάρκο.",Greek
Εγώ είπε ότι διαβάζω ένα βιβλίο στην πόλη σήμερα.,Greek
"Я сказал, что занимаюсь спортом в библиотеке рано утром.",Russian
"ಇಂದು, ನಾನು ನಗರದಲ್ಲಿ ಭಾಷೆ ಕಲಿಯುತ್ತೇನೆ.",Kannada
Я читаю книгу в библиотеке вечером.,Russian
ഞാൻ വൈകുന്നേരം സമയത്ത് സ്കൂളിൽ കാപ്പി കുടിക്കുന്നു എന്ന് പറഞ്ഞു.,Malayalam
"вечером, Я пью кофе в библиотеке.",Russian
मैं किताब पढ़ता हूँ दुकान में हर दिन।,Hindi
ನಾನು ಆಸ್ಪತ್ರೆಯಲ್ಲಿ ಕಾಫಿ ಕುಡಿಯುತ್ತೇನೆ ನಾಳೆ.,Kannada
"αργά το βράδυ, Εγώ διαβάζω ένα βιβλίο στο νοσοκομείο.",Greek
ഞാൻ എല്ലാ ദിവസവും കടയിൽ സിനിമ കാണുന്നു എന്ന് പറഞ്ഞു.,Malayalam
Εγώ πηγαίνω στη δουλειά στη βιβλιοθήκη αυτή την εβδομάδα.,Greek
Я смотрю фильм в парке на этой неделе.,Russian
"शाम को, मैं किताब पढ़ता हूँ शहर में।",Hindi
ഞാൻ ഇന്ന് സർവകലാശാലയിൽ ജോലിക്ക് പോകുന്നു എന്ന് പറഞ്ഞു.,Malayalam
"το βράδυ, Εγώ διαβάζω ένα βιβλίο στην πόλη.",Greek
"сегодня, Я изучаю язык в магазине.",Russian
நான் மாலை நேரத்தில் நகரத்தில் கடிதம் எழுதுகிறேன் என்று கூறினார்.,Tamil
Εγώ είπε ότι πηγαίνω στη δουλειά στο νοσοκομείο νωρίς το πρωί.,Greek
ನಾನು ಬೆಳಗಿನ ಸಮಯದಲ್ಲಿ ಆಸ್ಪತ್ರೆಯಲ್ಲಿ ಪತ್ರ ಬರೆಯುತ್ತೇನೆ ಎಂದು ಹೇಳಿದರು.,Kannada
"Я сказал, что изучаю язык в библиотеке утром.",Russian
"νωρίς το πρωί, Εγώ γράφω ένα γράμμα στο εστιατόριο.",Greek
ഞാൻ ഈ ആഴ്ച കടയിൽ ഭാഷ പഠിക്കുന്നു.,Malayalam
"ಇಂದು, ನಾನು ಕಚೇರಿಯಲ್ಲಿ ಕೆಲಸಕ್ಕೆ ಹೋಗುತ್ತೇನೆ.",Kannada
قال أنا إنه أقرأ كتابا في المكتب اليوم.,Arabic
"Я сказал, что учусь в университете дома сегодня.",Russian
Εγώ είπε ότι σπουδάζω στο πανεπιστήμιο στο σπίτι αυτή την εβδομάδα.,Greek
நான் மாலையில் அலுவலகத்தில் உடற்பயிற்சி செய்கிறேன் என்று கூறினார்.,Tamil
நான் நகரத்தில் பல்கலைக்கழகத்தில் படிக்கிறேன் இந்த வாரம்.,Tamil
غدا، أنا أكتب رسالة في المدينة.,Arabic
أنا أدرس في الجامعة في المستشفى غدا.,Arabic
ഞാൻ രാവിലെ സ്കൂളിൽ സിനിമ കാണുന്നു.,Malayalam
"Я сказал, что занимаюсь спортом в библиотеке утром.",Russian
"το πρωί, Εγώ διαβάζω ένα βιβλίο στην πόλη.",Greek
Εγώ σπουδάζω στο πανεπιστήμιο στο κατάστημα κάθε μέρα.,Greek
"இன்று, நான் நூலகத்தில் மொழி கற்கிறேன்.",Tamil
أنا أكتب رسالة في الجامعة صباحا.,Arabic
"இன்று, நான் நூலகத்தில் கடிதம் எழுதுகிறேன்.",Tamil
"Я сказал, что изучаю язык дома каждый день.",Russian
ನಾನು ಸಂಜೆಯ ಸಮಯದಲ್ಲಿ ಅಂಗಡಿಯಲ್ಲಿ ಪುಸ್ತಕ ಓದುತ್ತೇನೆ ಎಂದು ಹೇಳಿದರು.,Kannada
كل يوم، أنا أشرب القهوة في المتجر.,Arabic
Εγώ είπε ότι πίνω καφέ στο σπίτι κάθε μέρα.,Greek
في الصباح، أنا أقرأ كتابا في المدينة.,Arabic
"ನಾಳೆ, ನಾನು ಆಸ್ಪತ್ರೆಯಲ್ಲಿ ಕಾಫಿ ಕುಡಿಯುತ್ತೇನೆ.",Kannada
"ಈ ವಾರ, ನಾನು ಆಸ್ಪತ್ರೆಯಲ್ಲಿ ವ್ಯಾಯಾಮ ಮಾಡುತ್ತೇನೆ.",Kannada
ನಾನು ವಿಶ್ವವಿದ್ಯಾಲಯದಲ್ಲಿ ವ್ಯಾಯಾಮ ಮಾಡುತ್ತೇನೆ ನಾಳೆ.,Kannada
ನಾನು ಇಂದು ಗ್ರಂಥಾಲಯದಲ್ಲಿ ಸಿನಿಮಾ ನೋಡುತ್ತೇನೆ ಎಂದು ಹೇಳಿದರು.,Kannada
Εγώ είπε ότι μαθαίνω τη γλώσσα στο πάρκο αυτή την εβδομάδα.,Greek
ನಾನು ಅಂಗಡಿಯಲ್ಲಿ ಭಾಷೆ ಕಲಿಯುತ್ತೇನೆ ಸಂಜೆ.,Kannada
मैं ने कहा कि वह कार्यालय में विश्वविद्यालय में पढ़ता हूँ कल।,Hindi
"सुबह के समय, मैं पत्र लिखता हूँ शहर में।",Hindi
ನಾನು ಮನೆಯಲ್ಲಿ ವ್ಯಾಯಾಮ ಮಾಡುತ್ತೇನೆ ಸಂಜೆಯ ಸಮಯದಲ್ಲಿ.,Kannada
मैं भाषा सीखता हूँ कार्यालय में सुबह के समय।,Hindi
എല്ലാ ദിവസവും ഞാൻ സർവകലാശാലയിൽ സർവകലാശാലയിൽ പഠിക്കുന്നു.,Malayalam
நான் நூலகத்தில் மொழி கற்கிறேன் மாலை நேரத்தில்.,Tamil
मैं चाय पीता हूँ पार्क में शाम को।,Hindi
நான் இன்று பூங்காவில் பல்கலைக்கழகத்தில் படிக்கிறேன் என்று கூறினார்.,Tamil
मैं ने कहा कि वह अस्पताल में किताब पढ़ता हूँ आज।,Hindi
"காலையில், நான் நகரத்தில் கடிதம் எழுதுகிறேன்.",Tamil
"ಸಂಜೆಯ ಸಮಯದಲ್ಲಿ, ನಾನು ಉದ್ಯಾನವನದಲ್ಲಿ ಕಾಫಿ ಕುಡಿಯುತ್ತೇನೆ.",Kannada
ನಾನು ಇಂದು ಗ್ರಂಥಾಲಯದಲ್ಲಿ ಕೆಲಸಕ್ಕೆ ಹೋಗುತ್ತೇನೆ ಎಂದು ಹೇಳಿದರು.,Kannada
قال أنا إنه أذهب إلى العمل في المتجر صباحا.,Arabic
ഞാൻ എല്ലാ ദിവസവും നഗരത്തിൽ സർവകലാശാലയിൽ പഠിക്കുന്നു.,Malayalam
ഞാൻ വൈകുന്നേരം സമയത്ത് ആശുപത്രിയിൽ ഭാഷ പഠിക്കുന്നു.,Malayalam
நான் கடையில் காபி குடிக்கிறேன் தினமும்.,Tamil
Я изучаю язык в университете на этой неделе.,Russian
"शाम के समय, मैं काम पर जाता हूँ शहर में।",Hindi
"Я сказал, что иду на работу дома завтра.",Russian
أنا أمارس الرياضة في المكتب في الصباح.,Arabic
நான் காலையில் பள்ளியில் புத்தகம் படிக்கிறேன் என்று கூறினார்.,Tamil
Я учусь в университете в школе на этой неделе.,Russian
Я изучаю язык в офисе сегодня.,Russian
நான் கடையில் வேலைக்கு செல்கிறேன் இந்த வாரம்.,Tamil
"மாலையில், நான் உணவகத்தில் காபி குடிக்கிறேன்.",Tamil
"மாலை நேரத்தில், நான் மருத்துவமனையில் பல்கலைக்கழகத்தில் படிக்கிறேன்.",Tamil
"завтра, Я пью кофе дома.",Russian
في الصباح، أنا أشرب القهوة في المستشفى.,Arabic
"Я сказал, что смотрю фильм в магазине утром.",Russian
ನಾನು ಶಾಲೆಯಲ್ಲಿ ಭಾಷೆ ಕಲಿಯುತ್ತೇನೆ ಇಂದು.,Kannada
"Я сказал, что пишу письмо в ресторане поздно вечером.",Russian
"утром, Я читаю книгу дома.",Russian
நான் காலை நேரத்தில் கடையில் கடிதம் எழுதுகிறேன் என்று கூறினார்.,Tamil
"Я сказал, что учусь в университете в университете сегодня.",Russian
أنا أمارس الرياضة في المستشفى اليوم.,Arabic
"நாளை, நான் பள்ளியில் காபி குடிக்கிறேன்.",Tamil
مساء، أنا أمارس الرياضة في المدرسة.,Arabic
Εγώ είπε ότι πίνω καφέ στο πανεπιστήμιο το πρωί.,Greek
Εγώ θέλει να πηγαίνω στη δουλειά στο νοσοκομείο.,Greek
ഞാൻ ഇന്ന് പാർക്കിൽ കാപ്പി കുടിക്കുന്നു.,Malayalam
ನಾನು ಕಚೇರಿಯಲ್ಲಿ ಭಾಷೆ ಕಲಿಯುತ್ತೇನೆ ಈ ವಾರ.,Kannada
أنا أشاهد فيلما في المكتب صباحا.,Arabic
"поздно вечером, Я изучаю язык в офисе.",Russian
في الصباح، أنا أذهب إلى العمل في الجامعة.,Arabic
"மாலையில், நான் பூங்காவில் பல்கலைக்கழகத்தில் படிக்கிறேன்.",Tamil
நான் மாலையில் கடையில் திரைப்படம் பார்க்கிறேன் என்று கூறினார்.,Tamil
"κάθε μέρα, Εγώ μαθαίνω τη γλώσσα στην πόλη.",Greek
मैं ने कहा कि वह कार्यालय में विश्वविद्यालय में पढ़ता हूँ शाम को।,Hindi
Я учусь в университете в школе вечером.,Russian
أنا يريد أن أتعلم اللغة في المستشفى.,Arabic
"कल, मैं भाषा सीखता हूँ शहर में।",Hindi
هذا الأسبوع، أنا أدرس في الجامعة في الحديقة.,Arabic
ഇന്ന് ഞാൻ പാർക്കിൽ പുസ്തകം വായിക്കുന്നു.,Malayalam
"сегодня, Я иду на работу в библиотеке.",Russian
أنا يريد أن أشرب القهوة في المنزل.,Arabic
مساء، أنا أمارس الرياضة في المتجر.,Arabic
मैं ने कहा कि वह रेस्तरां में व्यायाम करता हूँ शाम को।,Hindi
Я занимаюсь спортом в больнице поздно вечером.,Russian
"το πρωί, Εγώ βλέπω μια ταινία στο κατάστημα.",Greek
मैं ने कहा कि वह दुकान में काम पर जाता हूँ हर दिन।,Hindi
أنا أشرب القهوة في المكتب في المساء.,Arabic
நான் மாலை நேரத்தில் பூங்காவில் புத்தகம் படிக்கிறேன் என்று கூறினார்.,Tamil
أنا يريد أن أشاهد فيلما في المكتب.,Arabic
ನಾನು ನಗರದಲ್ಲಿ ಪುಸ್ತಕ ಓದುತ್ತೇನೆ ಪ್ರತಿದಿನ.,Kannada
في الصباح، أنا أشاهد فيلما في المنزل.,Arabic
"το πρωί, Εγώ βλέπω μια ταινία στο νοσοκομείο.",Greek
"Я сказал, что изучаю язык в школе вечером.",Russian
मैं काम पर जाता हूँ घर में शाम के समय।,Hindi
ನಾನು ಇಂದು ರೆಸ್ಟೋರೆಂಟ್‌ನಲ್ಲಿ ಪುಸ್ತಕ ಓದುತ್ತೇನೆ ಎಂದು ಹೇಳಿದರು.,Kannada
"сегодня, Я пью кофе в парке.",Russian
मैं ने कहा कि वह घर में काम पर जाता हूँ शाम को।,Hindi
"утром, Я пью кофе в офисе.",Russian
நான் காலை நேரத்தில் பூங்காவில் கடிதம் எழுதுகிறேன் என்று கூறினார்.,Tamil
"рано утром, Я смотрю фильм в ресторане.",Russian
ನಾನು ನಗರದಲ್ಲಿ ಭಾಷೆ ಕಲಿಯುತ್ತೇನೆ ಬೆಳಗಿನ ಸಮಯದಲ್ಲಿ.,Kannada
"поздно вечером, Я читаю книгу в школе.",Russian
എല്ലാ ദിവസവും ഞാൻ ലൈബ്രറിയിൽ ജോലിക്ക് പോകുന്നു.,Malayalam
ഞാൻ എല്ലാ ദിവസവും വീട്ടിൽ പുസ്തകം വായിക്കുന്നു.,Malayalam
நான் அலுவலகத்தில் பல்கலைக்கழகத்தில் படிக்கிறேன் நாளை.,Tamil
أنا يريد أن أتعلم اللغة في المكتب.,Arabic
நான் இன்று பூங்காவில் புத்தகம் படிக்கிறேன் என்று கூறினார்.,Tamil
"Я сказал, что пью кофе в университете поздно вечером.",Russian
"ಪ್ರತಿದಿನ, ನಾನು ಮನೆಯಲ್ಲಿ ಪತ್ರ ಬರೆಯುತ್ತೇನೆ.",Kannada
ನಾನು ಸಂಜೆ ಮನೆಯಲ್ಲಿ ಪತ್ರ ಬರೆಯುತ್ತೇನೆ ಎಂದು ಹೇಳಿದರು.,Kannada
Εγώ πηγαίνω στη δουλειά στο γραφείο αργά το βράδυ.,Greek
أنا أشاهد فيلما في المكتبة في الصباح.,Arabic
اليوم، أنا أتعلم اللغة في المتجر.,Arabic
"இந்த வாரம், நான் வீட்டில் திரைப்படம் பார்க்கிறேன்.",Tamil
Я изучаю язык в библиотеке завтра.,Russian
ನಾನು ಈ ವಾರ ಮನೆಯಲ್ಲಿ ಕೆಲಸಕ್ಕೆ ಹೋಗುತ್ತೇನೆ ಎಂದು ಹೇಳಿದರು.,Kannada
"நாளை, நான் மருத்துவமனையில் வேலைக்கு செல்கிறேன்.",Tamil
"ಸಂಜೆಯ ಸಮಯದಲ್ಲಿ, ನಾನು ಗ್ರಂಥಾಲಯದಲ್ಲಿ ಪತ್ರ ಬರೆಯುತ್ತೇನೆ.",Kannada
"Я сказал, что смотрю фильм в больнице рано утром.",Russian
ನಾನು ಈ ವಾರ ನಗರದಲ್ಲಿ ಕಾಫಿ ಕುಡಿಯುತ್ತೇನೆ ಎಂದು ಹೇಳಿದರು.,Kannada
في المساء، أنا أدرس في الجامعة في المكتب.,Arabic
ഞാൻ വൈകുന്നേരം സമയത്ത് റെസ്റ്റോറന്റിൽ വ്യായാമം ചെയ്യുന്നു എന്ന് പറഞ്ഞു.,Malayalam
أنا يريد أن أدرس في الجامعة في المدينة.,Arabic
"आज, मैं चाय पीता हूँ अस्पताल में।",Hindi
ഞാൻ ആശുപത്രിയിൽ കാപ്പി കുടിക്കുന്നു ആഗ്രഹിക്കുന്നു.,Malayalam
Εγώ θέλει να πίνω καφέ στο πάρκο.,Greek
قال أنا إنه أدرس في الجامعة في المكتب مساء.,Arabic
"Я сказал, что читаю книгу в библиотеке поздно вечером.",Russian
"σήμερα, Εγώ μαθαίνω τη γλώσσα στο σχολείο.",Greek
Εγώ σπουδάζω στο πανεπιστήμιο στο κατάστημα αυτή την εβδομάδα.,Greek
ನಾನು ನಗರದಲ್ಲಿ ಪತ್ರ ಬರೆಯುತ್ತೇನೆ ಇಂದು.,Kannada
நான் நாளை அலுவலகத்தில் புத்தகம் படிக்கிறேன் என்று கூறினார்.,Tamil
मैं व्यायाम करता हूँ अस्पताल में शाम के समय।,Hindi
मैं किताब पढ़ता हूँ घर में हर दिन।,Hindi
நான் தினமும் நகரத்தில் பல்கலைக்கழகத்தில் படிக்கிறேன் என்று கூறினார்.,Tamil
"ಸಂಜೆಯ ಸಮಯದಲ್ಲಿ, ನಾನು ನಗರದಲ್ಲಿ ಪತ್ರ ಬರೆಯುತ್ತೇನೆ.",Kannada
நான் மருத்துவமனையில் கடிதம் எழுதுகிறேன் காலை நேரத்தில்.,Tamil
ನಾನು ಆಸ್ಪತ್ರೆಯಲ್ಲಿ ವ್ಯಾಯಾಮ ಮಾಡುತ್ತೇನೆ ಮಾಡಲು ಬಯಸುತ್ತಾನೆ.,Kannada
"Я сказал, что занимаюсь спортом дома каждый день.",Russian
ഇന്ന് ഞാൻ കടയിൽ വ്യായാമം ചെയ്യുന്നു.,Malayalam
मैं किताब पढ़ता हूँ पार्क में शाम के समय।,Hindi
ഞാൻ നാളെ സർവകലാശാലയിൽ വ്യായാമം ചെയ്യുന്നു.,Malayalam
நான் நூலகத்தில் புத்தகம் படிக்கிறேன் இந்த வாரம்.,Tamil
"ಸಂಜೆಯ ಸಮಯದಲ್ಲಿ, ನಾನು ಅಂಗಡಿಯಲ್ಲಿ ವಿಶ್ವವಿದ್ಯಾಲಯದಲ್ಲಿ ಓದುತ್ತೇನೆ.",Kannada
"Я сказал, что учусь в университете в городе на этой неделе.",Russian
"सुबह के समय, मैं भाषा सीखता हूँ स्कूल में।",Hindi
நான் தினமும் மருத்துவமனையில் பல்கலைக்கழகத்தில் படிக்கிறேன் என்று கூறினார்.,Tamil
ഞാൻ വൈകുന്നേരം സമയത്ത് കടയിൽ കാപ്പി കുടിക്കുന്നു.,Malayalam
நான் வீட்டில் வேலைக்கு செல்கிறேன் மாலை நேரத்தில்.,Tamil
"நாளை, நான் நகரத்தில் பல்கலைக்கழகத்தில் படிக்கிறேன்.",Tamil
Εγώ είπε ότι μαθαίνω τη γλώσσα στο κατάστημα σήμερα.,Greek
Εγώ είπε ότι διαβάζω ένα βιβλίο στο εστιατόριο το πρωί.,Greek
أنا أشرب القهوة في المدرسة مساء.,Arabic
ഞാൻ രാവിലെ വീട്ടിൽ ഭാഷ പഠിക്കുന്നു.,Malayalam
ನಾನು ಬೆಳಿಗ್ಗೆ ಆಸ್ಪತ್ರೆಯಲ್ಲಿ ವ್ಯಾಯಾಮ ಮಾಡುತ್ತೇನೆ ಎಂದು ಹೇಳಿದರು.,Kannada
قال أنا إنه أكتب رسالة في المدرسة مساء.,Arabic
"शाम के समय, मैं किताब पढ़ता हूँ स्कूल में।",Hindi
நான் தினமும் உணவகத்தில் உடற்பயிற்சி செய்கிறேன் என்று கூறினார்.,Tamil
"το πρωί, Εγώ μαθαίνω τη γλώσσα στο γραφείο.",Greek
"το βράδυ, Εγώ γράφω ένα γράμμα στο σπίτι.",Greek
أنا أشرب القهوة في الحديقة مساء.,Arabic
أنا يريد أن أدرس في الجامعة في المطعم.,Arabic
قال أنا إنه أشاهد فيلما في المكتب كل يوم.,Arabic
രാവിലെ സമയത്ത് ഞാൻ പാർക്കിൽ ജോലിക്ക് പോകുന്നു.,Malayalam
"सुबह, मैं किताब पढ़ता हूँ घर में।",Hindi
എല്ലാ ദിവസവും ഞാൻ റെസ്റ്റോറന്റിൽ വ്യായാമം ചെയ്യുന്നു.,Malayalam
أنا أتعلم اللغة في المستشفى صباحا.,Arabic
"सुबह के समय, मैं फिल्म देखता हूँ पार्क में।",Hindi
Εγώ σπουδάζω στο πανεπιστήμιο στην πόλη σήμερα.,Greek
"вечером, Я пишу письмо в магазине.",Russian
Я занимаюсь спортом в школе каждый день.,Russian
أنا أقرأ كتابا في المدرسة صباحا.,Arabic
நான் காலையில் உணவகத்தில் கடிதம் எழுதுகிறேன் என்று கூறினார்.,Tamil
"утром, Я изучаю язык в парке.",Russian
"ಬೆಳಗಿನ ಸಮಯದಲ್ಲಿ, ನಾನು ಆಸ್ಪತ್ರೆಯಲ್ಲಿ ಸಿನಿಮಾ ನೋಡುತ್ತೇನೆ.",Kannada
मैं ने कहा कि वह पार्क में पत्र लिखता हूँ शाम के समय।,Hindi
രാവിലെ ഞാൻ സർവകലാശാലയിൽ വ്യായാമം ചെയ്യുന്നു.,Malayalam
"завтра, Я учусь в университете в ресторане.",Russian
"ಇಂದು, ನಾನು ಉದ್ಯಾನವನದಲ್ಲಿ ಪುಸ್ತಕ ಓದುತ್ತೇನೆ.",Kannada
நான் மாலை நேரத்தில் உணவகத்தில் புத்தகம் படிக்கிறேன் என்று கூறினார்.,Tamil
நான் இன்று மருத்துவமனையில் மொழி கற்கிறேன் என்று கூறினார்.,Tamil
قال أنا إنه أدرس في الجامعة في المتجر هذا الأسبوع.,Arabic
"ಸಂಜೆ, ನಾನು ಮನೆಯಲ್ಲಿ ಸಿನಿಮಾ ನೋಡುತ್ತೇನೆ.",Kannada
أنا أدرس في الجامعة في المكتبة هذا الأسبوع.,Arabic
في الصباح، أنا أكتب رسالة في المتجر.,Arabic
"सुबह, मैं पत्र लिखता हूँ शहर में।",Hindi
मैं भाषा सीखता हूँ दुकान में शाम के समय।,Hindi
ഞാൻ ഈ ആഴ്ച ആശുപത്രിയിൽ പുസ്തകം വായിക്കുന്നു എന്ന് പറഞ്ഞു.,Malayalam
நான் மாலை நேரத்தில் நூலகத்தில் கடிதம் எழுதுகிறேன் என்று கூறினார்.,Tamil
Εγώ βλέπω μια ταινία στο νοσοκομείο αυτή την εβδομάδα.,Greek
Я читаю книгу в библиотеке на этой неделе.,Russian
Я читаю книгу в больнице на этой неделе.,Russian
ನಾನು ಕಚೇರಿಯಲ್ಲಿ ಭಾಷೆ ಕಲಿಯುತ್ತೇನೆ ಇಂದು.,Kannada
ನಾನು ನಗರದಲ್ಲಿ ಭಾಷೆ ಕಲಿಯುತ್ತೇನೆ ಸಂಜೆ.,Kannada
"ಇಂದು, ನಾನು ವಿಶ್ವವಿದ್ಯಾಲಯದಲ್ಲಿ ಸಿನಿಮಾ ನೋಡುತ್ತೇನೆ.",Kannada
Εγώ σπουδάζω στο πανεπιστήμιο στο γραφείο αυτή την εβδομάδα.,Greek
Я иду на работу в библиотеке рано утром.,Russian
मैं फिल्म देखता हूँ शहर में सुबह के समय।,Hindi
"Я сказал, что учусь в университете в больнице сегодня.",Russian
Я читаю книгу в школе вечером.,Russian
ನಾನು ವಿಶ್ವವಿದ್ಯಾಲಯದಲ್ಲಿ ಸಿನಿಮಾ ನೋಡುತ್ತೇನೆ ಈ ವಾರ.,Kannada
Я учусь в университете в университете утром.,Russian
நான் காலையில் நகரத்தில் திரைப்படம் பார்க்கிறேன் என்று கூறினார்.,Tamil
Εγώ είπε ότι πηγαίνω στη δουλειά στο σπίτι αυτή την εβδομάδα.,Greek
ನಾನು ಸಂಜೆಯ ಸಮಯದಲ್ಲಿ ಗ್ರಂಥಾಲಯದಲ್ಲಿ ಭಾಷೆ ಕಲಿಯುತ್ತೇನೆ ಎಂದು ಹೇಳಿದರು.,Kannada
غدا، أنا أذهب إلى العمل في المدرسة.,Arabic
मैं ने कहा कि वह कार्यालय में पत्र लिखता हूँ कल।,Hindi
"σήμερα, Εγώ γράφω ένα γράμμα στη βιβλιοθήκη.",Greek
Εγώ είπε ότι μαθαίνω τη γλώσσα στο κατάστημα το πρωί.,Greek
ഞാൻ ഈ ആഴ്ച ഓഫീസിൽ സർവകലാശാലയിൽ പഠിക്കുന്നു എന്ന് പറഞ്ഞു.,Malayalam
قال أنا إنه أشاهد فيلما في المكتبة في المساء.,Arabic
ನಾನು ಗ್ರಂಥಾಲಯದಲ್ಲಿ ಕಾಫಿ ಕುಡಿಯುತ್ತೇನೆ ಬೆಳಿಗ್ಗೆ.,Kannada
"Я сказал, что пью кофе в городе каждый день.",Russian
"Я сказал, что изучаю язык в библиотеке сегодня.",Russian
أنا أذهب إلى العمل في الجامعة اليوم.,Arabic
قال أنا إنه أذهب إلى العمل في المدينة كل يوم.,Arabic
"शाम को, मैं फिल्म देखता हूँ अस्पताल में।",Hindi
"सुबह, मैं व्यायाम करता हूँ कार्यालय में।",Hindi
நான் மாலை நேரத்தில் அலுவலகத்தில் திரைப்படம் பார்க்கிறேன் என்று கூறினார்.,Tamil
أنا أكتب رسالة في المتجر مساء.,Arabic
मैं काम पर जाता हूँ कार्यालय में सुबह।,Hindi
ನಾನು ಅಂಗಡಿಯಲ್ಲಿ ಪುಸ್ತಕ ಓದುತ್ತೇನೆ ಬೆಳಿಗ್ಗೆ.,Kannada
Я иду на работу в магазине сегодня.,Russian
ഞാൻ നാളെ നഗരത്തിൽ ഭാഷ പഠിക്കുന്നു എന്ന് പറഞ്ഞു.,Malayalam
أنا يريد أن أدرس في الجامعة في المتجر.,Arabic
मैं ने कहा कि वह पार्क में किताब पढ़ता हूँ शाम के समय।,Hindi
أنا أكتب رسالة في المدرسة في الصباح.,Arabic
ഞാൻ എല്ലാ ദിവസവും വീട്ടിൽ കാപ്പി കുടിക്കുന്നു എന്ന് പറഞ്ഞു.,Malayalam
ഞാൻ വൈകുന്നേരം സമയത്ത് പാർക്കിൽ ഭാഷ പഠിക്കുന്നു എന്ന് പറഞ്ഞു.,Malayalam
أنا أشاهد فيلما في المكتبة في المساء.,Arabic
நான் கடையில் உடற்பயிற்சி செய்கிறேன் இந்த வாரம்.,Tamil
"Я сказал, что пишу письмо в больнице каждый день.",Russian
ഞാൻ രാവിലെ ഓഫീസിൽ സർവകലാശാലയിൽ പഠിക്കുന്നു.,Malayalam
"αύριο, Εγώ σπουδάζω στο πανεπιστήμιο στο σχολείο.",Greek
Εγώ είπε ότι γράφω ένα γράμμα στο νοσοκομείο σήμερα.,Greek
"Я сказал, что пью кофе в офисе сегодня.",Russian
Я иду на работу в магазине каждый день.,Russian
मैं किताब पढ़ता हूँ पार्क में कल।,Hindi
ഞാൻ എല്ലാ ദിവസവും കടയിൽ പുസ്തകം വായിക്കുന്നു.,Malayalam
"தினமும், நான் வீட்டில் புத்தகம் படிக்கிறேன்.",Tamil
Εγώ είπε ότι διαβάζω ένα βιβλίο στο νοσοκομείο νωρίς το πρωί.,Greek
Εγώ κάνω γυμναστική στο σπίτι αύριο.,Greek
मैं ने कहा कि वह घर में भाषा सीखता हूँ सुबह।,Hindi
أنا يريد أن أذهب إلى العمل في المدرسة.,Arabic
നാളെ ഞാൻ പാർക്കിൽ സിനിമ കാണുന്നു.,Malayalam
நான் காலையில் நகரத்தில் உடற்பயிற்சி செய்கிறேன் என்று கூறினார்.,Tamil
"ಈ ವಾರ, ನಾನು ಶಾಲೆಯಲ್ಲಿ ಪುಸ್ತಕ ಓದುತ್ತೇನೆ.",Kannada
ನಾನು ಸಂಜೆಯ ಸಮಯದಲ್ಲಿ ಮನೆಯಲ್ಲಿ ಕೆಲಸಕ್ಕೆ ಹೋಗುತ್ತೇನೆ ಎಂದು ಹೇಳಿದರು.,Kannada
قال أنا إنه أدرس في الجامعة في المتجر غدا.,Arabic
എല്ലാ ദിവസവും ഞാൻ റെസ്റ്റോറന്റിൽ ജോലിക്ക് പോകുന്നു.,Malayalam
مساء، أنا أكتب رسالة في المدينة.,Arabic
நான் காலை நேரத்தில் வீட்டில் புத்தகம் படிக்கிறேன் என்று கூறினார்.,Tamil
ഞാൻ രാവിലെ പാർക്കിൽ സിനിമ കാണുന്നു എന്ന് പറഞ്ഞു.,Malayalam
Я смотрю фильм в школе на этой неделе.,Russian
"सुबह के समय, मैं काम पर जाता हूँ पार्क में।",Hindi
എല്ലാ ദിവസവും ഞാൻ സ്കൂളിൽ സർവകലാശാലയിൽ പഠിക്കുന്നു.,Malayalam
ഞാൻ രാവിലെ സമയത്ത് ലൈബ്രറിയിൽ സിനിമ കാണുന്നു.,Malayalam
غدا، أنا أتعلم اللغة في المنزل.,Arabic
"Я сказал, что читаю книгу в университете на этой неделе.",Russian
Я хочет занимаюсь спортом в парке.,Russian
"இன்று, நான் மருத்துவமனையில் உடற்பயிற்சி செய்கிறேன்.",Tamil
"утром, Я читаю книгу в городе.",Russian
"αργά το βράδυ, Εγώ πηγαίνω στη δουλειά στο νοσοκομείο.",Greek
قال أنا إنه أتعلم اللغة في المكتب كل يوم.,Arabic
ನಾನು ರೆಸ್ಟೋರೆಂಟ್‌ನಲ್ಲಿ ಪುಸ್ತಕ ಓದುತ್ತೇನೆ ಸಂಜೆ.,Kannada
ನಾನು ಮನೆಯಲ್ಲಿ ವ್ಯಾಯಾಮ ಮಾಡುತ್ತೇನೆ ಬೆಳಿಗ್ಗೆ.,Kannada
Εγώ βλέπω μια ταινία στην πόλη το βράδυ.,Greek
நான் பூங்காவில் காபி குடிக்கிறேன் நாளை.,Tamil
"இன்று, நான் கடையில் வேலைக்கு செல்கிறேன்.",Tamil
"Я сказал, что изучаю язык в парке каждый день.",Russian
أنا أشرب القهوة في المنزل غدا.,Arabic
"рано утром, Я занимаюсь спортом в магазине.",Russian
मैं ने कहा कि वह घर में किताब पढ़ता हूँ आज।,Hindi
"इस सप्ताह, मैं भाषा सीखता हूँ कार्यालय में।",Hindi
Εγώ κάνω γυμναστική στην πόλη αύριο.,Greek
Εγώ βλέπω μια ταινία στο πανεπιστήμιο νωρίς το πρωί.,Greek
ನಾನು ಈ ವಾರ ಅಂಗಡಿಯಲ್ಲಿ ಕೆಲಸಕ್ಕೆ ಹೋಗುತ್ತೇನೆ ಎಂದು ಹೇಳಿದರು.,Kannada
நான் பள்ளியில் பல்கலைக்கழகத்தில் படிக்கிறேன் இன்று.,Tamil
ನಾನು ಬೆಳಗಿನ ಸಮಯದಲ್ಲಿ ಮನೆಯಲ್ಲಿ ಪತ್ರ ಬರೆಯುತ್ತೇನೆ ಎಂದು ಹೇಳಿದರು.,Kannada
ನಾನು ಉದ್ಯಾನವನದಲ್ಲಿ ಸಿನಿಮಾ ನೋಡುತ್ತೇನೆ ಇಂದು.,Kannada
أنا أقرأ كتابا في المدينة اليوم.,Arabic
നാളെ ഞാൻ ഓഫീസിൽ പുസ്തകം വായിക്കുന്നു.,Malayalam
ನಾನು ಸಂಜೆ ನಗರದಲ್ಲಿ ವಿಶ್ವವಿದ್ಯಾಲಯದಲ್ಲಿ ಓದುತ್ತೇನೆ ಎಂದು ಹೇಳಿದರು.,Kannada
ನಾನು ಮನೆಯಲ್ಲಿ ಕಾಫಿ ಕುಡಿಯುತ್ತೇನೆ ಈ ವಾರ.,Kannada
ഞാൻ ഈ ആഴ്ച സ്കൂളിൽ കാപ്പി കുടിക്കുന്നു.,Malayalam
"ನಾಳೆ, ನಾನು ಉದ್ಯಾನವನದಲ್ಲಿ ಕಾಫಿ ಕುಡಿಯುತ್ತೇನೆ.",Kannada
"σήμερα, Εγώ σπουδάζω στο πανεπιστήμιο στο πανεπιστήμιο.",Greek
اليوم، أنا أتعلم اللغة في المدينة.,Arabic
"αυτή την εβδομάδα, Εγώ πίνω καφέ στο νοσοκομείο.",Greek
"каждый день, Я пишу письмо в ресторане.",Russian
ഞാൻ രാവിലെ സമയത്ത് ലൈബ്രറിയിൽ പുസ്തകം വായിക്കുന്നു.,Malayalam
"на этой неделе, Я смотрю фильм в ресторане.",Russian
मैं ने कहा कि वह अस्पताल में पत्र लिखता हूँ कल।,Hindi
ഞാൻ വൈകുന്നേരം പാർക്കിൽ സിനിമ കാണുന്നു.,Malayalam
أنا أذهب إلى العمل في المكتب في الصباح.,Arabic
Εγώ είπε ότι πίνω καφέ στο πανεπιστήμιο αυτή την εβδομάδα.,Greek
أنا أمارس الرياضة في المدرسة صباحا.,Arabic
ನಾನು ಬೆಳಿಗ್ಗೆ ಮನೆಯಲ್ಲಿ ಕೆಲಸಕ್ಕೆ ಹೋಗುತ್ತೇನೆ ಎಂದು ಹೇಳಿದರು.,Kannada
قال أنا إنه أدرس في الجامعة في المطعم مساء.,Arabic
நான் பள்ளியில் திரைப்படம் பார்க்கிறேன் தினமும்.,Tamil
Я хочет пью кофе в парке.,Russian
"மாலை நேரத்தில், நான் அலுவலகத்தில் கடிதம் எழுதுகிறேன்.",Tamil
मैं ने कहा कि वह शहर में किताब पढ़ता हूँ हर दिन।,Hindi
"ಬೆಳಗಿನ ಸಮಯದಲ್ಲಿ, ನಾನು ಕಚೇರಿಯಲ್ಲಿ ಸಿನಿಮಾ ನೋಡುತ್ತೇನೆ.",Kannada
Я пишу письмо в больнице вечером.,Russian
ನಾನು ರೆಸ್ಟೋರೆಂಟ್‌ನಲ್ಲಿ ವಿಶ್ವವಿದ್ಯಾಲಯದಲ್ಲಿ ಓದುತ್ತೇನೆ ಈ ವಾರ.,Kannada
நான் பல்கலைக்கழகத்தில் திரைப்படம் பார்க்கிறேன் காலை நேரத்தில்.,Tamil
قال أنا إنه أتعلم اللغة في المدينة هذا الأسبوع.,Arabic
"каждый день, Я иду на работу в офисе.",Russian
വൈകുന്നേരം സമയത്ത് ഞാൻ ആശുപത്രിയിൽ സർവകലാശാലയിൽ പഠിക്കുന്നു.,Malayalam
ഞാൻ രാവിലെ സമയത്ത് കടയിൽ ഭാഷ പഠിക്കുന്നു.,Malayalam
"рано утром, Я занимаюсь спортом в больнице.",Russian
मैं ने कहा कि वह पार्क में विश्वविद्यालय में पढ़ता हूँ सुबह के समय।,Hindi
أنا أمارس الرياضة في المدينة اليوم.,Arabic
நான் இன்று நகரத்தில் உடற்பயிற்சி செய்கிறேன் என்று கூறினார்.,Tamil
Εγώ είπε ότι σπουδάζω στο πανεπιστήμιο στη βιβλιοθήκη το πρωί.,Greek
قال أنا إنه أمارس الرياضة في المدينة كل يوم.,Arabic
أنا يريد أن أشاهد فيلما في المنزل.,Arabic
Εγώ διαβάζω ένα βιβλίο στο σχολείο σήμερα.,Greek
രാവിലെ ഞാൻ ലൈബ്രറിയിൽ സിനിമ കാണുന്നു.,Malayalam
"सुबह, मैं किताब पढ़ता हूँ विश्वविद्यालय में।",Hindi
நான் நூலகத்தில் கடிதம் எழுதுகிறேன் இன்று.,Tamil
நான் காலையில் கடையில் உடற்பயிற்சி செய்கிறேன் என்று கூறினார்.,Tamil
"сегодня, Я иду на работу в школе.",Russian
நான் மருத்துவமனையில் காபி குடிக்கிறேன் மாலையில்.,Tamil
Εγώ μαθαίνω τη γλώσσα στο γραφείο αύριο.,Greek
ನಾನು ಉದ್ಯಾನವನದಲ್ಲಿ ಕೆಲಸಕ್ಕೆ ಹೋಗುತ್ತೇನೆ ಸಂಜೆಯ ಸಮಯದಲ್ಲಿ.,Kannada
Εγώ γράφω ένα γράμμα στο νοσοκομείο αργά το βράδυ.,Greek
أنا أتعلم اللغة في المستشفى اليوم.,Arabic
"सुबह के समय, मैं भाषा सीखता हूँ कार्यालय में।",Hindi
ನಾನು ಬೆಳಗಿನ ಸಮಯದಲ್ಲಿ ನಗರದಲ್ಲಿ ಪತ್ರ ಬರೆಯುತ್ತೇನೆ ಎಂದು ಹೇಳಿದರು.,Kannada
"το πρωί, Εγώ κάνω γυμναστική στη βιβλιοθήκη.",Greek
मैं ने कहा कि वह रेस्तरां में फिल्म देखता हूँ शाम के समय।,Hindi
"поздно вечером, Я учусь в университете в офисе.",Russian
ನಾನು ಬೆಳಗಿನ ಸಮಯದಲ್ಲಿ ವಿಶ್ವವಿದ್ಯಾಲಯದಲ್ಲಿ ಕೆಲಸಕ್ಕೆ ಹೋಗುತ್ತೇನೆ ಎಂದು ಹೇಳಿದರು.,Kannada
أنا أقرأ كتابا في المستشفى اليوم.,Arabic
Я изучаю язык в больнице рано утром.,Russian
मैं ने कहा कि वह शहर में व्यायाम करता हूँ सुबह।,Hindi
"αυτή την εβδομάδα, Εγώ πίνω καφέ στο κατάστημα.",Greek
मैं ने कहा कि वह कार्यालय में फिल्म देखता हूँ शाम को।,Hindi
நான் பள்ளியில் காபி குடிக்கிறேன் காலையில்.,Tamil
நான் மாலையில் நூலகத்தில் திரைப்படம் பார்க்கிறேன் என்று கூறினார்.,Tamil
मैं किताब पढ़ता हूँ रेस्तरां में आज।,Hindi
मैं ने कहा कि वह कार्यालय में काम पर जाता हूँ शाम के समय।,Hindi
ഞാൻ നാളെ റെസ്റ്റോറന്റിൽ സിനിമ കാണുന്നു എന്ന് പറഞ്ഞു.,Malayalam
اليوم، أنا أذهب إلى العمل في الحديقة.,Arabic
ഞാൻ രാവിലെ സമയത്ത് ലൈബ്രറിയിൽ സർവകലാശാലയിൽ പഠിക്കുന്നു.,Malayalam
Я учусь в университете в университете сегодня.,Russian
Я изучаю язык в городе вечером.,Russian
मैं पत्र लिखता हूँ अस्पताल में इस सप्ताह।,Hindi
أنا أدرس في الجامعة في المدرسة في المساء.,Arabic
قال أنا إنه أمارس الرياضة في المدينة اليوم.,Arabic
ನಾನು ಅಂಗಡಿಯಲ್ಲಿ ಪುಸ್ತಕ ಓದುತ್ತೇನೆ ಸಂಜೆ.,Kannada
"на этой неделе, Я учусь в университете в университете.",Russian
"Я сказал, что читаю книгу в школе вечером.",Russian
நான் காலையில் பள்ளியில் காபி குடிக்கிறேன் என்று கூறினார்.,Tamil
ನಾನು ಪ್ರತಿದಿನ ಶಾಲೆಯಲ್ಲಿ ಪುಸ್ತಕ ಓದುತ್ತೇನೆ ಎಂದು ಹೇಳಿದರು.,Kannada
أنا أدرس في الجامعة في المكتب في الصباح.,Arabic
ನಾನು ಮನೆಯಲ್ಲಿ ಕೆಲಸಕ್ಕೆ ಹೋಗುತ್ತೇನೆ ಬೆಳಿಗ್ಗೆ.,Kannada
"Я сказал, что иду на работу в университете на этой неделе.",Russian
"இன்று, நான் மருத்துவமனையில் திரைப்படம் பார்க்கிறேன்.",Tamil
"сегодня, Я пью кофе в магазине.",Russian
ನಾನು ಬೆಳಗಿನ ಸಮಯದಲ್ಲಿ ಶಾಲೆಯಲ್ಲಿ ಪುಸ್ತಕ ಓದುತ್ತೇನೆ ಎಂದು ಹೇಳಿದರು.,Kannada
أنا أمارس الرياضة في المنزل صباحا.,Arabic
قال أنا إنه أمارس الرياضة في المدرسة صباحا.,Arabic
ഞാൻ വൈകുന്നേരം ആശുപത്രിയിൽ സർവകലാശാലയിൽ പഠിക്കുന്നു.,Malayalam
ನಾನು ವಿಶ್ವವಿದ್ಯಾಲಯದಲ್ಲಿ ವ್ಯಾಯಾಮ ಮಾಡುತ್ತೇನೆ ಮಾಡಲು ಬಯಸುತ್ತಾನೆ.,Kannada
ഞാൻ ഓഫീസിൽ പുസ്തകം വായിക്കുന്നു ആഗ്രഹിക്കുന്നു.,Malayalam
நான் கடையில் மொழி கற்கிறேன் நாளை.,Tamil
"αύριο, Εγώ σπουδάζω στο πανεπιστήμιο στη βιβλιοθήκη.",Greek
Я пишу письмо в больнице поздно вечером.,Russian
مساء، أنا أشاهد فيلما في الجامعة.,Arabic
"ಸಂಜೆ, ನಾನು ನಗರದಲ್ಲಿ ವ್ಯಾಯಾಮ ಮಾಡುತ್ತೇನೆ.",Kannada
நான் மருத்துவமனையில் கடிதம் எழுதுகிறேன் இன்று.,Tamil
நான் நாளை மருத்துவமனையில் கடிதம் எழுதுகிறேன் என்று கூறினார்.,Tamil
ನಾನು ವಿಶ್ವವಿದ್ಯಾಲಯದಲ್ಲಿ ವಿಶ್ವವಿದ್ಯಾಲಯದಲ್ಲಿ ಓದುತ್ತೇನೆ ಸಂಜೆ.,Kannada
أنا أدرس في الجامعة في المدينة غدا.,Arabic
ನಾನು ಉದ್ಯಾನವನದಲ್ಲಿ ಪುಸ್ತಕ ಓದುತ್ತೇನೆ ಈ ವಾರ.,Kannada
വൈകുന്നേരം സമയത്ത് ഞാൻ ആശുപത്രിയിൽ ഭാഷ പഠിക്കുന്നു.,Malayalam
"Я сказал, что пишу письмо в городе сегодня.",Russian
ನಾನು ವಿಶ್ವವಿದ್ಯಾಲಯದಲ್ಲಿ ಕಾಫಿ ಕುಡಿಯುತ್ತೇನೆ ಬೆಳಗಿನ ಸಮಯದಲ್ಲಿ.,Kannada
"ಸಂಜೆಯ ಸಮಯದಲ್ಲಿ, ನಾನು ಅಂಗಡಿಯಲ್ಲಿ ಭಾಷೆ ಕಲಿಯುತ್ತೇನೆ.",Kannada
ഞാൻ എല്ലാ ദിവസവും പാർക്കിൽ സിനിമ കാണുന്നു.,Malayalam
ನಾನು ಕಚೇರಿಯಲ್ಲಿ ಪುಸ್ತಕ ಓದುತ್ತೇನೆ ಬೆಳಿಗ್ಗೆ.,Kannada
أنا أذهب إلى العمل في المطعم مساء.,Arabic
ഞാൻ എല്ലാ ദിവസവും ലൈബ്രറിയിൽ വ്യായാമം ചെയ്യുന്നു.,Malayalam
ഞാൻ രാവിലെ കടയിൽ സർവകലാശാലയിൽ പഠിക്കുന്നു എന്ന് പറഞ്ഞു.,Malayalam
"рано утром, Я учусь в университете в магазине.",Russian
"сегодня, Я пишу письмо в ресторане.",Russian
"Я сказал, что читаю книгу в школе поздно вечером.",Russian
"आज, मैं पत्र लिखता हूँ घर में।",Hindi
أنا أذهب إلى العمل في المكتب اليوم.,Arabic
Εγώ είπε ότι πίνω καφέ στη βιβλιοθήκη σήμερα.,Greek
ഞാൻ ഈ ആഴ്ച ലൈബ്രറിയിൽ കത്ത് എഴുതുന്നു എന്ന് പറഞ്ഞു.,Malayalam
நான் பள்ளியில் பல்கலைக்கழகத்தில் படிக்கிறேன் இந்த வாரம்.,Tamil
ഞാൻ നാളെ നഗരത്തിൽ ജോലിക്ക് പോകുന്നു.,Malayalam
நான் காலையில் வீட்டில் காபி குடிக்கிறேன் என்று கூறினார்.,Tamil
मैं विश्वविद्यालय में पढ़ता हूँ पार्क में शाम के समय।,Hindi
أنا أكتب رسالة في المدرسة كل يوم.,Arabic
مساء، أنا أتعلم اللغة في الحديقة.,Arabic
"தினமும், நான் மருத்துவமனையில் திரைப்படம் பார்க்கிறேன்.",Tamil
நான் கடையில் மொழி கற்கிறேன் தினமும்.,Tamil
"மாலையில், நான் மருத்துவமனையில் காபி குடிக்கிறேன்.",Tamil
"αυτή την εβδομάδα, Εγώ κάνω γυμναστική στην πόλη.",Greek
ഞാൻ വൈകുന്നേരം സർവകലാശാലയിൽ പുസ്തകം വായിക്കുന്നു എന്ന് പറഞ്ഞു.,Malayalam
"на этой неделе, Я занимаюсь спортом в ресторане.",Russian
രാവിലെ ഞാൻ ലൈബ്രറിയിൽ ജോലിക്ക് പോകുന്നു.,Malayalam
"सुबह के समय, मैं चाय पीता हूँ दुकान में।",Hindi
Я занимаюсь спортом в магазине поздно вечером.,Russian
"மாலையில், நான் நூலகத்தில் புத்தகம் படிக்கிறேன்.",Tamil
ഞാൻ രാവിലെ സമയത്ത് കടയിൽ സിനിമ കാണുന്നു എന്ന് പറഞ്ഞു.,Malayalam
मैं फिल्म देखता हूँ पार्क में शाम को।,Hindi
Я учусь в университете в магазине завтра.,Russian
"νωρίς το πρωί, Εγώ πηγαίνω στη δουλειά στο σχολείο.",Greek
ನಾನು ಬೆಳಗಿನ ಸಮಯದಲ್ಲಿ ಮನೆಯಲ್ಲಿ ಕಾಫಿ ಕುಡಿಯುತ್ತೇನೆ ಎಂದು ಹೇಳಿದರು.,Kannada
ഞാൻ എല്ലാ ദിവസവും റെസ്റ്റോറന്റിൽ ഭാഷ പഠിക്കുന്നു എന്ന് പറഞ്ഞു.,Malayalam
"каждый день, Я иду на работу в городе.",Russian
ഈ ആഴ്ച ഞാൻ കടയിൽ സർവകലാശാലയിൽ പഠിക്കുന്നു.,Malayalam
Я хочет изучаю язык в городе.,Russian
"το βράδυ, Εγώ μαθαίνω τη γλώσσα στο σπίτι.",Greek
"Я сказал, что занимаюсь спортом в больнице сегодня.",Russian
Εγώ πίνω καφέ στο νοσοκομείο κάθε μέρα.,Greek
قال أنا إنه أشاهد فيلما في الجامعة كل يوم.,Arabic
"завтра, Я изучаю язык в ресторане.",Russian
كل يوم، أنا أمارس الرياضة في المدرسة.,Arabic
"शाम के समय, मैं व्यायाम करता हूँ पुस्तकालय में।",Hindi
"Я сказал, что учусь в университете в ресторане сегодня.",Russian
"Я сказал, что читаю книгу в городе поздно вечером.",Russian
"ಸಂಜೆಯ ಸಮಯದಲ್ಲಿ, ನಾನು ಆಸ್ಪತ್ರೆಯಲ್ಲಿ ಭಾಷೆ ಕಲಿಯುತ್ತೇನೆ.",Kannada
"каждый день, Я смотрю фильм в магазине.",Russian
"सुबह के समय, मैं विश्वविद्यालय में पढ़ता हूँ स्कूल में।",Hindi
"ಈ ವಾರ, ನಾನು ಆಸ್ಪತ್ರೆಯಲ್ಲಿ ಕೆಲಸಕ್ಕೆ ಹೋಗುತ್ತೇನೆ.",Kannada
मैं पत्र लिखता हूँ घर में शाम के समय।,Hindi
Я иду на работу в библиотеке завтра.,Russian
ನಾನು ಮನೆಯಲ್ಲಿ ಪತ್ರ ಬರೆಯುತ್ತೇನೆ ನಾಳೆ.,Kannada
"ಸಂಜೆಯ ಸಮಯದಲ್ಲಿ, ನಾನು ಮನೆಯಲ್ಲಿ ಕಾಫಿ ಕುಡಿಯುತ್ತೇನೆ.",Kannada
நான் நூலகத்தில் பல்கலைக்கழகத்தில் படிக்கிறேன் மாலை நேரத்தில்.,Tamil
ನಾನು ಬೆಳಿಗ್ಗೆ ಅಂಗಡಿಯಲ್ಲಿ ಭಾಷೆ ಕಲಿಯುತ್ತೇನೆ ಎಂದು ಹೇಳಿದರು.,Kannada
أنا أشرب القهوة في الجامعة في المساء.,Arabic
ഞാൻ എല്ലാ ദിവസവും ലൈബ്രറിയിൽ ഭാഷ പഠിക്കുന്നു.,Malayalam
ನಾನು ಕಚೇರಿಯಲ್ಲಿ ವ್ಯಾಯಾಮ ಮಾಡುತ್ತೇನೆ ಬೆಳಗಿನ ಸಮಯದಲ್ಲಿ.,Kannada
"ಇಂದು, ನಾನು ಕಚೇರಿಯಲ್ಲಿ ವ್ಯಾಯಾಮ ಮಾಡುತ್ತೇನೆ.",Kannada
أنا أشرب القهوة في الجامعة كل يوم.,Arabic
"ಸಂಜೆ, ನಾನು ಅಂಗಡಿಯಲ್ಲಿ ವಿಶ್ವವಿದ್ಯಾಲಯದಲ್ಲಿ ಓದುತ್ತೇನೆ.",Kannada
Я смотрю фильм в магазине каждый день.,Russian
நான் தினமும் பள்ளியில் புத்தகம் படிக்கிறேன் என்று கூறினார்.,Tamil
Εγώ είπε ότι γράφω ένα γράμμα στο κατάστημα αύριο.,Greek
ನಾನು ವಿಶ್ವವಿದ್ಯಾಲಯದಲ್ಲಿ ಭಾಷೆ ಕಲಿಯುತ್ತೇನೆ ಸಂಜೆಯ ಸಮಯದಲ್ಲಿ.,Kannada
ನಾನು ಗ್ರಂಥಾಲಯದಲ್ಲಿ ಸಿನಿಮಾ ನೋಡುತ್ತೇನೆ ಈ ವಾರ.,Kannada
هذا الأسبوع، أنا أدرس في الجامعة في المكتبة.,Arabic
ನಾನು ಕಚೇರಿಯಲ್ಲಿ ಸಿನಿಮಾ ನೋಡುತ್ತೇನೆ ಸಂಜೆ.,Kannada
വൈകുന്നേരം സമയത്ത് ഞാൻ ഓഫീസിൽ ജോലിക്ക് പോകുന്നു.,Malayalam
"शाम के समय, मैं फिल्म देखता हूँ विश्वविद्यालय में।",Hindi
أنا أتعلم اللغة في المدينة غدا.,Arabic
நான் பூங்காவில் புத்தகம் படிக்கிறேன் மாலை நேரத்தில்.,Tamil
நான் மருத்துவமனையில் திரைப்படம் பார்க்கிறேன் இந்த வாரம்.,Tamil
मैं ने कहा कि वह विश्वविद्यालय में किताब पढ़ता हूँ आज।,Hindi
நான் காலை நேரத்தில் பள்ளியில் வேலைக்கு செல்கிறேன் என்று கூறினார்.,Tamil
"शाम को, मैं पत्र लिखता हूँ स्कूल में।",Hindi
"காலையில், நான் உணவகத்தில் கடிதம் எழுதுகிறேன்.",Tamil
ನಾನು ಈ ವಾರ ವಿಶ್ವವಿದ್ಯಾಲಯದಲ್ಲಿ ಪತ್ರ ಬರೆಯುತ್ತೇನೆ ಎಂದು ಹೇಳಿದರು.,Kannada
قال أنا إنه أدرس في الجامعة في المتجر في الصباح.,Arabic
أنا أشاهد فيلما في المطعم صباحا.,Arabic
ഞാൻ രാവിലെ സമയത്ത് വീട്ടിൽ സിനിമ കാണുന്നു എന്ന് പറഞ്ഞു.,Malayalam
ನಾನು ಅಂಗಡಿಯಲ್ಲಿ ಪತ್ರ ಬರೆಯುತ್ತೇನೆ ಈ ವಾರ.,Kannada
قال أنا إنه أقرأ كتابا في المستشفى في المساء.,Arabic
أنا أكتب رسالة في المطعم مساء.,Arabic
"सुबह के समय, मैं विश्वविद्यालय में पढ़ता हूँ घर में।",Hindi
ನಾನು ಸಂಜೆಯ ಸಮಯದಲ್ಲಿ ಅಂಗಡಿಯಲ್ಲಿ ಭಾಷೆ ಕಲಿಯುತ್ತೇನೆ ಎಂದು ಹೇಳಿದರು.,Kannada
ഈ ആഴ്ച ഞാൻ റെസ്റ്റോറന്റിൽ വ്യായാമം ചെയ്യുന്നു.,Malayalam
"शाम के समय, मैं चाय पीता हूँ स्कूल में।",Hindi
"ಇಂದು, ನಾನು ಶಾಲೆಯಲ್ಲಿ ಭಾಷೆ ಕಲಿಯುತ್ತೇನೆ.",Kannada
"தினமும், நான் பல்கலைக்கழகத்தில் வேலைக்கு செல்கிறேன்.",Tamil
"ಸಂಜೆ, ನಾನು ವಿಶ್ವವಿದ್ಯಾಲಯದಲ್ಲಿ ವಿಶ್ವವಿದ್ಯಾಲಯದಲ್ಲಿ ಓದುತ್ತೇನೆ.",Kannada
"सुबह के समय, मैं काम पर जाता हूँ रेस्तरां में।",Hindi
ನಾನು ಇಂದು ಅಂಗಡಿಯಲ್ಲಿ ಪತ್ರ ಬರೆಯುತ್ತೇನೆ ಎಂದು ಹೇಳಿದರು.,Kannada
நான் அலுவலகத்தில் உடற்பயிற்சி செய்கிறேன் காலை நேரத்தில்.,Tamil
"ಈ ವಾರ, ನಾನು ಶಾಲೆಯಲ್ಲಿ ಸಿನಿಮಾ ನೋಡುತ್ತೇನೆ.",Kannada
ഞാൻ വൈകുന്നേരം സമയത്ത് ഓഫീസിൽ സർവകലാശാലയിൽ പഠിക്കുന്നു.,Malayalam
मैं ने कहा कि वह रेस्तरां में व्यायाम करता हूँ शाम के समय।,Hindi
मैं दुकान में किताब पढ़ता हूँ चाहता है।,Hindi
Я хочет пью кофе в офисе.,Russian
"каждый день, Я занимаюсь спортом в парке.",Russian
मैं चाय पीता हूँ कार्यालय में सुबह के समय।,Hindi
Εγώ πηγαίνω στη δουλειά στο νοσοκομείο σήμερα.,Greek
"αργά το βράδυ, Εγώ σπουδάζω στο πανεπιστήμιο στο νοσοκομείο.",Greek
நான் தினமும் நூலகத்தில் உடற்பயிற்சி செய்கிறேன் என்று கூறினார்.,Tamil
قال أنا إنه أتعلم اللغة في المنزل في المساء.,Arabic
நான் தினமும் பள்ளியில் திரைப்படம் பார்க்கிறேன் என்று கூறினார்.,Tamil
أنا أشرب القهوة في المستشفى في المساء.,Arabic
Εγώ είπε ότι πίνω καφέ στο σχολείο αύριο.,Greek
நான் காலை நேரத்தில் உணவகத்தில் புத்தகம் படிக்கிறேன் என்று கூறினார்.,Tamil
"рано утром, Я пишу письмо в магазине.",Russian
غدا، أنا أدرس في الجامعة في المكتب.,Arabic
أنا أقرأ كتابا في المدينة في المساء.,Arabic
ನಾನು ನಗರದಲ್ಲಿ ಪತ್ರ ಬರೆಯುತ್ತೇನೆ ಈ ವಾರ.,Kannada
ನಾನು ಉದ್ಯಾನವನದಲ್ಲಿ ಸಿನಿಮಾ ನೋಡುತ್ತೇನೆ ಸಂಜೆ.,Kannada
എല്ലാ ദിവസവും ഞാൻ കടയിൽ പുസ്തകം വായിക്കുന്നു.,Malayalam
Εγώ μαθαίνω τη γλώσσα στο νοσοκομείο αργά το βράδυ.,Greek
मैं स्कूल में पत्र लिखता हूँ चाहता है।,Hindi
"Я сказал, что изучаю язык в парке утром.",Russian
Εγώ μαθαίνω τη γλώσσα στο σπίτι κάθε μέρα.,Greek
நான் அலுவலகத்தில் காபி குடிக்கிறேன் மாலை நேரத்தில்.,Tamil
"ಬೆಳಗಿನ ಸಮಯದಲ್ಲಿ, ನಾನು ಶಾಲೆಯಲ್ಲಿ ಸಿನಿಮಾ ನೋಡುತ್ತೇನೆ.",Kannada
غدا، أنا أذهب إلى العمل في المنزل.,Arabic
मैं विश्वविद्यालय में पढ़ता हूँ दुकान में शाम को।,Hindi
രാവിലെ സമയത്ത് ഞാൻ നഗരത്തിൽ പുസ്തകം വായിക്കുന്നു.,Malayalam
"поздно вечером, Я пью кофе в больнице.",Russian
Я изучаю язык в университете утром.,Russian
"कल, मैं काम पर जाता हूँ स्कूल में।",Hindi
मैं व्यायाम करता हूँ स्कूल में इस सप्ताह।,Hindi
ഞാൻ വൈകുന്നേരം കടയിൽ പുസ്തകം വായിക്കുന്നു.,Malayalam
मैं किताब पढ़ता हूँ पार्क में सुबह।,Hindi
اليوم، أنا أتعلم اللغة في المنزل.,Arabic
"Я сказал, что иду на работу в ресторане сегодня.",Russian
நான் பூங்காவில் கடிதம் எழுதுகிறேன் இன்று.,Tamil
أنا أقرأ كتابا في المطعم غدا.,Arabic
நான் மாலையில் கடையில் பல்கலைக்கழகத்தில் படிக்கிறேன் என்று கூறினார்.,Tamil
"ಇಂದು, ನಾನು ಮನೆಯಲ್ಲಿ ಪುಸ್ತಕ ಓದುತ್ತೇನೆ.",Kannada
"Я сказал, что пью кофе в офисе рано утром.",Russian
Εγώ κάνω γυμναστική στο πάρκο νωρίς το πρωί.,Greek
நான் நகரத்தில் மொழி கற்கிறேன் விரும்புகிறார்.,Tamil
मैं काम पर जाता हूँ घर में सुबह।,Hindi
ഞാൻ നാളെ നഗരത്തിൽ സിനിമ കാണുന്നു.,Malayalam
ನಾನು ಸಂಜೆ ವಿಶ್ವವಿದ್ಯಾಲಯದಲ್ಲಿ ಭಾಷೆ ಕಲಿಯುತ್ತೇನೆ ಎಂದು ಹೇಳಿದರು.,Kannada
ನಾನು ಬೆಳಗಿನ ಸಮಯದಲ್ಲಿ ಅಂಗಡಿಯಲ್ಲಿ ಪುಸ್ತಕ ಓದುತ್ತೇನೆ ಎಂದು ಹೇಳಿದರು.,Kannada
"ನಾಳೆ, ನಾನು ಶಾಲೆಯಲ್ಲಿ ಪತ್ರ ಬರೆಯುತ್ತೇನೆ.",Kannada
"காலையில், நான் பல்கலைக்கழகத்தில் மொழி கற்கிறேன்.",Tamil
"рано утром, Я занимаюсь спортом дома.",Russian
मैं चाय पीता हूँ घर में आज।,Hindi
நான் காலையில் நூலகத்தில் கடிதம் எழுதுகிறேன் என்று கூறினார்.,Tamil
"காலை நேரத்தில், நான் நகரத்தில் உடற்பயிற்சி செய்கிறேன்.",Tamil
"ಇಂದು, ನಾನು ಉದ್ಯಾನವನದಲ್ಲಿ ಪತ್ರ ಬರೆಯುತ್ತೇನೆ.",Kannada
मैं चाय पीता हूँ अस्पताल में सुबह के समय।,Hindi
ഞാൻ ഈ ആഴ്ച പാർക്കിൽ കത്ത് എഴുതുന്നു എന്ന് പറഞ്ഞു.,Malayalam
मैं ने कहा कि वह दुकान में भाषा सीखता हूँ इस सप्ताह।,Hindi
मैं ने कहा कि वह शहर में विश्वविद्यालय में पढ़ता हूँ शाम को।,Hindi
"αύριο, Εγώ γράφω ένα γράμμα στο κατάστημα.",Greek
ഞാൻ എല്ലാ ദിവസവും ലൈബ്രറിയിൽ വ്യായാമം ചെയ്യുന്നു എന്ന് പറഞ്ഞു.,Malayalam
ನಾನು ಸಂಜೆಯ ಸಮಯದಲ್ಲಿ ಶಾಲೆಯಲ್ಲಿ ಸಿನಿಮಾ ನೋಡುತ್ತೇನೆ ಎಂದು ಹೇಳಿದರು.,Kannada
Εγώ θέλει να διαβάζω ένα βιβλίο στο γραφείο.,Greek
"на этой неделе, Я занимаюсь спортом в парке.",Russian
"ನಾಳೆ, ನಾನು ರೆಸ್ಟೋರೆಂಟ್‌ನಲ್ಲಿ ಕೆಲಸಕ್ಕೆ ಹೋಗುತ್ತೇನೆ.",Kannada
நான் நூலகத்தில் கடிதம் எழுதுகிறேன் தினமும்.,Tamil
"ಸಂಜೆ, ನಾನು ಗ್ರಂಥಾಲಯದಲ್ಲಿ ಪುಸ್ತಕ ಓದುತ್ತೇನೆ.",Kannada
"το βράδυ, Εγώ βλέπω μια ταινία στο νοσοκομείο.",Greek
"σήμερα, Εγώ πίνω καφέ στο γραφείο.",Greek
രാവിലെ സമയത്ത് ഞാൻ ലൈബ്രറിയിൽ സിനിമ കാണുന്നു.,Malayalam
Εγώ κάνω γυμναστική στο γραφείο σήμερα.,Greek
ನಾನು ಶಾಲೆಯಲ್ಲಿ ವಿಶ್ವವಿದ್ಯಾಲಯದಲ್ಲಿ ಓದುತ್ತೇನೆ ಸಂಜೆಯ ಸಮಯದಲ್ಲಿ.,Kannada
"ಸಂಜೆ, ನಾನು ಶಾಲೆಯಲ್ಲಿ ವ್ಯಾಯಾಮ ಮಾಡುತ್ತೇನೆ.",Kannada
நான் காலை நேரத்தில் பல்கலைக்கழகத்தில் கடிதம் எழுதுகிறேன் என்று கூறினார்.,Tamil
"Я сказал, что пишу письмо в офисе на этой неделе.",Russian
"сегодня, Я пишу письмо в библиотеке.",Russian
ഈ ആഴ്ച ഞാൻ ആശുപത്രിയിൽ സർവകലാശാലയിൽ പഠിക്കുന്നു.,Malayalam
"ಈ ವಾರ, ನಾನು ನಗರದಲ್ಲಿ ಕಾಫಿ ಕುಡಿಯುತ್ತೇನೆ.",Kannada
"αυτή την εβδομάδα, Εγώ πηγαίνω στη δουλειά στην πόλη.",Greek
هذا الأسبوع، أنا أذهب إلى العمل في المنزل.,Arabic
ഈ ആഴ്ച ഞാൻ റെസ്റ്റോറന്റിൽ കാപ്പി കുടിക്കുന്നു.,Malayalam
Εγώ είπε ότι σπουδάζω στο πανεπιστήμιο στο πάρκο σήμερα.,Greek
நான் உணவகத்தில் காபி குடிக்கிறேன் இந்த வாரம்.,Tamil
قال أنا إنه أشاهد فيلما في المستشفى اليوم.,Arabic
أنا أكتب رسالة في المدينة اليوم.,Arabic
في المساء، أنا أقرأ كتابا في المتجر.,Arabic
ഞാൻ നാളെ ഓഫീസിൽ പുസ്തകം വായിക്കുന്നു.,Malayalam
"вечером, Я иду на работу в университете.",Russian
"каждый день, Я учусь в университете в школе.",Russian
"இன்று, நான் பல்கலைக்கழகத்தில் மொழி கற்கிறேன்.",Tamil
मैं भाषा सीखता हूँ घर में आज।,Hindi
ഞാൻ ഇന്ന് റെസ്റ്റോറന്റിൽ സിനിമ കാണുന്നു.,Malayalam
"το πρωί, Εγώ σπουδάζω στο πανεπιστήμιο στο σχολείο.",Greek
كل يوم، أنا أتعلم اللغة في المدرسة.,Arabic
أنا أمارس الرياضة في الجامعة صباحا.,Arabic
"ಬೆಳಗಿನ ಸಮಯದಲ್ಲಿ, ನಾನು ಕಚೇರಿಯಲ್ಲಿ ವ್ಯಾಯಾಮ ಮಾಡುತ್ತೇನೆ.",Kannada
मैं किताब पढ़ता हूँ अस्पताल में आज।,Hindi
"காலை நேரத்தில், நான் வீட்டில் பல்கலைக்கழகத்தில் படிக்கிறேன்.",Tamil
"Я сказал, что смотрю фильм в магазине рано утром.",Russian
"सुबह, मैं फिल्म देखता हूँ अस्पताल में।",Hindi
Εγώ είπε ότι πηγαίνω στη δουλειά στη βιβλιοθήκη αυτή την εβδομάδα.,Greek
मैं भाषा सीखता हूँ दुकान में सुबह।,Hindi
Я хочет смотрю фильм в университете.,Russian
"ಸಂಜೆ, ನಾನು ಅಂಗಡಿಯಲ್ಲಿ ಕೆಲಸಕ್ಕೆ ಹೋಗುತ್ತೇನೆ.",Kannada
நான் தினமும் பல்கலைக்கழகத்தில் திரைப்படம் பார்க்கிறேன் என்று கூறினார்.,Tamil
"завтра, Я изучаю язык в городе.",Russian
"αυτή την εβδομάδα, Εγώ σπουδάζω στο πανεπιστήμιο στο νοσοκομείο.",Greek
मैं व्यायाम करता हूँ कार्यालय में शाम को।,Hindi
ഞാൻ ഈ ആഴ്ച സ്കൂളിൽ സർവകലാശാലയിൽ പഠിക്കുന്നു.,Malayalam
"மாலை நேரத்தில், நான் வீட்டில் வேலைக்கு செல்கிறேன்.",Tamil
मैं पत्र लिखता हूँ पार्क में शाम के समय।,Hindi
"हर दिन, मैं व्यायाम करता हूँ रेस्तरां में।",Hindi
Εγώ είπε ότι πίνω καφέ στο νοσοκομείο κάθε μέρα.,Greek
قال أنا إنه أشرب القهوة في المدرسة في الصباح.,Arabic
मैं किताब पढ़ता हूँ स्कूल में हर दिन।,Hindi
Я читаю книгу в ресторане поздно вечером.,Russian
قال أنا إنه أقرأ كتابا في الجامعة غدا.,Arabic
ನಾನು ಗ್ರಂಥಾಲಯದಲ್ಲಿ ವಿಶ್ವವಿದ್ಯಾಲಯದಲ್ಲಿ ಓದುತ್ತೇನೆ ಬೆಳಗಿನ ಸಮಯದಲ್ಲಿ.,Kannada
"மாலையில், நான் உணவகத்தில் வேலைக்கு செல்கிறேன்.",Tamil
"Я сказал, что пью кофе в магазине каждый день.",Russian
"இன்று, நான் வீட்டில் பல்கலைக்கழகத்தில் படிக்கிறேன்.",Tamil
मैं भाषा सीखता हूँ अस्पताल में शाम के समय।,Hindi
قال أنا إنه أشرب القهوة في الجامعة غدا.,Arabic
ನಾನು ಸಂಜೆಯ ಸಮಯದಲ್ಲಿ ಶಾಲೆಯಲ್ಲಿ ಭಾಷೆ ಕಲಿಯುತ್ತೇನೆ ಎಂದು ಹೇಳಿದರು.,Kannada
"आज, मैं फिल्म देखता हूँ विश्वविद्यालय में।",Hindi
ನಾನು ಸಂಜೆಯ ಸಮಯದಲ್ಲಿ ಗ್ರಂಥಾಲಯದಲ್ಲಿ ಸಿನಿಮಾ ನೋಡುತ್ತೇನೆ ಎಂದು ಹೇಳಿದರು.,Kannada
أنا أدرس في الجامعة في الحديقة في المساء.,Arabic
நான் இன்று பல்கலைக்கழகத்தில் உடற்பயிற்சி செய்கிறேன் என்று கூறினார்.,Tamil
"सुबह, मैं चाय पीता हूँ विश्वविद्यालय में।",Hindi
"இந்த வாரம், நான் வீட்டில் பல்கலைக்கழகத்தில் படிக்கிறேன்.",Tamil
Я иду на работу дома на этой неделе.,Russian
Я учусь в университете в университете рано утром.,Russian
நான் காலை நேரத்தில் நூலகத்தில் கடிதம் எழுதுகிறேன் என்று கூறினார்.,Tamil
Я пишу письмо в парке утром.,Russian
"நாளை, நான் பள்ளியில் வேலைக்கு செல்கிறேன்.",Tamil
في المساء، أنا أقرأ كتابا في المكتب.,Arabic
Εγώ πηγαίνω στη δουλειά στη βιβλιοθήκη αργά το βράδυ.,Greek
Я хочет пью кофе дома.,Russian
"தினமும், நான் பள்ளியில் காபி குடிக்கிறேன்.",Tamil
Εγώ μαθαίνω τη γλώσσα στο νοσοκομείο νωρίς το πρωί.,Greek
ഈ ആഴ്ച ഞാൻ സർവകലാശാലയിൽ വ്യായാമം ചെയ്യുന്നു.,Malayalam
"το πρωί, Εγώ μαθαίνω τη γλώσσα στο σπίτι.",Greek
"ಬೆಳಗಿನ ಸಮಯದಲ್ಲಿ, ನಾನು ವಿಶ್ವವಿದ್ಯಾಲಯದಲ್ಲಿ ಪುಸ್ತಕ ಓದುತ್ತೇನೆ.",Kannada
"हर दिन, मैं भाषा सीखता हूँ अस्पताल में।",Hindi
ഞാൻ നാളെ റെസ്റ്റോറന്റിൽ വ്യായാമം ചെയ്യുന്നു എന്ന് പറഞ്ഞു.,Malayalam
"утром, Я смотрю фильм в больнице.",Russian
"ಬೆಳಗಿನ ಸಮಯದಲ್ಲಿ, ನಾನು ವಿಶ್ವವಿದ್ಯಾಲಯದಲ್ಲಿ ಕಾಫಿ ಕುಡಿಯುತ್ತೇನೆ.",Kannada
ನಾನು ಅಂಗಡಿಯಲ್ಲಿ ಕೆಲಸಕ್ಕೆ ಹೋಗುತ್ತೇನೆ ಸಂಜೆ.,Kannada
मैं ने कहा कि वह रेस्तरां में फिल्म देखता हूँ हर दिन।,Hindi
"शाम के समय, मैं पत्र लिखता हूँ शहर में।",Hindi
"ಇಂದು, ನಾನು ಆಸ್ಪತ್ರೆಯಲ್ಲಿ ವ್ಯಾಯಾಮ ಮಾಡುತ್ತೇನೆ.",Kannada
Εγώ είπε ότι κάνω γυμναστική στο πάρκο νωρίς το πρωί.,Greek
"सुबह, मैं चाय पीता हूँ घर में।",Hindi
நான் நகரத்தில் வேலைக்கு செல்கிறேன் நாளை.,Tamil
"இன்று, நான் வீட்டில் வேலைக்கு செல்கிறேன்.",Tamil
मैं पत्र लिखता हूँ रेस्तरां में हर दिन।,Hindi
ഞാൻ ഈ ആഴ്ച കടയിൽ സർവകലാശാലയിൽ പഠിക്കുന്നു.,Malayalam
"Я сказал, что занимаюсь спортом в офисе каждый день.",Russian
"कल, मैं फिल्म देखता हूँ पार्क में।",Hindi
நான் வீட்டில் பல்கலைக்கழகத்தில் படிக்கிறேன் நாளை.,Tamil
நான் நூலகத்தில் வேலைக்கு செல்கிறேன் இன்று.,Tamil
நான் அலுவலகத்தில் உடற்பயிற்சி செய்கிறேன் விரும்புகிறார்.,Tamil
ನಾನು ಬೆಳಿಗ್ಗೆ ಆಸ್ಪತ್ರೆಯಲ್ಲಿ ಕಾಫಿ ಕುಡಿಯುತ್ತೇನೆ ಎಂದು ಹೇಳಿದರು.,Kannada
Я смотрю фильм дома вечером.,Russian
Εγώ είπε ότι διαβάζω ένα βιβλίο στο σχολείο αργά το βράδυ.,Greek
मैं ने कहा कि वह दुकान में किताब पढ़ता हूँ सुबह।,Hindi
ನಾನು ರೆಸ್ಟೋರೆಂಟ್‌ನಲ್ಲಿ ಕೆಲಸಕ್ಕೆ ಹೋಗುತ್ತೇನೆ ಸಂಜೆ.,Kannada
"सुबह के समय, मैं फिल्म देखता हूँ अस्पताल में।",Hindi
Εγώ πηγαίνω στη δουλειά στο σχολείο σήμερα.,Greek
"हर दिन, मैं किताब पढ़ता हूँ पुस्तकालय में।",Hindi
"शाम को, मैं चाय पीता हूँ पार्क में।",Hindi
ഞാൻ നാളെ ലൈബ്രറിയിൽ കാപ്പി കുടിക്കുന്നു എന്ന് പറഞ്ഞു.,Malayalam
Εγώ είπε ότι διαβάζω ένα βιβλίο στην πόλη κάθε μέρα.,Greek
أنا أتعلم اللغة في المنزل هذا الأسبوع.,Arabic
Εγώ είπε ότι πίνω καφέ στη βιβλιοθήκη το πρωί.,Greek
"αυτή την εβδομάδα, Εγώ μαθαίνω τη γλώσσα στο σχολείο.",Greek
ನಾನು ಗ್ರಂಥಾಲಯದಲ್ಲಿ ವ್ಯಾಯಾಮ ಮಾಡುತ್ತೇನೆ ಈ ವಾರ.,Kannada
أنا أقرأ كتابا في المكتبة في المساء.,Arabic
كل يوم، أنا أتعلم اللغة في الحديقة.,Arabic
நான் நாளை பூங்காவில் திரைப்படம் பார்க்கிறேன் என்று கூறினார்.,Tamil
Εγώ διαβάζω ένα βιβλίο στο πανεπιστήμιο αύριο.,Greek
Я читаю книгу в парке завтра.,Russian
ನಾನು ಪ್ರತಿದಿನ ಶಾಲೆಯಲ್ಲಿ ಕೆಲಸಕ್ಕೆ ಹೋಗುತ್ತೇನೆ ಎಂದು ಹೇಳಿದರು.,Kannada
قال أنا إنه أذهب إلى العمل في الحديقة هذا الأسبوع.,Arabic
Εγώ είπε ότι διαβάζω ένα βιβλίο στο σχολείο κάθε μέρα.,Greek
"மாலை நேரத்தில், நான் மருத்துவமனையில் திரைப்படம் பார்க்கிறேன்.",Tamil
"на этой неделе, Я изучаю язык в парке.",Russian
"இந்த வாரம், நான் அலுவலகத்தில் பல்கலைக்கழகத்தில் படிக்கிறேன்.",Tamil
أنا أشاهد فيلما في الجامعة صباحا.,Arabic
Εγώ είπε ότι πηγαίνω στη δουλειά στο κατάστημα σήμερα.,Greek
"தினமும், நான் அலுவலகத்தில் கடிதம் எழுதுகிறேன்.",Tamil
"शाम को, मैं व्यायाम करता हूँ अस्पताल में।",Hindi
ഞാൻ റെസ്റ്റോറന്റിൽ പുസ്തകം വായിക്കുന്നു ആഗ്രഹിക്കുന്നു.,Malayalam
ನಾನು ಅಂಗಡಿಯಲ್ಲಿ ವ್ಯಾಯಾಮ ಮಾಡುತ್ತೇನೆ ಇಂದು.,Kannada
Εγώ μαθαίνω τη γλώσσα στην πόλη το πρωί.,Greek
"Я сказал, что изучаю язык в библиотеке на этой неделе.",Russian
ನಾನು ಸಂಜೆ ಕಚೇರಿಯಲ್ಲಿ ಭಾಷೆ ಕಲಿಯುತ್ತೇನೆ ಎಂದು ಹೇಳಿದರು.,Kannada
"рано утром, Я занимаюсь спортом в ресторане.",Russian
நான் அலுவலகத்தில் வேலைக்கு செல்கிறேன் நாளை.,Tamil
قال أنا إنه أشرب القهوة في الجامعة صباحا.,Arabic
"शाम को, मैं पत्र लिखता हूँ रेस्तरां में।",Hindi
"на этой неделе, Я изучаю язык в библиотеке.",Russian
ഞാൻ രാവിലെ സമയത്ത് ഓഫീസിൽ സിനിമ കാണുന്നു.,Malayalam
"மாலை நேரத்தில், நான் பள்ளியில் மொழி கற்கிறேன்.",Tamil
ഞാൻ റെസ്റ്റോറന്റിൽ സർവകലാശാലയിൽ പഠിക്കുന്നു ആഗ്രഹിക്കുന്നു.,Malayalam
"Я сказал, что пишу письмо в университете рано утром.",Russian
நான் மாலையில் கடையில் வேலைக்கு செல்கிறேன் என்று கூறினார்.,Tamil
"ಈ ವಾರ, ನಾನು ಅಂಗಡಿಯಲ್ಲಿ ವಿಶ್ವವಿದ್ಯಾಲಯದಲ್ಲಿ ಓದುತ್ತೇನೆ.",Kannada
ഈ ആഴ്ച ഞാൻ ലൈബ്രറിയിൽ സർവകലാശാലയിൽ പഠിക്കുന്നു.,Malayalam
قال أنا إنه أقرأ كتابا في المدرسة كل يوم.,Arabic
ഞാൻ വൈകുന്നേരം സമയത്ത് സ്കൂളിൽ ജോലിക്ക് പോകുന്നു.,Malayalam
ഞാൻ വൈകുന്നേരം നഗരത്തിൽ ഭാഷ പഠിക്കുന്നു.,Malayalam
"தினமும், நான் வீட்டில் உடற்பயிற்சி செய்கிறேன்.",Tamil
मैं ने कहा कि वह घर में किताब पढ़ता हूँ शाम के समय।,Hindi
أنا أشاهد فيلما في المدينة في المساء.,Arabic
أنا أكتب رسالة في المدينة غدا.,Arabic
ನಾನು ನಗರದಲ್ಲಿ ವಿಶ್ವವಿದ್ಯಾಲಯದಲ್ಲಿ ಓದುತ್ತೇನೆ ಸಂಜೆ.,Kannada
நான் காலை நேரத்தில் அலுவலகத்தில் புத்தகம் படிக்கிறேன் என்று கூறினார்.,Tamil
Εγώ είπε ότι κάνω γυμναστική στο πανεπιστήμιο σήμερα.,Greek
Εγώ βλέπω μια ταινία στο πανεπιστήμιο σήμερα.,Greek
ನಾನು ಸಂಜೆ ಮನೆಯಲ್ಲಿ ಕಾಫಿ ಕುಡಿಯುತ್ತೇನೆ ಎಂದು ಹೇಳಿದರು.,Kannada
"காலை நேரத்தில், நான் நூலகத்தில் புத்தகம் படிக்கிறேன்.",Tamil
Εγώ σπουδάζω στο πανεπιστήμιο στο πανεπιστήμιο αργά το βράδυ.,Greek
நான் மாலை நேரத்தில் பூங்காவில் திரைப்படம் பார்க்கிறேன் என்று கூறினார்.,Tamil
"सुबह के समय, मैं विश्वविद्यालय में पढ़ता हूँ पार्क में।",Hindi
Εγώ είπε ότι κάνω γυμναστική στο εστιατόριο το βράδυ.,Greek
ನಾನು ಈ ವಾರ ಶಾಲೆಯಲ್ಲಿ ಭಾಷೆ ಕಲಿಯುತ್ತೇನೆ ಎಂದು ಹೇಳಿದರು.,Kannada
मैं पार्क में काम पर जाता हूँ चाहता है।,Hindi
நான் காலையில் பல்கலைக்கழகத்தில் கடிதம் எழுதுகிறேன் என்று கூறினார்.,Tamil
قال أنا إنه أكتب رسالة في المدرسة صباحا.,Arabic
ഞാൻ രാവിലെ സർവകലാശാലയിൽ കത്ത് എഴുതുന്നു.,Malayalam
ഞാൻ രാവിലെ സമയത്ത് പാർക്കിൽ സിനിമ കാണുന്നു.,Malayalam
"рано утром, Я иду на работу в парке.",Russian
Εγώ είπε ότι σπουδάζω στο πανεπιστήμιο στο σπίτι κάθε μέρα.,Greek
ನಾನು ನಗರದಲ್ಲಿ ಪತ್ರ ಬರೆಯುತ್ತೇನೆ ನಾಳೆ.,Kannada
"утром, Я изучаю язык в городе.",Russian
நான் தினமும் அலுவலகத்தில் பல்கலைக்கழகத்தில் படிக்கிறேன் என்று கூறினார்.,Tamil
ഞാൻ വൈകുന്നേരം സമയത്ത് കടയിൽ ജോലിക്ക് പോകുന്നു എന്ന് പറഞ്ഞു.,Malayalam
मैं ने कहा कि वह विश्वविद्यालय में व्यायाम करता हूँ शाम को।,Hindi
"утром, Я изучаю язык в больнице.",Russian
"सुबह, मैं भाषा सीखता हूँ विश्वविद्यालय में।",Hindi
Εγώ κάνω γυμναστική στο κατάστημα το βράδυ.,Greek
"सुबह के समय, मैं चाय पीता हूँ घर में।",Hindi
ನಾನು ಸಂಜೆ ಶಾಲೆಯಲ್ಲಿ ಕಾಫಿ ಕುಡಿಯುತ್ತೇನೆ ಎಂದು ಹೇಳಿದರು.,Kannada
Εγώ είπε ότι διαβάζω ένα βιβλίο στο πανεπιστήμιο σήμερα.,Greek
நான் அலுவலகத்தில் உடற்பயிற்சி செய்கிறேன் காலையில்.,Tamil
ನಾನು ಸಂಜೆ ವಿಶ್ವವಿದ್ಯಾಲಯದಲ್ಲಿ ಕೆಲಸಕ್ಕೆ ಹೋಗುತ್ತೇನೆ ಎಂದು ಹೇಳಿದರು.,Kannada
ഞാൻ സ്കൂളിൽ സിനിമ കാണുന്നു ആഗ്രഹിക്കുന്നു.,Malayalam
ನಾನು ಬೆಳಗಿನ ಸಮಯದಲ್ಲಿ ಗ್ರಂಥಾಲಯದಲ್ಲಿ ಕೆಲಸಕ್ಕೆ ಹೋಗುತ್ತೇನೆ ಎಂದು ಹೇಳಿದರು.,Kannada
"ಸಂಜೆಯ ಸಮಯದಲ್ಲಿ, ನಾನು ಉದ್ಯಾನವನದಲ್ಲಿ ವ್ಯಾಯಾಮ ಮಾಡುತ್ತೇನೆ.",Kannada
मैं ने कहा कि वह दुकान में काम पर जाता हूँ सुबह।,Hindi
நான் மருத்துவமனையில் மொழி கற்கிறேன் மாலை நேரத்தில்.,Tamil
"कल, मैं फिल्म देखता हूँ पुस्तकालय में।",Hindi
Εγώ κάνω γυμναστική στο σχολείο αύριο.,Greek
هذا الأسبوع، أنا أدرس في الجامعة في المكتب.,Arabic
ഞാൻ വൈകുന്നേരം സമയത്ത് ആശുപത്രിയിൽ വ്യായാമം ചെയ്യുന്നു എന്ന് പറഞ്ഞു.,Malayalam
Я учусь в университете в магазине рано утром.,Russian
ഞാൻ റെസ്റ്റോറന്റിൽ വ്യായാമം ചെയ്യുന്നു ആഗ്രഹിക്കുന്നു.,Malayalam
Εγώ είπε ότι βλέπω μια ταινία στο γραφείο νωρίς το πρωί.,Greek
मैं पत्र लिखता हूँ पार्क में कल।,Hindi
"νωρίς το πρωί, Εγώ πίνω καφέ στο σπίτι.",Greek
"மாலை நேரத்தில், நான் நகரத்தில் காபி குடிக்கிறேன்.",Tamil
मैं ने कहा कि वह पार्क में व्यायाम करता हूँ सुबह।,Hindi
ನಾನು ಗ್ರಂಥಾಲಯದಲ್ಲಿ ಪುಸ್ತಕ ಓದುತ್ತೇನೆ ಬೆಳಗಿನ ಸಮಯದಲ್ಲಿ.,Kannada
நான் மாலை நேரத்தில் அலுவலகத்தில் புத்தகம் படிக்கிறேன் என்று கூறினார்.,Tamil
"το πρωί, Εγώ βλέπω μια ταινία στη βιβλιοθήκη.",Greek
"Я сказал, что занимаюсь спортом в ресторане утром.",Russian
मैं ने कहा कि वह अस्पताल में विश्वविद्यालय में पढ़ता हूँ आज।,Hindi
ನಾನು ಬೆಳಗಿನ ಸಮಯದಲ್ಲಿ ಗ್ರಂಥಾಲಯದಲ್ಲಿ ಪತ್ರ ಬರೆಯುತ್ತೇನೆ ಎಂದು ಹೇಳಿದರು.,Kannada
اليوم، أنا أذهب إلى العمل في المدينة.,Arabic
Εγώ είπε ότι βλέπω μια ταινία στο σχολείο το βράδυ.,Greek
ഞാൻ വൈകുന്നേരം സമയത്ത് ആശുപത്രിയിൽ കാപ്പി കുടിക്കുന്നു.,Malayalam
"сегодня, Я учусь в университете в городе.",Russian
मैं विश्वविद्यालय में पढ़ता हूँ घर में आज।,Hindi
ನಾನು ಬೆಳಿಗ್ಗೆ ಗ್ರಂಥಾಲಯದಲ್ಲಿ ಪತ್ರ ಬರೆಯುತ್ತೇನೆ ಎಂದು ಹೇಳಿದರು.,Kannada
ನಾನು ಪ್ರತಿದಿನ ಉದ್ಯಾನವನದಲ್ಲಿ ಪುಸ್ತಕ ಓದುತ್ತೇನೆ ಎಂದು ಹೇಳಿದರು.,Kannada
मैं व्यायाम करता हूँ स्कूल में सुबह।,Hindi
قال أنا إنه أتعلم اللغة في المتجر صباحا.,Arabic
قال أنا إنه أقرأ كتابا في المدينة هذا الأسبوع.,Arabic
मैं किताब पढ़ता हूँ घर में शाम के समय।,Hindi
"ಸಂಜೆಯ ಸಮಯದಲ್ಲಿ, ನಾನು ವಿಶ್ವವಿದ್ಯಾಲಯದಲ್ಲಿ ಭಾಷೆ ಕಲಿಯುತ್ತೇನೆ.",Kannada
"νωρίς το πρωί, Εγώ σπουδάζω στο πανεπιστήμιο στο σχολείο.",Greek
ഞാൻ നാളെ പാർക്കിൽ പുസ്തകം വായിക്കുന്നു.,Malayalam
Εγώ πηγαίνω στη δουλειά στο πανεπιστήμιο αύριο.,Greek
Я читаю книгу в парке вечером.,Russian
Εγώ είπε ότι διαβάζω ένα βιβλίο στο κατάστημα αύριο.,Greek
Я учусь в университете в ресторане вечером.,Russian
Εγώ είπε ότι διαβάζω ένα βιβλίο στο γραφείο νωρίς το πρωί.,Greek
நான் உணவகத்தில் மொழி கற்கிறேன் இந்த வாரம்.,Tamil
ನಾನು ರೆಸ್ಟೋರೆಂಟ್‌ನಲ್ಲಿ ಕೆಲಸಕ್ಕೆ ಹೋಗುತ್ತೇನೆ ಮಾಡಲು ಬಯಸುತ್ತಾನೆ.,Kannada
"сегодня, Я учусь в университете в офисе.",Russian
ನಾನು ನಾಳೆ ಆಸ್ಪತ್ರೆಯಲ್ಲಿ ಭಾಷೆ ಕಲಿಯುತ್ತೇನೆ ಎಂದು ಹೇಳಿದರು.,Kannada
ನಾನು ಇಂದು ಮನೆಯಲ್ಲಿ ಕೆಲಸಕ್ಕೆ ಹೋಗುತ್ತೇನೆ ಎಂದು ಹೇಳಿದರು.,Kannada
நான் அலுவலகத்தில் வேலைக்கு செல்கிறேன் விரும்புகிறார்.,Tamil
Εγώ μαθαίνω τη γλώσσα στο πάρκο αύριο.,Greek
"ಸಂಜೆಯ ಸಮಯದಲ್ಲಿ, ನಾನು ಮನೆಯಲ್ಲಿ ಪತ್ರ ಬರೆಯುತ್ತೇನೆ.",Kannada
"ಪ್ರತಿದಿನ, ನಾನು ರೆಸ್ಟೋರೆಂಟ್‌ನಲ್ಲಿ ವ್ಯಾಯಾಮ ಮಾಡುತ್ತೇನೆ.",Kannada
"νωρίς το πρωί, Εγώ βλέπω μια ταινία στο σπίτι.",Greek
"поздно вечером, Я пью кофе в школе.",Russian
"ಬೆಳಗಿನ ಸಮಯದಲ್ಲಿ, ನಾನು ಅಂಗಡಿಯಲ್ಲಿ ವಿಶ್ವವಿದ್ಯಾಲಯದಲ್ಲಿ ಓದುತ್ತೇನೆ.",Kannada
ನಾನು ಶಾಲೆಯಲ್ಲಿ ಸಿನಿಮಾ ನೋಡುತ್ತೇನೆ ಈ ವಾರ.,Kannada
صباحا، أنا أذهب إلى العمل في المكتبة.,Arabic
Εγώ είπε ότι πίνω καφέ στο νοσοκομείο το βράδυ.,Greek
நான் பள்ளியில் கடிதம் எழுதுகிறேன் இந்த வாரம்.,Tamil
قال أنا إنه أقرأ كتابا في الجامعة مساء.,Arabic
ഞാൻ ഈ ആഴ്ച വീട്ടിൽ വ്യായാമം ചെയ്യുന്നു എന്ന് പറഞ്ഞു.,Malayalam
मैं विश्वविद्यालय में पढ़ता हूँ पार्क में सुबह।,Hindi
Εγώ είπε ότι βλέπω μια ταινία στην πόλη σήμερα.,Greek
நான் உணவகத்தில் வேலைக்கு செல்கிறேன் தினமும்.,Tamil
قال أنا إنه أكتب رسالة في المكتبة اليوم.,Arabic
"завтра, Я занимаюсь спортом в парке.",Russian
मैं विश्वविद्यालय में पढ़ता हूँ शहर में आज।,Hindi
Εγώ κάνω γυμναστική στη βιβλιοθήκη κάθε μέρα.,Greek
Я смотрю фильм в городе завтра.,Russian
"இந்த வாரம், நான் நகரத்தில் திரைப்படம் பார்க்கிறேன்.",Tamil
ഞാൻ ഇന്ന് പാർക്കിൽ കത്ത് എഴുതുന്നു എന്ന് പറഞ്ഞു.,Malayalam
मैं किताब पढ़ता हूँ रेस्तरां में इस सप्ताह।,Hindi
"நாளை, நான் உணவகத்தில் திரைப்படம் பார்க்கிறேன்.",Tamil
"Я сказал, что изучаю язык в офисе поздно вечером.",Russian
நான் மாலையில் மருத்துவமனையில் வேலைக்கு செல்கிறேன் என்று கூறினார்.,Tamil
വൈകുന്നേരം ഞാൻ സ്കൂളിൽ കത്ത് എഴുതുന്നു.,Malayalam
أنا يريد أن أذهب إلى العمل في المكتب.,Arabic
"каждый день, Я занимаюсь спортом в университете.",Russian
Εγώ πίνω καφέ στο πανεπιστήμιο σήμερα.,Greek
"ಈ ವಾರ, ನಾನು ಮನೆಯಲ್ಲಿ ವ್ಯಾಯಾಮ ಮಾಡುತ್ತೇನೆ.",Kannada
"शाम को, मैं पत्र लिखता हूँ अस्पताल में।",Hindi
രാവിലെ ഞാൻ സ്കൂളിൽ സിനിമ കാണുന്നു.,Malayalam
"காலையில், நான் கடையில் பல்கலைக்கழகத்தில் படிக்கிறேன்.",Tamil
"ಸಂಜೆಯ ಸಮಯದಲ್ಲಿ, ನಾನು ಕಚೇರಿಯಲ್ಲಿ ವಿಶ್ವವಿದ್ಯಾಲಯದಲ್ಲಿ ಓದುತ್ತೇನೆ.",Kannada
قال أنا إنه أدرس في الجامعة في المكتب اليوم.,Arabic
"इस सप्ताह, मैं किताब पढ़ता हूँ कार्यालय में।",Hindi
"தினமும், நான் அலுவலகத்தில் வேலைக்கு செல்கிறேன்.",Tamil
ഞാൻ വൈകുന്നേരം സമയത്ത് സ്കൂളിൽ പുസ്തകം വായിക്കുന്നു എന്ന് പറഞ്ഞു.,Malayalam
ನಾನು ಗ್ರಂಥಾಲಯದಲ್ಲಿ ಕೆಲಸಕ್ಕೆ ಹೋಗುತ್ತೇನೆ ಬೆಳಿಗ್ಗೆ.,Kannada
أنا أدرس في الجامعة في المستشفى اليوم.,Arabic
ನಾನು ಕಚೇರಿಯಲ್ಲಿ ಕೆಲಸಕ್ಕೆ ಹೋಗುತ್ತೇನೆ ಮಾಡಲು ಬಯಸುತ್ತಾನೆ.,Kannada
ನಾನು ನಾಳೆ ಕಚೇರಿಯಲ್ಲಿ ವಿಶ್ವವಿದ್ಯಾಲಯದಲ್ಲಿ ಓದುತ್ತೇನೆ ಎಂದು ಹೇಳಿದರು.,Kannada
"தினமும், நான் நகரத்தில் மொழி கற்கிறேன்.",Tamil
أنا يريد أن أمارس الرياضة في المنزل.,Arabic
"Я сказал, что занимаюсь спортом в парке каждый день.",Russian
Εγώ βλέπω μια ταινία στο εστιατόριο νωρίς το πρωί.,Greek
Я иду на работу в больнице утром.,Russian
Я смотрю фильм в городе утром.,Russian
"каждый день, Я читаю книгу дома.",Russian
ഞാൻ എല്ലാ ദിവസവും സ്കൂളിൽ പുസ്തകം വായിക്കുന്നു.,Malayalam
قال أنا إنه أتعلم اللغة في المستشفى اليوم.,Arabic
"ಇಂದು, ನಾನು ನಗರದಲ್ಲಿ ಸಿನಿಮಾ ನೋಡುತ್ತೇನೆ.",Kannada
நான் உணவகத்தில் உடற்பயிற்சி செய்கிறேன் மாலையில்.,Tamil
ನಾನು ಪ್ರತಿದಿನ ಮನೆಯಲ್ಲಿ ವಿಶ್ವವಿದ್ಯಾಲಯದಲ್ಲಿ ಓದುತ್ತೇನೆ ಎಂದು ಹೇಳಿದರು.,Kannada
"மாலை நேரத்தில், நான் உணவகத்தில் மொழி கற்கிறேன்.",Tamil
நான் தினமும் கடையில் மொழி கற்கிறேன் என்று கூறினார்.,Tamil
ನಾನು ಇಂದು ಶಾಲೆಯಲ್ಲಿ ಕೆಲಸಕ್ಕೆ ಹೋಗುತ್ತೇನೆ ಎಂದು ಹೇಳಿದರು.,Kannada
ನಾನು ಪ್ರತಿದಿನ ಅಂಗಡಿಯಲ್ಲಿ ಕೆಲಸಕ್ಕೆ ಹೋಗುತ್ತೇನೆ ಎಂದು ಹೇಳಿದರು.,Kannada
ഞാൻ വൈകുന്നേരം സമയത്ത് ഓഫീസിൽ സിനിമ കാണുന്നു എന്ന് പറഞ്ഞു.,Malayalam
في الصباح، أنا أذهب إلى العمل في المدرسة.,Arabic
ഞാൻ ഇന്ന് റെസ്റ്റോറന്റിൽ കാപ്പി കുടിക്കുന്നു എന്ന് പറഞ്ഞു.,Malayalam
Я изучаю язык в парке сегодня.,Russian
"कल, मैं पत्र लिखता हूँ रेस्तरां में।",Hindi
Εγώ είπε ότι κάνω γυμναστική στο πάρκο αυτή την εβδομάδα.,Greek
"इस सप्ताह, मैं विश्वविद्यालय में पढ़ता हूँ पार्क में।",Hindi
قال أنا إنه أذهب إلى العمل في الجامعة في المساء.,Arabic
ನಾನು ಬೆಳಿಗ್ಗೆ ರೆಸ್ಟೋರೆಂಟ್‌ನಲ್ಲಿ ವಿಶ್ವವಿದ್ಯಾಲಯದಲ್ಲಿ ಓದುತ್ತೇನೆ ಎಂದು ಹೇಳಿದರು.,Kannada
"மாலையில், நான் வீட்டில் மொழி கற்கிறேன்.",Tamil
Εγώ είπε ότι πίνω καφέ στο κατάστημα αύριο.,Greek
قال أنا إنه أكتب رسالة في المكتبة هذا الأسبوع.,Arabic
"αύριο, Εγώ γράφω ένα γράμμα στο πανεπιστήμιο.",Greek
ನಾನು ಶಾಲೆಯಲ್ಲಿ ಸಿನಿಮಾ ನೋಡುತ್ತೇನೆ ಬೆಳಗಿನ ಸಮಯದಲ್ಲಿ.,Kannada
"каждый день, Я пью кофе дома.",Russian
أنا أشاهد فيلما في المستشفى في المساء.,Arabic
ഞാൻ രാവിലെ സമയത്ത് പാർക്കിൽ വ്യായാമം ചെയ്യുന്നു എന്ന് പറഞ്ഞു.,Malayalam
"शाम को, मैं विश्वविद्यालय में पढ़ता हूँ विश्वविद्यालय में।",Hindi
मैं ने कहा कि वह कार्यालय में पत्र लिखता हूँ शाम के समय।,Hindi
நான் தினமும் பள்ளியில் மொழி கற்கிறேன் என்று கூறினார்.,Tamil
நான் இந்த வாரம் பள்ளியில் மொழி கற்கிறேன் என்று கூறினார்.,Tamil
Я занимаюсь спортом в больнице на этой неделе.,Russian
صباحا، أنا أقرأ كتابا في المتجر.,Arabic
நான் வீட்டில் உடற்பயிற்சி செய்கிறேன் இன்று.,Tamil
मैं व्यायाम करता हूँ अस्पताल में सुबह।,Hindi
Εγώ είπε ότι πηγαίνω στη δουλειά στο εστιατόριο αύριο.,Greek
ഞാൻ ഇന്ന് വീട്ടിൽ സർവകലാശാലയിൽ പഠിക്കുന്നു.,Malayalam
"Я сказал, что занимаюсь спортом в городе завтра.",Russian
قال أنا إنه أتعلم اللغة في المكتب اليوم.,Arabic
ನಾನು ವಿಶ್ವವಿದ್ಯಾಲಯದಲ್ಲಿ ವಿಶ್ವವಿದ್ಯಾಲಯದಲ್ಲಿ ಓದುತ್ತೇನೆ ನಾಳೆ.,Kannada
أنا أشرب القهوة في المكتب غدا.,Arabic
أنا أتعلم اللغة في المتجر في المساء.,Arabic
நான் மாலை நேரத்தில் பல்கலைக்கழகத்தில் காபி குடிக்கிறேன் என்று கூறினார்.,Tamil
"மாலையில், நான் பூங்காவில் காபி குடிக்கிறேன்.",Tamil
أنا أشاهد فيلما في المدينة مساء.,Arabic
Εγώ είπε ότι βλέπω μια ταινία στο πάρκο σήμερα.,Greek
"Я сказал, что учусь в университете в парке утром.",Russian
Εγώ είπε ότι βλέπω μια ταινία στην πόλη το βράδυ.,Greek
"завтра, Я изучаю язык в магазине.",Russian
هذا الأسبوع، أنا أشاهد فيلما في المطعم.,Arabic
मैं पत्र लिखता हूँ विश्वविद्यालय में सुबह।,Hindi
"Я сказал, что учусь в университете в школе на этой неделе.",Russian
ഞാൻ എല്ലാ ദിവസവും സർവകലാശാലയിൽ കത്ത് എഴുതുന്നു.,Malayalam
நான் வீட்டில் பல்கலைக்கழகத்தில் படிக்கிறேன் மாலையில்.,Tamil
ഞാൻ വീട്ടിൽ സിനിമ കാണുന്നു ആഗ്രഹിക്കുന്നു.,Malayalam
ഞാൻ ഈ ആഴ്ച നഗരത്തിൽ പുസ്തകം വായിക്കുന്നു.,Malayalam
मैं ने कहा कि वह दुकान में विश्वविद्यालय में पढ़ता हूँ सुबह।,Hindi
Я занимаюсь спортом в больнице рано утром.,Russian
Εγώ είπε ότι μαθαίνω τη γλώσσα στο γραφείο το πρωί.,Greek
രാവിലെ സമയത്ത് ഞാൻ നഗരത്തിൽ സർവകലാശാലയിൽ പഠിക്കുന്നു.,Malayalam
Εγώ πηγαίνω στη δουλειά στο σπίτι αύριο.,Greek
நான் மாலை நேரத்தில் கடையில் மொழி கற்கிறேன் என்று கூறினார்.,Tamil
"ಈ ವಾರ, ನಾನು ರೆಸ್ಟೋರೆಂಟ್‌ನಲ್ಲಿ ವಿಶ್ವವಿದ್ಯಾಲಯದಲ್ಲಿ ಓದುತ್ತೇನೆ.",Kannada
நான் வீட்டில் புத்தகம் படிக்கிறேன் காலை நேரத்தில்.,Tamil
ನಾನು ಈ ವಾರ ಮನೆಯಲ್ಲಿ ಭಾಷೆ ಕಲಿಯುತ್ತೇನೆ ಎಂದು ಹೇಳಿದರು.,Kannada
நான் கடையில் திரைப்படம் பார்க்கிறேன் மாலை நேரத்தில்.,Tamil
ನಾನು ಉದ್ಯಾನವನದಲ್ಲಿ ಕೆಲಸಕ್ಕೆ ಹೋಗುತ್ತೇನೆ ಪ್ರತಿದಿನ.,Kannada
Я смотрю фильм в больнице поздно вечером.,Russian
Εγώ είπε ότι κάνω γυμναστική στη βιβλιοθήκη νωρίς το πρωί.,Greek
أنا أكتب رسالة في المنزل صباحا.,Arabic
Εγώ πίνω καφέ στο νοσοκομείο νωρίς το πρωί.,Greek
Εγώ μαθαίνω τη γλώσσα στο σχολείο αργά το βράδυ.,Greek
Я читаю книгу в школе на этой неделе.,Russian
"το πρωί, Εγώ πηγαίνω στη δουλειά στο νοσοκομείο.",Greek
நான் தினமும் கடையில் காபி குடிக்கிறேன் என்று கூறினார்.,Tamil
"вечером, Я пишу письмо в городе.",Russian
मैं व्यायाम करता हूँ पार्क में आज।,Hindi
أنا يريد أن أتعلم اللغة في المتجر.,Arabic
"हर दिन, मैं काम पर जाता हूँ अस्पताल में।",Hindi
قال أنا إنه أتعلم اللغة في المنزل اليوم.,Arabic
ഞാൻ നാളെ നഗരത്തിൽ സർവകലാശാലയിൽ പഠിക്കുന്നു എന്ന് പറഞ്ഞു.,Malayalam
"Я сказал, что пишу письмо в университете поздно вечером.",Russian
ನಾನು ಆಸ್ಪತ್ರೆಯಲ್ಲಿ ವಿಶ್ವವಿದ್ಯಾಲಯದಲ್ಲಿ ಓದುತ್ತೇನೆ ಈ ವಾರ.,Kannada
मैं ने कहा कि वह स्कूल में भाषा सीखता हूँ कल।,Hindi
في المساء، أنا أشرب القهوة في الجامعة.,Arabic
"शाम के समय, मैं किताब पढ़ता हूँ रेस्तरां में।",Hindi
ನಾನು ನಗರದಲ್ಲಿ ವ್ಯಾಯಾಮ ಮಾಡುತ್ತೇನೆ ಈ ವಾರ.,Kannada
أنا أكتب رسالة في المدينة في المساء.,Arabic
Я хочет пишу письмо в библиотеке.,Russian
"ಈ ವಾರ, ನಾನು ಶಾಲೆಯಲ್ಲಿ ವಿಶ್ವವಿದ್ಯಾಲಯದಲ್ಲಿ ಓದುತ್ತೇನೆ.",Kannada
"காலையில், நான் மருத்துவமனையில் திரைப்படம் பார்க்கிறேன்.",Tamil
நான் காலையில் மருத்துவமனையில் புத்தகம் படிக்கிறேன் என்று கூறினார்.,Tamil
ನಾನು ಇಂದು ಶಾಲೆಯಲ್ಲಿ ವಿಶ್ವವಿದ್ಯಾಲಯದಲ್ಲಿ ಓದುತ್ತೇನೆ ಎಂದು ಹೇಳಿದರು.,Kannada
ನಾನು ಶಾಲೆಯಲ್ಲಿ ಪುಸ್ತಕ ಓದುತ್ತೇನೆ ಮಾಡಲು ಬಯಸುತ್ತಾನೆ.,Kannada
मैं ने कहा कि वह अस्पताल में फिल्म देखता हूँ शाम को।,Hindi
ഞാൻ വീട്ടിൽ കത്ത് എഴുതുന്നു ആഗ്രഹിക്കുന്നു.,Malayalam
Я хочет смотрю фильм в городе.,Russian
நான் பூங்காவில் கடிதம் எழுதுகிறேன் தினமும்.,Tamil
"αύριο, Εγώ σπουδάζω στο πανεπιστήμιο στο νοσοκομείο.",Greek
"Я сказал, что изучаю язык в больнице завтра.",Russian
"ಇಂದು, ನಾನು ವಿಶ್ವವಿದ್ಯಾಲಯದಲ್ಲಿ ಪುಸ್ತಕ ಓದುತ್ತೇನೆ.",Kannada
أنا أشرب القهوة في المطعم في المساء.,Arabic
ನಾನು ವಿಶ್ವವಿದ್ಯಾಲಯದಲ್ಲಿ ಪತ್ರ ಬರೆಯುತ್ತೇನೆ ಬೆಳಿಗ್ಗೆ.,Kannada
Εγώ θέλει να διαβάζω ένα βιβλίο στο πάρκο.,Greek
اليوم، أنا أذهب إلى العمل في المستشفى.,Arabic
"на этой неделе, Я занимаюсь спортом в школе.",Russian
اليوم، أنا أتعلم اللغة في المدرسة.,Arabic
ನಾನು ಪ್ರತಿದಿನ ವಿಶ್ವವಿದ್ಯಾಲಯದಲ್ಲಿ ಕಾಫಿ ಕುಡಿಯುತ್ತೇನೆ ಎಂದು ಹೇಳಿದರು.,Kannada
ನಾನು ನಗರದಲ್ಲಿ ಪತ್ರ ಬರೆಯುತ್ತೇನೆ ಸಂಜೆಯ ಸಮಯದಲ್ಲಿ.,Kannada
मैं विश्वविद्यालय में पढ़ता हूँ रेस्तरां में शाम के समय।,Hindi
ഞാൻ രാവിലെ സമയത്ത് ഓഫീസിൽ ജോലിക്ക് പോകുന്നു എന്ന് പറഞ്ഞു.,Malayalam
നാളെ ഞാൻ ഓഫീസിൽ കാപ്പി കുടിക്കുന്നു.,Malayalam
Εγώ μαθαίνω τη γλώσσα στο σπίτι αργά το βράδυ.,Greek
ഞാൻ രാവിലെ കടയിൽ സർവകലാശാലയിൽ പഠിക്കുന്നു.,Malayalam
Εγώ είπε ότι κάνω γυμναστική στη βιβλιοθήκη αύριο.,Greek
Εγώ βλέπω μια ταινία στο γραφείο σήμερα.,Greek
"ಇಂದು, ನಾನು ಆಸ್ಪತ್ರೆಯಲ್ಲಿ ಕೆಲಸಕ್ಕೆ ಹೋಗುತ್ತೇನೆ.",Kannada
ನಾನು ವಿಶ್ವವಿದ್ಯಾಲಯದಲ್ಲಿ ಸಿನಿಮಾ ನೋಡುತ್ತೇನೆ ನಾಳೆ.,Kannada
ഞാൻ വൈകുന്നേരം സ്കൂളിൽ പുസ്തകം വായിക്കുന്നു എന്ന് പറഞ്ഞു.,Malayalam
എല്ലാ ദിവസവും ഞാൻ സ്കൂളിൽ വ്യായാമം ചെയ്യുന്നു.,Malayalam
"நாளை, நான் பள்ளியில் பல்கலைக்கழகத்தில் படிக்கிறேன்.",Tamil
मैं व्यायाम करता हूँ विश्वविद्यालय में हर दिन।,Hindi
Εγώ μαθαίνω τη γλώσσα στο κατάστημα αργά το βράδυ.,Greek
நான் இந்த வாரம் பல்கலைக்கழகத்தில் உடற்பயிற்சி செய்கிறேன் என்று கூறினார்.,Tamil
قال أنا إنه أتعلم اللغة في المستشفى هذا الأسبوع.,Arabic
"सुबह, मैं भाषा सीखता हूँ कार्यालय में।",Hindi
"ಸಂಜೆ, ನಾನು ಮನೆಯಲ್ಲಿ ಕೆಲಸಕ್ಕೆ ಹೋಗುತ್ತೇನೆ.",Kannada
मैं ने कहा कि वह अस्पताल में विश्वविद्यालय में पढ़ता हूँ इस सप्ताह।,Hindi
أنا أشرب القهوة في المطعم صباحا.,Arabic
நான் உணவகத்தில் மொழி கற்கிறேன் காலையில்.,Tamil
ನಾನು ಈ ವಾರ ಆಸ್ಪತ್ರೆಯಲ್ಲಿ ಸಿನಿಮಾ ನೋಡುತ್ತೇನೆ ಎಂದು ಹೇಳಿದರು.,Kannada
"Я сказал, что учусь в университете в больнице на этой неделе.",Russian
ನಾನು ಅಂಗಡಿಯಲ್ಲಿ ಪುಸ್ತಕ ಓದುತ್ತೇನೆ ಸಂಜೆಯ ಸಮಯದಲ್ಲಿ.,Kannada
أنا أقرأ كتابا في الجامعة هذا الأسبوع.,Arabic
ನಾನು ಗ್ರಂಥಾಲಯದಲ್ಲಿ ವ್ಯಾಯಾಮ ಮಾಡುತ್ತೇನೆ ಮಾಡಲು ಬಯಸುತ್ತಾನೆ.,Kannada
मैं पत्र लिखता हूँ घर में इस सप्ताह।,Hindi
Εγώ διαβάζω ένα βιβλίο στο γραφείο σήμερα.,Greek
ഞാൻ ഈ ആഴ്ച സ്കൂളിൽ ജോലിക്ക് പോകുന്നു എന്ന് പറഞ്ഞു.,Malayalam
நான் மாலையில் பூங்காவில் காபி குடிக்கிறேன் என்று கூறினார்.,Tamil
நான் மருத்துவமனையில் காபி குடிக்கிறேன் தினமும்.,Tamil
مساء، أنا أكتب رسالة في المنزل.,Arabic
"Я сказал, что смотрю фильм в библиотеке вечером.",Russian
मैं ने कहा कि वह विश्वविद्यालय में विश्वविद्यालय में पढ़ता हूँ शाम को।,Hindi
ನಾನು ರೆಸ್ಟೋರೆಂಟ್‌ನಲ್ಲಿ ವಿಶ್ವವಿದ್ಯಾಲಯದಲ್ಲಿ ಓದುತ್ತೇನೆ ಸಂಜೆಯ ಸಮಯದಲ್ಲಿ.,Kannada
"இந்த வாரம், நான் பூங்காவில் வேலைக்கு செல்கிறேன்.",Tamil
"αύριο, Εγώ μαθαίνω τη γλώσσα στο εστιατόριο.",Greek
"आज, मैं व्यायाम करता हूँ पार्क में।",Hindi
நான் மாலை நேரத்தில் பள்ளியில் மொழி கற்கிறேன் என்று கூறினார்.,Tamil
في الصباح، أنا أكتب رسالة في المستشفى.,Arabic
"ಸಂಜೆ, ನಾನು ನಗರದಲ್ಲಿ ಕೆಲಸಕ್ಕೆ ಹೋಗುತ್ತೇನೆ.",Kannada
ನಾನು ಪ್ರತಿದಿನ ಅಂಗಡಿಯಲ್ಲಿ ಸಿನಿಮಾ ನೋಡುತ್ತೇನೆ ಎಂದು ಹೇಳಿದರು.,Kannada
"कल, मैं व्यायाम करता हूँ स्कूल में।",Hindi
मैं किताब पढ़ता हूँ अस्पताल में सुबह के समय।,Hindi
രാവിലെ ഞാൻ പാർക്കിൽ ജോലിക്ക് പോകുന്നു.,Malayalam
"Я сказал, что пишу письмо в библиотеке завтра.",Russian
"इस सप्ताह, मैं विश्वविद्यालय में पढ़ता हूँ शहर में।",Hindi
Εγώ διαβάζω ένα βιβλίο στο πάρκο αύριο.,Greek
"इस सप्ताह, मैं चाय पीता हूँ शहर में।",Hindi
"आज, मैं भाषा सीखता हूँ कार्यालय में।",Hindi
"இன்று, நான் பள்ளியில் பல்கலைக்கழகத்தில் படிக்கிறேன்.",Tamil
"αύριο, Εγώ μαθαίνω τη γλώσσα στο κατάστημα.",Greek
"поздно вечером, Я иду на работу дома.",Russian
قال أنا إنه أذهب إلى العمل في المكتبة هذا الأسبوع.,Arabic
ನಾನು ಉದ್ಯಾನವನದಲ್ಲಿ ಪುಸ್ತಕ ಓದುತ್ತೇನೆ ಬೆಳಗಿನ ಸಮಯದಲ್ಲಿ.,Kannada
ನಾನು ಸಂಜೆಯ ಸಮಯದಲ್ಲಿ ಉದ್ಯಾನವನದಲ್ಲಿ ಕೆಲಸಕ್ಕೆ ಹೋಗುತ್ತೇನೆ ಎಂದು ಹೇಳಿದರು.,Kannada
قال أنا إنه أقرأ كتابا في الجامعة صباحا.,Arabic
मैं ने कहा कि वह पार्क में काम पर जाता हूँ शाम के समय।,Hindi
"νωρίς το πρωί, Εγώ βλέπω μια ταινία στο γραφείο.",Greek
غدا، أنا أشرب القهوة في الحديقة.,Arabic
நான் மருத்துவமனையில் மொழி கற்கிறேன் இன்று.,Tamil
വൈകുന്നേരം ഞാൻ ഓഫീസിൽ ഭാഷ പഠിക്കുന്നു.,Malayalam
"இந்த வாரம், நான் பல்கலைக்கழகத்தில் திரைப்படம் பார்க்கிறேன்.",Tamil
நான் தினமும் அலுவலகத்தில் காபி குடிக்கிறேன் என்று கூறினார்.,Tamil
هذا الأسبوع، أنا أدرس في الجامعة في المتجر.,Arabic
"αργά το βράδυ, Εγώ διαβάζω ένα βιβλίο στο κατάστημα.",Greek
ನಾನು ಉದ್ಯಾನವನದಲ್ಲಿ ವ್ಯಾಯಾಮ ಮಾಡುತ್ತೇನೆ ಈ ವಾರ.,Kannada
ഞാൻ വൈകുന്നേരം ഓഫീസിൽ ഭാഷ പഠിക്കുന്നു എന്ന് പറഞ്ഞു.,Malayalam
"αυτή την εβδομάδα, Εγώ σπουδάζω στο πανεπιστήμιο στο σχολείο.",Greek
أنا يريد أن أكتب رسالة في المتجر.,Arabic
"ಇಂದು, ನಾನು ವಿಶ್ವವಿದ್ಯಾಲಯದಲ್ಲಿ ಪತ್ರ ಬರೆಯುತ್ತೇನೆ.",Kannada
ನಾನು ಕಚೇರಿಯಲ್ಲಿ ಪುಸ್ತಕ ಓದುತ್ತೇನೆ ಬೆಳಗಿನ ಸಮಯದಲ್ಲಿ.,Kannada
Εγώ πηγαίνω στη δουλειά στο γραφείο το βράδυ.,Greek
ನಾನು ಸಂಜೆ ಉದ್ಯಾನವನದಲ್ಲಿ ಪುಸ್ತಕ ಓದುತ್ತೇನೆ ಎಂದು ಹೇಳಿದರು.,Kannada
"हर दिन, मैं काम पर जाता हूँ कार्यालय में।",Hindi
நான் வீட்டில் மொழி கற்கிறேன் நாளை.,Tamil
Я пишу письмо в парке каждый день.,Russian
ഞാൻ വൈകുന്നേരം സമയത്ത് സ്കൂളിൽ വ്യായാമം ചെയ്യുന്നു.,Malayalam
ನಾನು ವಿಶ್ವವಿದ್ಯಾಲಯದಲ್ಲಿ ಸಿನಿಮಾ ನೋಡುತ್ತೇನೆ ಇಂದು.,Kannada
ഞാൻ നാളെ നഗരത്തിൽ കാപ്പി കുടിക്കുന്നു എന്ന് പറഞ്ഞു.,Malayalam
أنا أتعلم اللغة في الجامعة غدا.,Arabic
"ಸಂಜೆ, ನಾನು ರೆಸ್ಟೋರೆಂಟ್‌ನಲ್ಲಿ ಕೆಲಸಕ್ಕೆ ಹೋಗುತ್ತೇನೆ.",Kannada
ഞാൻ രാവിലെ സമയത്ത് സ്കൂളിൽ ഭാഷ പഠിക്കുന്നു എന്ന് പറഞ്ഞു.,Malayalam
நான் காலையில் பள்ளியில் திரைப்படம் பார்க்கிறேன் என்று கூறினார்.,Tamil
Εγώ είπε ότι γράφω ένα γράμμα στο γραφείο το πρωί.,Greek
நான் காலையில் நூலகத்தில் காபி குடிக்கிறேன் என்று கூறினார்.,Tamil
ನಾನು ಸಂಜೆ ವಿಶ್ವವಿದ್ಯಾಲಯದಲ್ಲಿ ವ್ಯಾಯಾಮ ಮಾಡುತ್ತೇನೆ ಎಂದು ಹೇಳಿದರು.,Kannada
"рано утром, Я пью кофе в школе.",Russian
"इस सप्ताह, मैं पत्र लिखता हूँ दुकान में।",Hindi
ನಾನು ಗ್ರಂಥಾಲಯದಲ್ಲಿ ಪುಸ್ತಕ ಓದುತ್ತೇನೆ ಬೆಳಿಗ್ಗೆ.,Kannada
ഞാൻ വൈകുന്നേരം സമയത്ത് സർവകലാശാലയിൽ കത്ത് എഴുതുന്നു എന്ന് പറഞ്ഞു.,Malayalam
ഞാൻ രാവിലെ സമയത്ത് ലൈബ്രറിയിൽ സിനിമ കാണുന്നു എന്ന് പറഞ്ഞു.,Malayalam
أنا أكتب رسالة في المكتبة كل يوم.,Arabic
أنا يريد أن أكتب رسالة في المكتبة.,Arabic
ನಾನು ಇಂದು ಆಸ್ಪತ್ರೆಯಲ್ಲಿ ಪತ್ರ ಬರೆಯುತ್ತೇನೆ ಎಂದು ಹೇಳಿದರು.,Kannada
मैं ने कहा कि वह विश्वविद्यालय में किताब पढ़ता हूँ सुबह।,Hindi
मैं काम पर जाता हूँ स्कूल में सुबह।,Hindi
Εγώ γράφω ένα γράμμα στο κατάστημα νωρίς το πρωί.,Greek
كل يوم، أنا أقرأ كتابا في المكتبة.,Arabic
"рано утром, Я пишу письмо в ресторане.",Russian
ನಾನು ಶಾಲೆಯಲ್ಲಿ ಪತ್ರ ಬರೆಯುತ್ತೇನೆ ಮಾಡಲು ಬಯಸುತ್ತಾನೆ.,Kannada
நான் காலை நேரத்தில் பல்கலைக்கழகத்தில் வேலைக்கு செல்கிறேன் என்று கூறினார்.,Tamil
"σήμερα, Εγώ γράφω ένα γράμμα στο κατάστημα.",Greek
"इस सप्ताह, मैं विश्वविद्यालय में पढ़ता हूँ स्कूल में।",Hindi
"νωρίς το πρωί, Εγώ πηγαίνω στη δουλειά στο κατάστημα.",Greek
मैं ने कहा कि वह अस्पताल में फिल्म देखता हूँ सुबह।,Hindi
أنا أشاهد فيلما في الجامعة في المساء.,Arabic
Εγώ πηγαίνω στη δουλειά στο γραφείο νωρίς το πρωί.,Greek
قال أنا إنه أدرس في الجامعة في الجامعة صباحا.,Arabic
Εγώ θέλει να πίνω καφέ στο σπίτι.,Greek
"மாலை நேரத்தில், நான் நகரத்தில் உடற்பயிற்சி செய்கிறேன்.",Tamil
قال أنا إنه أشرب القهوة في المنزل اليوم.,Arabic
"हर दिन, मैं काम पर जाता हूँ स्कूल में।",Hindi
நான் நகரத்தில் புத்தகம் படிக்கிறேன் இந்த வாரம்.,Tamil
قال أنا إنه أتعلم اللغة في المتجر غدا.,Arabic
मैं विश्वविद्यालय में पढ़ता हूँ रेस्तरां में इस सप्ताह।,Hindi
"ಸಂಜೆಯ ಸಮಯದಲ್ಲಿ, ನಾನು ಶಾಲೆಯಲ್ಲಿ ಭಾಷೆ ಕಲಿಯುತ್ತೇನೆ.",Kannada
"το πρωί, Εγώ πίνω καφέ στην πόλη.",Greek
"ನಾಳೆ, ನಾನು ವಿಶ್ವವಿದ್ಯಾಲಯದಲ್ಲಿ ವ್ಯಾಯಾಮ ಮಾಡುತ್ತೇನೆ.",Kannada
ഞാൻ രാവിലെ ലൈബ്രറിയിൽ ഭാഷ പഠിക്കുന്നു.,Malayalam
"आज, मैं काम पर जाता हूँ पुस्तकालय में।",Hindi
"Я сказал, что учусь в университете в библиотеке каждый день.",Russian
ഞാൻ വൈകുന്നേരം സമയത്ത് വീട്ടിൽ ഭാഷ പഠിക്കുന്നു.,Malayalam
Я иду на работу в городе завтра.,Russian
मैं ने कहा कि वह कार्यालय में फिल्म देखता हूँ शाम के समय।,Hindi
ನಾನು ಮನೆಯಲ್ಲಿ ಪುಸ್ತಕ ಓದುತ್ತೇನೆ ಸಂಜೆಯ ಸಮಯದಲ್ಲಿ.,Kannada
நான் அலுவலகத்தில் கடிதம் எழுதுகிறேன் மாலை நேரத்தில்.,Tamil
قال أنا إنه أذهب إلى العمل في المدرسة في المساء.,Arabic
நான் நகரத்தில் பல்கலைக்கழகத்தில் படிக்கிறேன் மாலையில்.,Tamil
"Я сказал, что пишу письмо в городе утром.",Russian
मैं विश्वविद्यालय में पढ़ता हूँ अस्पताल में हर दिन।,Hindi
நான் மாலையில் அலுவலகத்தில் மொழி கற்கிறேன் என்று கூறினார்.,Tamil
"рано утром, Я изучаю язык дома.",Russian
நான் நாளை பள்ளியில் பல்கலைக்கழகத்தில் படிக்கிறேன் என்று கூறினார்.,Tamil
मैं पत्र लिखता हूँ अस्पताल में कल।,Hindi
قال أنا إنه أقرأ كتابا في المطعم في الصباح.,Arabic
मैं ने कहा कि वह स्कूल में फिल्म देखता हूँ हर दिन।,Hindi
ഞാൻ രാവിലെ സമയത്ത് വീട്ടിൽ വ്യായാമം ചെയ്യുന്നു.,Malayalam
मैं व्यायाम करता हूँ पार्क में सुबह।,Hindi
Я занимаюсь спортом в университете сегодня.,Russian
मैं ने कहा कि वह घर में पत्र लिखता हूँ शाम को।,Hindi
मैं ने कहा कि वह रेस्तरां में किताब पढ़ता हूँ सुबह के समय।,Hindi
أنا أشرب القهوة في الجامعة مساء.,Arabic
"ಪ್ರತಿದಿನ, ನಾನು ಶಾಲೆಯಲ್ಲಿ ಕೆಲಸಕ್ಕೆ ಹೋಗುತ್ತೇನೆ.",Kannada
ഞാൻ കടയിൽ പുസ്തകം വായിക്കുന്നു ആഗ്രഹിക്കുന്നു.,Malayalam
أنا أكتب رسالة في المستشفى صباحا.,Arabic
"நாளை, நான் உணவகத்தில் வேலைக்கு செல்கிறேன்.",Tamil
في المساء، أنا أذهب إلى العمل في المكتبة.,Arabic
ഞാൻ ഇന്ന് വീട്ടിൽ വ്യായാമം ചെയ്യുന്നു എന്ന് പറഞ്ഞു.,Malayalam
ഞാൻ വൈകുന്നേരം ആശുപത്രിയിൽ കത്ത് എഴുതുന്നു എന്ന് പറഞ്ഞു.,Malayalam
ഞാൻ വൈകുന്നേരം സമയത്ത് നഗരത്തിൽ വ്യായാമം ചെയ്യുന്നു എന്ന് പറഞ്ഞു.,Malayalam
ನಾನು ನಾಳೆ ಗ್ರಂಥಾಲಯದಲ್ಲಿ ಭಾಷೆ ಕಲಿಯುತ್ತೇನೆ ಎಂದು ಹೇಳಿದರು.,Kannada
"ಪ್ರತಿದಿನ, ನಾನು ಕಚೇರಿಯಲ್ಲಿ ವಿಶ್ವವಿದ್ಯಾಲಯದಲ್ಲಿ ಓದುತ್ತೇನೆ.",Kannada
मैं फिल्म देखता हूँ घर में सुबह।,Hindi
நான் காலை நேரத்தில் பூங்காவில் பல்கலைக்கழகத்தில் படிக்கிறேன் என்று கூறினார்.,Tamil
أنا أكتب رسالة في المنزل اليوم.,Arabic
ഞാൻ ഈ ആഴ്ച റെസ്റ്റോറന്റിൽ ഭാഷ പഠിക്കുന്നു എന്ന് പറഞ്ഞു.,Malayalam
"сегодня, Я занимаюсь спортом в магазине.",Russian
Я пью кофе дома вечером.,Russian
രാവിലെ സമയത്ത് ഞാൻ റെസ്റ്റോറന്റിൽ കാപ്പി കുടിക്കുന്നു.,Malayalam
ഞാൻ രാവിലെ സ്കൂളിൽ ജോലിക്ക് പോകുന്നു.,Malayalam
मैं विश्वविद्यालय में पढ़ता हूँ पुस्तकालय में सुबह।,Hindi
मैं भाषा सीखता हूँ रेस्तरां में कल।,Hindi
"Я сказал, что смотрю фильм в городе вечером.",Russian
நான் நகரத்தில் கடிதம் எழுதுகிறேன் இந்த வாரம்.,Tamil
صباحا، أنا أكتب رسالة في المستشفى.,Arabic
ഞാൻ വീട്ടിൽ സർവകലാശാലയിൽ പഠിക്കുന്നു ആഗ്രഹിക്കുന്നു.,Malayalam
"Я сказал, что пью кофе в городе завтра.",Russian
"утром, Я изучаю язык в ресторане.",Russian
நான் நகரத்தில் திரைப்படம் பார்க்கிறேன் நாளை.,Tamil
Я занимаюсь спортом в городе утром.,Russian
"σήμερα, Εγώ γράφω ένα γράμμα στο σπίτι.",Greek
"αυτή την εβδομάδα, Εγώ κάνω γυμναστική στο γραφείο.",Greek
Εγώ γράφω ένα γράμμα στο νοσοκομείο αυτή την εβδομάδα.,Greek
ನಾನು ಉದ್ಯಾನವನದಲ್ಲಿ ವ್ಯಾಯಾಮ ಮಾಡುತ್ತೇನೆ ನಾಳೆ.,Kannada
ನಾನು ಮನೆಯಲ್ಲಿ ಪುಸ್ತಕ ಓದುತ್ತೇನೆ ಮಾಡಲು ಬಯಸುತ್ತಾನೆ.,Kannada
ನಾನು ಇಂದು ಮನೆಯಲ್ಲಿ ಕಾಫಿ ಕುಡಿಯುತ್ತೇನೆ ಎಂದು ಹೇಳಿದರು.,Kannada
أنا أدرس في الجامعة في الجامعة صباحا.,Arabic
"நாளை, நான் கடையில் வேலைக்கு செல்கிறேன்.",Tamil
ഇന്ന് ഞാൻ കടയിൽ ജോലിക്ക് പോകുന്നു.,Malayalam
ഞാൻ രാവിലെ വീട്ടിൽ സർവകലാശാലയിൽ പഠിക്കുന്നു.,Malayalam
قال أنا إنه أدرس في الجامعة في المستشفى هذا الأسبوع.,Arabic
मैं ने कहा कि वह अस्पताल में व्यायाम करता हूँ कल।,Hindi
நான் மாலையில் பூங்காவில் கடிதம் எழுதுகிறேன் என்று கூறினார்.,Tamil
ನಾನು ಶಾಲೆಯಲ್ಲಿ ಪತ್ರ ಬರೆಯುತ್ತೇನೆ ಸಂಜೆ.,Kannada
ನಾನು ಸಂಜೆಯ ಸಮಯದಲ್ಲಿ ಉದ್ಯಾನವನದಲ್ಲಿ ಕಾಫಿ ಕುಡಿಯುತ್ತೇನೆ ಎಂದು ಹೇಳಿದರು.,Kannada
Я пишу письмо в ресторане рано утром.,Russian
मैं फिल्म देखता हूँ रेस्तरां में शाम को।,Hindi
"поздно вечером, Я пишу письмо в больнице.",Russian
Εγώ είπε ότι πηγαίνω στη δουλειά στο γραφείο αργά το βράδυ.,Greek
நான் காலை நேரத்தில் கடையில் புத்தகம் படிக்கிறேன் என்று கூறினார்.,Tamil
मैं भाषा सीखता हूँ स्कूल में सुबह के समय।,Hindi
"κάθε μέρα, Εγώ διαβάζω ένα βιβλίο στο σπίτι.",Greek
ನಾನು ಕಚೇರಿಯಲ್ಲಿ ಪತ್ರ ಬರೆಯುತ್ತೇನೆ ಮಾಡಲು ಬಯಸುತ್ತಾನೆ.,Kannada
मैं व्यायाम करता हूँ पुस्तकालय में इस सप्ताह।,Hindi
ഞാൻ ഈ ആഴ്ച ആശുപത്രിയിൽ സിനിമ കാണുന്നു.,Malayalam
Я смотрю фильм в городе на этой неделе.,Russian
मैं ने कहा कि वह अस्पताल में पत्र लिखता हूँ सुबह के समय।,Hindi
ഞാൻ രാവിലെ നഗരത്തിൽ ജോലിക്ക് പോകുന്നു എന്ന് പറഞ്ഞു.,Malayalam
ഞാൻ രാവിലെ സമയത്ത് വീട്ടിൽ ഭാഷ പഠിക്കുന്നു.,Malayalam
ನಾನು ಶಾಲೆಯಲ್ಲಿ ಸಿನಿಮಾ ನೋಡುತ್ತೇನೆ ಮಾಡಲು ಬಯಸುತ್ತಾನೆ.,Kannada
मैं व्यायाम करता हूँ पुस्तकालय में सुबह।,Hindi
Εγώ είπε ότι μαθαίνω τη γλώσσα στο εστιατόριο κάθε μέρα.,Greek
Εγώ σπουδάζω στο πανεπιστήμιο στο σχολείο σήμερα.,Greek
मैं काम पर जाता हूँ पुस्तकालय में शाम के समय।,Hindi
في المساء، أنا أذهب إلى العمل في المتجر.,Arabic
ഇന്ന് ഞാൻ നഗരത്തിൽ വ്യായാമം ചെയ്യുന്നു.,Malayalam
ನಾನು ಗ್ರಂಥಾಲಯದಲ್ಲಿ ಪುಸ್ತಕ ಓದುತ್ತೇನೆ ಈ ವಾರ.,Kannada
أنا أتعلم اللغة في المكتب في الصباح.,Arabic
أنا أذهب إلى العمل في المتجر غدا.,Arabic
ഞാൻ ഈ ആഴ്ച ലൈബ്രറിയിൽ സിനിമ കാണുന്നു.,Malayalam
நான் உணவகத்தில் புத்தகம் படிக்கிறேன் மாலை நேரத்தில்.,Tamil
Я пью кофе дома завтра.,Russian
मैं ने कहा कि वह पार्क में भाषा सीखता हूँ शाम को।,Hindi
"вечером, Я занимаюсь спортом в школе.",Russian
ഞാൻ രാവിലെ റെസ്റ്റോറന്റിൽ ജോലിക്ക് പോകുന്നു.,Malayalam
"σήμερα, Εγώ κάνω γυμναστική στη βιβλιοθήκη.",Greek
"завтра, Я занимаюсь спортом в ресторане.",Russian
"Я сказал, что читаю книгу в магазине утром.",Russian
أنا يريد أن أشرب القهوة في الحديقة.,Arabic
Εγώ είπε ότι σπουδάζω στο πανεπιστήμιο στην πόλη αύριο.,Greek
قال أنا إنه أقرأ كتابا في المستشفى في الصباح.,Arabic
"Я сказал, что занимаюсь спортом в парке рано утром.",Russian
"सुबह, मैं विश्वविद्यालय में पढ़ता हूँ पार्क में।",Hindi
ನಾನು ಉದ್ಯಾನವನದಲ್ಲಿ ಪತ್ರ ಬರೆಯುತ್ತೇನೆ ನಾಳೆ.,Kannada
நான் நூலகத்தில் உடற்பயிற்சி செய்கிறேன் விரும்புகிறார்.,Tamil
"αργά το βράδυ, Εγώ διαβάζω ένα βιβλίο στο σπίτι.",Greek
मैं चाय पीता हूँ रेस्तरां में शाम के समय।,Hindi
"सुबह, मैं फिल्म देखता हूँ पुस्तकालय में।",Hindi
मैं ने कहा कि वह स्कूल में भाषा सीखता हूँ सुबह के समय।,Hindi
நான் கடையில் கடிதம் எழுதுகிறேன் இன்று.,Tamil
ഞാൻ രാവിലെ സമയത്ത് റെസ്റ്റോറന്റിൽ കത്ത് എഴുതുന്നു എന്ന് പറഞ്ഞു.,Malayalam
"утром, Я читаю книгу в университете.",Russian
"рано утром, Я учусь в университете в ресторане.",Russian
"утром, Я учусь в университете в библиотеке.",Russian
ನಾನು ಬೆಳಗಿನ ಸಮಯದಲ್ಲಿ ಅಂಗಡಿಯಲ್ಲಿ ವ್ಯಾಯಾಮ ಮಾಡುತ್ತೇನೆ ಎಂದು ಹೇಳಿದರು.,Kannada
ഞാൻ ഈ ആഴ്ച ആശുപത്രിയിൽ കത്ത് എഴുതുന്നു എന്ന് പറഞ്ഞു.,Malayalam
ನಾನು ಅಂಗಡಿಯಲ್ಲಿ ಕಾಫಿ ಕುಡಿಯುತ್ತೇನೆ ಬೆಳಗಿನ ಸಮಯದಲ್ಲಿ.,Kannada
നാളെ ഞാൻ റെസ്റ്റോറന്റിൽ കത്ത് എഴുതുന്നു.,Malayalam
"ಸಂಜೆ, ನಾನು ಅಂಗಡಿಯಲ್ಲಿ ಭಾಷೆ ಕಲಿಯುತ್ತೇನೆ.",Kannada
ನಾನು ಗ್ರಂಥಾಲಯದಲ್ಲಿ ಪುಸ್ತಕ ಓದುತ್ತೇನೆ ಪ್ರತಿದಿನ.,Kannada
"утром, Я пью кофе в городе.",Russian
ഞാൻ രാവിലെ വീട്ടിൽ വ്യായാമം ചെയ്യുന്നു.,Malayalam
Εγώ μαθαίνω τη γλώσσα στο σπίτι αύριο.,Greek
मैं भाषा सीखता हूँ अस्पताल में सुबह।,Hindi
நான் தினமும் அலுவலகத்தில் புத்தகம் படிக்கிறேன் என்று கூறினார்.,Tamil
"सुबह, मैं भाषा सीखता हूँ घर में।",Hindi
"நாளை, நான் உணவகத்தில் உடற்பயிற்சி செய்கிறேன்.",Tamil
أنا أمارس الرياضة في المنزل مساء.,Arabic
"ಪ್ರತಿದಿನ, ನಾನು ಶಾಲೆಯಲ್ಲಿ ಪತ್ರ ಬರೆಯುತ್ತೇನೆ.",Kannada
"இன்று, நான் பல்கலைக்கழகத்தில் காபி குடிக்கிறேன்.",Tamil
நான் காலை நேரத்தில் உணவகத்தில் கடிதம் எழுதுகிறேன் என்று கூறினார்.,Tamil
ನಾನು ನಾಳೆ ನಗರದಲ್ಲಿ ವಿಶ್ವವಿದ್ಯಾಲಯದಲ್ಲಿ ಓದುತ್ತೇನೆ ಎಂದು ಹೇಳಿದರು.,Kannada
ഞാൻ എല്ലാ ദിവസവും പാർക്കിൽ ഭാഷ പഠിക്കുന്നു.,Malayalam
ನಾನು ಅಂಗಡಿಯಲ್ಲಿ ಸಿನಿಮಾ ನೋಡುತ್ತೇನೆ ಸಂಜೆಯ ಸಮಯದಲ್ಲಿ.,Kannada
أنا أذهب إلى العمل في المطعم في الصباح.,Arabic
ഈ ആഴ്ച ഞാൻ സ്കൂളിൽ സർവകലാശാലയിൽ പഠിക്കുന്നു.,Malayalam
நான் தினமும் அலுவலகத்தில் கடிதம் எழுதுகிறேன் என்று கூறினார்.,Tamil
Я пишу письмо в университете рано утром.,Russian
ನಾನು ಬೆಳಗಿನ ಸಮಯದಲ್ಲಿ ನಗರದಲ್ಲಿ ಪುಸ್ತಕ ಓದುತ್ತೇನೆ ಎಂದು ಹೇಳಿದರು.,Kannada
Εγώ είπε ότι βλέπω μια ταινία στο νοσοκομείο αργά το βράδυ.,Greek
"ಬೆಳಗಿನ ಸಮಯದಲ್ಲಿ, ನಾನು ರೆಸ್ಟೋರೆಂಟ್‌ನಲ್ಲಿ ಕಾಫಿ ಕುಡಿಯುತ್ತೇನೆ.",Kannada
Я иду на работу в городе поздно вечером.,Russian
എല്ലാ ദിവസവും ഞാൻ ലൈബ്രറിയിൽ സർവകലാശാലയിൽ പഠിക്കുന്നു.,Malayalam
اليوم، أنا أشاهد فيلما في الحديقة.,Arabic
"காலை நேரத்தில், நான் உணவகத்தில் கடிதம் எழுதுகிறேன்.",Tamil
ನಾನು ಸಂಜೆ ಮನೆಯಲ್ಲಿ ವಿಶ್ವವಿದ್ಯಾಲಯದಲ್ಲಿ ಓದುತ್ತೇನೆ ಎಂದು ಹೇಳಿದರು.,Kannada
أنا أكتب رسالة في المنزل غدا.,Arabic
ഞാൻ രാവിലെ സമയത്ത് ലൈബ്രറിയിൽ ജോലിക്ക് പോകുന്നു എന്ന് പറഞ്ഞു.,Malayalam
"ಸಂಜೆ, ನಾನು ಮನೆಯಲ್ಲಿ ಭಾಷೆ ಕಲಿಯುತ್ತೇನೆ.",Kannada
"மாலையில், நான் நூலகத்தில் மொழி கற்கிறேன்.",Tamil
ನಾನು ಬೆಳಿಗ್ಗೆ ಗ್ರಂಥಾಲಯದಲ್ಲಿ ಕೆಲಸಕ್ಕೆ ಹೋಗುತ್ತೇನೆ ಎಂದು ಹೇಳಿದರು.,Kannada
"το πρωί, Εγώ κάνω γυμναστική στο σχολείο.",Greek
ഞാൻ ഇന്ന് സർവകലാശാലയിൽ കാപ്പി കുടിക്കുന്നു.,Malayalam
قال أنا إنه أشرب القهوة في المنزل صباحا.,Arabic
ನಾನು ನಾಳೆ ರೆಸ್ಟೋರೆಂಟ್‌ನಲ್ಲಿ ವಿಶ್ವವಿದ್ಯಾಲಯದಲ್ಲಿ ಓದುತ್ತೇನೆ ಎಂದು ಹೇಳಿದರು.,Kannada
أنا أتعلم اللغة في المكتبة غدا.,Arabic
ನಾನು ಕಚೇರಿಯಲ್ಲಿ ವಿಶ್ವವಿದ್ಯಾಲಯದಲ್ಲಿ ಓದುತ್ತೇನೆ ಸಂಜೆಯ ಸಮಯದಲ್ಲಿ.,Kannada
நான் காலை நேரத்தில் வீட்டில் காபி குடிக்கிறேன் என்று கூறினார்.,Tamil
ನಾನು ಸಂಜೆ ಶಾಲೆಯಲ್ಲಿ ಸಿನಿಮಾ ನೋಡುತ್ತೇನೆ ಎಂದು ಹೇಳಿದರು.,Kannada
ನಾನು ಕಚೇರಿಯಲ್ಲಿ ವಿಶ್ವವಿದ್ಯಾಲಯದಲ್ಲಿ ಓದುತ್ತೇನೆ ಪ್ರತಿದಿನ.,Kannada
"इस सप्ताह, मैं चाय पीता हूँ पार्क में।",Hindi
"आज, मैं विश्वविद्यालय में पढ़ता हूँ पुस्तकालय में।",Hindi
"ಸಂಜೆ, ನಾನು ಉದ್ಯಾನವನದಲ್ಲಿ ವ್ಯಾಯಾಮ ಮಾಡುತ್ತೇನೆ.",Kannada
في الصباح، أنا أدرس في الجامعة في المكتبة.,Arabic
मैं काम पर जाता हूँ कार्यालय में सुबह के समय।,Hindi
"कल, मैं चाय पीता हूँ विश्वविद्यालय में।",Hindi
நான் இந்த வாரம் கடையில் பல்கலைக்கழகத்தில் படிக்கிறேன் என்று கூறினார்.,Tamil
قال أنا إنه أكتب رسالة في الجامعة اليوم.,Arabic
"Я сказал, что изучаю язык в ресторане поздно вечером.",Russian
قال أنا إنه أكتب رسالة في المنزل اليوم.,Arabic
"Я сказал, что изучаю язык в городе поздно вечером.",Russian
ഞാൻ രാവിലെ ലൈബ്രറിയിൽ പുസ്തകം വായിക്കുന്നു എന്ന് പറഞ്ഞു.,Malayalam
"ಸಂಜೆಯ ಸಮಯದಲ್ಲಿ, ನಾನು ಶಾಲೆಯಲ್ಲಿ ವಿಶ್ವವಿದ್ಯಾಲಯದಲ್ಲಿ ಓದುತ್ತೇನೆ.",Kannada
நான் இந்த வாரம் வீட்டில் புத்தகம் படிக்கிறேன் என்று கூறினார்.,Tamil
ನಾನು ಉದ್ಯಾನವನದಲ್ಲಿ ಪತ್ರ ಬರೆಯುತ್ತೇನೆ ಮಾಡಲು ಬಯಸುತ್ತಾನೆ.,Kannada
വൈകുന്നേരം സമയത്ത് ഞാൻ വീട്ടിൽ പുസ്തകം വായിക്കുന്നു.,Malayalam
"ಈ ವಾರ, ನಾನು ವಿಶ್ವವಿದ್ಯಾಲಯದಲ್ಲಿ ಕೆಲಸಕ್ಕೆ ಹೋಗುತ್ತೇನೆ.",Kannada
நான் இன்று நூலகத்தில் மொழி கற்கிறேன் என்று கூறினார்.,Tamil
ನಾನು ಉದ್ಯಾನವನದಲ್ಲಿ ವಿಶ್ವವಿದ್ಯಾಲಯದಲ್ಲಿ ಓದುತ್ತೇನೆ ಮಾಡಲು ಬಯಸುತ್ತಾನೆ.,Kannada
मैं काम पर जाता हूँ घर में सुबह के समय।,Hindi
मैं काम पर जाता हूँ कार्यालय में कल।,Hindi
Εγώ είπε ότι μαθαίνω τη γλώσσα στην πόλη το βράδυ.,Greek
"शाम को, मैं भाषा सीखता हूँ पार्क में।",Hindi
"Я сказал, что пишу письмо в офисе рано утром.",Russian
Я иду на работу в школе завтра.,Russian
قال أنا إنه أذهب إلى العمل في الحديقة غدا.,Arabic
मैं ने कहा कि वह घर में काम पर जाता हूँ इस सप्ताह।,Hindi
"सुबह के समय, मैं चाय पीता हूँ अस्पताल में।",Hindi
मैं ने कहा कि वह पुस्तकालय में व्यायाम करता हूँ सुबह।,Hindi
Εγώ είπε ότι κάνω γυμναστική στο σχολείο σήμερα.,Greek
நான் நகரத்தில் காபி குடிக்கிறேன் மாலை நேரத்தில்.,Tamil
Εγώ πηγαίνω στη δουλειά στο κατάστημα νωρίς το πρωί.,Greek
मैं भाषा सीखता हूँ पुस्तकालय में हर दिन।,Hindi
"Я сказал, что пью кофе в школе рано утром.",Russian
ನಾನು ಇಂದು ಉದ್ಯಾನವನದಲ್ಲಿ ವಿಶ್ವವಿದ್ಯಾಲಯದಲ್ಲಿ ಓದುತ್ತೇನೆ ಎಂದು ಹೇಳಿದರು.,Kannada
"поздно вечером, Я смотрю фильм в школе.",Russian
قال أنا إنه أدرس في الجامعة في المدينة مساء.,Arabic
ഞാൻ വീട്ടിൽ വ്യായാമം ചെയ്യുന്നു ആഗ്രഹിക്കുന്നു.,Malayalam
"ಬೆಳಿಗ್ಗೆ, ನಾನು ಕಚೇರಿಯಲ್ಲಿ ವ್ಯಾಯಾಮ ಮಾಡುತ್ತೇನೆ.",Kannada
मैं ने कहा कि वह रेस्तरां में विश्वविद्यालय में पढ़ता हूँ कल।,Hindi
"Я сказал, что учусь в университете в ресторане вечером.",Russian
ഞാൻ നാളെ വീട്ടിൽ കത്ത് എഴുതുന്നു.,Malayalam
Я пишу письмо в парке поздно вечером.,Russian
Я пью кофе в библиотеке на этой неделе.,Russian
Εγώ βλέπω μια ταινία στην πόλη αυτή την εβδομάδα.,Greek
ನಾನು ಸಂಜೆ ನಗರದಲ್ಲಿ ಕೆಲಸಕ್ಕೆ ಹೋಗುತ್ತೇನೆ ಎಂದು ಹೇಳಿದರು.,Kannada
ನಾನು ಪ್ರತಿದಿನ ಆಸ್ಪತ್ರೆಯಲ್ಲಿ ಸಿನಿಮಾ ನೋಡುತ್ತೇನೆ ಎಂದು ಹೇಳಿದರು.,Kannada
"завтра, Я занимаюсь спортом в городе.",Russian
"மாலை நேரத்தில், நான் கடையில் மொழி கற்கிறேன்.",Tamil
Εγώ είπε ότι πηγαίνω στη δουλειά στο πανεπιστήμιο κάθε μέρα.,Greek
"कल, मैं चाय पीता हूँ पार्क में।",Hindi
"ಪ್ರತಿದಿನ, ನಾನು ವಿಶ್ವವಿದ್ಯಾಲಯದಲ್ಲಿ ಸಿನಿಮಾ ನೋಡುತ್ತೇನೆ.",Kannada
मैं ने कहा कि वह पार्क में विश्वविद्यालय में पढ़ता हूँ कल।,Hindi
"рано утром, Я читаю книгу дома.",Russian
أنا يريد أن أدرس في الجامعة في المدرسة.,Arabic
"Я сказал, что учусь в университете дома утром.",Russian
ನಾನು ಅಂಗಡಿಯಲ್ಲಿ ಕಾಫಿ ಕುಡಿಯುತ್ತೇನೆ ಬೆಳಿಗ್ಗೆ.,Kannada
"ಸಂಜೆ, ನಾನು ವಿಶ್ವವಿದ್ಯಾಲಯದಲ್ಲಿ ಕಾಫಿ ಕುಡಿಯುತ್ತೇನೆ.",Kannada
நான் கடையில் திரைப்படம் பார்க்கிறேன் நாளை.,Tamil
"сегодня, Я учусь в университете в школе.",Russian
"இன்று, நான் நகரத்தில் பல்கலைக்கழகத்தில் படிக்கிறேன்.",Tamil
"ಬೆಳಗಿನ ಸಮಯದಲ್ಲಿ, ನಾನು ಅಂಗಡಿಯಲ್ಲಿ ವ್ಯಾಯಾಮ ಮಾಡುತ್ತೇನೆ.",Kannada
ഞാൻ എല്ലാ ദിവസവും സർവകലാശാലയിൽ ജോലിക്ക് പോകുന്നു.,Malayalam
நான் உணவகத்தில் காபி குடிக்கிறேன் காலையில்.,Tamil
هذا الأسبوع، أنا أشرب القهوة في المستشفى.,Arabic
Я изучаю язык в больнице на этой неделе.,Russian
मैं काम पर जाता हूँ रेस्तरां में शाम को।,Hindi
मैं विश्वविद्यालय में पढ़ता हूँ घर में सुबह।,Hindi
"το βράδυ, Εγώ μαθαίνω τη γλώσσα στο πανεπιστήμιο.",Greek
"Я сказал, что занимаюсь спортом в ресторане поздно вечером.",Russian
اليوم، أنا أقرأ كتابا في المستشفى.,Arabic
أنا أكتب رسالة في المستشفى مساء.,Arabic
Εγώ γράφω ένα γράμμα στο πανεπιστήμιο το βράδυ.,Greek
صباحا، أنا أكتب رسالة في المدرسة.,Arabic
قال أنا إنه أمارس الرياضة في المدرسة كل يوم.,Arabic
"हर दिन, मैं फिल्म देखता हूँ दुकान में।",Hindi
ഞാൻ റെസ്റ്റോറന്റിൽ ഭാഷ പഠിക്കുന്നു ആഗ്രഹിക്കുന്നു.,Malayalam
मैं किताब पढ़ता हूँ पार्क में शाम को।,Hindi
"மாலை நேரத்தில், நான் கடையில் கடிதம் எழுதுகிறேன்.",Tamil
"Я сказал, что пишу письмо в офисе каждый день.",Russian
நான் பூங்காவில் மொழி கற்கிறேன் இன்று.,Tamil
ನಾನು ರೆಸ್ಟೋರೆಂಟ್‌ನಲ್ಲಿ ಕಾಫಿ ಕುಡಿಯುತ್ತೇನೆ ಮಾಡಲು ಬಯಸುತ್ತಾನೆ.,Kannada
நான் தினமும் வீட்டில் புத்தகம் படிக்கிறேன் என்று கூறினார்.,Tamil
Εγώ σπουδάζω στο πανεπιστήμιο στο κατάστημα το πρωί.,Greek
في الصباح، أنا أتعلم اللغة في الجامعة.,Arabic
ഞാൻ രാവിലെ സമയത്ത് റെസ്റ്റോറന്റിൽ ജോലിക്ക് പോകുന്നു എന്ന് പറഞ്ഞു.,Malayalam
ഞാൻ നാളെ സർവകലാശാലയിൽ കാപ്പി കുടിക്കുന്നു.,Malayalam
ನಾನು ಉದ್ಯಾನವನದಲ್ಲಿ ಭಾಷೆ ಕಲಿಯುತ್ತೇನೆ ಇಂದು.,Kannada
நான் பூங்காவில் மொழி கற்கிறேன் இந்த வாரம்.,Tamil
ನಾನು ವಿಶ್ವವಿದ್ಯಾಲಯದಲ್ಲಿ ವಿಶ್ವವಿದ್ಯಾಲಯದಲ್ಲಿ ಓದುತ್ತೇನೆ ಬೆಳಿಗ್ಗೆ.,Kannada
"மாலையில், நான் மருத்துவமனையில் பல்கலைக்கழகத்தில் படிக்கிறேன்.",Tamil
"ಇಂದು, ನಾನು ನಗರದಲ್ಲಿ ವಿಶ್ವವಿದ್ಯಾಲಯದಲ್ಲಿ ಓದುತ್ತೇನೆ.",Kannada
Я читаю книгу дома на этой неделе.,Russian
"शाम के समय, मैं भाषा सीखता हूँ शहर में।",Hindi
"இந்த வாரம், நான் உணவகத்தில் காபி குடிக்கிறேன்.",Tamil
ನಾನು ಶಾಲೆಯಲ್ಲಿ ಭಾಷೆ ಕಲಿಯುತ್ತೇನೆ ಸಂಜೆಯ ಸಮಯದಲ್ಲಿ.,Kannada
"αύριο, Εγώ μαθαίνω τη γλώσσα στην πόλη.",Greek
"на этой неделе, Я пью кофе в школе.",Russian
قال أنا إنه أقرأ كتابا في المطعم غدا.,Arabic
أنا أقرأ كتابا في المستشفى غدا.,Arabic
ഞാൻ ഈ ആഴ്ച ഓഫീസിൽ സർവകലാശാലയിൽ പഠിക്കുന്നു.,Malayalam
قال أنا إنه أتعلم اللغة في المطعم مساء.,Arabic
Я учусь в университете в магазине вечером.,Russian
രാവിലെ സമയത്ത് ഞാൻ പാർക്കിൽ സിനിമ കാണുന്നു.,Malayalam
Εγώ διαβάζω ένα βιβλίο στο εστιατόριο αυτή την εβδομάδα.,Greek
मैं ने कहा कि वह शहर में फिल्म देखता हूँ हर दिन।,Hindi
ನಾನು ಪ್ರತಿದಿನ ನಗರದಲ್ಲಿ ಸಿನಿಮಾ ನೋಡುತ್ತೇನೆ ಎಂದು ಹೇಳಿದರು.,Kannada
"Я сказал, что читаю книгу в ресторане рано утром.",Russian
രാവിലെ ഞാൻ സ്കൂളിൽ പുസ്തകം വായിക്കുന്നു.,Malayalam
நான் கடையில் புத்தகம் படிக்கிறேன் நாளை.,Tamil
قال أنا إنه أقرأ كتابا في المدينة صباحا.,Arabic
"ನಾಳೆ, ನಾನು ಅಂಗಡಿಯಲ್ಲಿ ವ್ಯಾಯಾಮ ಮಾಡುತ್ತೇನೆ.",Kannada
ഞാൻ വൈകുന്നേരം സമയത്ത് ആശുപത്രിയിൽ വ്യായാമം ചെയ്യുന്നു.,Malayalam
قال أنا إنه أدرس في الجامعة في المدرسة في الصباح.,Arabic
ನಾನು ಆಸ್ಪತ್ರೆಯಲ್ಲಿ ಸಿನಿಮಾ ನೋಡುತ್ತೇನೆ ಸಂಜೆ.,Kannada
في الصباح، أنا أشاهد فيلما في المطعم.,Arabic
ഞാൻ രാവിലെ സമയത്ത് റെസ്റ്റോറന്റിൽ കത്ത് എഴുതുന്നു.,Malayalam
غدا، أنا أشرب القهوة في المنزل.,Arabic
Я иду на работу в университете утром.,Russian
நான் இந்த வாரம் அலுவலகத்தில் மொழி கற்கிறேன் என்று கூறினார்.,Tamil
ഞാൻ എല്ലാ ദിവസവും വീട്ടിൽ വ്യായാമം ചെയ്യുന്നു എന്ന് പറഞ്ഞു.,Malayalam
أنا أشرب القهوة في المدرسة اليوم.,Arabic
Εγώ μαθαίνω τη γλώσσα στο πανεπιστήμιο το βράδυ.,Greek
"शाम को, मैं किताब पढ़ता हूँ विश्वविद्यालय में।",Hindi
"ಇಂದು, ನಾನು ಮನೆಯಲ್ಲಿ ವ್ಯಾಯಾಮ ಮಾಡುತ್ತೇನೆ.",Kannada
ഇന്ന് ഞാൻ കടയിൽ പുസ്തകം വായിക്കുന്നു.,Malayalam
நான் நூலகத்தில் காபி குடிக்கிறேன் காலை நேரத்தில்.,Tamil
أنا أقرأ كتابا في المدرسة في الصباح.,Arabic
"ಈ ವಾರ, ನಾನು ನಗರದಲ್ಲಿ ವಿಶ್ವವಿದ್ಯಾಲಯದಲ್ಲಿ ಓದುತ್ತೇನೆ.",Kannada
"மாலை நேரத்தில், நான் உணவகத்தில் காபி குடிக்கிறேன்.",Tamil
"இன்று, நான் நகரத்தில் உடற்பயிற்சி செய்கிறேன்.",Tamil
ನಾನು ಆಸ್ಪತ್ರೆಯಲ್ಲಿ ವ್ಯಾಯಾಮ ಮಾಡುತ್ತೇನೆ ಬೆಳಿಗ್ಗೆ.,Kannada
நான் மாலை நேரத்தில் அலுவலகத்தில் கடிதம் எழுதுகிறேன் என்று கூறினார்.,Tamil
நான் நாளை உணவகத்தில் பல்கலைக்கழகத்தில் படிக்கிறேன் என்று கூறினார்.,Tamil
"ಬೆಳಗಿನ ಸಮಯದಲ್ಲಿ, ನಾನು ಗ್ರಂಥಾಲಯದಲ್ಲಿ ಕೆಲಸಕ್ಕೆ ಹೋಗುತ್ತೇನೆ.",Kannada
غدا، أنا أمارس الرياضة في المستشفى.,Arabic
أنا يريد أن أكتب رسالة في الحديقة.,Arabic
أنا أدرس في الجامعة في المتجر في الصباح.,Arabic
"ಸಂಜೆ, ನಾನು ಅಂಗಡಿಯಲ್ಲಿ ಸಿನಿಮಾ ನೋಡುತ್ತೇನೆ.",Kannada
मैं ने कहा कि वह शहर में भाषा सीखता हूँ आज।,Hindi
ನಾನು ನಾಳೆ ಆಸ್ಪತ್ರೆಯಲ್ಲಿ ಪುಸ್ತಕ ಓದುತ್ತೇನೆ ಎಂದು ಹೇಳಿದರು.,Kannada
நான் காலை நேரத்தில் மருத்துவமனையில் கடிதம் எழுதுகிறேன் என்று கூறினார்.,Tamil
நான் நாளை வீட்டில் கடிதம் எழுதுகிறேன் என்று கூறினார்.,Tamil
Εγώ είπε ότι πίνω καφέ στην πόλη κάθε μέρα.,Greek
"Я сказал, что иду на работу в ресторане на этой неделе.",Russian
"ನಾಳೆ, ನಾನು ಮನೆಯಲ್ಲಿ ಭಾಷೆ ಕಲಿಯುತ್ತೇನೆ.",Kannada
"το βράδυ, Εγώ πίνω καφέ στο γραφείο.",Greek
"ನಾಳೆ, ನಾನು ರೆಸ್ಟೋರೆಂಟ್‌ನಲ್ಲಿ ಪುಸ್ತಕ ಓದುತ್ತೇನೆ.",Kannada
"рано утром, Я изучаю язык в больнице.",Russian
मैं काम पर जाता हूँ विश्वविद्यालय में इस सप्ताह।,Hindi
"आज, मैं भाषा सीखता हूँ रेस्तरां में।",Hindi
أنا يريد أن أكتب رسالة في المطعم.,Arabic
أنا أدرس في الجامعة في الجامعة غدا.,Arabic
"सुबह, मैं पत्र लिखता हूँ कार्यालय में।",Hindi
मैं व्यायाम करता हूँ रेस्तरां में सुबह।,Hindi
Я занимаюсь спортом дома утром.,Russian
"ಸಂಜೆಯ ಸಮಯದಲ್ಲಿ, ನಾನು ನಗರದಲ್ಲಿ ಸಿನಿಮಾ ನೋಡುತ್ತೇನೆ.",Kannada
ನಾನು ಶಾಲೆಯಲ್ಲಿ ವ್ಯಾಯಾಮ ಮಾಡುತ್ತೇನೆ ಬೆಳಿಗ್ಗೆ.,Kannada
اليوم، أنا أشرب القهوة في المنزل.,Arabic
"поздно вечером, Я иду на работу в библиотеке.",Russian
Εγώ είπε ότι πίνω καφέ στο σχολείο κάθε μέρα.,Greek
Εγώ βλέπω μια ταινία στο γραφείο το βράδυ.,Greek
في المساء، أنا أشرب القهوة في المدينة.,Arabic
ഞാൻ രാവിലെ സമയത്ത് നഗരത്തിൽ ഭാഷ പഠിക്കുന്നു.,Malayalam
நான் பூங்காவில் உடற்பயிற்சி செய்கிறேன் மாலை நேரத்தில்.,Tamil
Εγώ βλέπω μια ταινία στο πάρκο αύριο.,Greek
Я занимаюсь спортом дома на этой неделе.,Russian
நான் காலை நேரத்தில் நகரத்தில் வேலைக்கு செல்கிறேன் என்று கூறினார்.,Tamil
"ಪ್ರತಿದಿನ, ನಾನು ಶಾಲೆಯಲ್ಲಿ ಭಾಷೆ ಕಲಿಯುತ್ತೇನೆ.",Kannada
في الصباح، أنا أمارس الرياضة في المكتب.,Arabic
كل يوم، أنا أتعلم اللغة في المطعم.,Arabic
Εγώ βλέπω μια ταινία στο εστιατόριο κάθε μέρα.,Greek
"सुबह, मैं भाषा सीखता हूँ अस्पताल में।",Hindi
Εγώ είπε ότι μαθαίνω τη γλώσσα στο εστιατόριο αύριο.,Greek
"рано утром, Я читаю книгу в библиотеке.",Russian
ನಾನು ಬೆಳಗಿನ ಸಮಯದಲ್ಲಿ ನಗರದಲ್ಲಿ ಕೆಲಸಕ್ಕೆ ಹೋಗುತ್ತೇನೆ ಎಂದು ಹೇಳಿದರು.,Kannada
ഞാൻ രാവിലെ റെസ്റ്റോറന്റിൽ കാപ്പി കുടിക്കുന്നു എന്ന് പറഞ്ഞു.,Malayalam
ഞാൻ രാവിലെ സമയത്ത് ഓഫീസിൽ കാപ്പി കുടിക്കുന്നു.,Malayalam
"Я сказал, что смотрю фильм в городе завтра.",Russian
मैं ने कहा कि वह घर में व्यायाम करता हूँ इस सप्ताह।,Hindi
"σήμερα, Εγώ πίνω καφέ στο κατάστημα.",Greek
मैं पत्र लिखता हूँ शहर में कल।,Hindi
Εγώ βλέπω μια ταινία στο σχολείο αργά το βράδυ.,Greek
நான் இந்த வாரம் பல்கலைக்கழகத்தில் புத்தகம் படிக்கிறேன் என்று கூறினார்.,Tamil
في المساء، أنا أشرب القهوة في المنزل.,Arabic
நான் நாளை உணவகத்தில் திரைப்படம் பார்க்கிறேன் என்று கூறினார்.,Tamil
"каждый день, Я изучаю язык в офисе.",Russian
ನಾನು ಅಂಗಡಿಯಲ್ಲಿ ಕೆಲಸಕ್ಕೆ ಹೋಗುತ್ತೇನೆ ಇಂದು.,Kannada
Εγώ πηγαίνω στη δουλειά στο σχολείο νωρίς το πρωί.,Greek
أنا أتعلم اللغة في الحديقة هذا الأسبوع.,Arabic
"தினமும், நான் நூலகத்தில் பல்கலைக்கழகத்தில் படிக்கிறேன்.",Tamil
"на этой неделе, Я пью кофе в ресторане.",Russian
நான் பூங்காவில் புத்தகம் படிக்கிறேன் விரும்புகிறார்.,Tamil
मैं ने कहा कि वह दुकान में काम पर जाता हूँ आज।,Hindi
ನಾನು ಬೆಳಿಗ್ಗೆ ಶಾಲೆಯಲ್ಲಿ ಪತ್ರ ಬರೆಯುತ್ತೇನೆ ಎಂದು ಹೇಳಿದರು.,Kannada
ನಾನು ಅಂಗಡಿಯಲ್ಲಿ ಕೆಲಸಕ್ಕೆ ಹೋಗುತ್ತೇನೆ ನಾಳೆ.,Kannada
ഞാൻ വൈകുന്നേരം സമയത്ത് റെസ്റ്റോറന്റിൽ പുസ്തകം വായിക്കുന്നു എന്ന് പറഞ്ഞു.,Malayalam
قال أنا إنه أشرب القهوة في المدينة كل يوم.,Arabic
ನಾನು ಮನೆಯಲ್ಲಿ ವ್ಯಾಯಾಮ ಮಾಡುತ್ತೇನೆ ಈ ವಾರ.,Kannada
நான் நாளை உணவகத்தில் காபி குடிக்கிறேன் என்று கூறினார்.,Tamil
Я учусь в университете в парке рано утром.,Russian
நான் இன்று கடையில் காபி குடிக்கிறேன் என்று கூறினார்.,Tamil
ഞാൻ വൈകുന്നേരം സമയത്ത് ലൈബ്രറിയിൽ കാപ്പി കുടിക്കുന്നു.,Malayalam
Я смотрю фильм в университете рано утром.,Russian
நான் மருத்துவமனையில் உடற்பயிற்சி செய்கிறேன் தினமும்.,Tamil
"மாலை நேரத்தில், நான் அலுவலகத்தில் காபி குடிக்கிறேன்.",Tamil
நான் நூலகத்தில் பல்கலைக்கழகத்தில் படிக்கிறேன் இந்த வாரம்.,Tamil
قال أنا إنه أشرب القهوة في المتجر مساء.,Arabic
"το πρωί, Εγώ διαβάζω ένα βιβλίο στο κατάστημα.",Greek
Εγώ γράφω ένα γράμμα στην πόλη αργά το βράδυ.,Greek
"நாளை, நான் மருத்துவமனையில் பல்கலைக்கழகத்தில் படிக்கிறேன்.",Tamil
"завтра, Я учусь в университете в библиотеке.",Russian
"Я сказал, что пью кофе в парке на этой неделе.",Russian
ഞാൻ രാവിലെ സമയത്ത് സ്കൂളിൽ സർവകലാശാലയിൽ പഠിക്കുന്നു.,Malayalam
मैं ने कहा कि वह स्कूल में विश्वविद्यालय में पढ़ता हूँ सुबह।,Hindi
मैं किताब पढ़ता हूँ पुस्तकालय में इस सप्ताह।,Hindi
أنا أكتب رسالة في المدينة كل يوم.,Arabic
"Я сказал, что читаю книгу в университете завтра.",Russian
"शाम के समय, मैं व्यायाम करता हूँ दुकान में।",Hindi
मैं चाय पीता हूँ विश्वविद्यालय में आज।,Hindi
"σήμερα, Εγώ βλέπω μια ταινία στο κατάστημα.",Greek
मैं व्यायाम करता हूँ विश्वविद्यालय में शाम के समय।,Hindi
"ಇಂದು, ನಾನು ರೆಸ್ಟೋರೆಂಟ್‌ನಲ್ಲಿ ಭಾಷೆ ಕಲಿಯುತ್ತೇನೆ.",Kannada
قال أنا إنه أتعلم اللغة في المكتب في الصباح.,Arabic
मैं ने कहा कि वह अस्पताल में चाय पीता हूँ हर दिन।,Hindi
قال أنا إنه أكتب رسالة في المتجر في الصباح.,Arabic
أنا أمارس الرياضة في الحديقة هذا الأسبوع.,Arabic
Εγώ είπε ότι σπουδάζω στο πανεπιστήμιο στο σχολείο αύριο.,Greek
मैं विश्वविद्यालय में पढ़ता हूँ विश्वविद्यालय में हर दिन।,Hindi
ഞാൻ ഈ ആഴ്ച റെസ്റ്റോറന്റിൽ ജോലിക്ക് പോകുന്നു.,Malayalam
أنا أذهب إلى العمل في المكتبة في المساء.,Arabic
ഞാൻ രാവിലെ റെസ്റ്റോറന്റിൽ കാപ്പി കുടിക്കുന്നു.,Malayalam
நான் காலையில் அலுவலகத்தில் காபி குடிக்கிறேன் என்று கூறினார்.,Tamil
"ಸಂಜೆಯ ಸಮಯದಲ್ಲಿ, ನಾನು ಮನೆಯಲ್ಲಿ ವಿಶ್ವವಿದ್ಯಾಲಯದಲ್ಲಿ ಓದುತ್ತೇನೆ.",Kannada
വൈകുന്നേരം സമയത്ത് ഞാൻ ലൈബ്രറിയിൽ ഭാഷ പഠിക്കുന്നു.,Malayalam
വൈകുന്നേരം ഞാൻ സർവകലാശാലയിൽ പുസ്തകം വായിക്കുന്നു.,Malayalam
நான் காலையில் நூலகத்தில் திரைப்படம் பார்க்கிறேன் என்று கூறினார்.,Tamil
നാളെ ഞാൻ സ്കൂളിൽ ജോലിക്ക് പോകുന്നു.,Malayalam
"завтра, Я читаю книгу в офисе.",Russian
நான் மாலையில் நூலகத்தில் வேலைக்கு செல்கிறேன் என்று கூறினார்.,Tamil
"हर दिन, मैं विश्वविद्यालय में पढ़ता हूँ शहर में।",Hindi
ഞാൻ വൈകുന്നേരം ആശുപത്രിയിൽ ജോലിക്ക് പോകുന്നു എന്ന് പറഞ്ഞു.,Malayalam
Я хочет учусь в университете в библиотеке.,Russian
ഞാൻ വൈകുന്നേരം സമയത്ത് കടയിൽ ഭാഷ പഠിക്കുന്നു എന്ന് പറഞ്ഞു.,Malayalam
Εγώ είπε ότι βλέπω μια ταινία στο εστιατόριο σήμερα.,Greek
أنا أدرس في الجامعة في المكتبة مساء.,Arabic
நான் காலை நேரத்தில் பள்ளியில் காபி குடிக்கிறேன் என்று கூறினார்.,Tamil
ഞാൻ വൈകുന്നേരം പാർക്കിൽ സിനിമ കാണുന്നു എന്ന് പറഞ്ഞു.,Malayalam
ഈ ആഴ്ച ഞാൻ ലൈബ്രറിയിൽ ഭാഷ പഠിക്കുന്നു.,Malayalam
വൈകുന്നേരം ഞാൻ സർവകലാശാലയിൽ സർവകലാശാലയിൽ പഠിക്കുന്നു.,Malayalam
Εγώ είπε ότι πίνω καφέ στο σχολείο νωρίς το πρωί.,Greek
मैं भाषा सीखता हूँ अस्पताल में सुबह के समय।,Hindi
قال أنا إنه أشرب القهوة في المدرسة كل يوم.,Arabic
ഇന്ന് ഞാൻ വീട്ടിൽ ഭാഷ പഠിക്കുന്നു.,Malayalam
ഞാൻ വൈകുന്നേരം വീട്ടിൽ കാപ്പി കുടിക്കുന്നു എന്ന് പറഞ്ഞു.,Malayalam
"το βράδυ, Εγώ διαβάζω ένα βιβλίο στο σχολείο.",Greek
मैं ने कहा कि वह पार्क में किताब पढ़ता हूँ कल।,Hindi
أنا أشاهد فيلما في المكتب في المساء.,Arabic
ನಾನು ವಿಶ್ವವಿದ್ಯಾಲಯದಲ್ಲಿ ಭಾಷೆ ಕಲಿಯುತ್ತೇನೆ ಇಂದು.,Kannada
ನಾನು ಪ್ರತಿದಿನ ಆಸ್ಪತ್ರೆಯಲ್ಲಿ ಕೆಲಸಕ್ಕೆ ಹೋಗುತ್ತೇನೆ ಎಂದು ಹೇಳಿದರು.,Kannada
मैं काम पर जाता हूँ शहर में शाम के समय।,Hindi
ನಾನು ಇಂದು ನಗರದಲ್ಲಿ ಸಿನಿಮಾ ನೋಡುತ್ತೇನೆ ಎಂದು ಹೇಳಿದರು.,Kannada
ನಾನು ಪ್ರತಿದಿನ ನಗರದಲ್ಲಿ ವಿಶ್ವವಿದ್ಯಾಲಯದಲ್ಲಿ ಓದುತ್ತೇನೆ ಎಂದು ಹೇಳಿದರು.,Kannada
நான் கடையில் கடிதம் எழுதுகிறேன் காலையில்.,Tamil
ನಾನು ಕಚೇರಿಯಲ್ಲಿ ಪತ್ರ ಬರೆಯುತ್ತೇನೆ ಇಂದು.,Kannada
Я пью кофе в магазине вечером.,Russian
"हर दिन, मैं काम पर जाता हूँ विश्वविद्यालय में।",Hindi
"காலையில், நான் பள்ளியில் உடற்பயிற்சி செய்கிறேன்.",Tamil
Εγώ είπε ότι βλέπω μια ταινία στην πόλη αυτή την εβδομάδα.,Greek
"сегодня, Я смотрю фильм в ресторане.",Russian
"மாலை நேரத்தில், நான் கடையில் காபி குடிக்கிறேன்.",Tamil
ನಾನು ಇಂದು ಮನೆಯಲ್ಲಿ ವಿಶ್ವವಿದ್ಯಾಲಯದಲ್ಲಿ ಓದುತ್ತೇನೆ ಎಂದು ಹೇಳಿದರು.,Kannada
قال أنا إنه أقرأ كتابا في المطعم مساء.,Arabic
أنا أمارس الرياضة في المكتب صباحا.,Arabic
"каждый день, Я иду на работу в больнице.",Russian
"Я сказал, что смотрю фильм в библиотеке рано утром.",Russian
मैं विश्वविद्यालय में पढ़ता हूँ पुस्तकालय में शाम को।,Hindi
मैं ने कहा कि वह विश्वविद्यालय में चाय पीता हूँ कल।,Hindi
"Я сказал, что пью кофе дома утром.",Russian
أنا أمارس الرياضة في المكتب مساء.,Arabic
मैं फिल्म देखता हूँ पार्क में कल।,Hindi
ನಾನು ಶಾಲೆಯಲ್ಲಿ ವಿಶ್ವವಿದ್ಯಾಲಯದಲ್ಲಿ ಓದುತ್ತೇನೆ ಮಾಡಲು ಬಯಸುತ್ತಾನೆ.,Kannada
ഞാൻ രാവിലെ റെസ്റ്റോറന്റിൽ വ്യായാമം ചെയ്യുന്നു.,Malayalam
"το πρωί, Εγώ μαθαίνω τη γλώσσα στο νοσοκομείο.",Greek
நான் பள்ளியில் கடிதம் எழுதுகிறேன் விரும்புகிறார்.,Tamil
قال أنا إنه أدرس في الجامعة في المكتب في المساء.,Arabic
ഞാൻ എല്ലാ ദിവസവും റെസ്റ്റോറന്റിൽ ഭാഷ പഠിക്കുന്നു.,Malayalam
ഞാൻ വൈകുന്നേരം സമയത്ത് വീട്ടിൽ കത്ത് എഴുതുന്നു.,Malayalam
ನಾನು ಸಂಜೆಯ ಸಮಯದಲ್ಲಿ ರೆಸ್ಟೋರೆಂಟ್‌ನಲ್ಲಿ ವಿಶ್ವವಿದ್ಯಾಲಯದಲ್ಲಿ ಓದುತ್ತೇನೆ ಎಂದು ಹೇಳಿದರು.,Kannada
நான் இன்று பூங்காவில் மொழி கற்கிறேன் என்று கூறினார்.,Tamil
ഞാൻ രാവിലെ ആശുപത്രിയിൽ കാപ്പി കുടിക്കുന്നു എന്ന് പറഞ്ഞു.,Malayalam
ഞാൻ കടയിൽ ജോലിക്ക് പോകുന്നു ആഗ്രഹിക്കുന്നു.,Malayalam
Εγώ είπε ότι διαβάζω ένα βιβλίο στο σπίτι σήμερα.,Greek
Εγώ πηγαίνω στη δουλειά στο κατάστημα αυτή την εβδομάδα.,Greek
غدا، أنا أدرس في الجامعة في المطعم.,Arabic
मैं ने कहा कि वह कार्यालय में चाय पीता हूँ इस सप्ताह।,Hindi
اليوم، أنا أمارس الرياضة في المدينة.,Arabic
"каждый день, Я смотрю фильм в офисе.",Russian
ನಾನು ವಿಶ್ವವಿದ್ಯಾಲಯದಲ್ಲಿ ಕೆಲಸಕ್ಕೆ ಹೋಗುತ್ತೇನೆ ಈ ವಾರ.,Kannada
ഞാൻ ഈ ആഴ്ച സ്കൂളിൽ ജോലിക്ക് പോകുന്നു.,Malayalam
നാളെ ഞാൻ സ്കൂളിൽ കാപ്പി കുടിക്കുന്നു.,Malayalam
मैं पत्र लिखता हूँ विश्वविद्यालय में कल।,Hindi
"Я сказал, что изучаю язык в ресторане рано утром.",Russian
ഞാൻ എല്ലാ ദിവസവും ആശുപത്രിയിൽ സർവകലാശാലയിൽ പഠിക്കുന്നു.,Malayalam
Εγώ είπε ότι κάνω γυμναστική στο σπίτι αργά το βράδυ.,Greek
"இன்று, நான் நகரத்தில் புத்தகம் படிக்கிறேன்.",Tamil
"शाम को, मैं व्यायाम करता हूँ पुस्तकालय में।",Hindi
ഞാൻ പാർക്കിൽ വ്യായാമം ചെയ്യുന്നു ആഗ്രഹിക്കുന്നു.,Malayalam
"νωρίς το πρωί, Εγώ μαθαίνω τη γλώσσα στο σπίτι.",Greek
غدا، أنا أتعلم اللغة في المدرسة.,Arabic
ನಾನು ವಿಶ್ವವಿದ್ಯಾಲಯದಲ್ಲಿ ಕಾಫಿ ಕುಡಿಯುತ್ತೇನೆ ಇಂದು.,Kannada
أنا أذهب إلى العمل في المكتبة كل يوم.,Arabic
"ನಾಳೆ, ನಾನು ಆಸ್ಪತ್ರೆಯಲ್ಲಿ ವ್ಯಾಯಾಮ ಮಾಡುತ್ತೇನೆ.",Kannada
நான் நகரத்தில் வேலைக்கு செல்கிறேன் இன்று.,Tamil
ನಾನು ಪ್ರತಿದಿನ ಅಂಗಡಿಯಲ್ಲಿ ಭಾಷೆ ಕಲಿಯುತ್ತೇನೆ ಎಂದು ಹೇಳಿದರು.,Kannada
أنا أكتب رسالة في الحديقة في المساء.,Arabic
"αργά το βράδυ, Εγώ πίνω καφέ στην πόλη.",Greek
मैं ने कहा कि वह घर में भाषा सीखता हूँ कल।,Hindi
Я пишу письмо в школе рано утром.,Russian
"शाम को, मैं फिल्म देखता हूँ विश्वविद्यालय में।",Hindi
நான் கடையில் வேலைக்கு செல்கிறேன் மாலையில்.,Tamil
நான் இந்த வாரம் பல்கலைக்கழகத்தில் மொழி கற்கிறேன் என்று கூறினார்.,Tamil
मैं काम पर जाता हूँ घर में शाम को।,Hindi
நான் இன்று பள்ளியில் உடற்பயிற்சி செய்கிறேன் என்று கூறினார்.,Tamil
في المساء، أنا أتعلم اللغة في المتجر.,Arabic
أنا أكتب رسالة في المدرسة اليوم.,Arabic
"утром, Я пишу письмо в городе.",Russian
"நாளை, நான் பல்கலைக்கழகத்தில் கடிதம் எழுதுகிறேன்.",Tamil
ನಾನು ಕಚೇರಿಯಲ್ಲಿ ಪತ್ರ ಬರೆಯುತ್ತೇನೆ ಬೆಳಗಿನ ಸಮಯದಲ್ಲಿ.,Kannada
ഞാൻ ഈ ആഴ്ച പാർക്കിൽ ജോലിക്ക് പോകുന്നു.,Malayalam
ನಾನು ಆಸ್ಪತ್ರೆಯಲ್ಲಿ ಪುಸ್ತಕ ಓದುತ್ತೇನೆ ಸಂಜೆ.,Kannada
"каждый день, Я изучаю язык в университете.",Russian
നാളെ ഞാൻ കടയിൽ കാപ്പി കുടിക്കുന്നു.,Malayalam
Εγώ κάνω γυμναστική στο σπίτι κάθε μέρα.,Greek
"Я сказал, что смотрю фильм дома каждый день.",Russian
"इस सप्ताह, मैं काम पर जाता हूँ पार्क में।",Hindi
நான் அலுவலகத்தில் பல்கலைக்கழகத்தில் படிக்கிறேன் மாலையில்.,Tamil
நான் நாளை பூங்காவில் புத்தகம் படிக்கிறேன் என்று கூறினார்.,Tamil
രാവിലെ സമയത്ത് ഞാൻ ആശുപത്രിയിൽ സിനിമ കാണുന്നു.,Malayalam
"कल, मैं काम पर जाता हूँ दुकान में।",Hindi
"ನಾಳೆ, ನಾನು ಅಂಗಡಿಯಲ್ಲಿ ಕಾಫಿ ಕುಡಿಯುತ್ತೇನೆ.",Kannada
ನಾನು ವಿಶ್ವವಿದ್ಯಾಲಯದಲ್ಲಿ ಭಾಷೆ ಕಲಿಯುತ್ತೇನೆ ಬೆಳಿಗ್ಗೆ.,Kannada
"Я сказал, что изучаю язык в больнице на этой неделе.",Russian
"Я сказал, что учусь в университете в парке поздно вечером.",Russian
நான் அலுவலகத்தில் மொழி கற்கிறேன் இந்த வாரம்.,Tamil
"вечером, Я занимаюсь спортом в магазине.",Russian
Εγώ είπε ότι πίνω καφέ στο εστιατόριο αργά το βράδυ.,Greek
"αύριο, Εγώ σπουδάζω στο πανεπιστήμιο στο εστιατόριο.",Greek
أنا يريد أن أذهب إلى العمل في المكتبة.,Arabic
"вечером, Я учусь в университете в магазине.",Russian
ഞാൻ എല്ലാ ദിവസവും കടയിൽ കാപ്പി കുടിക്കുന്നു എന്ന് പറഞ്ഞു.,Malayalam
قال أنا إنه أذهب إلى العمل في المتجر مساء.,Arabic
ನಾನು ಇಂದು ಮನೆಯಲ್ಲಿ ಭಾಷೆ ಕಲಿಯುತ್ತೇನೆ ಎಂದು ಹೇಳಿದರು.,Kannada
ഞാൻ നാളെ സ്കൂളിൽ ജോലിക്ക് പോകുന്നു.,Malayalam
രാവിലെ ഞാൻ സ്കൂളിൽ സർവകലാശാലയിൽ പഠിക്കുന്നു.,Malayalam
Εγώ σπουδάζω στο πανεπιστήμιο στο εστιατόριο αργά το βράδυ.,Greek
"Я сказал, что занимаюсь спортом в университете вечером.",Russian
ನಾನು ಉದ್ಯಾನವನದಲ್ಲಿ ಸಿನಿಮಾ ನೋಡುತ್ತೇನೆ ಬೆಳಗಿನ ಸಮಯದಲ್ಲಿ.,Kannada
"αυτή την εβδομάδα, Εγώ διαβάζω ένα βιβλίο στο νοσοκομείο.",Greek
"αύριο, Εγώ πίνω καφέ στο κατάστημα.",Greek
ನಾನು ಆಸ್ಪತ್ರೆಯಲ್ಲಿ ವಿಶ್ವವಿದ್ಯಾಲಯದಲ್ಲಿ ಓದುತ್ತೇನೆ ಮಾಡಲು ಬಯಸುತ್ತಾನೆ.,Kannada
நான் பல்கலைக்கழகத்தில் காபி குடிக்கிறேன் இன்று.,Tamil
Εγώ είπε ότι διαβάζω ένα βιβλίο στο κατάστημα νωρίς το πρωί.,Greek
قال أنا إنه أتعلم اللغة في المكتبة كل يوم.,Arabic
"сегодня, Я изучаю язык в парке.",Russian
ನಾನು ರೆಸ್ಟೋರೆಂಟ್‌ನಲ್ಲಿ ಸಿನಿಮಾ ನೋಡುತ್ತೇನೆ ಬೆಳಗಿನ ಸಮಯದಲ್ಲಿ.,Kannada
هذا الأسبوع، أنا أتعلم اللغة في الحديقة.,Arabic
"рано утром, Я пью кофе в больнице.",Russian
"इस सप्ताह, मैं फिल्म देखता हूँ घर में।",Hindi
ನಾನು ಮನೆಯಲ್ಲಿ ಪತ್ರ ಬರೆಯುತ್ತೇನೆ ಸಂಜೆಯ ಸಮಯದಲ್ಲಿ.,Kannada
"Я сказал, что учусь в университете в парке завтра.",Russian
ഞാൻ വൈകുന്നേരം സമയത്ത് നഗരത്തിൽ പുസ്തകം വായിക്കുന്നു.,Malayalam
"மாலையில், நான் உணவகத்தில் பல்கலைக்கழகத்தில் படிக்கிறேன்.",Tamil
مساء، أنا أشرب القهوة في المكتب.,Arabic
मैं चाय पीता हूँ शहर में सुबह।,Hindi
ഞാൻ വൈകുന്നേരം നഗരത്തിൽ പുസ്തകം വായിക്കുന്നു എന്ന് പറഞ്ഞു.,Malayalam
நான் நூலகத்தில் திரைப்படம் பார்க்கிறேன் மாலை நேரத்தில்.,Tamil
मैं दुकान में काम पर जाता हूँ चाहता है।,Hindi
நான் இந்த வாரம் பள்ளியில் காபி குடிக்கிறேன் என்று கூறினார்.,Tamil
"மாலையில், நான் பல்கலைக்கழகத்தில் கடிதம் எழுதுகிறேன்.",Tamil
"இந்த வாரம், நான் பூங்காவில் உடற்பயிற்சி செய்கிறேன்.",Tamil
ನಾನು ಸಂಜೆ ಆಸ್ಪತ್ರೆಯಲ್ಲಿ ಪುಸ್ತಕ ಓದುತ್ತೇನೆ ಎಂದು ಹೇಳಿದರು.,Kannada
Я пишу письмо в городе поздно вечером.,Russian
Εγώ είπε ότι κάνω γυμναστική στην πόλη αυτή την εβδομάδα.,Greek
ನಾನು ಸಂಜೆಯ ಸಮಯದಲ್ಲಿ ಶಾಲೆಯಲ್ಲಿ ಕಾಫಿ ಕುಡಿಯುತ್ತೇನೆ ಎಂದು ಹೇಳಿದರು.,Kannada
Я хочет учусь в университете в школе.,Russian
ഞാൻ ഈ ആഴ്ച സ്കൂളിൽ പുസ്തകം വായിക്കുന്നു.,Malayalam
"कल, मैं चाय पीता हूँ पुस्तकालय में।",Hindi
"ಇಂದು, ನಾನು ಉದ್ಯಾನವನದಲ್ಲಿ ಭಾಷೆ ಕಲಿಯುತ್ತೇನೆ.",Kannada
Я пишу письмо в библиотеке каждый день.,Russian
قال أنا إنه أشرب القهوة في المطعم في الصباح.,Arabic
Εγώ είπε ότι διαβάζω ένα βιβλίο στο νοσοκομείο κάθε μέρα.,Greek
"Я сказал, что занимаюсь спортом в офисе поздно вечером.",Russian
Εγώ μαθαίνω τη γλώσσα στο γραφείο κάθε μέρα.,Greek
ഞാൻ രാവിലെ ലൈബ്രറിയിൽ കത്ത് എഴുതുന്നു.,Malayalam
ഇന്ന് ഞാൻ വീട്ടിൽ കത്ത് എഴുതുന്നു.,Malayalam
நான் மாலை நேரத்தில் வீட்டில் மொழி கற்கிறேன் என்று கூறினார்.,Tamil
"ಸಂಜೆಯ ಸಮಯದಲ್ಲಿ, ನಾನು ಮನೆಯಲ್ಲಿ ವ್ಯಾಯಾಮ ಮಾಡುತ್ತೇನೆ.",Kannada
நான் பூங்காவில் உடற்பயிற்சி செய்கிறேன் விரும்புகிறார்.,Tamil
ഇന്ന് ഞാൻ ഓഫീസിൽ കത്ത് എഴുതുന്നു.,Malayalam
ഞാൻ ഇന്ന് സർവകലാശാലയിൽ സിനിമ കാണുന്നു എന്ന് പറഞ്ഞു.,Malayalam
قال أنا إنه أقرأ كتابا في المكتبة غدا.,Arabic
Εγώ είπε ότι κάνω γυμναστική στην πόλη αργά το βράδυ.,Greek
मैं काम पर जाता हूँ विश्वविद्यालय में शाम को।,Hindi
நான் காலை நேரத்தில் உணவகத்தில் உடற்பயிற்சி செய்கிறேன் என்று கூறினார்.,Tamil
أنا يريد أن أمارس الرياضة في المدرسة.,Arabic
"மாலையில், நான் அலுவலகத்தில் வேலைக்கு செல்கிறேன்.",Tamil
"மாலையில், நான் கடையில் புத்தகம் படிக்கிறேன்.",Tamil
Εγώ βλέπω μια ταινία στη βιβλιοθήκη κάθε μέρα.,Greek
"सुबह के समय, मैं फिल्म देखता हूँ कार्यालय में।",Hindi
في الصباح، أنا أكتب رسالة في المطعم.,Arabic
Я пишу письмо в офисе сегодня.,Russian
मैं ने कहा कि वह स्कूल में पत्र लिखता हूँ सुबह के समय।,Hindi
قال أنا إنه أشرب القهوة في المكتبة مساء.,Arabic
Я изучаю язык в офисе завтра.,Russian
اليوم، أنا أقرأ كتابا في المكتبة.,Arabic
நான் உணவகத்தில் புத்தகம் படிக்கிறேன் இன்று.,Tamil
"αύριο, Εγώ μαθαίνω τη γλώσσα στο πάρκο.",Greek
"நாளை, நான் அலுவலகத்தில் திரைப்படம் பார்க்கிறேன்.",Tamil
"காலை நேரத்தில், நான் பள்ளியில் உடற்பயிற்சி செய்கிறேன்.",Tamil
أنا أمارس الرياضة في المطعم كل يوم.,Arabic
"आज, मैं काम पर जाता हूँ घर में।",Hindi
Я пишу письмо в библиотеке поздно вечером.,Russian
நான் மாலை நேரத்தில் மருத்துவமனையில் காபி குடிக்கிறேன் என்று கூறினார்.,Tamil
"காலையில், நான் நூலகத்தில் மொழி கற்கிறேன்.",Tamil
ഞാൻ വൈകുന്നേരം കടയിൽ കാപ്പി കുടിക്കുന്നു.,Malayalam
Я изучаю язык в городе на этой неделе.,Russian
"вечером, Я пишу письмо в офисе.",Russian
"सुबह, मैं चाय पीता हूँ पार्क में।",Hindi
"सुबह के समय, मैं व्यायाम करता हूँ दुकान में।",Hindi
ഞാൻ പാർക്കിൽ ജോലിക്ക് പോകുന്നു ആഗ്രഹിക്കുന്നു.,Malayalam
"Я сказал, что пишу письмо в университете вечером.",Russian
Εγώ είπε ότι βλέπω μια ταινία στο νοσοκομείο νωρίς το πρωί.,Greek
"Я сказал, что пишу письмо в больнице утром.",Russian
ನಾನು ಬೆಳಗಿನ ಸಮಯದಲ್ಲಿ ಅಂಗಡಿಯಲ್ಲಿ ವಿಶ್ವವಿದ್ಯಾಲಯದಲ್ಲಿ ಓದುತ್ತೇನೆ ಎಂದು ಹೇಳಿದರು.,Kannada
Εγώ σπουδάζω στο πανεπιστήμιο στο πάρκο αύριο.,Greek
நான் நாளை பள்ளியில் வேலைக்கு செல்கிறேன் என்று கூறினார்.,Tamil
"आज, मैं पत्र लिखता हूँ कार्यालय में।",Hindi
"ಸಂಜೆಯ ಸಮಯದಲ್ಲಿ, ನಾನು ಶಾಲೆಯಲ್ಲಿ ಕಾಫಿ ಕುಡಿಯುತ್ತೇನೆ.",Kannada
ഇന്ന് ഞാൻ സ്കൂളിൽ കാപ്പി കുടിക്കുന്നു.,Malayalam
ನಾನು ಅಂಗಡಿಯಲ್ಲಿ ಭಾಷೆ ಕಲಿಯುತ್ತೇನೆ ನಾಳೆ.,Kannada
"ಸಂಜೆ, ನಾನು ಅಂಗಡಿಯಲ್ಲಿ ಪತ್ರ ಬರೆಯುತ್ತೇನೆ.",Kannada
قال أنا إنه أكتب رسالة في الجامعة هذا الأسبوع.,Arabic
"рано утром, Я смотрю фильм в офисе.",Russian
"ಸಂಜೆ, ನಾನು ಉದ್ಯಾನವನದಲ್ಲಿ ಪುಸ್ತಕ ಓದುತ್ತೇನೆ.",Kannada
"το βράδυ, Εγώ διαβάζω ένα βιβλίο στο πανεπιστήμιο.",Greek
मैं काम पर जाता हूँ अस्पताल में हर दिन।,Hindi
ನಾನು ಮನೆಯಲ್ಲಿ ಭಾಷೆ ಕಲಿಯುತ್ತೇನೆ ಸಂಜೆಯ ಸಮಯದಲ್ಲಿ.,Kannada
"शाम के समय, मैं किताब पढ़ता हूँ दुकान में।",Hindi
ನಾನು ಬೆಳಗಿನ ಸಮಯದಲ್ಲಿ ಆಸ್ಪತ್ರೆಯಲ್ಲಿ ಪುಸ್ತಕ ಓದುತ್ತೇನೆ ಎಂದು ಹೇಳಿದರು.,Kannada
मैं ने कहा कि वह विश्वविद्यालय में भाषा सीखता हूँ सुबह।,Hindi
ഞാൻ എല്ലാ ദിവസവും ഓഫീസിൽ സർവകലാശാലയിൽ പഠിക്കുന്നു എന്ന് പറഞ്ഞു.,Malayalam
ഞാൻ രാവിലെ നഗരത്തിൽ കാപ്പി കുടിക്കുന്നു.,Malayalam
"Я сказал, что учусь в университете в университете на этой неделе.",Russian
ನಾನು ನಾಳೆ ವಿಶ್ವವಿದ್ಯಾಲಯದಲ್ಲಿ ಕೆಲಸಕ್ಕೆ ಹೋಗುತ್ತೇನೆ ಎಂದು ಹೇಳಿದರು.,Kannada
Εγώ είπε ότι σπουδάζω στο πανεπιστήμιο στο πανεπιστήμιο αυτή την εβδομάδα.,Greek
"நாளை, நான் அலுவலகத்தில் வேலைக்கு செல்கிறேன்.",Tamil
"நாளை, நான் நகரத்தில் காபி குடிக்கிறேன்.",Tamil
Я пью кофе в школе завтра.,Russian
Εγώ σπουδάζω στο πανεπιστήμιο στη βιβλιοθήκη το βράδυ.,Greek
ನಾನು ಬೆಳಿಗ್ಗೆ ರೆಸ್ಟೋರೆಂಟ್‌ನಲ್ಲಿ ಭಾಷೆ ಕಲಿಯುತ್ತೇನೆ ಎಂದು ಹೇಳಿದರು.,Kannada
நான் காலை நேரத்தில் அலுவலகத்தில் மொழி கற்கிறேன் என்று கூறினார்.,Tamil
قال أنا إنه أدرس في الجامعة في المتجر كل يوم.,Arabic
ನಾನು ಈ ವಾರ ವಿಶ್ವವಿದ್ಯಾಲಯದಲ್ಲಿ ಭಾಷೆ ಕಲಿಯುತ್ತೇನೆ ಎಂದು ಹೇಳಿದರು.,Kannada
मैं ने कहा कि वह रेस्तरां में किताब पढ़ता हूँ सुबह।,Hindi
मैं ने कहा कि वह स्कूल में व्यायाम करता हूँ हर दिन।,Hindi
मैं ने कहा कि वह पुस्तकालय में फिल्म देखता हूँ आज।,Hindi
ನಾನು ಪ್ರತಿದಿನ ವಿಶ್ವವಿದ್ಯಾಲಯದಲ್ಲಿ ಸಿನಿಮಾ ನೋಡುತ್ತೇನೆ ಎಂದು ಹೇಳಿದರು.,Kannada
صباحا، أنا أكتب رسالة في المكتب.,Arabic
Я хочет пью кофе в ресторане.,Russian
நான் நகரத்தில் புத்தகம் படிக்கிறேன் மாலை நேரத்தில்.,Tamil
"Я сказал, что читаю книгу дома завтра.",Russian
ഇന്ന് ഞാൻ ആശുപത്രിയിൽ പുസ്തകം വായിക്കുന്നു.,Malayalam
"இந்த வாரம், நான் நகரத்தில் உடற்பயிற்சி செய்கிறேன்.",Tamil
நான் வீட்டில் வேலைக்கு செல்கிறேன் இன்று.,Tamil
"ಇಂದು, ನಾನು ಗ್ರಂಥಾಲಯದಲ್ಲಿ ಪುಸ್ತಕ ಓದುತ್ತೇನೆ.",Kannada
Εγώ γράφω ένα γράμμα στη βιβλιοθήκη αυτή την εβδομάδα.,Greek
ನಾನು ಆಸ್ಪತ್ರೆಯಲ್ಲಿ ಸಿನಿಮಾ ನೋಡುತ್ತೇನೆ ಪ್ರತಿದಿನ.,Kannada
"Я сказал, что занимаюсь спортом в офисе вечером.",Russian
Я иду на работу в городе вечером.,Russian
Εγώ μαθαίνω τη γλώσσα στο πανεπιστήμιο νωρίς το πρωί.,Greek
मैं ने कहा कि वह शहर में किताब पढ़ता हूँ सुबह के समय।,Hindi
Εγώ πηγαίνω στη δουλειά στο πανεπιστήμιο νωρίς το πρωί.,Greek
ഞാൻ വൈകുന്നേരം സമയത്ത് ഓഫീസിൽ സിനിമ കാണുന്നു.,Malayalam
Я иду на работу дома сегодня.,Russian
ನಾನು ಸಂಜೆ ಮನೆಯಲ್ಲಿ ಕೆಲಸಕ್ಕೆ ಹೋಗುತ್ತೇನೆ ಎಂದು ಹೇಳಿದರು.,Kannada
ನಾನು ಬೆಳಿಗ್ಗೆ ನಗರದಲ್ಲಿ ಸಿನಿಮಾ ನೋಡುತ್ತೇನೆ ಎಂದು ಹೇಳಿದರು.,Kannada
Εγώ είπε ότι πίνω καφέ στο γραφείο αύριο.,Greek
"இன்று, நான் கடையில் புத்தகம் படிக்கிறேன்.",Tamil
"शाम को, मैं काम पर जाता हूँ पुस्तकालय में।",Hindi
"कल, मैं भाषा सीखता हूँ पार्क में।",Hindi
Εγώ πηγαίνω στη δουλειά στο πανεπιστήμιο το πρωί.,Greek
Εγώ είπε ότι βλέπω μια ταινία στη βιβλιοθήκη νωρίς το πρωί.,Greek
நான் நாளை நகரத்தில் பல்கலைக்கழகத்தில் படிக்கிறேன் என்று கூறினார்.,Tamil
"поздно вечером, Я изучаю язык в школе.",Russian
قال أنا إنه أذهب إلى العمل في المتجر اليوم.,Arabic
രാവിലെ ഞാൻ ഓഫീസിൽ സിനിമ കാണുന്നു.,Malayalam
நான் உணவகத்தில் பல்கலைக்கழகத்தில் படிக்கிறேன் மாலை நேரத்தில்.,Tamil
ഞാൻ ഈ ആഴ്ച ലൈബ്രറിയിൽ ജോലിക്ക് പോകുന്നു എന്ന് പറഞ്ഞു.,Malayalam
أنا أتعلم اللغة في المدينة هذا الأسبوع.,Arabic
اليوم، أنا أشاهد فيلما في المستشفى.,Arabic
"हर दिन, मैं काम पर जाता हूँ शहर में।",Hindi
मैं भाषा सीखता हूँ पार्क में इस सप्ताह।,Hindi
ഞാൻ വൈകുന്നേരം ലൈബ്രറിയിൽ സിനിമ കാണുന്നു.,Malayalam
"каждый день, Я изучаю язык в школе.",Russian
मैं ने कहा कि वह स्कूल में भाषा सीखता हूँ शाम को।,Hindi
நான் இந்த வாரம் கடையில் மொழி கற்கிறேன் என்று கூறினார்.,Tamil
நான் பல்கலைக்கழகத்தில் புத்தகம் படிக்கிறேன் காலை நேரத்தில்.,Tamil
मैं ने कहा कि वह रेस्तरां में भाषा सीखता हूँ आज।,Hindi
ഞാൻ വൈകുന്നേരം സ്കൂളിൽ കത്ത് എഴുതുന്നു എന്ന് പറഞ്ഞു.,Malayalam
ನಾನು ಇಂದು ರೆಸ್ಟೋರೆಂಟ್‌ನಲ್ಲಿ ವ್ಯಾಯಾಮ ಮಾಡುತ್ತೇನೆ ಎಂದು ಹೇಳಿದರು.,Kannada
ഇന്ന് ഞാൻ പാർക്കിൽ വ്യായാമം ചെയ്യുന്നു.,Malayalam
Εγώ θέλει να πηγαίνω στη δουλειά στην πόλη.,Greek
நான் அலுவலகத்தில் புத்தகம் படிக்கிறேன் நாளை.,Tamil
"Я сказал, что изучаю язык дома на этой неделе.",Russian
"आज, मैं किताब पढ़ता हूँ पार्क में।",Hindi
"மாலை நேரத்தில், நான் உணவகத்தில் பல்கலைக்கழகத்தில் படிக்கிறேன்.",Tamil
Εγώ βλέπω μια ταινία στο κατάστημα αργά το βράδυ.,Greek
أنا أدرس في الجامعة في المدينة صباحا.,Arabic
நான் காலையில் வீட்டில் உடற்பயிற்சி செய்கிறேன் என்று கூறினார்.,Tamil
غدا، أنا أشرب القهوة في المدرسة.,Arabic
ನಾನು ಆಸ್ಪತ್ರೆಯಲ್ಲಿ ಭಾಷೆ ಕಲಿಯುತ್ತೇನೆ ಬೆಳಗಿನ ಸಮಯದಲ್ಲಿ.,Kannada
വൈകുന്നേരം ഞാൻ സർവകലാശാലയിൽ വ്യായാമം ചെയ്യുന്നു.,Malayalam
நான் நூலகத்தில் காபி குடிக்கிறேன் தினமும்.,Tamil
قال أنا إنه أمارس الرياضة في الجامعة كل يوم.,Arabic
രാവിലെ സമയത്ത് ഞാൻ സ്കൂളിൽ സിനിമ കാണുന്നു.,Malayalam
मैं ने कहा कि वह पार्क में काम पर जाता हूँ हर दिन।,Hindi
"ನಾಳೆ, ನಾನು ಕಚೇರಿಯಲ್ಲಿ ಪತ್ರ ಬರೆಯುತ್ತೇನೆ.",Kannada
ನಾನು ವಿಶ್ವವಿದ್ಯಾಲಯದಲ್ಲಿ ವಿಶ್ವವಿದ್ಯಾಲಯದಲ್ಲಿ ಓದುತ್ತೇನೆ ಪ್ರತಿದಿನ.,Kannada
Εγώ είπε ότι μαθαίνω τη γλώσσα στο γραφείο νωρίς το πρωί.,Greek
أنا أتعلم اللغة في المدرسة هذا الأسبوع.,Arabic
ഞാൻ ഈ ആഴ്ച പാർക്കിൽ സിനിമ കാണുന്നു എന്ന് പറഞ്ഞു.,Malayalam
أنا أتعلم اللغة في المكتب في المساء.,Arabic
ഞാൻ ഈ ആഴ്ച നഗരത്തിൽ ജോലിക്ക് പോകുന്നു എന്ന് പറഞ്ഞു.,Malayalam
Εγώ πίνω καφέ στο πανεπιστήμιο κάθε μέρα.,Greek
"Я сказал, что пью кофе в магазине сегодня.",Russian
اليوم، أنا أقرأ كتابا في المكتب.,Arabic
هذا الأسبوع، أنا أذهب إلى العمل في المدرسة.,Arabic
मैं ने कहा कि वह पुस्तकालय में फिल्म देखता हूँ इस सप्ताह।,Hindi
"ಸಂಜೆ, ನಾನು ರೆಸ್ಟೋರೆಂಟ್‌ನಲ್ಲಿ ಪತ್ರ ಬರೆಯುತ್ತೇನೆ.",Kannada
നാളെ ഞാൻ നഗരത്തിൽ ഭാഷ പഠിക്കുന്നു.,Malayalam
ನಾನು ಕಚೇರಿಯಲ್ಲಿ ವ್ಯಾಯಾಮ ಮಾಡುತ್ತೇನೆ ನಾಳೆ.,Kannada
ഞാൻ ഇന്ന് ആശുപത്രിയിൽ ഭാഷ പഠിക്കുന്നു എന്ന് പറഞ്ഞു.,Malayalam
"ಸಂಜೆಯ ಸಮಯದಲ್ಲಿ, ನಾನು ಉದ್ಯಾನವನದಲ್ಲಿ ವಿಶ್ವವಿದ್ಯಾಲಯದಲ್ಲಿ ಓದುತ್ತೇನೆ.",Kannada
நான் காலை நேரத்தில் நூலகத்தில் உடற்பயிற்சி செய்கிறேன் என்று கூறினார்.,Tamil
എല്ലാ ദിവസവും ഞാൻ ആശുപത്രിയിൽ പുസ്തകം വായിക്കുന്നു.,Malayalam
ഇന്ന് ഞാൻ റെസ്റ്റോറന്റിൽ സിനിമ കാണുന്നു.,Malayalam
Εγώ είπε ότι πηγαίνω στη δουλειά στο σπίτι νωρίς το πρωί.,Greek
قال أنا إنه أذهب إلى العمل في المتجر في الصباح.,Arabic
நான் கடையில் காபி குடிக்கிறேன் மாலை நேரத்தில்.,Tamil
"शाम के समय, मैं भाषा सीखता हूँ कार्यालय में।",Hindi
"Я сказал, что учусь в университете дома вечером.",Russian
قال أنا إنه أكتب رسالة في المستشفى مساء.,Arabic
நான் நாளை நகரத்தில் காபி குடிக்கிறேன் என்று கூறினார்.,Tamil
Εγώ βλέπω μια ταινία στην πόλη αύριο.,Greek
Я изучаю язык в ресторане поздно вечером.,Russian
ನಾನು ಮನೆಯಲ್ಲಿ ವಿಶ್ವವಿದ್ಯಾಲಯದಲ್ಲಿ ಓದುತ್ತೇನೆ ಬೆಳಗಿನ ಸಮಯದಲ್ಲಿ.,Kannada
مساء، أنا أشاهد فيلما في المدينة.,Arabic
मैं ने कहा कि वह अस्पताल में भाषा सीखता हूँ शाम के समय।,Hindi
நான் பல்கலைக்கழகத்தில் வேலைக்கு செல்கிறேன் மாலை நேரத்தில்.,Tamil
நான் வீட்டில் திரைப்படம் பார்க்கிறேன் தினமும்.,Tamil
"தினமும், நான் நூலகத்தில் மொழி கற்கிறேன்.",Tamil
मैं ने कहा कि वह रेस्तरां में पत्र लिखता हूँ कल।,Hindi
"Я сказал, что изучаю язык в больнице поздно вечером.",Russian
"το πρωί, Εγώ βλέπω μια ταινία στο σχολείο.",Greek
मैं ने कहा कि वह दुकान में भाषा सीखता हूँ कल।,Hindi
"το πρωί, Εγώ βλέπω μια ταινία στο πανεπιστήμιο.",Greek
اليوم، أنا أكتب رسالة في الجامعة.,Arabic
ನಾನು ಉದ್ಯಾನವನದಲ್ಲಿ ಕೆಲಸಕ್ಕೆ ಹೋಗುತ್ತೇನೆ ಸಂಜೆ.,Kannada
ഞാൻ രാവിലെ റെസ്റ്റോറന്റിൽ ഭാഷ പഠിക്കുന്നു.,Malayalam
ನಾನು ವಿಶ್ವವಿದ್ಯಾಲಯದಲ್ಲಿ ವಿಶ್ವವಿದ್ಯಾಲಯದಲ್ಲಿ ಓದುತ್ತೇನೆ ಇಂದು.,Kannada
मैं ने कहा कि वह रेस्तरां में पत्र लिखता हूँ शाम के समय।,Hindi
أنا أذهب إلى العمل في المنزل غدا.,Arabic
രാവിലെ ഞാൻ കടയിൽ കാപ്പി കുടിക്കുന്നു.,Malayalam
Εγώ πίνω καφέ στο γραφείο αύριο.,Greek
"Я сказал, что пью кофе в университете каждый день.",Russian
"நாளை, நான் அலுவலகத்தில் கடிதம் எழுதுகிறேன்.",Tamil
நான் நாளை அலுவலகத்தில் மொழி கற்கிறேன் என்று கூறினார்.,Tamil
ഞാൻ വൈകുന്നേരം സർവകലാശാലയിൽ കാപ്പി കുടിക്കുന്നു.,Malayalam
"ಸಂಜೆ, ನಾನು ಮನೆಯಲ್ಲಿ ಪುಸ್ತಕ ಓದುತ್ತೇನೆ.",Kannada
"Я сказал, что изучаю язык в офисе сегодня.",Russian
قال أنا إنه أتعلم اللغة في المكتب صباحا.,Arabic
"सुबह के समय, मैं फिल्म देखता हूँ घर में।",Hindi
मैं फिल्म देखता हूँ दुकान में शाम को।,Hindi
நான் இன்று மருத்துவமனையில் புத்தகம் படிக்கிறேன் என்று கூறினார்.,Tamil
Εγώ είπε ότι βλέπω μια ταινία στο σχολείο αύριο.,Greek
أنا أتعلم اللغة في الجامعة مساء.,Arabic
Εγώ είπε ότι κάνω γυμναστική στο γραφείο αύριο.,Greek
நான் நாளை உணவகத்தில் உடற்பயிற்சி செய்கிறேன் என்று கூறினார்.,Tamil
ഞാൻ നാളെ പാർക്കിൽ ജോലിക്ക് പോകുന്നു എന്ന് പറഞ്ഞു.,Malayalam
"மாலை நேரத்தில், நான் நூலகத்தில் திரைப்படம் பார்க்கிறேன்.",Tamil
நான் நகரத்தில் புத்தகம் படிக்கிறேன் காலையில்.,Tamil
ನಾನು ಸಂಜೆಯ ಸಮಯದಲ್ಲಿ ಕಚೇರಿಯಲ್ಲಿ ಸಿನಿಮಾ ನೋಡುತ್ತೇನೆ ಎಂದು ಹೇಳಿದರು.,Kannada
Я иду на работу в школе утром.,Russian
நான் காலை நேரத்தில் கடையில் பல்கலைக்கழகத்தில் படிக்கிறேன் என்று கூறினார்.,Tamil
أنا أكتب رسالة في المطعم هذا الأسبوع.,Arabic
"αύριο, Εγώ πηγαίνω στη δουλειά στη βιβλιοθήκη.",Greek
"αυτή την εβδομάδα, Εγώ γράφω ένα γράμμα στο γραφείο.",Greek
രാവിലെ ഞാൻ ആശുപത്രിയിൽ കാപ്പി കുടിക്കുന്നു.,Malayalam
Εγώ μαθαίνω τη γλώσσα στο νοσοκομείο κάθε μέρα.,Greek
நான் இன்று பூங்காவில் திரைப்படம் பார்க்கிறேன் என்று கூறினார்.,Tamil
ഞാൻ നാളെ സർവകലാശാലയിൽ സിനിമ കാണുന്നു എന്ന് പറഞ്ഞു.,Malayalam
ഞാൻ എല്ലാ ദിവസവും കടയിൽ കത്ത് എഴുതുന്നു.,Malayalam
Εγώ διαβάζω ένα βιβλίο στο εστιατόριο νωρίς το πρωί.,Greek
Εγώ πίνω καφέ στο εστιατόριο αύριο.,Greek
"शाम के समय, मैं व्यायाम करता हूँ कार्यालय में।",Hindi
Я иду на работу в офисе рано утром.,Russian
ನಾನು ಪ್ರತಿದಿನ ಗ್ರಂಥಾಲಯದಲ್ಲಿ ಕಾಫಿ ಕುಡಿಯುತ್ತೇನೆ ಎಂದು ಹೇಳಿದರು.,Kannada
ഞാൻ എല്ലാ ദിവസവും ഓഫീസിൽ ജോലിക്ക് പോകുന്നു എന്ന് പറഞ്ഞു.,Malayalam
أنا أشاهد فيلما في المكتبة هذا الأسبوع.,Arabic
मैं काम पर जाता हूँ अस्पताल में शाम को।,Hindi
ഞാൻ ഇന്ന് സർവകലാശാലയിൽ വ്യായാമം ചെയ്യുന്നു എന്ന് പറഞ്ഞു.,Malayalam
ഞാൻ വൈകുന്നേരം കടയിൽ ഭാഷ പഠിക്കുന്നു എന്ന് പറഞ്ഞു.,Malayalam
أنا أشاهد فيلما في المكتبة مساء.,Arabic
ನಾನು ಬೆಳಿಗ್ಗೆ ಕಚೇರಿಯಲ್ಲಿ ಪುಸ್ತಕ ಓದುತ್ತೇನೆ ಎಂದು ಹೇಳಿದರು.,Kannada
"காலையில், நான் அலுவலகத்தில் கடிதம் எழுதுகிறேன்.",Tamil
صباحا، أنا أذهب إلى العمل في الحديقة.,Arabic
நான் தினமும் நகரத்தில் வேலைக்கு செல்கிறேன் என்று கூறினார்.,Tamil
"ನಾಳೆ, ನಾನು ವಿಶ್ವವಿದ್ಯಾಲಯದಲ್ಲಿ ಕೆಲಸಕ್ಕೆ ಹೋಗುತ್ತೇನೆ.",Kannada
मैं ने कहा कि वह घर में भाषा सीखता हूँ इस सप्ताह।,Hindi
Εγώ θέλει να διαβάζω ένα βιβλίο στο σχολείο.,Greek
هذا الأسبوع، أنا أدرس في الجامعة في المدرسة.,Arabic
ನಾನು ಈ ವಾರ ನಗರದಲ್ಲಿ ಪತ್ರ ಬರೆಯುತ್ತೇನೆ ಎಂದು ಹೇಳಿದರು.,Kannada
قال أنا إنه أقرأ كتابا في المدينة في الصباح.,Arabic
"κάθε μέρα, Εγώ μαθαίνω τη γλώσσα στο κατάστημα.",Greek
मैं ने कहा कि वह अस्पताल में पत्र लिखता हूँ शाम के समय।,Hindi
ഞാൻ വൈകുന്നേരം സമയത്ത് റെസ്റ്റോറന്റിൽ സിനിമ കാണുന്നു.,Malayalam
ഇന്ന് ഞാൻ സർവകലാശാലയിൽ സർവകലാശാലയിൽ പഠിക്കുന്നു.,Malayalam
ನಾನು ಸಂಜೆ ಗ್ರಂಥಾಲಯದಲ್ಲಿ ವ್ಯಾಯಾಮ ಮಾಡುತ್ತೇನೆ ಎಂದು ಹೇಳಿದರು.,Kannada
ഞാൻ നാളെ സർവകലാശാലയിൽ പുസ്തകം വായിക്കുന്നു.,Malayalam
"завтра, Я пишу письмо в городе.",Russian
"आज, मैं भाषा सीखता हूँ शहर में।",Hindi
ഞാൻ ഈ ആഴ്ച സ്കൂളിൽ ഭാഷ പഠിക്കുന്നു എന്ന് പറഞ്ഞു.,Malayalam
أنا أمارس الرياضة في المنزل في المساء.,Arabic
मैं ने कहा कि वह रेस्तरां में विश्वविद्यालय में पढ़ता हूँ सुबह।,Hindi
"शाम के समय, मैं किताब पढ़ता हूँ पुस्तकालय में।",Hindi
"सुबह, मैं विश्वविद्यालय में पढ़ता हूँ कार्यालय में।",Hindi
ನಾನು ಶಾಲೆಯಲ್ಲಿ ಭಾಷೆ ಕಲಿಯುತ್ತೇನೆ ನಾಳೆ.,Kannada
"कल, मैं व्यायाम करता हूँ शहर में।",Hindi
Я читаю книгу в школе поздно вечером.,Russian
നാളെ ഞാൻ ആശുപത്രിയിൽ കത്ത് എഴുതുന്നു.,Malayalam
Εγώ γράφω ένα γράμμα στο κατάστημα αυτή την εβδομάδα.,Greek
"рано утром, Я учусь в университете в университете.",Russian
"утром, Я изучаю язык в магазине.",Russian
मैं ने कहा कि वह घर में फिल्म देखता हूँ इस सप्ताह।,Hindi
ನಾನು ವಿಶ್ವವಿದ್ಯಾಲಯದಲ್ಲಿ ಕೆಲಸಕ್ಕೆ ಹೋಗುತ್ತೇನೆ ಮಾಡಲು ಬಯಸುತ್ತಾನೆ.,Kannada
நான் பல்கலைக்கழகத்தில் உடற்பயிற்சி செய்கிறேன் மாலையில்.,Tamil
ನಾನು ಕಚೇರಿಯಲ್ಲಿ ಪುಸ್ತಕ ಓದುತ್ತೇನೆ ಪ್ರತಿದಿನ.,Kannada
मैं घर में व्यायाम करता हूँ चाहता है।,Hindi
أنا أدرس في الجامعة في المكتبة صباحا.,Arabic
ನಾನು ನಾಳೆ ಉದ್ಯಾನವನದಲ್ಲಿ ಭಾಷೆ ಕಲಿಯುತ್ತೇನೆ ಎಂದು ಹೇಳಿದರು.,Kannada
நான் இந்த வாரம் மருத்துவமனையில் புத்தகம் படிக்கிறேன் என்று கூறினார்.,Tamil
قال أنا إنه أقرأ كتابا في المطعم كل يوم.,Arabic
"Я сказал, что пью кофе в ресторане утром.",Russian
ನಾನು ಆಸ್ಪತ್ರೆಯಲ್ಲಿ ಕಾಫಿ ಕುಡಿಯುತ್ತೇನೆ ಸಂಜೆ.,Kannada
நான் நாளை பூங்காவில் காபி குடிக்கிறேன் என்று கூறினார்.,Tamil
Я хочет смотрю фильм в офисе.,Russian
நான் இந்த வாரம் உணவகத்தில் புத்தகம் படிக்கிறேன் என்று கூறினார்.,Tamil
मैं भाषा सीखता हूँ विश्वविद्यालय में कल।,Hindi
ഞാൻ എല്ലാ ദിവസവും സർവകലാശാലയിൽ വ്യായാമം ചെയ്യുന്നു.,Malayalam
मैं विश्वविद्यालय में पढ़ता हूँ घर में सुबह के समय।,Hindi
"сегодня, Я учусь в университете в парке.",Russian
നാളെ ഞാൻ നഗരത്തിൽ സിനിമ കാണുന്നു.,Malayalam
هذا الأسبوع، أنا أشاهد فيلما في المدينة.,Arabic
ನಾನು ಶಾಲೆಯಲ್ಲಿ ವ್ಯಾಯಾಮ ಮಾಡುತ್ತೇನೆ ಇಂದು.,Kannada
நான் மாலையில் உணவகத்தில் புத்தகம் படிக்கிறேன் என்று கூறினார்.,Tamil
"Я сказал, что смотрю фильм в парке сегодня.",Russian
நான் இந்த வாரம் நூலகத்தில் புத்தகம் படிக்கிறேன் என்று கூறினார்.,Tamil
मैं ने कहा कि वह घर में भाषा सीखता हूँ सुबह के समय।,Hindi
"இன்று, நான் உணவகத்தில் வேலைக்கு செல்கிறேன்.",Tamil
في الصباح، أنا أشاهد فيلما في المدرسة.,Arabic
मैं पत्र लिखता हूँ पुस्तकालय में शाम को।,Hindi
ഇന്ന് ഞാൻ ഓഫീസിൽ ജോലിക്ക് പോകുന്നു.,Malayalam
اليوم، أنا أقرأ كتابا في المدرسة.,Arabic
मैं फिल्म देखता हूँ पार्क में हर दिन।,Hindi
ഞാൻ വൈകുന്നേരം പാർക്കിൽ ഭാഷ പഠിക്കുന്നു എന്ന് പറഞ്ഞു.,Malayalam
ನಾನು ಸಂಜೆ ಆಸ್ಪತ್ರೆಯಲ್ಲಿ ಕೆಲಸಕ್ಕೆ ಹೋಗುತ್ತೇನೆ ಎಂದು ಹೇಳಿದರು.,Kannada
நான் தினமும் பூங்காவில் பல்கலைக்கழகத்தில் படிக்கிறேன் என்று கூறினார்.,Tamil
मैं विश्वविद्यालय में व्यायाम करता हूँ चाहता है।,Hindi
ನಾನು ಪ್ರತಿದಿನ ಶಾಲೆಯಲ್ಲಿ ಭಾಷೆ ಕಲಿಯುತ್ತೇನೆ ಎಂದು ಹೇಳಿದರು.,Kannada
ഇന്ന് ഞാൻ റെസ്റ്റോറന്റിൽ ഭാഷ പഠിക്കുന്നു.,Malayalam
"Я сказал, что учусь в университете в парке на этой неделе.",Russian
நான் இந்த வாரம் மருத்துவமனையில் மொழி கற்கிறேன் என்று கூறினார்.,Tamil
Εγώ θέλει να κάνω γυμναστική στο γραφείο.,Greek
ഈ ആഴ്ച ഞാൻ പാർക്കിൽ കത്ത് എഴുതുന്നു.,Malayalam
मैं ने कहा कि वह शहर में किताब पढ़ता हूँ इस सप्ताह।,Hindi
صباحا، أنا أشاهد فيلما في المدينة.,Arabic
मैं फिल्म देखता हूँ कार्यालय में कल।,Hindi
"Я сказал, что учусь в университете в университете рано утром.",Russian
"ಸಂಜೆ, ನಾನು ಅಂಗಡಿಯಲ್ಲಿ ಕಾಫಿ ಕುಡಿಯುತ್ತೇನೆ.",Kannada
मैं ने कहा कि वह स्कूल में चाय पीता हूँ सुबह।,Hindi
"вечером, Я учусь в университете в школе.",Russian
في المساء، أنا أكتب رسالة في المطعم.,Arabic
"νωρίς το πρωί, Εγώ διαβάζω ένα βιβλίο στο γραφείο.",Greek
"Я сказал, что учусь в университете в магазине сегодня.",Russian
நான் மாலையில் நகரத்தில் பல்கலைக்கழகத்தில் படிக்கிறேன் என்று கூறினார்.,Tamil
"ಸಂಜೆಯ ಸಮಯದಲ್ಲಿ, ನಾನು ಆಸ್ಪತ್ರೆಯಲ್ಲಿ ಕೆಲಸಕ್ಕೆ ಹೋಗುತ್ತೇನೆ.",Kannada
ನಾನು ಶಾಲೆಯಲ್ಲಿ ಕೆಲಸಕ್ಕೆ ಹೋಗುತ್ತೇನೆ ಸಂಜೆಯ ಸಮಯದಲ್ಲಿ.,Kannada
أنا أكتب رسالة في المستشفى اليوم.,Arabic
ನಾನು ಬೆಳಿಗ್ಗೆ ಕಚೇರಿಯಲ್ಲಿ ಪತ್ರ ಬರೆಯುತ್ತೇನೆ ಎಂದು ಹೇಳಿದರು.,Kannada
"вечером, Я иду на работу в офисе.",Russian
في الصباح، أنا أقرأ كتابا في المكتبة.,Arabic
قال أنا إنه أقرأ كتابا في المطعم اليوم.,Arabic
"மாலை நேரத்தில், நான் மருத்துவமனையில் புத்தகம் படிக்கிறேன்.",Tamil
நான் பூங்காவில் வேலைக்கு செல்கிறேன் மாலை நேரத்தில்.,Tamil
मैं भाषा सीखता हूँ रेस्तरां में इस सप्ताह।,Hindi
ನಾನು ಸಂಜೆ ಉದ್ಯಾನವನದಲ್ಲಿ ಕೆಲಸಕ್ಕೆ ಹೋಗುತ್ತೇನೆ ಎಂದು ಹೇಳಿದರು.,Kannada
"Я сказал, что занимаюсь спортом в офисе рано утром.",Russian
ഞാൻ നാളെ ലൈബ്രറിയിൽ പുസ്തകം വായിക്കുന്നു എന്ന് പറഞ്ഞു.,Malayalam
എല്ലാ ദിവസവും ഞാൻ സർവകലാശാലയിൽ വ്യായാമം ചെയ്യുന്നു.,Malayalam
நான் காலையில் நூலகத்தில் புத்தகம் படிக்கிறேன் என்று கூறினார்.,Tamil
"காலையில், நான் பூங்காவில் காபி குடிக்கிறேன்.",Tamil
मैं ने कहा कि वह पुस्तकालय में चाय पीता हूँ सुबह के समय।,Hindi
ഞാൻ ഇന്ന് വീട്ടിൽ പുസ്തകം വായിക്കുന്നു.,Malayalam
ನಾನು ಈ ವಾರ ಅಂಗಡಿಯಲ್ಲಿ ವ್ಯಾಯಾಮ ಮಾಡುತ್ತೇನೆ ಎಂದು ಹೇಳಿದರು.,Kannada
Я читаю книгу в библиотеке утром.,Russian
"ಬೆಳಿಗ್ಗೆ, ನಾನು ವಿಶ್ವವಿದ್ಯಾಲಯದಲ್ಲಿ ವ್ಯಾಯಾಮ ಮಾಡುತ್ತೇನೆ.",Kannada
Εγώ είπε ότι βλέπω μια ταινία στο σχολείο σήμερα.,Greek
मैं ने कहा कि वह पुस्तकालय में व्यायाम करता हूँ आज।,Hindi
"ಸಂಜೆಯ ಸಮಯದಲ್ಲಿ, ನಾನು ಶಾಲೆಯಲ್ಲಿ ಪತ್ರ ಬರೆಯುತ್ತೇನೆ.",Kannada
நான் நகரத்தில் புத்தகம் படிக்கிறேன் தினமும்.,Tamil
قال أنا إنه أذهب إلى العمل في الحديقة اليوم.,Arabic
"காலை நேரத்தில், நான் அலுவலகத்தில் வேலைக்கு செல்கிறேன்.",Tamil
मैं ने कहा कि वह विश्वविद्यालय में पत्र लिखता हूँ कल।,Hindi
"सुबह, मैं किताब पढ़ता हूँ दुकान में।",Hindi
நான் உணவகத்தில் உடற்பயிற்சி செய்கிறேன் விரும்புகிறார்.,Tamil
Я пишу письмо в магазине на этой неделе.,Russian
قال أنا إنه أمارس الرياضة في المتجر غدا.,Arabic
ഇന്ന് ഞാൻ കടയിൽ സർവകലാശാലയിൽ പഠിക്കുന്നു.,Malayalam
मैं ने कहा कि वह पुस्तकालय में काम पर जाता हूँ आज।,Hindi
Εγώ είπε ότι βλέπω μια ταινία στο κατάστημα το πρωί.,Greek
Εγώ είπε ότι πίνω καφέ στο κατάστημα το βράδυ.,Greek
ഞാൻ നാളെ സർവകലാശാലയിൽ വ്യായാമം ചെയ്യുന്നു എന്ന് പറഞ്ഞു.,Malayalam
நான் உணவகத்தில் திரைப்படம் பார்க்கிறேன் இன்று.,Tamil
Я хочет учусь в университете в магазине.,Russian
ഞാൻ എല്ലാ ദിവസവും റെസ്റ്റോറന്റിൽ പുസ്തകം വായിക്കുന്നു എന്ന് പറഞ്ഞു.,Malayalam
ನಾನು ಪ್ರತಿದಿನ ರೆಸ್ಟೋರೆಂಟ್‌ನಲ್ಲಿ ಕಾಫಿ ಕುಡಿಯುತ್ತೇನೆ ಎಂದು ಹೇಳಿದರು.,Kannada
നാളെ ഞാൻ നഗരത്തിൽ ജോലിക്ക് പോകുന്നു.,Malayalam
मैं ने कहा कि वह शहर में पत्र लिखता हूँ शाम के समय।,Hindi
ഞാൻ വൈകുന്നേരം സമയത്ത് ലൈബ്രറിയിൽ ഭാഷ പഠിക്കുന്നു.,Malayalam
أنا أمارس الرياضة في الحديقة صباحا.,Arabic
Εγώ πηγαίνω στη δουλειά στη βιβλιοθήκη νωρίς το πρωί.,Greek
"शाम के समय, मैं पत्र लिखता हूँ कार्यालय में।",Hindi
Εγώ είπε ότι διαβάζω ένα βιβλίο στο πάρκο νωρίς το πρωί.,Greek
ನಾನು ಮನೆಯಲ್ಲಿ ಪತ್ರ ಬರೆಯುತ್ತೇನೆ ಮಾಡಲು ಬಯಸುತ್ತಾನೆ.,Kannada
രാവിലെ സമയത്ത് ഞാൻ റെസ്റ്റോറന്റിൽ വ്യായാമം ചെയ്യുന്നു.,Malayalam
मैं ने कहा कि वह दुकान में भाषा सीखता हूँ सुबह के समय।,Hindi
ഞാൻ രാവിലെ സമയത്ത് ആശുപത്രിയിൽ സർവകലാശാലയിൽ പഠിക്കുന്നു.,Malayalam
ഇന്ന് ഞാൻ റെസ്റ്റോറന്റിൽ കാപ്പി കുടിക്കുന്നു.,Malayalam
"поздно вечером, Я учусь в университете в ресторане.",Russian
"αύριο, Εγώ μαθαίνω τη γλώσσα στο νοσοκομείο.",Greek
"νωρίς το πρωί, Εγώ μαθαίνω τη γλώσσα στο πάρκο.",Greek
நான் பள்ளியில் மொழி கற்கிறேன் இன்று.,Tamil
Εγώ είπε ότι σπουδάζω στο πανεπιστήμιο στο πάρκο το βράδυ.,Greek
Εγώ είπε ότι κάνω γυμναστική στο σπίτι το πρωί.,Greek
مساء، أنا أمارس الرياضة في المطعم.,Arabic
വൈകുന്നേരം ഞാൻ പാർക്കിൽ വ്യായാമം ചെയ്യുന്നു.,Malayalam
Я пишу письмо в больнице каждый день.,Russian
"ಸಂಜೆ, ನಾನು ರೆಸ್ಟೋರೆಂಟ್‌ನಲ್ಲಿ ವ್ಯಾಯಾಮ ಮಾಡುತ್ತೇನೆ.",Kannada
ഞാൻ വൈകുന്നേരം കടയിൽ കാപ്പി കുടിക്കുന്നു എന്ന് പറഞ്ഞു.,Malayalam
"рано утром, Я учусь в университете в парке.",Russian
Я изучаю язык в университете каждый день.,Russian
Εγώ σπουδάζω στο πανεπιστήμιο στο γραφείο το πρωί.,Greek
Я изучаю язык в парке на этой неделе.,Russian
Εγώ είπε ότι διαβάζω ένα βιβλίο στο πάρκο αυτή την εβδομάδα.,Greek
ನಾನು ವಿಶ್ವವಿದ್ಯಾಲಯದಲ್ಲಿ ಕೆಲಸಕ್ಕೆ ಹೋಗುತ್ತೇನೆ ಬೆಳಗಿನ ಸಮಯದಲ್ಲಿ.,Kannada
मैं ने कहा कि वह पार्क में भाषा सीखता हूँ हर दिन।,Hindi
நான் கடையில் திரைப்படம் பார்க்கிறேன் காலையில்.,Tamil
Εγώ είπε ότι μαθαίνω τη γλώσσα στο πάρκο το βράδυ.,Greek
"завтра, Я смотрю фильм в школе.",Russian
നാളെ ഞാൻ സ്കൂളിൽ പുസ്തകം വായിക്കുന്നു.,Malayalam
நான் மருத்துவமனையில் பல்கலைக்கழகத்தில் படிக்கிறேன் இந்த வாரம்.,Tamil
நான் நகரத்தில் காபி குடிக்கிறேன் மாலையில்.,Tamil
"σήμερα, Εγώ σπουδάζω στο πανεπιστήμιο στο πάρκο.",Greek
मैं भाषा सीखता हूँ स्कूल में आज।,Hindi
நான் மாலை நேரத்தில் வீட்டில் கடிதம் எழுதுகிறேன் என்று கூறினார்.,Tamil
Я учусь в университете в офисе завтра.,Russian
ഞാൻ എല്ലാ ദിവസവും ആശുപത്രിയിൽ സർവകലാശാലയിൽ പഠിക്കുന്നു എന്ന് പറഞ്ഞു.,Malayalam
أنا أشرب القهوة في المستشفى كل يوم.,Arabic
ഞാൻ ഈ ആഴ്ച വീട്ടിൽ കാപ്പി കുടിക്കുന്നു എന്ന് പറഞ്ഞു.,Malayalam
Εγώ είπε ότι πίνω καφέ στο νοσοκομείο νωρίς το πρωί.,Greek
"Я сказал, что пишу письмо в библиотеке вечером.",Russian
ഞാൻ വൈകുന്നേരം സമയത്ത് ആശുപത്രിയിൽ കത്ത് എഴുതുന്നു എന്ന് പറഞ്ഞു.,Malayalam
"Я сказал, что смотрю фильм в больнице поздно вечером.",Russian
ഞാൻ രാവിലെ ആശുപത്രിയിൽ കത്ത് എഴുതുന്നു എന്ന് പറഞ്ഞു.,Malayalam
"Я сказал, что занимаюсь спортом в городе каждый день.",Russian
ನಾನು ನಗರದಲ್ಲಿ ಕಾಫಿ ಕುಡಿಯುತ್ತೇನೆ ಮಾಡಲು ಬಯಸುತ್ತಾನೆ.,Kannada
मैं भाषा सीखता हूँ पार्क में सुबह के समय।,Hindi
"Я сказал, что читаю книгу в ресторане каждый день.",Russian
"இன்று, நான் பூங்காவில் பல்கலைக்கழகத்தில் படிக்கிறேன்.",Tamil
मैं ने कहा कि वह पुस्तकालय में काम पर जाता हूँ हर दिन।,Hindi
"हर दिन, मैं व्यायाम करता हूँ पार्क में।",Hindi
ನಾನು ಶಾಲೆಯಲ್ಲಿ ಕೆಲಸಕ್ಕೆ ಹೋಗುತ್ತೇನೆ ಬೆಳಗಿನ ಸಮಯದಲ್ಲಿ.,Kannada
நான் தினமும் வீட்டில் கடிதம் எழுதுகிறேன் என்று கூறினார்.,Tamil
ഞാൻ ഇന്ന് പാർക്കിൽ സർവകലാശാലയിൽ പഠിക്കുന്നു.,Malayalam
നാളെ ഞാൻ ഓഫീസിൽ ഭാഷ പഠിക്കുന്നു.,Malayalam
நான் மாலையில் பள்ளியில் புத்தகம் படிக்கிறேன் என்று கூறினார்.,Tamil
ഞാൻ എല്ലാ ദിവസവും വീട്ടിൽ വ്യായാമം ചെയ്യുന്നു.,Malayalam
ನಾನು ಸಂಜೆ ರೆಸ್ಟೋರೆಂಟ್‌ನಲ್ಲಿ ಪತ್ರ ಬರೆಯುತ್ತೇನೆ ಎಂದು ಹೇಳಿದರು.,Kannada
"शाम को, मैं किताब पढ़ता हूँ स्कूल में।",Hindi
"ಬೆಳಗಿನ ಸಮಯದಲ್ಲಿ, ನಾನು ಉದ್ಯಾನವನದಲ್ಲಿ ಭಾಷೆ ಕಲಿಯುತ್ತೇನೆ.",Kannada
Εγώ είπε ότι πίνω καφέ στο εστιατόριο το πρωί.,Greek
मैं ने कहा कि वह स्कूल में चाय पीता हूँ शाम को।,Hindi
"на этой неделе, Я иду на работу в парке.",Russian
"Я сказал, что читаю книгу в университете поздно вечером.",Russian
Я занимаюсь спортом в офисе каждый день.,Russian
Я изучаю язык в университете поздно вечером.,Russian
मैं ने कहा कि वह कार्यालय में भाषा सीखता हूँ शाम के समय।,Hindi
"மாலையில், நான் நகரத்தில் திரைப்படம் பார்க்கிறேன்.",Tamil
ഞാൻ എല്ലാ ദിവസവും വീട്ടിൽ സർവകലാശാലയിൽ പഠിക്കുന്നു എന്ന് പറഞ്ഞു.,Malayalam
ഈ ആഴ്ച ഞാൻ വീട്ടിൽ വ്യായാമം ചെയ്യുന്നു.,Malayalam
أنا أشرب القهوة في الحديقة كل يوم.,Arabic
நான் பல்கலைக்கழகத்தில் கடிதம் எழுதுகிறேன் விரும்புகிறார்.,Tamil
Εγώ διαβάζω ένα βιβλίο στο πανεπιστήμιο νωρίς το πρωί.,Greek
ನಾನು ಸಂಜೆಯ ಸಮಯದಲ್ಲಿ ಗ್ರಂಥಾಲಯದಲ್ಲಿ ಪುಸ್ತಕ ಓದುತ್ತೇನೆ ಎಂದು ಹೇಳಿದರು.,Kannada
நான் இந்த வாரம் உணவகத்தில் வேலைக்கு செல்கிறேன் என்று கூறினார்.,Tamil
Я пишу письмо дома вечером.,Russian
قال أنا إنه أذهب إلى العمل في المنزل في المساء.,Arabic
Я занимаюсь спортом в ресторане на этой неделе.,Russian
"ಸಂಜೆಯ ಸಮಯದಲ್ಲಿ, ನಾನು ವಿಶ್ವವಿದ್ಯಾಲಯದಲ್ಲಿ ಕಾಫಿ ಕುಡಿಯುತ್ತೇನೆ.",Kannada
വൈകുന്നേരം ഞാൻ കടയിൽ സിനിമ കാണുന്നു.,Malayalam
நான் நூலகத்தில் புத்தகம் படிக்கிறேன் காலை நேரத்தில்.,Tamil
Я пишу письмо в ресторане сегодня.,Russian
اليوم، أنا أشاهد فيلما في المتجر.,Arabic
நான் காலையில் கடையில் காபி குடிக்கிறேன் என்று கூறினார்.,Tamil
اليوم، أنا أكتب رسالة في المدينة.,Arabic
"αυτή την εβδομάδα, Εγώ πηγαίνω στη δουλειά στη βιβλιοθήκη.",Greek
صباحا، أنا أشرب القهوة في المطعم.,Arabic
"ನಾಳೆ, ನಾನು ರೆಸ್ಟೋರೆಂಟ್‌ನಲ್ಲಿ ವಿಶ್ವವಿದ್ಯಾಲಯದಲ್ಲಿ ಓದುತ್ತೇನೆ.",Kannada
Εγώ πίνω καφέ στο εστιατόριο το πρωί.,Greek
ഞാൻ കടയിൽ ഭാഷ പഠിക്കുന്നു ആഗ്രഹിക്കുന്നു.,Malayalam
ನಾನು ಕಚೇರಿಯಲ್ಲಿ ಕಾಫಿ ಕುಡಿಯುತ್ತೇನೆ ಸಂಜೆಯ ಸಮಯದಲ್ಲಿ.,Kannada
Εγώ είπε ότι διαβάζω ένα βιβλίο στο γραφείο αυτή την εβδομάδα.,Greek
मैं ने कहा कि वह पुस्तकालय में व्यायाम करता हूँ शाम को।,Hindi
நான் உணவகத்தில் காபி குடிக்கிறேன் மாலை நேரத்தில்.,Tamil
വൈകുന്നേരം സമയത്ത് ഞാൻ ആശുപത്രിയിൽ കാപ്പി കുടിക്കുന്നു.,Malayalam
ನಾನು ಗ್ರಂಥಾಲಯದಲ್ಲಿ ಭಾಷೆ ಕಲಿಯುತ್ತೇನೆ ಬೆಳಿಗ್ಗೆ.,Kannada
ഞാൻ എല്ലാ ദിവസവും ലൈബ്രറിയിൽ കത്ത് എഴുതുന്നു.,Malayalam
രാവിലെ സമയത്ത് ഞാൻ ആശുപത്രിയിൽ ജോലിക്ക് പോകുന്നു.,Malayalam
ഞാൻ വൈകുന്നേരം സ്കൂളിൽ സിനിമ കാണുന്നു.,Malayalam
मैं काम पर जाता हूँ पुस्तकालय में आज।,Hindi
Εγώ είπε ότι βλέπω μια ταινία στο νοσοκομείο το πρωί.,Greek
Εγώ είπε ότι μαθαίνω τη γλώσσα στο σχολείο κάθε μέρα.,Greek
ನಾನು ಶಾಲೆಯಲ್ಲಿ ಕಾಫಿ ಕುಡಿಯುತ್ತೇನೆ ಪ್ರತಿದಿನ.,Kannada
நான் மாலையில் வீட்டில் புத்தகம் படிக்கிறேன் என்று கூறினார்.,Tamil
ನಾನು ಅಂಗಡಿಯಲ್ಲಿ ಸಿನಿಮಾ ನೋಡುತ್ತೇನೆ ಬೆಳಗಿನ ಸಮಯದಲ್ಲಿ.,Kannada
"Я сказал, что учусь в университете в школе рано утром.",Russian
நான் நகரத்தில் திரைப்படம் பார்க்கிறேன் காலையில்.,Tamil
ನಾನು ಈ ವಾರ ಉದ್ಯಾನವನದಲ್ಲಿ ಕೆಲಸಕ್ಕೆ ಹೋಗುತ್ತೇನೆ ಎಂದು ಹೇಳಿದರು.,Kannada
"हर दिन, मैं चाय पीता हूँ अस्पताल में।",Hindi
நான் இன்று அலுவலகத்தில் காபி குடிக்கிறேன் என்று கூறினார்.,Tamil
நான் மருத்துவமனையில் உடற்பயிற்சி செய்கிறேன் இந்த வாரம்.,Tamil
ನಾನು ಮನೆಯಲ್ಲಿ ಭಾಷೆ ಕಲಿಯುತ್ತೇನೆ ಸಂಜೆ.,Kannada
قال أنا إنه أدرس في الجامعة في الجامعة كل يوم.,Arabic
Я иду на работу в парке завтра.,Russian
أنا أدرس في الجامعة في الحديقة هذا الأسبوع.,Arabic
நான் காலையில் அலுவலகத்தில் வேலைக்கு செல்கிறேன் என்று கூறினார்.,Tamil
"Я сказал, что читаю книгу в школе завтра.",Russian
"αύριο, Εγώ γράφω ένα γράμμα στο γραφείο.",Greek
Εγώ πίνω καφέ στην πόλη κάθε μέρα.,Greek
"νωρίς το πρωί, Εγώ σπουδάζω στο πανεπιστήμιο στην πόλη.",Greek
Εγώ μαθαίνω τη γλώσσα στο σχολείο το πρωί.,Greek
நான் தினமும் மருத்துவமனையில் கடிதம் எழுதுகிறேன் என்று கூறினார்.,Tamil
ഞാൻ രാവിലെ സമയത്ത് പാർക്കിൽ പുസ്തകം വായിക്കുന്നു എന്ന് പറഞ്ഞു.,Malayalam
ഞാൻ ഈ ആഴ്ച നഗരത്തിൽ കത്ത് എഴുതുന്നു.,Malayalam
صباحا، أنا أمارس الرياضة في الجامعة.,Arabic
قال أنا إنه أدرس في الجامعة في المكتبة مساء.,Arabic
நான் பூங்காவில் புத்தகம் படிக்கிறேன் தினமும்.,Tamil
"завтра, Я пишу письмо дома.",Russian
मैं ने कहा कि वह घर में पत्र लिखता हूँ कल।,Hindi
"αύριο, Εγώ γράφω ένα γράμμα στην πόλη.",Greek
Εγώ είπε ότι γράφω ένα γράμμα στο πάρκο αυτή την εβδομάδα.,Greek
ഞാൻ രാവിലെ സമയത്ത് നഗരത്തിൽ പുസ്തകം വായിക്കുന്നു.,Malayalam
मैं ने कहा कि वह दुकान में किताब पढ़ता हूँ शाम को।,Hindi
ನಾನು ಇಂದು ನಗರದಲ್ಲಿ ವ್ಯಾಯಾಮ ಮಾಡುತ್ತೇನೆ ಎಂದು ಹೇಳಿದರು.,Kannada
मैं भाषा सीखता हूँ शहर में शाम के समय।,Hindi
நான் உணவகத்தில் வேலைக்கு செல்கிறேன் மாலை நேரத்தில்.,Tamil
നാളെ ഞാൻ വീട്ടിൽ പുസ്തകം വായിക്കുന്നു.,Malayalam
"ಈ ವಾರ, ನಾನು ಗ್ರಂಥಾಲಯದಲ್ಲಿ ವಿಶ್ವವಿದ್ಯಾಲಯದಲ್ಲಿ ಓದುತ್ತೇನೆ.",Kannada
ನಾನು ಆಸ್ಪತ್ರೆಯಲ್ಲಿ ಕಾಫಿ ಕುಡಿಯುತ್ತೇನೆ ಪ್ರತಿದಿನ.,Kannada
Εγώ είπε ότι διαβάζω ένα βιβλίο στο κατάστημα το βράδυ.,Greek
मैं ने कहा कि वह शहर में व्यायाम करता हूँ शाम के समय।,Hindi
"सुबह, मैं काम पर जाता हूँ पुस्तकालय में।",Hindi
"ಈ ವಾರ, ನಾನು ಮನೆಯಲ್ಲಿ ಪತ್ರ ಬರೆಯುತ್ತೇನೆ.",Kannada
Я изучаю язык в университете вечером.,Russian
"Я сказал, что пишу письмо в магазине утром.",Russian
أنا أكتب رسالة في المتجر كل يوم.,Arabic
أنا أشاهد فيلما في المنزل غدا.,Arabic
"κάθε μέρα, Εγώ διαβάζω ένα βιβλίο στο εστιατόριο.",Greek
நான் காலை நேரத்தில் நகரத்தில் மொழி கற்கிறேன் என்று கூறினார்.,Tamil
ನಾನು ಉದ್ಯಾನವನದಲ್ಲಿ ವ್ಯಾಯಾಮ ಮಾಡುತ್ತೇನೆ ಪ್ರತಿದಿನ.,Kannada
"αργά το βράδυ, Εγώ πηγαίνω στη δουλειά στην πόλη.",Greek
ഞാൻ നാളെ പാർക്കിൽ കത്ത് എഴുതുന്നു.,Malayalam
ഈ ആഴ്ച ഞാൻ റെസ്റ്റോറന്റിൽ സിനിമ കാണുന്നു.,Malayalam
நான் பள்ளியில் பல்கலைக்கழகத்தில் படிக்கிறேன் நாளை.,Tamil
قال أنا إنه أكتب رسالة في الحديقة اليوم.,Arabic
मैं ने कहा कि वह शहर में काम पर जाता हूँ कल।,Hindi
ನಾನು ಇಂದು ಶಾಲೆಯಲ್ಲಿ ಕಾಫಿ ಕುಡಿಯುತ್ತೇನೆ ಎಂದು ಹೇಳಿದರು.,Kannada
أنا أدرس في الجامعة في الجامعة مساء.,Arabic
Я учусь в университете в школе рано утром.,Russian
"Я сказал, что занимаюсь спортом в школе поздно вечером.",Russian
मैं भाषा सीखता हूँ दुकान में इस सप्ताह।,Hindi
நான் உணவகத்தில் காபி குடிக்கிறேன் இன்று.,Tamil
நான் பூங்காவில் கடிதம் எழுதுகிறேன் காலை நேரத்தில்.,Tamil
ഞാൻ വൈകുന്നേരം സമയത്ത് ഓഫീസിൽ ജോലിക്ക് പോകുന്നു.,Malayalam
ನಾನು ಬೆಳಗಿನ ಸಮಯದಲ್ಲಿ ಆಸ್ಪತ್ರೆಯಲ್ಲಿ ವಿಶ್ವವಿದ್ಯಾಲಯದಲ್ಲಿ ಓದುತ್ತೇನೆ ಎಂದು ಹೇಳಿದರು.,Kannada
"காலையில், நான் நகரத்தில் உடற்பயிற்சி செய்கிறேன்.",Tamil
"каждый день, Я изучаю язык в парке.",Russian
நான் பள்ளியில் வேலைக்கு செல்கிறேன் தினமும்.,Tamil
مساء، أنا أشاهد فيلما في المدرسة.,Arabic
വൈകുന്നേരം സമയത്ത് ഞാൻ സ്കൂളിൽ കത്ത് എഴുതുന്നു.,Malayalam
நான் காலை நேரத்தில் கடையில் காபி குடிக்கிறேன் என்று கூறினார்.,Tamil
Εγώ πηγαίνω στη δουλειά στο σπίτι κάθε μέρα.,Greek
Εγώ είπε ότι πηγαίνω στη δουλειά στο νοσοκομείο αύριο.,Greek
أنا أشاهد فيلما في الحديقة في الصباح.,Arabic
Εγώ είπε ότι γράφω ένα γράμμα στο σχολείο το βράδυ.,Greek
"ಸಂಜೆ, ನಾನು ಗ್ರಂಥಾಲಯದಲ್ಲಿ ಭಾಷೆ ಕಲಿಯುತ್ತೇನೆ.",Kannada
Εγώ πίνω καφέ στη βιβλιοθήκη αύριο.,Greek
நான் பள்ளியில் வேலைக்கு செல்கிறேன் இன்று.,Tamil
ഞാൻ എല്ലാ ദിവസവും സർവകലാശാലയിൽ ജോലിക്ക് പോകുന്നു എന്ന് പറഞ്ഞു.,Malayalam
ഞാൻ രാവിലെ സമയത്ത് കടയിൽ പുസ്തകം വായിക്കുന്നു എന്ന് പറഞ്ഞു.,Malayalam
"νωρίς το πρωί, Εγώ πηγαίνω στη δουλειά στο πανεπιστήμιο.",Greek
كل يوم، أنا أذهب إلى العمل في المستشفى.,Arabic
ನಾನು ಆಸ್ಪತ್ರೆಯಲ್ಲಿ ಕೆಲಸಕ್ಕೆ ಹೋಗುತ್ತೇನೆ ಬೆಳಗಿನ ಸಮಯದಲ್ಲಿ.,Kannada
"இந்த வாரம், நான் நகரத்தில் பல்கலைக்கழகத்தில் படிக்கிறேன்.",Tamil
"αργά το βράδυ, Εγώ σπουδάζω στο πανεπιστήμιο στο γραφείο.",Greek
ഞാൻ രാവിലെ സമയത്ത് ആശുപത്രിയിൽ സിനിമ കാണുന്നു എന്ന് പറഞ്ഞു.,Malayalam
ഞാൻ വൈകുന്നേരം ഓഫീസിൽ ജോലിക്ക് പോകുന്നു എന്ന് പറഞ്ഞു.,Malayalam
"காலையில், நான் நூலகத்தில் காபி குடிக்கிறேன்.",Tamil
मैं विश्वविद्यालय में पढ़ता हूँ दुकान में कल।,Hindi
Εγώ κάνω γυμναστική στο νοσοκομείο κάθε μέρα.,Greek
நான் தினமும் உணவகத்தில் வேலைக்கு செல்கிறேன் என்று கூறினார்.,Tamil
രാവിലെ സമയത്ത് ഞാൻ സ്കൂളിൽ സർവകലാശാലയിൽ പഠിക്കുന്നു.,Malayalam
നാളെ ഞാൻ സർവകലാശാലയിൽ കാപ്പി കുടിക്കുന്നു.,Malayalam
நான் நூலகத்தில் கடிதம் எழுதுகிறேன் நாளை.,Tamil
ഇന്ന് ഞാൻ ആശുപത്രിയിൽ സിനിമ കാണുന്നു.,Malayalam
Εγώ είπε ότι σπουδάζω στο πανεπιστήμιο στο σχολείο αργά το βράδυ.,Greek
ഞാൻ വൈകുന്നേരം സമയത്ത് ആശുപത്രിയിൽ സിനിമ കാണുന്നു.,Malayalam
ഞാൻ ഇന്ന് ആശുപത്രിയിൽ കത്ത് എഴുതുന്നു എന്ന് പറഞ്ഞു.,Malayalam
நான் மாலையில் பள்ளியில் திரைப்படம் பார்க்கிறேன் என்று கூறினார்.,Tamil
Я пишу письмо в городе завтра.,Russian
Εγώ είπε ότι γράφω ένα γράμμα στη βιβλιοθήκη νωρίς το πρωί.,Greek
ನಾನು ನಗರದಲ್ಲಿ ಭಾಷೆ ಕಲಿಯುತ್ತೇನೆ ಪ್ರತಿದಿನ.,Kannada
"इस सप्ताह, मैं फिल्म देखता हूँ रेस्तरां में।",Hindi
ഈ ആഴ്ച ഞാൻ ആശുപത്രിയിൽ ഭാഷ പഠിക്കുന്നു.,Malayalam
Я пью кофе в магазине утром.,Russian
ഞാൻ എല്ലാ ദിവസവും ആശുപത്രിയിൽ വ്യായാമം ചെയ്യുന്നു.,Malayalam
വൈകുന്നേരം സമയത്ത് ഞാൻ സ്കൂളിൽ സർവകലാശാലയിൽ പഠിക്കുന്നു.,Malayalam
غدا، أنا أذهب إلى العمل في المكتب.,Arabic
நான் காலை நேரத்தில் நூலகத்தில் மொழி கற்கிறேன் என்று கூறினார்.,Tamil
"सुबह के समय, मैं किताब पढ़ता हूँ दुकान में।",Hindi
मैं ने कहा कि वह घर में फिल्म देखता हूँ शाम के समय।,Hindi
Я занимаюсь спортом в ресторане вечером.,Russian
Εγώ είπε ότι σπουδάζω στο πανεπιστήμιο στο γραφείο αυτή την εβδομάδα.,Greek
"завтра, Я пью кофе в парке.",Russian
"Я сказал, что изучаю язык в магазине рано утром.",Russian
ഞാൻ രാവിലെ വീട്ടിൽ സിനിമ കാണുന്നു എന്ന് പറഞ്ഞു.,Malayalam
غدا، أنا أشاهد فيلما في المنزل.,Arabic
मैं ने कहा कि वह कार्यालय में फिल्म देखता हूँ इस सप्ताह।,Hindi
"νωρίς το πρωί, Εγώ διαβάζω ένα βιβλίο στο κατάστημα.",Greek
நான் பள்ளியில் திரைப்படம் பார்க்கிறேன் இன்று.,Tamil
ನಾನು ವಿಶ್ವವಿದ್ಯಾಲಯದಲ್ಲಿ ಪತ್ರ ಬರೆಯುತ್ತೇನೆ ಮಾಡಲು ಬಯಸುತ್ತಾನೆ.,Kannada
Εγώ είπε ότι βλέπω μια ταινία στο κατάστημα κάθε μέρα.,Greek
أنا أقرأ كتابا في المدينة مساء.,Arabic
"завтра, Я учусь в университете в офисе.",Russian
Εγώ είπε ότι μαθαίνω τη γλώσσα στο γραφείο σήμερα.,Greek
Εγώ είπε ότι σπουδάζω στο πανεπιστήμιο στο πανεπιστήμιο το βράδυ.,Greek
ഞാൻ രാവിലെ കടയിൽ വ്യായാമം ചെയ്യുന്നു എന്ന് പറഞ്ഞു.,Malayalam
"Я сказал, что пишу письмо в школе сегодня.",Russian
ನಾನು ನಾಳೆ ರೆಸ್ಟೋರೆಂಟ್‌ನಲ್ಲಿ ವ್ಯಾಯಾಮ ಮಾಡುತ್ತೇನೆ ಎಂದು ಹೇಳಿದರು.,Kannada
"इस सप्ताह, मैं चाय पीता हूँ पुस्तकालय में।",Hindi
"ಸಂಜೆ, ನಾನು ವಿಶ್ವವಿದ್ಯಾಲಯದಲ್ಲಿ ವ್ಯಾಯಾಮ ಮಾಡುತ್ತೇನೆ.",Kannada
Εγώ είπε ότι πηγαίνω στη δουλειά στο κατάστημα αργά το βράδυ.,Greek
"Я сказал, что пью кофе дома каждый день.",Russian
ഞാൻ ഇന്ന് സർവകലാശാലയിൽ കത്ത് എഴുതുന്നു.,Malayalam
"завтра, Я иду на работу в парке.",Russian
Εγώ διαβάζω ένα βιβλίο στην πόλη αργά το βράδυ.,Greek
قال أنا إنه أمارس الرياضة في المنزل كل يوم.,Arabic
"утром, Я иду на работу в ресторане.",Russian
Я пью кофе в библиотеке вечером.,Russian
"Я сказал, что изучаю язык в больнице каждый день.",Russian
Εγώ βλέπω μια ταινία στο σπίτι αργά το βράδυ.,Greek
मैं पत्र लिखता हूँ घर में हर दिन।,Hindi
ನಾನು ರೆಸ್ಟೋರೆಂಟ್‌ನಲ್ಲಿ ಪತ್ರ ಬರೆಯುತ್ತೇನೆ ನಾಳೆ.,Kannada
"ಪ್ರತಿದಿನ, ನಾನು ರೆಸ್ಟೋರೆಂಟ್‌ನಲ್ಲಿ ಪುಸ್ತಕ ಓದುತ್ತೇನೆ.",Kannada
"νωρίς το πρωί, Εγώ βλέπω μια ταινία στο πάρκο.",Greek
Εγώ βλέπω μια ταινία στο σπίτι σήμερα.,Greek
قال أنا إنه أشرب القهوة في الحديقة هذا الأسبوع.,Arabic
قال أنا إنه أدرس في الجامعة في المطعم كل يوم.,Arabic
Εγώ σπουδάζω στο πανεπιστήμιο στο γραφείο αργά το βράδυ.,Greek
أنا أشاهد فيلما في المدينة اليوم.,Arabic
Εγώ γράφω ένα γράμμα στο σπίτι κάθε μέρα.,Greek
நான் வீட்டில் வேலைக்கு செல்கிறேன் காலை நேரத்தில்.,Tamil
قال أنا إنه أكتب رسالة في المدرسة في المساء.,Arabic
قال أنا إنه أذهب إلى العمل في المتجر كل يوم.,Arabic
"மாலையில், நான் நகரத்தில் காபி குடிக்கிறேன்.",Tamil
"सुबह, मैं चाय पीता हूँ अस्पताल में।",Hindi
நான் நூலகத்தில் கடிதம் எழுதுகிறேன் இந்த வாரம்.,Tamil
"ಪ್ರತಿದಿನ, ನಾನು ಆಸ್ಪತ್ರೆಯಲ್ಲಿ ಭಾಷೆ ಕಲಿಯುತ್ತೇನೆ.",Kannada
Εγώ είπε ότι πηγαίνω στη δουλειά στο κατάστημα κάθε μέρα.,Greek
"το βράδυ, Εγώ διαβάζω ένα βιβλίο στο γραφείο.",Greek
"Я сказал, что читаю книгу дома на этой неделе.",Russian
Я пью кофе в городе каждый день.,Russian
Я занимаюсь спортом в городе на этой неделе.,Russian
أنا أذهب إلى العمل في الحديقة غدا.,Arabic
قال أنا إنه أتعلم اللغة في المطعم غدا.,Arabic
मैं ने कहा कि वह पुस्तकालय में चाय पीता हूँ इस सप्ताह।,Hindi
ഞാൻ ഈ ആഴ്ച ലൈബ്രറിയിൽ സിനിമ കാണുന്നു എന്ന് പറഞ്ഞു.,Malayalam
मैं ने कहा कि वह विश्वविद्यालय में काम पर जाता हूँ सुबह।,Hindi
ഞാൻ രാവിലെ സ്കൂളിൽ കാപ്പി കുടിക്കുന്നു.,Malayalam
വൈകുന്നേരം സമയത്ത് ഞാൻ ഓഫീസിൽ സർവകലാശാലയിൽ പഠിക്കുന്നു.,Malayalam
ನಾನು ವಿಶ್ವವಿದ್ಯಾಲಯದಲ್ಲಿ ಭಾಷೆ ಕಲಿಯುತ್ತೇನೆ ಪ್ರತಿದಿನ.,Kannada
ನಾನು ಶಾಲೆಯಲ್ಲಿ ಪತ್ರ ಬರೆಯುತ್ತೇನೆ ನಾಳೆ.,Kannada
"сегодня, Я смотрю фильм в парке.",Russian
"सुबह के समय, मैं चाय पीता हूँ कार्यालय में।",Hindi
ഞാൻ നാളെ പാർക്കിൽ സിനിമ കാണുന്നു എന്ന് പറഞ്ഞു.,Malayalam
ഞാൻ ഇന്ന് നഗരത്തിൽ വ്യായാമം ചെയ്യുന്നു.,Malayalam
في المساء، أنا أشرب القهوة في المكتب.,Arabic
രാവിലെ ഞാൻ റെസ്റ്റോറന്റിൽ പുസ്തകം വായിക്കുന്നു.,Malayalam
قال أنا إنه أتعلم اللغة في المطعم صباحا.,Arabic
"Я сказал, что занимаюсь спортом в городе на этой неделе.",Russian
मैं किताब पढ़ता हूँ रेस्तरां में सुबह के समय।,Hindi
قال أنا إنه أقرأ كتابا في المستشفى اليوم.,Arabic
"Я сказал, что пью кофе в парке утром.",Russian
Εγώ είπε ότι σπουδάζω στο πανεπιστήμιο στο κατάστημα αύριο.,Greek
قال أنا إنه أذهب إلى العمل في المكتبة في المساء.,Arabic
"இன்று, நான் வீட்டில் கடிதம் எழுதுகிறேன்.",Tamil
"завтра, Я читаю книгу в парке.",Russian
قال أنا إنه أشاهد فيلما في الجامعة غدا.,Arabic
Εγώ σπουδάζω στο πανεπιστήμιο στο σχολείο αυτή την εβδομάδα.,Greek
قال أنا إنه أشرب القهوة في المكتب كل يوم.,Arabic
Εγώ είπε ότι πηγαίνω στη δουλειά στο εστιατόριο κάθε μέρα.,Greek
قال أنا إنه أشاهد فيلما في المكتب غدا.,Arabic
"आज, मैं काम पर जाता हूँ दुकान में।",Hindi
في المساء، أنا أقرأ كتابا في المستشفى.,Arabic
ഞാൻ ഇന്ന് കടയിൽ കത്ത് എഴുതുന്നു.,Malayalam
Εγώ σπουδάζω στο πανεπιστήμιο στο εστιατόριο κάθε μέρα.,Greek
ನಾನು ಸಂಜೆ ವಿಶ್ವವಿದ್ಯಾಲಯದಲ್ಲಿ ಪುಸ್ತಕ ಓದುತ್ತೇನೆ ಎಂದು ಹೇಳಿದರು.,Kannada
ഇന്ന് ഞാൻ ആശുപത്രിയിൽ വ്യായാമം ചെയ്യുന്നു.,Malayalam
ನಾನು ಈ ವಾರ ಆಸ್ಪತ್ರೆಯಲ್ಲಿ ಕೆಲಸಕ್ಕೆ ಹೋಗುತ್ತೇನೆ ಎಂದು ಹೇಳಿದರು.,Kannada
في المساء، أنا أتعلم اللغة في المكتب.,Arabic
"हर दिन, मैं विश्वविद्यालय में पढ़ता हूँ विश्वविद्यालय में।",Hindi
"каждый день, Я иду на работу в магазине.",Russian
Εγώ θέλει να μαθαίνω τη γλώσσα στο σπίτι.,Greek
قال أنا إنه أذهب إلى العمل في المستشفى مساء.,Arabic
ഞാൻ എല്ലാ ദിവസവും കടയിൽ സർവകലാശാലയിൽ പഠിക്കുന്നു എന്ന് പറഞ്ഞു.,Malayalam
நான் இந்த வாரம் வீட்டில் காபி குடிக்கிறேன் என்று கூறினார்.,Tamil
मैं भाषा सीखता हूँ कार्यालय में सुबह।,Hindi
"каждый день, Я читаю книгу в школе.",Russian
"हर दिन, मैं पत्र लिखता हूँ स्कूल में।",Hindi
"αργά το βράδυ, Εγώ γράφω ένα γράμμα στο σχολείο.",Greek
Εγώ είπε ότι βλέπω μια ταινία στο νοσοκομείο το βράδυ.,Greek
"νωρίς το πρωί, Εγώ κάνω γυμναστική στο γραφείο.",Greek
நான் மாலையில் மருத்துவமனையில் கடிதம் எழுதுகிறேன் என்று கூறினார்.,Tamil
ഞാൻ രാവിലെ ഓഫീസിൽ വ്യായാമം ചെയ്യുന്നു.,Malayalam
Εγώ πίνω καφέ στο νοσοκομείο το πρωί.,Greek
എല്ലാ ദിവസവും ഞാൻ ലൈബ്രറിയിൽ വ്യായാമം ചെയ്യുന്നു.,Malayalam
أنا أقرأ كتابا في المدرسة هذا الأسبوع.,Arabic
ನಾನು ಉದ್ಯಾನವನದಲ್ಲಿ ಕೆಲಸಕ್ಕೆ ಹೋಗುತ್ತೇನೆ ಮಾಡಲು ಬಯಸುತ್ತಾನೆ.,Kannada
ನಾನು ಸಂಜೆ ಅಂಗಡಿಯಲ್ಲಿ ಭಾಷೆ ಕಲಿಯುತ್ತೇನೆ ಎಂದು ಹೇಳಿದರು.,Kannada
"ಪ್ರತಿದಿನ, ನಾನು ಅಂಗಡಿಯಲ್ಲಿ ಕೆಲಸಕ್ಕೆ ಹೋಗುತ್ತೇನೆ.",Kannada
मैं विश्वविद्यालय में पढ़ता हूँ घर में शाम को।,Hindi
വൈകുന്നേരം സമയത്ത് ഞാൻ റെസ്റ്റോറന്റിൽ സർവകലാശാലയിൽ പഠിക്കുന്നു.,Malayalam
Εγώ πηγαίνω στη δουλειά στο κατάστημα το βράδυ.,Greek
"ಬೆಳಿಗ್ಗೆ, ನಾನು ಕಚೇರಿಯಲ್ಲಿ ಕೆಲಸಕ್ಕೆ ಹೋಗುತ್ತೇನೆ.",Kannada
Εγώ είπε ότι βλέπω μια ταινία στο σπίτι το βράδυ.,Greek
मैं भाषा सीखता हूँ स्कूल में शाम के समय।,Hindi
நான் இந்த வாரம் பள்ளியில் உடற்பயிற்சி செய்கிறேன் என்று கூறினார்.,Tamil
Εγώ είπε ότι κάνω γυμναστική στο νοσοκομείο το πρωί.,Greek
أنا أتعلم اللغة في المدينة في المساء.,Arabic
قال أنا إنه أمارس الرياضة في المستشفى غدا.,Arabic
വൈകുന്നേരം സമയത്ത് ഞാൻ കടയിൽ പുസ്തകം വായിക്കുന്നു.,Malayalam
قال أنا إنه أشرب القهوة في المكتب مساء.,Arabic
मैं विश्वविद्यालय में पढ़ता हूँ विश्वविद्यालय में सुबह।,Hindi
ഞാൻ എല്ലാ ദിവസവും പാർക്കിൽ കത്ത് എഴുതുന്നു എന്ന് പറഞ്ഞു.,Malayalam
"Я сказал, что учусь в университете в библиотеке поздно вечером.",Russian
ഞാൻ രാവിലെ വീട്ടിൽ പുസ്തകം വായിക്കുന്നു.,Malayalam
நான் காலை நேரத்தில் நகரத்தில் திரைப்படம் பார்க்கிறேன் என்று கூறினார்.,Tamil
நான் மருத்துவமனையில் காபி குடிக்கிறேன் காலை நேரத்தில்.,Tamil
Я пишу письмо дома сегодня.,Russian
"कल, मैं विश्वविद्यालय में पढ़ता हूँ कार्यालय में।",Hindi
مساء، أنا أدرس في الجامعة في المكتبة.,Arabic
நான் பல்கலைக்கழகத்தில் திரைப்படம் பார்க்கிறேன் இந்த வாரம்.,Tamil
"завтра, Я пью кофе в офисе.",Russian
"நாளை, நான் உணவகத்தில் பல்கலைக்கழகத்தில் படிக்கிறேன்.",Tamil
എല്ലാ ദിവസവും ഞാൻ ആശുപത്രിയിൽ വ്യായാമം ചെയ്യുന്നു.,Malayalam
"இன்று, நான் கடையில் மொழி கற்கிறேன்.",Tamil
"каждый день, Я читаю книгу в городе.",Russian
قال أنا إنه أتعلم اللغة في المنزل كل يوم.,Arabic
ഞാൻ രാവിലെ ലൈബ്രറിയിൽ പുസ്തകം വായിക്കുന്നു.,Malayalam
قال أنا إنه أكتب رسالة في المطعم اليوم.,Arabic
"αργά το βράδυ, Εγώ σπουδάζω στο πανεπιστήμιο στο σχολείο.",Greek
"ಇಂದು, ನಾನು ರೆಸ್ಟೋರೆಂಟ್‌ನಲ್ಲಿ ಪತ್ರ ಬರೆಯುತ್ತೇನೆ.",Kannada
நான் பள்ளியில் உடற்பயிற்சி செய்கிறேன் மாலை நேரத்தில்.,Tamil
मैं भाषा सीखता हूँ पार्क में शाम के समय।,Hindi
Εγώ είπε ότι σπουδάζω στο πανεπιστήμιο στο εστιατόριο σήμερα.,Greek
في المساء، أنا أكتب رسالة في المنزل.,Arabic
ഞാൻ വൈകുന്നേരം സമയത്ത് പാർക്കിൽ കാപ്പി കുടിക്കുന്നു എന്ന് പറഞ്ഞു.,Malayalam
मैं ने कहा कि वह कार्यालय में किताब पढ़ता हूँ हर दिन।,Hindi
വൈകുന്നേരം ഞാൻ ആശുപത്രിയിൽ ഭാഷ പഠിക്കുന്നു.,Malayalam
صباحا، أنا أذهب إلى العمل في المكتب.,Arabic
Εγώ είπε ότι πηγαίνω στη δουλειά στη βιβλιοθήκη το πρωί.,Greek
"το βράδυ, Εγώ σπουδάζω στο πανεπιστήμιο στο πανεπιστήμιο.",Greek
"शाम के समय, मैं भाषा सीखता हूँ विश्वविद्यालय में।",Hindi
كل يوم، أنا أمارس الرياضة في المنزل.,Arabic
ഈ ആഴ്ച ഞാൻ ആശുപത്രിയിൽ പുസ്തകം വായിക്കുന്നു.,Malayalam
"αύριο, Εγώ διαβάζω ένα βιβλίο στη βιβλιοθήκη.",Greek
"இந்த வாரம், நான் அலுவலகத்தில் மொழி கற்கிறேன்.",Tamil
ഞാൻ വൈകുന്നേരം റെസ്റ്റോറന്റിൽ ജോലിക്ക് പോകുന്നു എന്ന് പറഞ്ഞു.,Malayalam
ನಾನು ಇಂದು ಮನೆಯಲ್ಲಿ ಸಿನಿಮಾ ನೋಡುತ್ತೇನೆ ಎಂದು ಹೇಳಿದರು.,Kannada
நான் உணவகத்தில் பல்கலைக்கழகத்தில் படிக்கிறேன் காலையில்.,Tamil
Я читаю книгу в офисе на этой неделе.,Russian
"Я сказал, что изучаю язык в магазине сегодня.",Russian
أنا أكتب رسالة في الجامعة في الصباح.,Arabic
എല്ലാ ദിവസവും ഞാൻ കടയിൽ വ്യായാമം ചെയ്യുന്നു.,Malayalam
ನಾನು ಬೆಳಗಿನ ಸಮಯದಲ್ಲಿ ಮನೆಯಲ್ಲಿ ವ್ಯಾಯಾಮ ಮಾಡುತ್ತೇನೆ ಎಂದು ಹೇಳಿದರು.,Kannada
"இன்று, நான் பள்ளியில் புத்தகம் படிக்கிறேன்.",Tamil
ഞാൻ എല്ലാ ദിവസവും വീട്ടിൽ ജോലിക്ക് പോകുന്നു എന്ന് പറഞ്ഞു.,Malayalam
ഞാൻ എല്ലാ ദിവസവും ലൈബ്രറിയിൽ സിനിമ കാണുന്നു എന്ന് പറഞ്ഞു.,Malayalam
قال أنا إنه أشاهد فيلما في المدينة في الصباح.,Arabic
मैं रेस्तरां में चाय पीता हूँ चाहता है।,Hindi
Εγώ είπε ότι σπουδάζω στο πανεπιστήμιο στη βιβλιοθήκη το βράδυ.,Greek
"शाम को, मैं फिल्म देखता हूँ रेस्तरां में।",Hindi
ഞാൻ രാവിലെ കടയിൽ ജോലിക്ക് പോകുന്നു എന്ന് പറഞ്ഞു.,Malayalam
"завтра, Я учусь в университете в магазине.",Russian
मैं चाय पीता हूँ पार्क में हर दिन।,Hindi
நான் நூலகத்தில் பல்கலைக்கழகத்தில் படிக்கிறேன் காலையில்.,Tamil
ഞാൻ വൈകുന്നേരം സമയത്ത് സർവകലാശാലയിൽ സർവകലാശാലയിൽ പഠിക്കുന്നു എന്ന് പറഞ്ഞു.,Malayalam
"ಸಂಜೆಯ ಸಮಯದಲ್ಲಿ, ನಾನು ನಗರದಲ್ಲಿ ಭಾಷೆ ಕಲಿಯುತ್ತೇನೆ.",Kannada
நான் தினமும் பல்கலைக்கழகத்தில் காபி குடிக்கிறேன் என்று கூறினார்.,Tamil
ನಾನು ಈ ವಾರ ಶಾಲೆಯಲ್ಲಿ ಕಾಫಿ ಕುಡಿಯುತ್ತೇನೆ ಎಂದು ಹೇಳಿದರು.,Kannada
"காலை நேரத்தில், நான் மருத்துவமனையில் பல்கலைக்கழகத்தில் படிக்கிறேன்.",Tamil
நான் நகரத்தில் வேலைக்கு செல்கிறேன் காலையில்.,Tamil
في الصباح، أنا أقرأ كتابا في المتجر.,Arabic
Я пью кофе в парке сегодня.,Russian
Εγώ θέλει να γράφω ένα γράμμα στο εστιατόριο.,Greek
நான் நாளை பல்கலைக்கழகத்தில் வேலைக்கு செல்கிறேன் என்று கூறினார்.,Tamil
"αύριο, Εγώ κάνω γυμναστική στη βιβλιοθήκη.",Greek
நான் நாளை பூங்காவில் மொழி கற்கிறேன் என்று கூறினார்.,Tamil
நான் பல்கலைக்கழகத்தில் புத்தகம் படிக்கிறேன் விரும்புகிறார்.,Tamil
"νωρίς το πρωί, Εγώ διαβάζω ένα βιβλίο στο πανεπιστήμιο.",Greek
ನಾನು ಮನೆಯಲ್ಲಿ ಪುಸ್ತಕ ಓದುತ್ತೇನೆ ಈ ವಾರ.,Kannada
நான் தினமும் பூங்காவில் வேலைக்கு செல்கிறேன் என்று கூறினார்.,Tamil
"ಸಂಜೆಯ ಸಮಯದಲ್ಲಿ, ನಾನು ರೆಸ್ಟೋರೆಂಟ್‌ನಲ್ಲಿ ಪುಸ್ತಕ ಓದುತ್ತೇನೆ.",Kannada
"αυτή την εβδομάδα, Εγώ σπουδάζω στο πανεπιστήμιο στη βιβλιοθήκη.",Greek
Я пью кофе в школе поздно вечером.,Russian
நான் அலுவலகத்தில் திரைப்படம் பார்க்கிறேன் இந்த வாரம்.,Tamil
Εγώ κάνω γυμναστική στο εστιατόριο το βράδυ.,Greek
ನಾನು ಈ ವಾರ ನಗರದಲ್ಲಿ ಸಿನಿಮಾ ನೋಡುತ್ತೇನೆ ಎಂದು ಹೇಳಿದರು.,Kannada
ഞാൻ വൈകുന്നേരം റെസ്റ്റോറന്റിൽ കത്ത് എഴുതുന്നു എന്ന് പറഞ്ഞു.,Malayalam
"காலை நேரத்தில், நான் பல்கலைக்கழகத்தில் உடற்பயிற்சி செய்கிறேன்.",Tamil
நான் காலையில் நகரத்தில் கடிதம் எழுதுகிறேன் என்று கூறினார்.,Tamil
كل يوم، أنا أدرس في الجامعة في المنزل.,Arabic
Εγώ είπε ότι πηγαίνω στη δουλειά στο πανεπιστήμιο σήμερα.,Greek
ನಾನು ರೆಸ್ಟೋರೆಂಟ್‌ನಲ್ಲಿ ಪುಸ್ತಕ ಓದುತ್ತೇನೆ ಈ ವಾರ.,Kannada
ನಾನು ಗ್ರಂಥಾಲಯದಲ್ಲಿ ವ್ಯಾಯಾಮ ಮಾಡುತ್ತೇನೆ ಇಂದು.,Kannada
Я смотрю фильм в больнице на этой неделе.,Russian
"вечером, Я изучаю язык в ресторане.",Russian
Εγώ είπε ότι γράφω ένα γράμμα στο πανεπιστήμιο σήμερα.,Greek
"Я сказал, что пью кофе в городе вечером.",Russian
ನಾನು ನಗರದಲ್ಲಿ ಕಾಫಿ ಕುಡಿಯುತ್ತೇನೆ ಈ ವಾರ.,Kannada
நான் நாளை கடையில் உடற்பயிற்சி செய்கிறேன் என்று கூறினார்.,Tamil
मैं ने कहा कि वह पार्क में चाय पीता हूँ कल।,Hindi
أنا يريد أن أمارس الرياضة في المستشفى.,Arabic
Я читаю книгу в библиотеке поздно вечером.,Russian
വൈകുന്നേരം ഞാൻ സ്കൂളിൽ പുസ്തകം വായിക്കുന്നു.,Malayalam
اليوم، أنا أشرب القهوة في المكتبة.,Arabic
"поздно вечером, Я изучаю язык дома.",Russian
"вечером, Я учусь в университете в университете.",Russian
मैं ने कहा कि वह कार्यालय में पत्र लिखता हूँ सुबह के समय।,Hindi
मैं पुस्तकालय में विश्वविद्यालय में पढ़ता हूँ चाहता है।,Hindi
நான் தினமும் உணவகத்தில் புத்தகம் படிக்கிறேன் என்று கூறினார்.,Tamil
قال أنا إنه أكتب رسالة في المكتب في الصباح.,Arabic
"Я сказал, что пишу письмо в офисе поздно вечером.",Russian
ನಾನು ಇಂದು ಗ್ರಂಥಾಲಯದಲ್ಲಿ ಪುಸ್ತಕ ಓದುತ್ತೇನೆ ಎಂದು ಹೇಳಿದರು.,Kannada
"νωρίς το πρωί, Εγώ κάνω γυμναστική στο σχολείο.",Greek
"காலை நேரத்தில், நான் நூலகத்தில் கடிதம் எழுதுகிறேன்.",Tamil
"рано утром, Я пишу письмо в больнице.",Russian
أنا يريد أن أقرأ كتابا في المكتب.,Arabic
"вечером, Я иду на работу дома.",Russian
Εγώ γράφω ένα γράμμα στο πανεπιστήμιο αργά το βράδυ.,Greek
വൈകുന്നേരം സമയത്ത് ഞാൻ വീട്ടിൽ കാപ്പി കുടിക്കുന്നു.,Malayalam
मैं फिल्म देखता हूँ विश्वविद्यालय में कल।,Hindi
രാവിലെ സമയത്ത് ഞാൻ റെസ്റ്റോറന്റിൽ പുസ്തകം വായിക്കുന്നു.,Malayalam
"Я сказал, что изучаю язык в школе утром.",Russian
ഞാൻ വൈകുന്നേരം റെസ്റ്റോറന്റിൽ കത്ത് എഴുതുന്നു.,Malayalam
"शाम के समय, मैं काम पर जाता हूँ रेस्तरां में।",Hindi
Εγώ βλέπω μια ταινία στο νοσοκομείο αύριο.,Greek
"каждый день, Я смотрю фильм в городе.",Russian
Εγώ θέλει να πηγαίνω στη δουλειά στο πανεπιστήμιο.,Greek
ನಾನು ಉದ್ಯಾನವನದಲ್ಲಿ ಪತ್ರ ಬರೆಯುತ್ತೇನೆ ಈ ವಾರ.,Kannada
രാവിലെ ഞാൻ വീട്ടിൽ സർവകലാശാലയിൽ പഠിക്കുന്നു.,Malayalam
"कल, मैं भाषा सीखता हूँ विश्वविद्यालय में।",Hindi
ഈ ആഴ്ച ഞാൻ കടയിൽ സിനിമ കാണുന്നു.,Malayalam
"Я сказал, что пишу письмо в библиотеке поздно вечером.",Russian
Я хочет учусь в университете в офисе.,Russian
"κάθε μέρα, Εγώ γράφω ένα γράμμα στο πάρκο.",Greek
"இந்த வாரம், நான் வீட்டில் உடற்பயிற்சி செய்கிறேன்.",Tamil
في الصباح، أنا أدرس في الجامعة في المدينة.,Arabic
Я смотрю фильм в ресторане завтра.,Russian
"завтра, Я смотрю фильм в ресторане.",Russian
"காலையில், நான் பூங்காவில் வேலைக்கு செல்கிறேன்.",Tamil
"ಇಂದು, ನಾನು ಶಾಲೆಯಲ್ಲಿ ವ್ಯಾಯಾಮ ಮಾಡುತ್ತೇನೆ.",Kannada
Εγώ πίνω καφέ στο κατάστημα αργά το βράδυ.,Greek
ನಾನು ಮನೆಯಲ್ಲಿ ವಿಶ್ವವಿದ್ಯಾಲಯದಲ್ಲಿ ಓದುತ್ತೇನೆ ನಾಳೆ.,Kannada
قال أنا إنه أتعلم اللغة في المستشفى غدا.,Arabic
"Я сказал, что иду на работу в офисе каждый день.",Russian
ನಾನು ಕಚೇರಿಯಲ್ಲಿ ಕಾಫಿ ಕುಡಿಯುತ್ತೇನೆ ಇಂದು.,Kannada
ನಾನು ಗ್ರಂಥಾಲಯದಲ್ಲಿ ವಿಶ್ವವಿದ್ಯಾಲಯದಲ್ಲಿ ಓದುತ್ತೇನೆ ಸಂಜೆಯ ಸಮಯದಲ್ಲಿ.,Kannada
मैं ने कहा कि वह पुस्तकालय में काम पर जाता हूँ सुबह।,Hindi
"Я сказал, что пью кофе в магазине завтра.",Russian
मैं ने कहा कि वह रेस्तरां में चाय पीता हूँ शाम को।,Hindi
"ಬೆಳಿಗ್ಗೆ, ನಾನು ಗ್ರಂಥಾಲಯದಲ್ಲಿ ಕಾಫಿ ಕುಡಿಯುತ್ತೇನೆ.",Kannada
أنا أشاهد فيلما في الحديقة صباحا.,Arabic
நான் அலுவலகத்தில் புத்தகம் படிக்கிறேன் மாலையில்.,Tamil
ഞാൻ രാവിലെ വീട്ടിൽ കാപ്പി കുടിക്കുന്നു.,Malayalam
"поздно вечером, Я смотрю фильм в городе.",Russian
قال أنا إنه أشاهد فيلما في المستشفى كل يوم.,Arabic
मैं ने कहा कि वह कार्यालय में विश्वविद्यालय में पढ़ता हूँ सुबह के समय।,Hindi
मैं ने कहा कि वह कार्यालय में व्यायाम करता हूँ सुबह।,Hindi
ನಾನು ಸಂಜೆಯ ಸಮಯದಲ್ಲಿ ಅಂಗಡಿಯಲ್ಲಿ ಸಿನಿಮಾ ನೋಡುತ್ತೇನೆ ಎಂದು ಹೇಳಿದರು.,Kannada
मैं व्यायाम करता हूँ रेस्तरां में कल।,Hindi
قال أنا إنه أكتب رسالة في المطعم كل يوم.,Arabic
"ಬೆಳಿಗ್ಗೆ, ನಾನು ಅಂಗಡಿಯಲ್ಲಿ ವ್ಯಾಯಾಮ ಮಾಡುತ್ತೇನೆ.",Kannada
قال أنا إنه أذهب إلى العمل في المستشفى غدا.,Arabic
أنا أدرس في الجامعة في الحديقة اليوم.,Arabic
"ಪ್ರತಿದಿನ, ನಾನು ಮನೆಯಲ್ಲಿ ಕೆಲಸಕ್ಕೆ ಹೋಗುತ್ತೇನೆ.",Kannada
நான் பல்கலைக்கழகத்தில் புத்தகம் படிக்கிறேன் மாலை நேரத்தில்.,Tamil
நான் இன்று மருத்துவமனையில் வேலைக்கு செல்கிறேன் என்று கூறினார்.,Tamil
"தினமும், நான் பல்கலைக்கழகத்தில் மொழி கற்கிறேன்.",Tamil
اليوم، أنا أتعلم اللغة في الحديقة.,Arabic
"ಬೆಳಿಗ್ಗೆ, ನಾನು ಮನೆಯಲ್ಲಿ ಕಾಫಿ ಕುಡಿಯುತ್ತೇನೆ.",Kannada
"сегодня, Я изучаю язык в ресторане.",Russian
मैं ने कहा कि वह शहर में किताब पढ़ता हूँ शाम को।,Hindi
"மாலையில், நான் நூலகத்தில் உடற்பயிற்சி செய்கிறேன்.",Tamil
Εγώ μαθαίνω τη γλώσσα στο κατάστημα το πρωί.,Greek
"மாலை நேரத்தில், நான் அலுவலகத்தில் புத்தகம் படிக்கிறேன்.",Tamil
هذا الأسبوع، أنا أشاهد فيلما في المنزل.,Arabic
Εγώ βλέπω μια ταινία στο πάρκο αυτή την εβδομάδα.,Greek
"ನಾಳೆ, ನಾನು ಆಸ್ಪತ್ರೆಯಲ್ಲಿ ಪುಸ್ತಕ ಓದುತ್ತೇನೆ.",Kannada
"на этой неделе, Я иду на работу в ресторане.",Russian
"தினமும், நான் கடையில் புத்தகம் படிக்கிறேன்.",Tamil
قال أنا إنه أدرس في الجامعة في المتجر مساء.,Arabic
നാളെ ഞാൻ പാർക്കിൽ കത്ത് എഴുതുന്നു.,Malayalam
मैं ने कहा कि वह पार्क में चाय पीता हूँ शाम को।,Hindi
"вечером, Я пью кофе в школе.",Russian
قال أنا إنه أتعلم اللغة في المستشفى صباحا.,Arabic
"ಪ್ರತಿದಿನ, ನಾನು ಕಚೇರಿಯಲ್ಲಿ ಭಾಷೆ ಕಲಿಯುತ್ತೇನೆ.",Kannada
"ಪ್ರತಿದಿನ, ನಾನು ಮನೆಯಲ್ಲಿ ಭಾಷೆ ಕಲಿಯುತ್ತೇನೆ.",Kannada
"сегодня, Я занимаюсь спортом в городе.",Russian
நான் உணவகத்தில் திரைப்படம் பார்க்கிறேன் காலை நேரத்தில்.,Tamil
ഞാൻ രാവിലെ സമയത്ത് ലൈബ്രറിയിൽ ഭാഷ പഠിക്കുന്നു എന്ന് പറഞ്ഞു.,Malayalam
ഞാൻ നാളെ സ്കൂളിൽ കാപ്പി കുടിക്കുന്നു.,Malayalam
ഞാൻ ഇന്ന് കടയിൽ കത്ത് എഴുതുന്നു എന്ന് പറഞ്ഞു.,Malayalam
Я учусь в университете в университете вечером.,Russian
أنا أدرس في الجامعة في المدينة هذا الأسبوع.,Arabic
"Я сказал, что учусь в университете в больнице поздно вечером.",Russian
मैं फिल्म देखता हूँ पुस्तकालय में इस सप्ताह।,Hindi
"сегодня, Я занимаюсь спортом в ресторане.",Russian
"हर दिन, मैं भाषा सीखता हूँ पार्क में।",Hindi
Я хочет учусь в университете дома.,Russian
ನಾನು ನಗರದಲ್ಲಿ ವ್ಯಾಯಾಮ ಮಾಡುತ್ತೇನೆ ಮಾಡಲು ಬಯಸುತ್ತಾನೆ.,Kannada
"сегодня, Я изучаю язык в библиотеке.",Russian
ನಾನು ರೆಸ್ಟೋರೆಂಟ್‌ನಲ್ಲಿ ವ್ಯಾಯಾಮ ಮಾಡುತ್ತೇನೆ ನಾಳೆ.,Kannada
"ನಾಳೆ, ನಾನು ರೆಸ್ಟೋರೆಂಟ್‌ನಲ್ಲಿ ವ್ಯಾಯಾಮ ಮಾಡುತ್ತೇನೆ.",Kannada
"Я сказал, что пишу письмо в ресторане рано утром.",Russian
നാളെ ഞാൻ കടയിൽ ജോലിക്ക് പോകുന്നു.,Malayalam
ನಾನು ಬೆಳಗಿನ ಸಮಯದಲ್ಲಿ ಕಚೇರಿಯಲ್ಲಿ ವಿಶ್ವವಿದ್ಯಾಲಯದಲ್ಲಿ ಓದುತ್ತೇನೆ ಎಂದು ಹೇಳಿದರು.,Kannada
நான் மருத்துவமனையில் உடற்பயிற்சி செய்கிறேன் இன்று.,Tamil
मैं पत्र लिखता हूँ स्कूल में आज।,Hindi
ನಾನು ಸಂಜೆ ಕಚೇರಿಯಲ್ಲಿ ಕಾಫಿ ಕುಡಿಯುತ್ತೇನೆ ಎಂದು ಹೇಳಿದರು.,Kannada
मैं चाय पीता हूँ अस्पताल में हर दिन।,Hindi
ನಾನು ಬೆಳಿಗ್ಗೆ ಗ್ರಂಥಾಲಯದಲ್ಲಿ ವ್ಯಾಯಾಮ ಮಾಡುತ್ತೇನೆ ಎಂದು ಹೇಳಿದರು.,Kannada
"தினமும், நான் பள்ளியில் உடற்பயிற்சி செய்கிறேன்.",Tamil
"сегодня, Я читаю книгу в парке.",Russian
நான் உணவகத்தில் காபி குடிக்கிறேன் காலை நேரத்தில்.,Tamil
أنا أشاهد فيلما في المطعم غدا.,Arabic
ನಾನು ರೆಸ್ಟೋರೆಂಟ್‌ನಲ್ಲಿ ಸಿನಿಮಾ ನೋಡುತ್ತೇನೆ ನಾಳೆ.,Kannada
मैं ने कहा कि वह स्कूल में फिल्म देखता हूँ आज।,Hindi
ನಾನು ಬೆಳಿಗ್ಗೆ ಕಚೇರಿಯಲ್ಲಿ ಭಾಷೆ ಕಲಿಯುತ್ತೇನೆ ಎಂದು ಹೇಳಿದರು.,Kannada
நான் இன்று கடையில் பல்கலைக்கழகத்தில் படிக்கிறேன் என்று கூறினார்.,Tamil
நான் பள்ளியில் மொழி கற்கிறேன் தினமும்.,Tamil
நான் கடையில் கடிதம் எழுதுகிறேன் மாலையில்.,Tamil
രാവിലെ സമയത്ത് ഞാൻ ലൈബ്രറിയിൽ വ്യായാമം ചെയ്യുന്നു.,Malayalam
രാവിലെ ഞാൻ നഗരത്തിൽ വ്യായാമം ചെയ്യുന്നു.,Malayalam
मैं ने कहा कि वह रेस्तरां में व्यायाम करता हूँ सुबह।,Hindi
"σήμερα, Εγώ πηγαίνω στη δουλειά στο εστιατόριο.",Greek
मैं ने कहा कि वह अस्पताल में चाय पीता हूँ सुबह।,Hindi
"Я сказал, что учусь в университете в магазине завтра.",Russian
Εγώ είπε ότι γράφω ένα γράμμα στο εστιατόριο το πρωί.,Greek
ನಾನು ಶಾಲೆಯಲ್ಲಿ ಕಾಫಿ ಕುಡಿಯುತ್ತೇನೆ ಇಂದು.,Kannada
"कल, मैं पत्र लिखता हूँ कार्यालय में।",Hindi
Εγώ είπε ότι πίνω καφέ στο εστιατόριο αύριο.,Greek
اليوم، أنا أدرس في الجامعة في المتجر.,Arabic
ഇന്ന് ഞാൻ കടയിൽ ഭാഷ പഠിക്കുന്നു.,Malayalam
ನಾನು ಅಂಗಡಿಯಲ್ಲಿ ಪತ್ರ ಬರೆಯುತ್ತೇನೆ ಬೆಳಗಿನ ಸಮಯದಲ್ಲಿ.,Kannada
"ಬೆಳಿಗ್ಗೆ, ನಾನು ಉದ್ಯಾನವನದಲ್ಲಿ ಕೆಲಸಕ್ಕೆ ಹೋಗುತ್ತೇನೆ.",Kannada
"каждый день, Я занимаюсь спортом в городе.",Russian
ഞാൻ നാളെ ആശുപത്രിയിൽ ഭാഷ പഠിക്കുന്നു എന്ന് പറഞ്ഞു.,Malayalam
ನಾನು ಇಂದು ಆಸ್ಪತ್ರೆಯಲ್ಲಿ ವಿಶ್ವವಿದ್ಯಾಲಯದಲ್ಲಿ ಓದುತ್ತೇನೆ ಎಂದು ಹೇಳಿದರು.,Kannada
في المساء، أنا أشرب القهوة في المطعم.,Arabic
"ನಾಳೆ, ನಾನು ಉದ್ಯಾನವನದಲ್ಲಿ ಪುಸ್ತಕ ಓದುತ್ತೇನೆ.",Kannada
ನಾನು ಮನೆಯಲ್ಲಿ ವಿಶ್ವವಿದ್ಯಾಲಯದಲ್ಲಿ ಓದುತ್ತೇನೆ ಈ ವಾರ.,Kannada
நான் நாளை நகரத்தில் திரைப்படம் பார்க்கிறேன் என்று கூறினார்.,Tamil
Я занимаюсь спортом в ресторане утром.,Russian
قال أنا إنه أشاهد فيلما في المكتب صباحا.,Arabic
मैं काम पर जाता हूँ अस्पताल में सुबह।,Hindi
Я читаю книгу в парке каждый день.,Russian
ഈ ആഴ്ച ഞാൻ നഗരത്തിൽ ജോലിക്ക് പോകുന്നു.,Malayalam
أنا أكتب رسالة في المطعم في الصباح.,Arabic
நான் மாலையில் உணவகத்தில் கடிதம் எழுதுகிறேன் என்று கூறினார்.,Tamil
Εγώ πίνω καφέ στην πόλη το βράδυ.,Greek
"вечером, Я читаю книгу в школе.",Russian
Я пью кофе в больнице на этой неделе.,Russian
मैं चाय पीता हूँ शहर में शाम को।,Hindi
मैं किताब पढ़ता हूँ कार्यालय में हर दिन।,Hindi
ನಾನು ಕಚೇರಿಯಲ್ಲಿ ಪುಸ್ತಕ ಓದುತ್ತೇನೆ ಈ ವಾರ.,Kannada
"σήμερα, Εγώ μαθαίνω τη γλώσσα στο εστιατόριο.",Greek
मैं चाय पीता हूँ पार्क में शाम के समय।,Hindi
أنا أكتب رسالة في المدينة هذا الأسبوع.,Arabic
قال أنا إنه أشرب القهوة في الجامعة في المساء.,Arabic
நான் நாளை நூலகத்தில் வேலைக்கு செல்கிறேன் என்று கூறினார்.,Tamil
"Я сказал, что изучаю язык в университете завтра.",Russian
നാളെ ഞാൻ കടയിൽ വ്യായാമം ചെയ്യുന്നു.,Malayalam
"காலை நேரத்தில், நான் மருத்துவமனையில் வேலைக்கு செல்கிறேன்.",Tamil
நான் அலுவலகத்தில் பல்கலைக்கழகத்தில் படிக்கிறேன் மாலை நேரத்தில்.,Tamil
"आज, मैं पत्र लिखता हूँ रेस्तरां में।",Hindi
मैं ने कहा कि वह पुस्तकालय में भाषा सीखता हूँ आज।,Hindi
നാളെ ഞാൻ ലൈബ്രറിയിൽ വ്യായാമം ചെയ്യുന്നു.,Malayalam
मैं ने कहा कि वह घर में व्यायाम करता हूँ आज।,Hindi
நான் இந்த வாரம் பூங்காவில் உடற்பயிற்சி செய்கிறேன் என்று கூறினார்.,Tamil
ഞാൻ രാവിലെ സമയത്ത് സർവകലാശാലയിൽ പുസ്തകം വായിക്കുന്നു.,Malayalam
أنا أمارس الرياضة في المكتب هذا الأسبوع.,Arabic
قال أنا إنه أشرب القهوة في المكتبة اليوم.,Arabic
"Я сказал, что пишу письмо в библиотеке каждый день.",Russian
أنا أكتب رسالة في المدرسة في المساء.,Arabic
मैं ने कहा कि वह कार्यालय में किताब पढ़ता हूँ कल।,Hindi
"ಪ್ರತಿದಿನ, ನಾನು ವಿಶ್ವವಿದ್ಯಾಲಯದಲ್ಲಿ ಕೆಲಸಕ್ಕೆ ಹೋಗುತ್ತೇನೆ.",Kannada
நான் மாலையில் உணவகத்தில் உடற்பயிற்சி செய்கிறேன் என்று கூறினார்.,Tamil
أنا أشرب القهوة في المدرسة كل يوم.,Arabic
വൈകുന്നേരം ഞാൻ റെസ്റ്റോറന്റിൽ ജോലിക്ക് പോകുന്നു.,Malayalam
मैं ने कहा कि वह कार्यालय में भाषा सीखता हूँ आज।,Hindi
"Я сказал, что иду на работу в парке утром.",Russian
நான் உணவகத்தில் கடிதம் எழுதுகிறேன் காலை நேரத்தில்.,Tamil
"இன்று, நான் அலுவலகத்தில் மொழி கற்கிறேன்.",Tamil
ഇന്ന് ഞാൻ പാർക്കിൽ കത്ത് എഴുതുന്നു.,Malayalam
ഞാൻ നാളെ ഓഫീസിൽ കത്ത് എഴുതുന്നു.,Malayalam
Я пью кофе в парке вечером.,Russian
"на этой неделе, Я смотрю фильм дома.",Russian
ನಾನು ಸಂಜೆಯ ಸಮಯದಲ್ಲಿ ಮನೆಯಲ್ಲಿ ವಿಶ್ವವಿದ್ಯಾಲಯದಲ್ಲಿ ಓದುತ್ತೇನೆ ಎಂದು ಹೇಳಿದರು.,Kannada
أنا أذهب إلى العمل في الجامعة غدا.,Arabic
"आज, मैं किताब पढ़ता हूँ रेस्तरां में।",Hindi
ഞാൻ രാവിലെ വീട്ടിൽ സർവകലാശാലയിൽ പഠിക്കുന്നു എന്ന് പറഞ്ഞു.,Malayalam
"Я сказал, что смотрю фильм в школе завтра.",Russian
"Я сказал, что пью кофе в офисе поздно вечером.",Russian
मैं ने कहा कि वह घर में व्यायाम करता हूँ हर दिन।,Hindi
രാവിലെ ഞാൻ റെസ്റ്റോറന്റിൽ സർവകലാശാലയിൽ പഠിക്കുന്നു.,Malayalam
"कल, मैं भाषा सीखता हूँ दुकान में।",Hindi
"το πρωί, Εγώ γράφω ένα γράμμα στο κατάστημα.",Greek
أنا أشاهد فيلما في المدينة في الصباح.,Arabic
വൈകുന്നേരം സമയത്ത് ഞാൻ കടയിൽ വ്യായാമം ചെയ്യുന്നു.,Malayalam
كل يوم، أنا أذهب إلى العمل في المكتبة.,Arabic
"शाम को, मैं विश्वविद्यालय में पढ़ता हूँ घर में।",Hindi
ನಾನು ಸಂಜೆಯ ಸಮಯದಲ್ಲಿ ಉದ್ಯಾನವನದಲ್ಲಿ ವ್ಯಾಯಾಮ ಮಾಡುತ್ತೇನೆ ಎಂದು ಹೇಳಿದರು.,Kannada
"தினமும், நான் உணவகத்தில் புத்தகம் படிக்கிறேன்.",Tamil
أنا أدرس في الجامعة في المتجر اليوم.,Arabic
"завтра, Я иду на работу в школе.",Russian
ഞാൻ ഇന്ന് പാർക്കിൽ പുസ്തകം വായിക്കുന്നു.,Malayalam
ನಾನು ರೆಸ್ಟೋರೆಂಟ್‌ನಲ್ಲಿ ಪುಸ್ತಕ ಓದುತ್ತೇನೆ ನಾಳೆ.,Kannada
நான் மாலையில் பூங்காவில் பல்கலைக்கழகத்தில் படிக்கிறேன் என்று கூறினார்.,Tamil
मैं ने कहा कि वह शहर में फिल्म देखता हूँ शाम को।,Hindi
"शाम को, मैं चाय पीता हूँ अस्पताल में।",Hindi
Я пишу письмо в университете поздно вечером.,Russian
ഞാൻ നാളെ സർവകലാശാലയിൽ ജോലിക്ക് പോകുന്നു.,Malayalam
"इस सप्ताह, मैं फिल्म देखता हूँ पुस्तकालय में।",Hindi
ನಾನು ಸಂಜೆ ರೆಸ್ಟೋರೆಂಟ್‌ನಲ್ಲಿ ವಿಶ್ವವಿದ್ಯಾಲಯದಲ್ಲಿ ಓದುತ್ತೇನೆ ಎಂದು ಹೇಳಿದರು.,Kannada
நான் இந்த வாரம் பூங்காவில் காபி குடிக்கிறேன் என்று கூறினார்.,Tamil
Εγώ σπουδάζω στο πανεπιστήμιο στη βιβλιοθήκη σήμερα.,Greek
في المساء، أنا أمارس الرياضة في المتجر.,Arabic
Εγώ είπε ότι γράφω ένα γράμμα στο γραφείο αυτή την εβδομάδα.,Greek
ഞാൻ വൈകുന്നേരം വീട്ടിൽ വ്യായാമം ചെയ്യുന്നു എന്ന് പറഞ്ഞു.,Malayalam
"σήμερα, Εγώ πηγαίνω στη δουλειά στο σχολείο.",Greek
غدا، أنا أكتب رسالة في المدرسة.,Arabic
ನಾನು ನಾಳೆ ಶಾಲೆಯಲ್ಲಿ ಪುಸ್ತಕ ಓದುತ್ತೇನೆ ಎಂದು ಹೇಳಿದರು.,Kannada
"на этой неделе, Я учусь в университете в школе.",Russian
मैं ने कहा कि वह रेस्तरां में चाय पीता हूँ शाम के समय।,Hindi
"மாலையில், நான் நூலகத்தில் காபி குடிக்கிறேன்.",Tamil
قال أنا إنه أذهب إلى العمل في المطعم غدا.,Arabic
मैं पत्र लिखता हूँ स्कूल में हर दिन।,Hindi
"το βράδυ, Εγώ πηγαίνω στη δουλειά στο σπίτι.",Greek
"Я сказал, что изучаю язык в парке вечером.",Russian
Εγώ βλέπω μια ταινία στο νοσοκομείο νωρίς το πρωί.,Greek
ನಾನು ಬೆಳಗಿನ ಸಮಯದಲ್ಲಿ ಶಾಲೆಯಲ್ಲಿ ಪತ್ರ ಬರೆಯುತ್ತೇನೆ ಎಂದು ಹೇಳಿದರು.,Kannada
Я смотрю фильм в парке утром.,Russian
ഞാൻ രാവിലെ സമയത്ത് കടയിൽ കത്ത് എഴുതുന്നു.,Malayalam
"Я сказал, что смотрю фильм в парке поздно вечером.",Russian
ഇന്ന് ഞാൻ വീട്ടിൽ വ്യായാമം ചെയ്യുന്നു.,Malayalam
Εγώ είπε ότι βλέπω μια ταινία στο σχολείο το πρωί.,Greek
मैं ने कहा कि वह पार्क में फिल्म देखता हूँ शाम के समय।,Hindi
"इस सप्ताह, मैं व्यायाम करता हूँ स्कूल में।",Hindi
ನಾನು ಅಂಗಡಿಯಲ್ಲಿ ವಿಶ್ವವಿದ್ಯಾಲಯದಲ್ಲಿ ಓದುತ್ತೇನೆ ಮಾಡಲು ಬಯಸುತ್ತಾನೆ.,Kannada
நான் வீட்டில் புத்தகம் படிக்கிறேன் மாலை நேரத்தில்.,Tamil
"Я сказал, что читаю книгу в городе утром.",Russian
Εγώ είπε ότι πηγαίνω στη δουλειά στο πανεπιστήμιο το βράδυ.,Greek
"ಬೆಳಗಿನ ಸಮಯದಲ್ಲಿ, ನಾನು ಮನೆಯಲ್ಲಿ ಪತ್ರ ಬರೆಯುತ್ತೇನೆ.",Kannada
"ಸಂಜೆ, ನಾನು ವಿಶ್ವವಿದ್ಯಾಲಯದಲ್ಲಿ ಪುಸ್ತಕ ಓದುತ್ತೇನೆ.",Kannada
എല്ലാ ദിവസവും ഞാൻ ലൈബ്രറിയിൽ ഭാഷ പഠിക്കുന്നു.,Malayalam
Я пишу письмо в ресторане завтра.,Russian
أنا أتعلم اللغة في الجامعة كل يوم.,Arabic
मैं ने कहा कि वह शहर में विश्वविद्यालय में पढ़ता हूँ हर दिन।,Hindi
"सुबह के समय, मैं भाषा सीखता हूँ पुस्तकालय में।",Hindi
ನಾನು ಪ್ರತಿದಿನ ಮನೆಯಲ್ಲಿ ವ್ಯಾಯಾಮ ಮಾಡುತ್ತೇನೆ ಎಂದು ಹೇಳಿದರು.,Kannada
Я читаю книгу в офисе рано утром.,Russian
"सुबह के समय, मैं पत्र लिखता हूँ पार्क में।",Hindi
ನಾನು ನಾಳೆ ಮನೆಯಲ್ಲಿ ವ್ಯಾಯಾಮ ಮಾಡುತ್ತೇನೆ ಎಂದು ಹೇಳಿದರು.,Kannada
"सुबह के समय, मैं किताब पढ़ता हूँ पुस्तकालय में।",Hindi
"утром, Я иду на работу в парке.",Russian
நான் காலையில் பூங்காவில் புத்தகம் படிக்கிறேன் என்று கூறினார்.,Tamil
நான் கடையில் மொழி கற்கிறேன் மாலை நேரத்தில்.,Tamil
"Я сказал, что иду на работу в библиотеке вечером.",Russian
"αύριο, Εγώ κάνω γυμναστική στο νοσοκομείο.",Greek
"ಸಂಜೆಯ ಸಮಯದಲ್ಲಿ, ನಾನು ಗ್ರಂಥಾಲಯದಲ್ಲಿ ವ್ಯಾಯಾಮ ಮಾಡುತ್ತೇನೆ.",Kannada
मैं ने कहा कि वह घर में चाय पीता हूँ शाम के समय।,Hindi
ഞാൻ രാവിലെ സമയത്ത് നഗരത്തിൽ വ്യായാമം ചെയ്യുന്നു.,Malayalam
ഞാൻ രാവിലെ സ്കൂളിൽ ഭാഷ പഠിക്കുന്നു എന്ന് പറഞ്ഞു.,Malayalam
நான் உணவகத்தில் மொழி கற்கிறேன் விரும்புகிறார்.,Tamil
"ಸಂಜೆಯ ಸಮಯದಲ್ಲಿ, ನಾನು ಕಚೇರಿಯಲ್ಲಿ ಸಿನಿಮಾ ನೋಡುತ್ತೇನೆ.",Kannada
ನಾನು ರೆಸ್ಟೋರೆಂಟ್‌ನಲ್ಲಿ ಸಿನಿಮಾ ನೋಡುತ್ತೇನೆ ಬೆಳಿಗ್ಗೆ.,Kannada
ನಾನು ಉದ್ಯಾನವನದಲ್ಲಿ ಸಿನಿಮಾ ನೋಡುತ್ತೇನೆ ಬೆಳಿಗ್ಗೆ.,Kannada
நான் மாலை நேரத்தில் பள்ளியில் காபி குடிக்கிறேன் என்று கூறினார்.,Tamil
நான் நூலகத்தில் மொழி கற்கிறேன் காலையில்.,Tamil
मैं ने कहा कि वह अस्पताल में किताब पढ़ता हूँ कल।,Hindi
Εγώ γράφω ένα γράμμα στο νοσοκομείο νωρίς το πρωί.,Greek
في المساء، أنا أدرس في الجامعة في المتجر.,Arabic
ഞാൻ ഇന്ന് നഗരത്തിൽ പുസ്തകം വായിക്കുന്നു എന്ന് പറഞ്ഞു.,Malayalam
Εγώ μαθαίνω τη γλώσσα στο πανεπιστήμιο αργά το βράδυ.,Greek
Εγώ σπουδάζω στο πανεπιστήμιο στο νοσοκομείο αύριο.,Greek
நான் இந்த வாரம் பல்கலைக்கழகத்தில் கடிதம் எழுதுகிறேன் என்று கூறினார்.,Tamil
قال أنا إنه أكتب رسالة في المكتبة في الصباح.,Arabic
मैं ने कहा कि वह स्कूल में पत्र लिखता हूँ कल।,Hindi
قال أنا إنه أقرأ كتابا في المكتبة في الصباح.,Arabic
मैं ने कहा कि वह दुकान में फिल्म देखता हूँ कल।,Hindi
ನಾನು ನಾಳೆ ನಗರದಲ್ಲಿ ವ್ಯಾಯಾಮ ಮಾಡುತ್ತೇನೆ ಎಂದು ಹೇಳಿದರು.,Kannada
Я пью кофе в больнице каждый день.,Russian
أنا أمارس الرياضة في المطعم اليوم.,Arabic
"இந்த வாரம், நான் அலுவலகத்தில் உடற்பயிற்சி செய்கிறேன்.",Tamil
Я иду на работу в университете поздно вечером.,Russian
"மாலை நேரத்தில், நான் உணவகத்தில் கடிதம் எழுதுகிறேன்.",Tamil
أنا أشرب القهوة في المكتبة غدا.,Arabic
मैं विश्वविद्यालय में पढ़ता हूँ रेस्तरां में सुबह के समय।,Hindi
Εγώ είπε ότι πίνω καφέ στο πάρκο κάθε μέρα.,Greek
വൈകുന്നേരം സമയത്ത് ഞാൻ ഓഫീസിൽ സിനിമ കാണുന്നു.,Malayalam
ഞാൻ രാവിലെ സമയത്ത് പാർക്കിൽ സർവകലാശാലയിൽ പഠിക്കുന്നു എന്ന് പറഞ്ഞു.,Malayalam
Εγώ κάνω γυμναστική στο νοσοκομείο αυτή την εβδομάδα.,Greek
"कल, मैं किताब पढ़ता हूँ विश्वविद्यालय में।",Hindi
ഞാൻ ഇന്ന് ആശുപത്രിയിൽ സിനിമ കാണുന്നു എന്ന് പറഞ്ഞു.,Malayalam
Εγώ είπε ότι γράφω ένα γράμμα στο κατάστημα αυτή την εβδομάδα.,Greek
ഞാൻ രാവിലെ ആശുപത്രിയിൽ സിനിമ കാണുന്നു.,Malayalam
"Я сказал, что учусь в университете в парке рано утром.",Russian
"νωρίς το πρωί, Εγώ σπουδάζω στο πανεπιστήμιο στο γραφείο.",Greek
ഞാൻ വൈകുന്നേരം കടയിൽ ജോലിക്ക് പോകുന്നു.,Malayalam
ನಾನು ಆಸ್ಪತ್ರೆಯಲ್ಲಿ ಭಾಷೆ ಕಲಿಯುತ್ತೇನೆ ಮಾಡಲು ಬಯಸುತ್ತಾನೆ.,Kannada
ഞാൻ രാവിലെ ഓഫീസിൽ ഭാഷ പഠിക്കുന്നു.,Malayalam
ನಾನು ಬೆಳಿಗ್ಗೆ ಅಂಗಡಿಯಲ್ಲಿ ಕೆಲಸಕ್ಕೆ ಹೋಗುತ್ತೇನೆ ಎಂದು ಹೇಳಿದರು.,Kannada
मैं ने कहा कि वह पार्क में भाषा सीखता हूँ सुबह के समय।,Hindi
"το πρωί, Εγώ μαθαίνω τη γλώσσα στο κατάστημα.",Greek
நான் உணவகத்தில் வேலைக்கு செல்கிறேன் நாளை.,Tamil
Εγώ μαθαίνω τη γλώσσα στο πανεπιστήμιο αυτή την εβδομάδα.,Greek
நான் நகரத்தில் திரைப்படம் பார்க்கிறேன் தினமும்.,Tamil
ഞാൻ എല്ലാ ദിവസവും നഗരത്തിൽ കത്ത് എഴുതുന്നു എന്ന് പറഞ്ഞു.,Malayalam
Εγώ θέλει να πίνω καφέ στο πανεπιστήμιο.,Greek
"कल, मैं किताब पढ़ता हूँ पुस्तकालय में।",Hindi
"Я сказал, что иду на работу в офисе сегодня.",Russian
ഞാൻ രാവിലെ സമയത്ത് നഗരത്തിൽ സർവകലാശാലയിൽ പഠിക്കുന്നു.,Malayalam
Я пишу письмо в магазине сегодня.,Russian
ഞാൻ വൈകുന്നേരം സർവകലാശാലയിൽ സിനിമ കാണുന്നു എന്ന് പറഞ്ഞു.,Malayalam
मैं ने कहा कि वह दुकान में व्यायाम करता हूँ हर दिन।,Hindi
"மாலையில், நான் நகரத்தில் புத்தகம் படிக்கிறேன்.",Tamil
"на этой неделе, Я изучаю язык в магазине.",Russian
"κάθε μέρα, Εγώ κάνω γυμναστική στην πόλη.",Greek
मैं व्यायाम करता हूँ शहर में शाम के समय।,Hindi
ನಾನು ಮನೆಯಲ್ಲಿ ಭಾಷೆ ಕಲಿಯುತ್ತೇನೆ ಈ ವಾರ.,Kannada
നാളെ ഞാൻ നഗരത്തിൽ സർവകലാശാലയിൽ പഠിക്കുന്നു.,Malayalam
مساء، أنا أدرس في الجامعة في المستشفى.,Arabic
أنا أتعلم اللغة في المنزل صباحا.,Arabic
ನಾನು ಕಚೇರಿಯಲ್ಲಿ ವಿಶ್ವವಿದ್ಯಾಲಯದಲ್ಲಿ ಓದುತ್ತೇನೆ ಇಂದು.,Kannada
ನಾನು ಗ್ರಂಥಾಲಯದಲ್ಲಿ ವ್ಯಾಯಾಮ ಮಾಡುತ್ತೇನೆ ಪ್ರತಿದಿನ.,Kannada
ನಾನು ಗ್ರಂಥಾಲಯದಲ್ಲಿ ವಿಶ್ವವಿದ್ಯಾಲಯದಲ್ಲಿ ಓದುತ್ತೇನೆ ಮಾಡಲು ಬಯಸುತ್ತಾನೆ.,Kannada
"ನಾಳೆ, ನಾನು ಆಸ್ಪತ್ರೆಯಲ್ಲಿ ಸಿನಿಮಾ ನೋಡುತ್ತೇನೆ.",Kannada
"हर दिन, मैं पत्र लिखता हूँ विश्वविद्यालय में।",Hindi
"காலை நேரத்தில், நான் கடையில் வேலைக்கு செல்கிறேன்.",Tamil
"ಸಂಜೆ, ನಾನು ಉದ್ಯಾನವನದಲ್ಲಿ ಪತ್ರ ಬರೆಯುತ್ತೇನೆ.",Kannada
"αυτή την εβδομάδα, Εγώ πίνω καφέ στο πάρκο.",Greek
ഞാൻ നാളെ ആശുപത്രിയിൽ വ്യായാമം ചെയ്യുന്നു.,Malayalam
Εγώ είπε ότι πίνω καφέ στο γραφείο σήμερα.,Greek
قال أنا إنه أتعلم اللغة في الحديقة هذا الأسبوع.,Arabic
كل يوم، أنا أمارس الرياضة في المكتب.,Arabic
مساء، أنا أذهب إلى العمل في المتجر.,Arabic
Εγώ γράφω ένα γράμμα στο σχολείο το πρωί.,Greek
"сегодня, Я пью кофе в офисе.",Russian
ഞാൻ നാളെ നഗരത്തിൽ പുസ്തകം വായിക്കുന്നു എന്ന് പറഞ്ഞു.,Malayalam
ನಾನು ಪ್ರತಿದಿನ ನಗರದಲ್ಲಿ ವ್ಯಾಯಾಮ ಮಾಡುತ್ತೇನೆ ಎಂದು ಹೇಳಿದರು.,Kannada
"поздно вечером, Я занимаюсь спортом дома.",Russian
كل يوم، أنا أدرس في الجامعة في المتجر.,Arabic
هذا الأسبوع، أنا أذهب إلى العمل في المستشفى.,Arabic
मैं ने कहा कि वह विश्वविद्यालय में व्यायाम करता हूँ हर दिन।,Hindi
நான் பள்ளியில் வேலைக்கு செல்கிறேன் காலையில்.,Tamil
വൈകുന്നേരം ഞാൻ നഗരത്തിൽ കത്ത് എഴുതുന്നു.,Malayalam
രാവിലെ സമയത്ത് ഞാൻ കടയിൽ ഭാഷ പഠിക്കുന്നു.,Malayalam
قال أنا إنه أتعلم اللغة في المنزل غدا.,Arabic
Εγώ είπε ότι βλέπω μια ταινία στην πόλη νωρίς το πρωί.,Greek
"காலை நேரத்தில், நான் பூங்காவில் மொழி கற்கிறேன்.",Tamil
நான் காலை நேரத்தில் மருத்துவமனையில் மொழி கற்கிறேன் என்று கூறினார்.,Tamil
நான் இன்று உணவகத்தில் காபி குடிக்கிறேன் என்று கூறினார்.,Tamil
في المساء، أنا أشاهد فيلما في المنزل.,Arabic
أنا أكتب رسالة في المنزل في المساء.,Arabic
"το πρωί, Εγώ σπουδάζω στο πανεπιστήμιο στο νοσοκομείο.",Greek
मैं ने कहा कि वह शहर में व्यायाम करता हूँ इस सप्ताह।,Hindi
मैं ने कहा कि वह पार्क में पत्र लिखता हूँ कल।,Hindi
ഞാൻ രാവിലെ വീട്ടിൽ ജോലിക്ക് പോകുന്നു.,Malayalam
"Я сказал, что читаю книгу в ресторане на этой неделе.",Russian
"ಬೆಳಿಗ್ಗೆ, ನಾನು ಉದ್ಯಾನವನದಲ್ಲಿ ಭಾಷೆ ಕಲಿಯುತ್ತೇನೆ.",Kannada
قال أنا إنه أتعلم اللغة في المطعم في الصباح.,Arabic
രാവിലെ ഞാൻ കടയിൽ വ്യായാമം ചെയ്യുന്നു.,Malayalam
मैं व्यायाम करता हूँ स्कूल में सुबह के समय।,Hindi
நான் பூங்காவில் வேலைக்கு செல்கிறேன் இன்று.,Tamil
ഞാൻ വൈകുന്നേരം സമയത്ത് ആശുപത്രിയിൽ കത്ത് എഴുതുന്നു.,Malayalam
ನಾನು ಸಂಜೆಯ ಸಮಯದಲ್ಲಿ ವಿಶ್ವವಿದ್ಯಾಲಯದಲ್ಲಿ ವ್ಯಾಯಾಮ ಮಾಡುತ್ತೇನೆ ಎಂದು ಹೇಳಿದರು.,Kannada
Εγώ γράφω ένα γράμμα στο σπίτι το βράδυ.,Greek
Εγώ διαβάζω ένα βιβλίο στο σχολείο κάθε μέρα.,Greek
قال أنا إنه أشاهد فيلما في المكتبة مساء.,Arabic
நான் நகரத்தில் மொழி கற்கிறேன் காலையில்.,Tamil
قال أنا إنه أتعلم اللغة في الجامعة في المساء.,Arabic
"इस सप्ताह, मैं फिल्म देखता हूँ पार्क में।",Hindi
ನಾನು ಪ್ರತಿದಿನ ಕಚೇರಿಯಲ್ಲಿ ವ್ಯಾಯಾಮ ಮಾಡುತ್ತೇನೆ ಎಂದು ಹೇಳಿದರು.,Kannada
أنا يريد أن أمارس الرياضة في المكتبة.,Arabic
நான் நாளை நகரத்தில் புத்தகம் படிக்கிறேன் என்று கூறினார்.,Tamil
قال أنا إنه أشاهد فيلما في الحديقة هذا الأسبوع.,Arabic
Εγώ είπε ότι γράφω ένα γράμμα στο πάρκο αργά το βράδυ.,Greek
ഞാൻ വീട്ടിൽ ഭാഷ പഠിക്കുന്നു ആഗ്രഹിക്കുന്നു.,Malayalam
ನಾನು ಸಂಜೆ ನಗರದಲ್ಲಿ ಪತ್ರ ಬರೆಯುತ್ತೇನೆ ಎಂದು ಹೇಳಿದರು.,Kannada
"утром, Я занимаюсь спортом в больнице.",Russian
أنا أكتب رسالة في الحديقة اليوم.,Arabic
أنا أشاهد فيلما في المتجر هذا الأسبوع.,Arabic
मैं फिल्म देखता हूँ दुकान में सुबह।,Hindi
"поздно вечером, Я занимаюсь спортом в ресторане.",Russian
ನಾನು ಬೆಳಗಿನ ಸಮಯದಲ್ಲಿ ಆಸ್ಪತ್ರೆಯಲ್ಲಿ ವ್ಯಾಯಾಮ ಮಾಡುತ್ತೇನೆ ಎಂದು ಹೇಳಿದರು.,Kannada
قال أنا إنه أذهب إلى العمل في المطعم هذا الأسبوع.,Arabic
Εγώ είπε ότι κάνω γυμναστική στο σχολείο κάθε μέρα.,Greek
Εγώ είπε ότι σπουδάζω στο πανεπιστήμιο στο γραφείο το βράδυ.,Greek
நான் மருத்துவமனையில் திரைப்படம் பார்க்கிறேன் மாலையில்.,Tamil
أنا أشرب القهوة في المستشفى هذا الأسبوع.,Arabic
நான் நூலகத்தில் உடற்பயிற்சி செய்கிறேன் மாலை நேரத்தில்.,Tamil
मैं ने कहा कि वह विश्वविद्यालय में विश्वविद्यालय में पढ़ता हूँ सुबह के समय।,Hindi
मैं भाषा सीखता हूँ पुस्तकालय में सुबह।,Hindi
"Я сказал, что занимаюсь спортом в больнице каждый день.",Russian
நான் பூங்காவில் வேலைக்கு செல்கிறேன் காலையில்.,Tamil
"ಇಂದು, ನಾನು ವಿಶ್ವವಿದ್ಯಾಲಯದಲ್ಲಿ ವಿಶ್ವವಿದ್ಯಾಲಯದಲ್ಲಿ ಓದುತ್ತೇನೆ.",Kannada
"காலையில், நான் நூலகத்தில் வேலைக்கு செல்கிறேன்.",Tamil
ഞാൻ ഇന്ന് സർവകലാശാലയിൽ ഭാഷ പഠിക്കുന്നു എന്ന് പറഞ്ഞു.,Malayalam
मैं ने कहा कि वह कार्यालय में चाय पीता हूँ शाम के समय।,Hindi
ನಾನು ನಾಳೆ ಶಾಲೆಯಲ್ಲಿ ಪತ್ರ ಬರೆಯುತ್ತೇನೆ ಎಂದು ಹೇಳಿದರು.,Kannada
Εγώ είπε ότι διαβάζω ένα βιβλίο στο πάρκο το πρωί.,Greek
Εγώ θέλει να πίνω καφέ στο γραφείο.,Greek
രാവിലെ സമയത്ത് ഞാൻ റെസ്റ്റോറന്റിൽ ജോലിക്ക് പോകുന്നു.,Malayalam
في المساء، أنا أكتب رسالة في المكتب.,Arabic
Εγώ σπουδάζω στο πανεπιστήμιο στο νοσοκομείο το πρωί.,Greek
"शाम के समय, मैं फिल्म देखता हूँ स्कूल में।",Hindi
நான் நகரத்தில் உடற்பயிற்சி செய்கிறேன் நாளை.,Tamil
ഞാൻ റെസ്റ്റോറന്റിൽ സിനിമ കാണുന്നു ആഗ്രഹിക്കുന്നു.,Malayalam
मैं किताब पढ़ता हूँ कार्यालय में शाम को।,Hindi
"ಪ್ರತಿದಿನ, ನಾನು ಕಚೇರಿಯಲ್ಲಿ ಪುಸ್ತಕ ಓದುತ್ತೇನೆ.",Kannada
Εγώ κάνω γυμναστική στο σπίτι το βράδυ.,Greek
"каждый день, Я иду на работу в ресторане.",Russian
قال أنا إنه أدرس في الجامعة في المطعم في المساء.,Arabic
मैं ने कहा कि वह घर में व्यायाम करता हूँ शाम को।,Hindi
"Я сказал, что смотрю фильм в парке вечером.",Russian
நான் மாலையில் நகரத்தில் கடிதம் எழுதுகிறேன் என்று கூறினார்.,Tamil
ഞാൻ ഇന്ന് സർവകലാശാലയിൽ കാപ്പി കുടിക്കുന്നു എന്ന് പറഞ്ഞു.,Malayalam
ഞാൻ നാളെ പാർക്കിൽ ജോലിക്ക് പോകുന്നു.,Malayalam
Εγώ θέλει να γράφω ένα γράμμα στο σχολείο.,Greek
Я пишу письмо в городе вечером.,Russian
ನಾನು ವಿಶ್ವವಿದ್ಯಾಲಯದಲ್ಲಿ ಪುಸ್ತಕ ಓದುತ್ತೇನೆ ಸಂಜೆ.,Kannada
هذا الأسبوع، أنا أقرأ كتابا في المطعم.,Arabic
Εγώ είπε ότι βλέπω μια ταινία στη βιβλιοθήκη σήμερα.,Greek
أنا أمارس الرياضة في الحديقة في الصباح.,Arabic
ഞാൻ രാവിലെ സമയത്ത് നഗരത്തിൽ സർവകലാശാലയിൽ പഠിക്കുന്നു എന്ന് പറഞ്ഞു.,Malayalam
நான் மருத்துவமனையில் பல்கலைக்கழகத்தில் படிக்கிறேன் தினமும்.,Tamil
ನಾನು ವಿಶ್ವವಿದ್ಯಾಲಯದಲ್ಲಿ ವ್ಯಾಯಾಮ ಮಾಡುತ್ತೇನೆ ಬೆಳಗಿನ ಸಮಯದಲ್ಲಿ.,Kannada
Εγώ είπε ότι μαθαίνω τη γλώσσα στο σπίτι σήμερα.,Greek
நான் மாலை நேரத்தில் பல்கலைக்கழகத்தில் உடற்பயிற்சி செய்கிறேன் என்று கூறினார்.,Tamil
ನಾನು ನಾಳೆ ರೆಸ್ಟೋರೆಂಟ್‌ನಲ್ಲಿ ಕೆಲಸಕ್ಕೆ ಹೋಗುತ್ತೇನೆ ಎಂದು ಹೇಳಿದರು.,Kannada
"आज, मैं किताब पढ़ता हूँ विश्वविद्यालय में।",Hindi
ನಾನು ಇಂದು ನಗರದಲ್ಲಿ ಪುಸ್ತಕ ಓದುತ್ತೇನೆ ಎಂದು ಹೇಳಿದರು.,Kannada
ഞാൻ ഈ ആഴ്ച റെസ്റ്റോറന്റിൽ സർവകലാശാലയിൽ പഠിക്കുന്നു എന്ന് പറഞ്ഞു.,Malayalam
ನಾನು ಈ ವಾರ ಅಂಗಡಿಯಲ್ಲಿ ಸಿನಿಮಾ ನೋಡುತ್ತೇನೆ ಎಂದು ಹೇಳಿದರು.,Kannada
"σήμερα, Εγώ κάνω γυμναστική στο κατάστημα.",Greek
Εγώ είπε ότι πηγαίνω στη δουλειά στο σχολείο κάθε μέρα.,Greek
मैं फिल्म देखता हूँ दुकान में इस सप्ताह।,Hindi
"நாளை, நான் கடையில் உடற்பயிற்சி செய்கிறேன்.",Tamil
Я занимаюсь спортом в магазине завтра.,Russian
"Я сказал, что иду на работу в парке завтра.",Russian
നാളെ ഞാൻ വീട്ടിൽ കാപ്പി കുടിക്കുന്നു.,Malayalam
நான் அலுவலகத்தில் பல்கலைக்கழகத்தில் படிக்கிறேன் காலை நேரத்தில்.,Tamil
நான் இந்த வாரம் வீட்டில் மொழி கற்கிறேன் என்று கூறினார்.,Tamil
"αργά το βράδυ, Εγώ κάνω γυμναστική στο πάρκο.",Greek
ನಾನು ಇಂದು ವಿಶ್ವವಿದ್ಯಾಲಯದಲ್ಲಿ ಪುಸ್ತಕ ಓದುತ್ತೇನೆ ಎಂದು ಹೇಳಿದರು.,Kannada
നാളെ ഞാൻ വീട്ടിൽ സിനിമ കാണുന്നു.,Malayalam
मैं ने कहा कि वह कार्यालय में चाय पीता हूँ आज।,Hindi
ನಾನು ಇಂದು ನಗರದಲ್ಲಿ ಭಾಷೆ ಕಲಿಯುತ್ತೇನೆ ಎಂದು ಹೇಳಿದರು.,Kannada
ನಾನು ಆಸ್ಪತ್ರೆಯಲ್ಲಿ ಕಾಫಿ ಕುಡಿಯುತ್ತೇನೆ ಬೆಳಿಗ್ಗೆ.,Kannada
أنا أشاهد فيلما في المطعم مساء.,Arabic
"शाम को, मैं फिल्म देखता हूँ शहर में।",Hindi
ഞാൻ വൈകുന്നേരം സമയത്ത് വീട്ടിൽ സിനിമ കാണുന്നു എന്ന് പറഞ്ഞു.,Malayalam
أنا أكتب رسالة في الجامعة اليوم.,Arabic
"вечером, Я иду на работу в парке.",Russian
രാവിലെ സമയത്ത് ഞാൻ പാർക്കിൽ കത്ത് എഴുതുന്നു.,Malayalam
Εγώ είπε ότι γράφω ένα γράμμα στο εστιατόριο αργά το βράδυ.,Greek
ನಾನು ಶಾಲೆಯಲ್ಲಿ ಪುಸ್ತಕ ಓದುತ್ತೇನೆ ನಾಳೆ.,Kannada
मैं ने कहा कि वह रेस्तरां में किताब पढ़ता हूँ शाम को।,Hindi
ನಾನು ರೆಸ್ಟೋರೆಂಟ್‌ನಲ್ಲಿ ಕೆಲಸಕ್ಕೆ ಹೋಗುತ್ತೇನೆ ನಾಳೆ.,Kannada
ನಾನು ಬೆಳಗಿನ ಸಮಯದಲ್ಲಿ ಶಾಲೆಯಲ್ಲಿ ಭಾಷೆ ಕಲಿಯುತ್ತೇನೆ ಎಂದು ಹೇಳಿದರು.,Kannada
നാളെ ഞാൻ കടയിൽ സർവകലാശാലയിൽ പഠിക്കുന്നു.,Malayalam
قال أنا إنه أدرس في الجامعة في المنزل هذا الأسبوع.,Arabic
كل يوم، أنا أشرب القهوة في المدينة.,Arabic
"ಈ ವಾರ, ನಾನು ಆಸ್ಪತ್ರೆಯಲ್ಲಿ ಕಾಫಿ ಕುಡಿಯುತ್ತೇನೆ.",Kannada
मैं ने कहा कि वह घर में पत्र लिखता हूँ आज।,Hindi
വൈകുന്നേരം ഞാൻ വീട്ടിൽ പുസ്തകം വായിക്കുന്നു.,Malayalam
ഞാൻ വൈകുന്നേരം ലൈബ്രറിയിൽ കാപ്പി കുടിക്കുന്നു.,Malayalam
நான் மாலை நேரத்தில் வீட்டில் திரைப்படம் பார்க்கிறேன் என்று கூறினார்.,Tamil
ഞാൻ വൈകുന്നേരം സമയത്ത് റെസ്റ്റോറന്റിൽ കാപ്പി കുടിക്കുന്നു.,Malayalam
قال أنا إنه أكتب رسالة في المدينة في الصباح.,Arabic
Εγώ είπε ότι διαβάζω ένα βιβλίο στο γραφείο το πρωί.,Greek
ഞാൻ എല്ലാ ദിവസവും ആശുപത്രിയിൽ സിനിമ കാണുന്നു എന്ന് പറഞ്ഞു.,Malayalam
قال أنا إنه أتعلم اللغة في المدينة صباحا.,Arabic
"ಇಂದು, ನಾನು ಗ್ರಂಥಾಲಯದಲ್ಲಿ ಭಾಷೆ ಕಲಿಯುತ್ತೇನೆ.",Kannada
Εγώ κάνω γυμναστική στο κατάστημα αυτή την εβδομάδα.,Greek
"Я сказал, что читаю книгу в больнице завтра.",Russian
Я занимаюсь спортом дома вечером.,Russian
Εγώ βλέπω μια ταινία στην πόλη κάθε μέρα.,Greek
"हर दिन, मैं पत्र लिखता हूँ शहर में।",Hindi
ഈ ആഴ്ച ഞാൻ വീട്ടിൽ സിനിമ കാണുന്നു.,Malayalam
ഞാൻ വൈകുന്നേരം സമയത്ത് പാർക്കിൽ ജോലിക്ക് പോകുന്നു.,Malayalam
"हर दिन, मैं फिल्म देखता हूँ कार्यालय में।",Hindi
Εγώ είπε ότι διαβάζω ένα βιβλίο στο κατάστημα αργά το βράδυ.,Greek
ನಾನು ನಾಳೆ ವಿಶ್ವವಿದ್ಯಾಲಯದಲ್ಲಿ ವ್ಯಾಯಾಮ ಮಾಡುತ್ತೇನೆ ಎಂದು ಹೇಳಿದರು.,Kannada
நான் மாலையில் பூங்காவில் மொழி கற்கிறேன் என்று கூறினார்.,Tamil
ನಾನು ಶಾಲೆಯಲ್ಲಿ ಕೆಲಸಕ್ಕೆ ಹೋಗುತ್ತೇನೆ ಸಂಜೆ.,Kannada
Я занимаюсь спортом в ресторане завтра.,Russian
"на этой неделе, Я пишу письмо в школе.",Russian
قال أنا إنه أتعلم اللغة في المكتبة مساء.,Arabic
"το πρωί, Εγώ διαβάζω ένα βιβλίο στο σπίτι.",Greek
"Я сказал, что пью кофе в городе на этой неделе.",Russian
"आज, मैं चाय पीता हूँ कार्यालय में।",Hindi
ನಾನು ಕಚೇರಿಯಲ್ಲಿ ಭಾಷೆ ಕಲಿಯುತ್ತೇನೆ ಸಂಜೆ.,Kannada
ഞാൻ എല്ലാ ദിവസവും ആശുപത്രിയിൽ ജോലിക്ക് പോകുന്നു.,Malayalam
நான் பல்கலைக்கழகத்தில் வேலைக்கு செல்கிறேன் நாளை.,Tamil
"ಸಂಜೆಯ ಸಮಯದಲ್ಲಿ, ನಾನು ಶಾಲೆಯಲ್ಲಿ ವ್ಯಾಯಾಮ ಮಾಡುತ್ತೇನೆ.",Kannada
വൈകുന്നേരം ഞാൻ പാർക്കിൽ പുസ്തകം വായിക്കുന്നു.,Malayalam
ನಾನು ಆಸ್ಪತ್ರೆಯಲ್ಲಿ ಪತ್ರ ಬರೆಯುತ್ತೇನೆ ಮಾಡಲು ಬಯಸುತ್ತಾನೆ.,Kannada
ನಾನು ರೆಸ್ಟೋರೆಂಟ್‌ನಲ್ಲಿ ಕೆಲಸಕ್ಕೆ ಹೋಗುತ್ತೇನೆ ಸಂಜೆಯ ಸಮಯದಲ್ಲಿ.,Kannada
Εγώ σπουδάζω στο πανεπιστήμιο στη βιβλιοθήκη αυτή την εβδομάδα.,Greek
मैं ने कहा कि वह रेस्तरां में फिल्म देखता हूँ कल।,Hindi
ഇന്ന് ഞാൻ സർവകലാശാലയിൽ സിനിമ കാണുന്നു.,Malayalam
मैं भाषा सीखता हूँ पुस्तकालय में सुबह के समय।,Hindi
मैं रेस्तरां में फिल्म देखता हूँ चाहता है।,Hindi
أنا أكتب رسالة في المكتب غدا.,Arabic
Εγώ γράφω ένα γράμμα στο πάρκο το βράδυ.,Greek
ഞാൻ കടയിൽ സർവകലാശാലയിൽ പഠിക്കുന്നു ആഗ്രഹിക്കുന്നു.,Malayalam
ನಾನು ಆಸ್ಪತ್ರೆಯಲ್ಲಿ ಕೆಲಸಕ್ಕೆ ಹೋಗುತ್ತೇನೆ ಸಂಜೆಯ ಸಮಯದಲ್ಲಿ.,Kannada
Я изучаю язык в школе сегодня.,Russian
"на этой неделе, Я иду на работу в офисе.",Russian
"ನಾಳೆ, ನಾನು ಗ್ರಂಥಾಲಯದಲ್ಲಿ ಪುಸ್ತಕ ಓದುತ್ತೇನೆ.",Kannada
நான் கடையில் பல்கலைக்கழகத்தில் படிக்கிறேன் காலையில்.,Tamil
"ಬೆಳಿಗ್ಗೆ, ನಾನು ಉದ್ಯಾನವನದಲ್ಲಿ ಕಾಫಿ ಕುಡಿಯುತ್ತೇನೆ.",Kannada
ನಾನು ಶಾಲೆಯಲ್ಲಿ ಸಿನಿಮಾ ನೋಡುತ್ತೇನೆ ಬೆಳಿಗ್ಗೆ.,Kannada
मैं ने कहा कि वह स्कूल में फिल्म देखता हूँ सुबह।,Hindi
"Я сказал, что пишу письмо в больнице рано утром.",Russian
"ಬೆಳಿಗ್ಗೆ, ನಾನು ಆಸ್ಪತ್ರೆಯಲ್ಲಿ ಭಾಷೆ ಕಲಿಯುತ್ತೇನೆ.",Kannada
"рано утром, Я изучаю язык в городе.",Russian
"το βράδυ, Εγώ βλέπω μια ταινία στο γραφείο.",Greek
Εγώ είπε ότι διαβάζω ένα βιβλίο στο σπίτι νωρίς το πρωί.,Greek
ನಾನು ಈ ವಾರ ವಿಶ್ವವಿದ್ಯಾಲಯದಲ್ಲಿ ವ್ಯಾಯಾಮ ಮಾಡುತ್ತೇನೆ ಎಂದು ಹೇಳಿದರು.,Kannada
Εγώ είπε ότι πίνω καφέ στο γραφείο το πρωί.,Greek
വൈകുന്നേരം സമയത്ത് ഞാൻ പാർക്കിൽ കാപ്പി കുടിക്കുന്നു.,Malayalam
ನಾನು ಶಾಲೆಯಲ್ಲಿ ಭಾಷೆ ಕಲಿಯುತ್ತೇನೆ ಪ್ರತಿದಿನ.,Kannada
"இன்று, நான் பூங்காவில் கடிதம் எழுதுகிறேன்.",Tamil
"Я сказал, что читаю книгу в университете сегодня.",Russian
"Я сказал, что занимаюсь спортом в больнице завтра.",Russian
أنا أدرس في الجامعة في المنزل في الصباح.,Arabic
मैं पत्र लिखता हूँ शहर में आज।,Hindi
قال أنا إنه أدرس في الجامعة في الحديقة صباحا.,Arabic
"தினமும், நான் வீட்டில் காபி குடிக்கிறேன்.",Tamil
ನಾನು ನಾಳೆ ನಗರದಲ್ಲಿ ಸಿನಿಮಾ ನೋಡುತ್ತೇನೆ ಎಂದು ಹೇಳಿದರು.,Kannada
أنا أكتب رسالة في المكتب في المساء.,Arabic
"каждый день, Я пишу письмо в школе.",Russian
Εγώ είπε ότι πίνω καφέ στο πανεπιστήμιο νωρίς το πρωί.,Greek
"மாலையில், நான் மருத்துவமனையில் வேலைக்கு செல்கிறேன்.",Tamil
मैं विश्वविद्यालय में किताब पढ़ता हूँ चाहता है।,Hindi
நான் வீட்டில் காபி குடிக்கிறேன் தினமும்.,Tamil
Εγώ πηγαίνω στη δουλειά στο νοσοκομείο το πρωί.,Greek
मैं किताब पढ़ता हूँ रेस्तरां में कल।,Hindi
"इस सप्ताह, मैं चाय पीता हूँ विश्वविद्यालय में।",Hindi
मैं ने कहा कि वह कार्यालय में भाषा सीखता हूँ शाम को।,Hindi
أنا أقرأ كتابا في المستشفى في الصباح.,Arabic
Εγώ κάνω γυμναστική στην πόλη αυτή την εβδομάδα.,Greek
ഞാൻ വൈകുന്നേരം നഗരത്തിൽ സർവകലാശാലയിൽ പഠിക്കുന്നു എന്ന് പറഞ്ഞു.,Malayalam
ഞാൻ വൈകുന്നേരം പാർക്കിൽ ഭാഷ പഠിക്കുന്നു.,Malayalam
ഞാൻ വൈകുന്നേരം സമയത്ത് റെസ്റ്റോറന്റിൽ സർവകലാശാലയിൽ പഠിക്കുന്നു.,Malayalam
"ಈ ವಾರ, ನಾನು ಕಚೇರಿಯಲ್ಲಿ ಪುಸ್ತಕ ಓದುತ್ತೇನೆ.",Kannada
ഞാൻ ഇന്ന് സ്കൂളിൽ ഭാഷ പഠിക്കുന്നു എന്ന് പറഞ്ഞു.,Malayalam
"ನಾಳೆ, ನಾನು ಮನೆಯಲ್ಲಿ ವ್ಯಾಯಾಮ ಮಾಡುತ್ತೇನೆ.",Kannada
നാളെ ഞാൻ നഗരത്തിൽ കാപ്പി കുടിക്കുന്നു.,Malayalam
ഞാൻ വൈകുന്നേരം വീട്ടിൽ കാപ്പി കുടിക്കുന്നു.,Malayalam
ನಾನು ಶಾಲೆಯಲ್ಲಿ ವಿಶ್ವವಿದ್ಯಾಲಯದಲ್ಲಿ ಓದುತ್ತೇನೆ ಇಂದು.,Kannada
"каждый день, Я читаю книгу в ресторане.",Russian
في الصباح، أنا أكتب رسالة في المدرسة.,Arabic
വൈകുന്നേരം ഞാൻ പാർക്കിൽ ജോലിക്ക് പോകുന്നു.,Malayalam
قال أنا إنه أدرس في الجامعة في المدينة في الصباح.,Arabic
"Я сказал, что занимаюсь спортом в ресторане на этой неделе.",Russian
मैं भाषा सीखता हूँ पुस्तकालय में कल।,Hindi
"இந்த வாரம், நான் அலுவலகத்தில் திரைப்படம் பார்க்கிறேன்.",Tamil
"शाम के समय, मैं विश्वविद्यालय में पढ़ता हूँ पार्क में।",Hindi
நான் அலுவலகத்தில் மொழி கற்கிறேன் காலையில்.,Tamil
நான் கடையில் காபி குடிக்கிறேன் காலையில்.,Tamil
"αύριο, Εγώ μαθαίνω τη γλώσσα στο γραφείο.",Greek
"நாளை, நான் பூங்காவில் திரைப்படம் பார்க்கிறேன்.",Tamil
Εγώ βλέπω μια ταινία στο σπίτι το βράδυ.,Greek
اليوم، أنا أشرب القهوة في المستشفى.,Arabic
أنا أقرأ كتابا في المطعم في الصباح.,Arabic
രാവിലെ സമയത്ത് ഞാൻ കടയിൽ സർവകലാശാലയിൽ പഠിക്കുന്നു.,Malayalam
நான் கடையில் புத்தகம் படிக்கிறேன் காலையில்.,Tamil
قال أنا إنه أقرأ كتابا في الحديقة هذا الأسبوع.,Arabic
"ಬೆಳಿಗ್ಗೆ, ನಾನು ರೆಸ್ಟೋರೆಂಟ್‌ನಲ್ಲಿ ಸಿನಿಮಾ ನೋಡುತ್ತೇನೆ.",Kannada
"இன்று, நான் நூலகத்தில் புத்தகம் படிக்கிறேன்.",Tamil
मैं पत्र लिखता हूँ शहर में हर दिन।,Hindi
Εγώ γράφω ένα γράμμα στο σπίτι αύριο.,Greek
أنا أقرأ كتابا في الحديقة غدا.,Arabic
مساء، أنا أذهب إلى العمل في المكتبة.,Arabic
"காலை நேரத்தில், நான் கடையில் உடற்பயிற்சி செய்கிறேன்.",Tamil
Я занимаюсь спортом в магазине каждый день.,Russian
ನಾನು ಇಂದು ಅಂಗಡಿಯಲ್ಲಿ ಸಿನಿಮಾ ನೋಡುತ್ತೇನೆ ಎಂದು ಹೇಳಿದರು.,Kannada
قال أنا إنه أكتب رسالة في المكتب مساء.,Arabic
நான் தினமும் வீட்டில் காபி குடிக்கிறேன் என்று கூறினார்.,Tamil
"ಬೆಳಿಗ್ಗೆ, ನಾನು ಶಾಲೆಯಲ್ಲಿ ವಿಶ್ವವಿದ್ಯಾಲಯದಲ್ಲಿ ಓದುತ್ತೇನೆ.",Kannada
في الصباح، أنا أذهب إلى العمل في المكتبة.,Arabic
Я читаю книгу в библиотеке рано утром.,Russian
Εγώ σπουδάζω στο πανεπιστήμιο στο σχολείο νωρίς το πρωί.,Greek
ഞാൻ ഈ ആഴ്ച ഓഫീസിൽ കാപ്പി കുടിക്കുന്നു.,Malayalam
"κάθε μέρα, Εγώ πηγαίνω στη δουλειά στο σπίτι.",Greek
قال أنا إنه أشاهد فيلما في المدينة صباحا.,Arabic
நான் இந்த வாரம் உணவகத்தில் திரைப்படம் பார்க்கிறேன் என்று கூறினார்.,Tamil
நான் வீட்டில் பல்கலைக்கழகத்தில் படிக்கிறேன் காலையில்.,Tamil
ഞാൻ നാളെ ഓഫീസിൽ കാപ്പി കുടിക്കുന്നു എന്ന് പറഞ്ഞു.,Malayalam
"вечером, Я читаю книгу в парке.",Russian
मैं ने कहा कि वह शहर में काम पर जाता हूँ सुबह के समय।,Hindi
مساء، أنا أدرس في الجامعة في المدرسة.,Arabic
أنا أذهب إلى العمل في المكتب صباحا.,Arabic
"தினமும், நான் பல்கலைக்கழகத்தில் கடிதம் எழுதுகிறேன்.",Tamil
"Я сказал, что пью кофе в городе сегодня.",Russian
രാവിലെ ഞാൻ പാർക്കിൽ കത്ത് എഴുതുന്നു.,Malayalam
വൈകുന്നേരം ഞാൻ ലൈബ്രറിയിൽ സിനിമ കാണുന്നു.,Malayalam
قال أنا إنه أشرب القهوة في المستشفى غدا.,Arabic
أنا أتعلم اللغة في المستشفى هذا الأسبوع.,Arabic
"நாளை, நான் வீட்டில் பல்கலைக்கழகத்தில் படிக்கிறேன்.",Tamil
ഞാൻ എല്ലാ ദിവസവും നഗരത്തിൽ കത്ത് എഴുതുന്നു.,Malayalam
قال أنا إنه أشاهد فيلما في المكتبة صباحا.,Arabic
"завтра, Я пишу письмо в ресторане.",Russian
"сегодня, Я иду на работу в ресторане.",Russian
أنا أقرأ كتابا في المكتب في الصباح.,Arabic
"हर दिन, मैं फिल्म देखता हूँ अस्पताल में।",Hindi
ഞാൻ രാവിലെ നഗരത്തിൽ ജോലിക്ക് പോകുന്നു.,Malayalam
ನಾನು ಶಾಲೆಯಲ್ಲಿ ಪತ್ರ ಬರೆಯುತ್ತೇನೆ ಬೆಳಗಿನ ಸಮಯದಲ್ಲಿ.,Kannada
मैं ने कहा कि वह दुकान में चाय पीता हूँ हर दिन।,Hindi
मैं फिल्म देखता हूँ दुकान में सुबह के समय।,Hindi
"на этой неделе, Я изучаю язык в офисе.",Russian
நான் வீட்டில் பல்கலைக்கழகத்தில் படிக்கிறேன் தினமும்.,Tamil
"Я сказал, что читаю книгу в школе сегодня.",Russian
ഞാൻ ഇന്ന് റെസ്റ്റോറന്റിൽ സർവകലാശാലയിൽ പഠിക്കുന്നു എന്ന് പറഞ്ഞു.,Malayalam
ഞാൻ രാവിലെ സ്കൂളിൽ കത്ത് എഴുതുന്നു.,Malayalam
ನಾನು ಬೆಳಿಗ್ಗೆ ಗ್ರಂಥಾಲಯದಲ್ಲಿ ಪುಸ್ತಕ ಓದುತ್ತೇನೆ ಎಂದು ಹೇಳಿದರು.,Kannada
"इस सप्ताह, मैं काम पर जाता हूँ विश्वविद्यालय में।",Hindi
"νωρίς το πρωί, Εγώ πίνω καφέ στο νοσοκομείο.",Greek
നാളെ ഞാൻ കടയിൽ സിനിമ കാണുന്നു.,Malayalam
"ನಾಳೆ, ನಾನು ಶಾಲೆಯಲ್ಲಿ ವ್ಯಾಯಾಮ ಮಾಡುತ್ತೇನೆ.",Kannada
मैं फिल्म देखता हूँ रेस्तरां में सुबह।,Hindi
நான் அலுவலகத்தில் பல்கலைக்கழகத்தில் படிக்கிறேன் இன்று.,Tamil
ഞാൻ എല്ലാ ദിവസവും ആശുപത്രിയിൽ കാപ്പി കുടിക്കുന്നു എന്ന് പറഞ്ഞു.,Malayalam
أنا أدرس في الجامعة في المكتبة غدا.,Arabic
"सुबह के समय, मैं काम पर जाता हूँ अस्पताल में।",Hindi
நான் பல்கலைக்கழகத்தில் காபி குடிக்கிறேன் விரும்புகிறார்.,Tamil
"இந்த வாரம், நான் பல்கலைக்கழகத்தில் உடற்பயிற்சி செய்கிறேன்.",Tamil
நான் இன்று நகரத்தில் வேலைக்கு செல்கிறேன் என்று கூறினார்.,Tamil
أنا أشرب القهوة في المتجر في الصباح.,Arabic
Εγώ σπουδάζω στο πανεπιστήμιο στην πόλη αυτή την εβδομάδα.,Greek
ഞാൻ ഈ ആഴ്ച ഓഫീസിൽ ഭാഷ പഠിക്കുന്നു എന്ന് പറഞ്ഞു.,Malayalam
मैं ने कहा कि वह विश्वविद्यालय में चाय पीता हूँ इस सप्ताह।,Hindi
"आज, मैं चाय पीता हूँ शहर में।",Hindi
Εγώ κάνω γυμναστική στο γραφείο κάθε μέρα.,Greek
"Я сказал, что пишу письмо в школе рано утром.",Russian
ನಾನು ನಾಳೆ ಅಂಗಡಿಯಲ್ಲಿ ಸಿನಿಮಾ ನೋಡುತ್ತೇನೆ ಎಂದು ಹೇಳಿದರು.,Kannada
"αύριο, Εγώ πηγαίνω στη δουλειά στο νοσοκομείο.",Greek
ನಾನು ಬೆಳಗಿನ ಸಮಯದಲ್ಲಿ ಅಂಗಡಿಯಲ್ಲಿ ಪತ್ರ ಬರೆಯುತ್ತೇನೆ ಎಂದು ಹೇಳಿದರು.,Kannada
நான் நகரத்தில் வேலைக்கு செல்கிறேன் காலை நேரத்தில்.,Tamil
"νωρίς το πρωί, Εγώ πηγαίνω στη δουλειά στο εστιατόριο.",Greek
كل يوم، أنا أشاهد فيلما في المكتب.,Arabic
Εγώ είπε ότι κάνω γυμναστική στο πανεπιστήμιο κάθε μέρα.,Greek
मैं ने कहा कि वह स्कूल में किताब पढ़ता हूँ सुबह।,Hindi
ഞാൻ ഈ ആഴ്ച പാർക്കിൽ ജോലിക്ക് പോകുന്നു എന്ന് പറഞ്ഞു.,Malayalam
நான் மாலை நேரத்தில் உணவகத்தில் மொழி கற்கிறேன் என்று கூறினார்.,Tamil
أنا يريد أن أشاهد فيلما في المكتبة.,Arabic
"ಸಂಜೆ, ನಾನು ಆಸ್ಪತ್ರೆಯಲ್ಲಿ ಭಾಷೆ ಕಲಿಯುತ್ತೇನೆ.",Kannada
"நாளை, நான் மருத்துவமனையில் திரைப்படம் பார்க்கிறேன்.",Tamil
நான் தினமும் பல்கலைக்கழகத்தில் புத்தகம் படிக்கிறேன் என்று கூறினார்.,Tamil
ನಾನು ಗ್ರಂಥಾಲಯದಲ್ಲಿ ಕಾಫಿ ಕುಡಿಯುತ್ತೇನೆ ಸಂಜೆಯ ಸಮಯದಲ್ಲಿ.,Kannada
വൈകുന്നേരം ഞാൻ ഓഫീസിൽ കാപ്പി കുടിക്കുന്നു.,Malayalam
"сегодня, Я пишу письмо в магазине.",Russian
أنا أقرأ كتابا في الجامعة اليوم.,Arabic
"सुबह के समय, मैं पत्र लिखता हूँ विश्वविद्यालय में।",Hindi
വൈകുന്നേരം സമയത്ത് ഞാൻ ആശുപത്രിയിൽ കത്ത് എഴുതുന്നു.,Malayalam
"நாளை, நான் மருத்துவமனையில் கடிதம் எழுதுகிறேன்.",Tamil
நான் நகரத்தில் மொழி கற்கிறேன் மாலை நேரத்தில்.,Tamil
"ಸಂಜೆ, ನಾನು ವಿಶ್ವವಿದ್ಯಾಲಯದಲ್ಲಿ ಭಾಷೆ ಕಲಿಯುತ್ತೇನೆ.",Kannada
"сегодня, Я учусь в университете в ресторане.",Russian
"Я сказал, что изучаю язык в больнице сегодня.",Russian
நான் உணவகத்தில் மொழி கற்கிறேன் நாளை.,Tamil
Εγώ σπουδάζω στο πανεπιστήμιο στη βιβλιοθήκη νωρίς το πρωί.,Greek
قال أنا إنه أمارس الرياضة في المدرسة اليوم.,Arabic
ನಾನು ಸಂಜೆಯ ಸಮಯದಲ್ಲಿ ನಗರದಲ್ಲಿ ಸಿನಿಮಾ ನೋಡುತ್ತೇನೆ ಎಂದು ಹೇಳಿದರು.,Kannada
நான் மருத்துவமனையில் கடிதம் எழுதுகிறேன் காலையில்.,Tamil
Εγώ κάνω γυμναστική στη βιβλιοθήκη σήμερα.,Greek
"вечером, Я занимаюсь спортом в библиотеке.",Russian
Εγώ γράφω ένα γράμμα στο εστιατόριο σήμερα.,Greek
"ಬೆಳಗಿನ ಸಮಯದಲ್ಲಿ, ನಾನು ಆಸ್ಪತ್ರೆಯಲ್ಲಿ ವ್ಯಾಯಾಮ ಮಾಡುತ್ತೇನೆ.",Kannada
मैं चाय पीता हूँ अस्पताल में इस सप्ताह।,Hindi
நான் இந்த வாரம் பள்ளியில் பல்கலைக்கழகத்தில் படிக்கிறேன் என்று கூறினார்.,Tamil
நான் நகரத்தில் பல்கலைக்கழகத்தில் படிக்கிறேன் இன்று.,Tamil
ഞാൻ നാളെ പാർക്കിൽ സർവകലാശാലയിൽ പഠിക്കുന്നു എന്ന് പറഞ്ഞു.,Malayalam
"κάθε μέρα, Εγώ σπουδάζω στο πανεπιστήμιο στο γραφείο.",Greek
في الصباح، أنا أمارس الرياضة في المدينة.,Arabic
"Я сказал, что смотрю фильм в ресторане вечером.",Russian
ഞാൻ നാളെ ലൈബ്രറിയിൽ സിനിമ കാണുന്നു.,Malayalam
Я пью кофе в школе утром.,Russian
"το πρωί, Εγώ σπουδάζω στο πανεπιστήμιο στην πόλη.",Greek
രാവിലെ ഞാൻ ഓഫീസിൽ കാപ്പി കുടിക്കുന്നു.,Malayalam
Я пишу письмо в офисе каждый день.,Russian
நான் நகரத்தில் பல்கலைக்கழகத்தில் படிக்கிறேன் மாலை நேரத்தில்.,Tamil
قال أنا إنه أمارس الرياضة في المدينة صباحا.,Arabic
मैं ने कहा कि वह विश्वविद्यालय में काम पर जाता हूँ सुबह के समय।,Hindi
मैं ने कहा कि वह पुस्तकालय में पत्र लिखता हूँ हर दिन।,Hindi
நான் பள்ளியில் திரைப்படம் பார்க்கிறேன் காலை நேரத்தில்.,Tamil
"इस सप्ताह, मैं किताब पढ़ता हूँ घर में।",Hindi
मैं ने कहा कि वह दुकान में चाय पीता हूँ सुबह के समय।,Hindi
"поздно вечером, Я занимаюсь спортом в магазине.",Russian
मैं ने कहा कि वह रेस्तरां में काम पर जाता हूँ सुबह के समय।,Hindi
قال أنا إنه أقرأ كتابا في المدينة في المساء.,Arabic
قال أنا إنه أذهب إلى العمل في المدينة غدا.,Arabic
كل يوم، أنا أشاهد فيلما في المدرسة.,Arabic
"сегодня, Я пью кофе в университете.",Russian
"शाम के समय, मैं किताब पढ़ता हूँ शहर में।",Hindi
"поздно вечером, Я иду на работу в парке.",Russian
Я читаю книгу в больнице завтра.,Russian
"αυτή την εβδομάδα, Εγώ διαβάζω ένα βιβλίο στο σπίτι.",Greek
"вечером, Я занимаюсь спортом в офисе.",Russian
मैं किताब पढ़ता हूँ अस्पताल में शाम के समय।,Hindi
"ಇಂದು, ನಾನು ಶಾಲೆಯಲ್ಲಿ ಪುಸ್ತಕ ಓದುತ್ತೇನೆ.",Kannada
أنا أذهب إلى العمل في المتجر هذا الأسبوع.,Arabic
ഞാൻ ഇന്ന് കടയിൽ വ്യായാമം ചെയ്യുന്നു.,Malayalam
أنا أتعلم اللغة في المطعم اليوم.,Arabic
صباحا، أنا أشرب القهوة في المدرسة.,Arabic
Εγώ είπε ότι γράφω ένα γράμμα στο εστιατόριο αυτή την εβδομάδα.,Greek
"αυτή την εβδομάδα, Εγώ πηγαίνω στη δουλειά στο πάρκο.",Greek
ನಾನು ನಾಳೆ ಗ್ರಂಥಾಲಯದಲ್ಲಿ ಕಾಫಿ ಕುಡಿಯುತ್ತೇನೆ ಎಂದು ಹೇಳಿದರು.,Kannada
"மாலை நேரத்தில், நான் வீட்டில் திரைப்படம் பார்க்கிறேன்.",Tamil
Я изучаю язык в библиотеке сегодня.,Russian
मैं ने कहा कि वह दुकान में फिल्म देखता हूँ शाम को।,Hindi
"Я сказал, что пью кофе в парке сегодня.",Russian
मैं ने कहा कि वह पुस्तकालय में भाषा सीखता हूँ सुबह के समय।,Hindi
كل يوم، أنا أشاهد فيلما في المنزل.,Arabic
"σήμερα, Εγώ πίνω καφέ στο σπίτι.",Greek
أنا أتعلم اللغة في المدينة صباحا.,Arabic
நான் பள்ளியில் காபி குடிக்கிறேன் காலை நேரத்தில்.,Tamil
நான் இந்த வாரம் பள்ளியில் வேலைக்கு செல்கிறேன் என்று கூறினார்.,Tamil
"इस सप्ताह, मैं काम पर जाता हूँ दुकान में।",Hindi
ನಾನು ಸಂಜೆ ರೆಸ್ಟೋರೆಂಟ್‌ನಲ್ಲಿ ವ್ಯಾಯಾಮ ಮಾಡುತ್ತೇನೆ ಎಂದು ಹೇಳಿದರು.,Kannada
நான் உணவகத்தில் கடிதம் எழுதுகிறேன் நாளை.,Tamil
मैं ने कहा कि वह स्कूल में किताब पढ़ता हूँ आज।,Hindi
"हर दिन, मैं काम पर जाता हूँ पुस्तकालय में।",Hindi
நான் மாலை நேரத்தில் பள்ளியில் திரைப்படம் பார்க்கிறேன் என்று கூறினார்.,Tamil
Εγώ μαθαίνω τη γλώσσα στο εστιατόριο το πρωί.,Greek
"Я сказал, что пишу письмо в больнице поздно вечером.",Russian
أنا أمارس الرياضة في المكتبة صباحا.,Arabic
நான் பள்ளியில் புத்தகம் படிக்கிறேன் காலை நேரத்தில்.,Tamil
நான் பூங்காவில் மொழி கற்கிறேன் காலை நேரத்தில்.,Tamil
मैं भाषा सीखता हूँ दुकान में शाम को।,Hindi
"Я сказал, что пью кофе в университете завтра.",Russian
ഞാൻ വൈകുന്നേരം സമയത്ത് ഓഫീസിൽ വ്യായാമം ചെയ്യുന്നു എന്ന് പറഞ്ഞു.,Malayalam
ನಾನು ಮನೆಯಲ್ಲಿ ಪತ್ರ ಬರೆಯುತ್ತೇನೆ ಈ ವಾರ.,Kannada
ഞാൻ എല്ലാ ദിവസവും കടയിൽ ഭാഷ പഠിക്കുന്നു എന്ന് പറഞ്ഞു.,Malayalam
أنا أكتب رسالة في المكتبة في المساء.,Arabic
ನಾನು ಶಾಲೆಯಲ್ಲಿ ವಿಶ್ವವಿದ್ಯಾಲಯದಲ್ಲಿ ಓದುತ್ತೇನೆ ಈ ವಾರ.,Kannada
"सुबह के समय, मैं चाय पीता हूँ विश्वविद्यालय में।",Hindi
ನಾನು ಶಾಲೆಯಲ್ಲಿ ಪುಸ್ತಕ ಓದುತ್ತೇನೆ ಈ ವಾರ.,Kannada
"на этой неделе, Я иду на работу в магазине.",Russian
ನಾನು ರೆಸ್ಟೋರೆಂಟ್‌ನಲ್ಲಿ ಕೆಲಸಕ್ಕೆ ಹೋಗುತ್ತೇನೆ ಬೆಳಗಿನ ಸಮಯದಲ್ಲಿ.,Kannada
اليوم، أنا أذهب إلى العمل في المنزل.,Arabic
"ಸಂಜೆಯ ಸಮಯದಲ್ಲಿ, ನಾನು ಆಸ್ಪತ್ರೆಯಲ್ಲಿ ಪುಸ್ತಕ ಓದುತ್ತೇನೆ.",Kannada
मैं ने कहा कि वह पुस्तकालय में पत्र लिखता हूँ इस सप्ताह।,Hindi
मैं व्यायाम करता हूँ विश्वविद्यालय में आज।,Hindi
ഞാൻ ഇന്ന് റെസ്റ്റോറന്റിൽ ഭാഷ പഠിക്കുന്നു.,Malayalam
मैं फिल्म देखता हूँ विश्वविद्यालय में शाम के समय।,Hindi
مساء، أنا أشرب القهوة في المتجر.,Arabic
நான் உணவகத்தில் காபி குடிக்கிறேன் மாலையில்.,Tamil
Я учусь в университете в парке завтра.,Russian
"Я сказал, что смотрю фильм в парке каждый день.",Russian
أنا أشرب القهوة في المنزل صباحا.,Arabic
ನಾನು ಶಾಲೆಯಲ್ಲಿ ವಿಶ್ವವಿದ್ಯಾಲಯದಲ್ಲಿ ಓದುತ್ತೇನೆ ಪ್ರತಿದಿನ.,Kannada
मैं ने कहा कि वह कार्यालय में पत्र लिखता हूँ सुबह।,Hindi
"மாலை நேரத்தில், நான் வீட்டில் காபி குடிக்கிறேன்.",Tamil
ನಾನು ವಿಶ್ವವಿದ್ಯಾಲಯದಲ್ಲಿ ಕಾಫಿ ಕುಡಿಯುತ್ತೇನೆ ಮಾಡಲು ಬಯಸುತ್ತಾನೆ.,Kannada
"Я сказал, что пишу письмо в парке на этой неделе.",Russian
أنا أشرب القهوة في المدرسة صباحا.,Arabic
मैं फिल्म देखता हूँ पुस्तकालय में सुबह।,Hindi
ഞാൻ വൈകുന്നേരം സമയത്ത് വീട്ടിൽ ജോലിക്ക് പോകുന്നു.,Malayalam
قال أنا إنه أشاهد فيلما في المتجر غدا.,Arabic
"மாலையில், நான் பல்கலைக்கழகத்தில் உடற்பயிற்சி செய்கிறேன்.",Tamil
Εγώ είπε ότι σπουδάζω στο πανεπιστήμιο στη βιβλιοθήκη νωρίς το πρωί.,Greek
मैं पुस्तकालय में पत्र लिखता हूँ चाहता है।,Hindi
Εγώ είπε ότι διαβάζω ένα βιβλίο στο σχολείο αυτή την εβδομάδα.,Greek
في المساء، أنا أذهب إلى العمل في المدرسة.,Arabic
ഞാൻ വൈകുന്നേരം സമയത്ത് വീട്ടിൽ ഭാഷ പഠിക്കുന്നു എന്ന് പറഞ്ഞു.,Malayalam
Я иду на работу в ресторане на этой неделе.,Russian
Я смотрю фильм в ресторане на этой неделе.,Russian
"காலை நேரத்தில், நான் பல்கலைக்கழகத்தில் புத்தகம் படிக்கிறேன்.",Tamil
"το βράδυ, Εγώ γράφω ένα γράμμα στο νοσοκομείο.",Greek
Εγώ κάνω γυμναστική στο εστιατόριο νωρίς το πρωί.,Greek
"αργά το βράδυ, Εγώ πηγαίνω στη δουλειά στο σχολείο.",Greek
Εγώ είπε ότι πηγαίνω στη δουλειά στο νοσοκομείο το βράδυ.,Greek
قال أنا إنه أذهب إلى العمل في المنزل اليوم.,Arabic
ഞാൻ രാവിലെ ലൈബ്രറിയിൽ വ്യായാമം ചെയ്യുന്നു.,Malayalam
Я изучаю язык в ресторане на этой неделе.,Russian
ഈ ആഴ്ച ഞാൻ സ്കൂളിൽ വ്യായാമം ചെയ്യുന്നു.,Malayalam
Я пью кофе в больнице сегодня.,Russian
ನಾನು ಈ ವಾರ ನಗರದಲ್ಲಿ ವಿಶ್ವವಿದ್ಯಾಲಯದಲ್ಲಿ ಓದುತ್ತೇನೆ ಎಂದು ಹೇಳಿದರು.,Kannada
Я смотрю фильм дома поздно вечером.,Russian
ഞാൻ എല്ലാ ദിവസവും ഓഫീസിൽ കത്ത് എഴുതുന്നു.,Malayalam
நான் பள்ளியில் பல்கலைக்கழகத்தில் படிக்கிறேன் தினமும்.,Tamil
"இந்த வாரம், நான் நூலகத்தில் காபி குடிக்கிறேன்.",Tamil
أنا أشرب القهوة في المطعم مساء.,Arabic
Εγώ θέλει να σπουδάζω στο πανεπιστήμιο στο κατάστημα.,Greek
രാവിലെ സമയത്ത് ഞാൻ ലൈബ്രറിയിൽ പുസ്തകം വായിക്കുന്നു.,Malayalam
Εγώ θέλει να μαθαίνω τη γλώσσα στο εστιατόριο.,Greek
ഞാൻ രാവിലെ പാർക്കിൽ സർവകലാശാലയിൽ പഠിക്കുന്നു എന്ന് പറഞ്ഞു.,Malayalam
நான் வீட்டில் திரைப்படம் பார்க்கிறேன் நாளை.,Tamil
"каждый день, Я пью кофе в офисе.",Russian
"Я сказал, что иду на работу в городе каждый день.",Russian
मैं ने कहा कि वह दुकान में पत्र लिखता हूँ शाम को।,Hindi
قال أنا إنه أكتب رسالة في المنزل هذا الأسبوع.,Arabic
ഞാൻ വൈകുന്നേരം കടയിൽ സിനിമ കാണുന്നു എന്ന് പറഞ്ഞു.,Malayalam
"कल, मैं व्यायाम करता हूँ विश्वविद्यालय में।",Hindi
قال أنا إنه أقرأ كتابا في المدرسة في الصباح.,Arabic
Εγώ είπε ότι σπουδάζω στο πανεπιστήμιο στο πάρκο αύριο.,Greek
Εγώ πίνω καφέ στο γραφείο αυτή την εβδομάδα.,Greek
मैं ने कहा कि वह स्कूल में चाय पीता हूँ सुबह के समय।,Hindi
Я изучаю язык в школе вечером.,Russian
كل يوم، أنا أتعلم اللغة في الجامعة.,Arabic
Εγώ είπε ότι πίνω καφέ στο σπίτι αργά το βράδυ.,Greek
நான் காலை நேரத்தில் கடையில் வேலைக்கு செல்கிறேன் என்று கூறினார்.,Tamil
Εγώ είπε ότι πίνω καφέ στο πάρκο σήμερα.,Greek
"κάθε μέρα, Εγώ διαβάζω ένα βιβλίο στην πόλη.",Greek
"सुबह, मैं फिल्म देखता हूँ घर में।",Hindi
ഞാൻ രാവിലെ സമയത്ത് സർവകലാശാലയിൽ കാപ്പി കുടിക്കുന്നു.,Malayalam
मैं ने कहा कि वह कार्यालय में किताब पढ़ता हूँ आज।,Hindi
நான் காலை நேரத்தில் நகரத்தில் உடற்பயிற்சி செய்கிறேன் என்று கூறினார்.,Tamil
ನಾನು ಅಂಗಡಿಯಲ್ಲಿ ವಿಶ್ವವಿದ್ಯಾಲಯದಲ್ಲಿ ಓದುತ್ತೇನೆ ನಾಳೆ.,Kannada
நான் இன்று வீட்டில் பல்கலைக்கழகத்தில் படிக்கிறேன் என்று கூறினார்.,Tamil
"το βράδυ, Εγώ πίνω καφέ στη βιβλιοθήκη.",Greek
நான் மருத்துவமனையில் வேலைக்கு செல்கிறேன் காலையில்.,Tamil
நான் பூங்காவில் பல்கலைக்கழகத்தில் படிக்கிறேன் விரும்புகிறார்.,Tamil
मैं पत्र लिखता हूँ अस्पताल में सुबह।,Hindi
ನಾನು ಉದ್ಯಾನವನದಲ್ಲಿ ಭಾಷೆ ಕಲಿಯುತ್ತೇನೆ ಸಂಜೆಯ ಸಮಯದಲ್ಲಿ.,Kannada
நான் கடையில் கடிதம் எழுதுகிறேன் காலை நேரத்தில்.,Tamil
"இன்று, நான் அலுவலகத்தில் வேலைக்கு செல்கிறேன்.",Tamil
قال أنا إنه أشرب القهوة في الحديقة في الصباح.,Arabic
Εγώ είπε ότι κάνω γυμναστική στο γραφείο σήμερα.,Greek
قال أنا إنه أمارس الرياضة في الجامعة مساء.,Arabic
ഞാൻ വൈകുന്നേരം ആശുപത്രിയിൽ ഭാഷ പഠിക്കുന്നു.,Malayalam
أنا أمارس الرياضة في المتجر في الصباح.,Arabic
ഇന്ന് ഞാൻ നഗരത്തിൽ പുസ്തകം വായിക്കുന്നു.,Malayalam
मैं ने कहा कि वह स्कूल में फिल्म देखता हूँ कल।,Hindi
Εγώ είπε ότι σπουδάζω στο πανεπιστήμιο στο νοσοκομείο το βράδυ.,Greek
"शाम को, मैं फिल्म देखता हूँ दुकान में।",Hindi
ഞാൻ വൈകുന്നേരം ഓഫീസിൽ ജോലിക്ക് പോകുന്നു.,Malayalam
Εγώ είπε ότι βλέπω μια ταινία στο πανεπιστήμιο αργά το βράδυ.,Greek
قال أنا إنه أشرب القهوة في الحديقة كل يوم.,Arabic
"Я сказал, что изучаю язык в городе вечером.",Russian
ನಾನು ನಾಳೆ ಮನೆಯಲ್ಲಿ ಪುಸ್ತಕ ಓದುತ್ತೇನೆ ಎಂದು ಹೇಳಿದರು.,Kannada
"ಪ್ರತಿದಿನ, ನಾನು ಆಸ್ಪತ್ರೆಯಲ್ಲಿ ಕಾಫಿ ಕುಡಿಯುತ್ತೇನೆ.",Kannada
Εγώ πηγαίνω στη δουλειά στην πόλη σήμερα.,Greek
நான் பள்ளியில் வேலைக்கு செல்கிறேன் மாலை நேரத்தில்.,Tamil
"ಸಂಜೆಯ ಸಮಯದಲ್ಲಿ, ನಾನು ಉದ್ಯಾನವನದಲ್ಲಿ ಸಿನಿಮಾ ನೋಡುತ್ತೇನೆ.",Kannada
Εγώ είπε ότι μαθαίνω τη γλώσσα στο γραφείο το βράδυ.,Greek
Εγώ είπε ότι πηγαίνω στη δουλειά στο νοσοκομείο το πρωί.,Greek
Εγώ μαθαίνω τη γλώσσα στο σχολείο νωρίς το πρωί.,Greek
قال أنا إنه أتعلم اللغة في الجامعة صباحا.,Arabic
मैं फिल्म देखता हूँ अस्पताल में सुबह।,Hindi
أنا أدرس في الجامعة في المنزل مساء.,Arabic
"αργά το βράδυ, Εγώ κάνω γυμναστική στο σπίτι.",Greek
أنا أكتب رسالة في المدرسة مساء.,Arabic
أنا أمارس الرياضة في المتجر هذا الأسبوع.,Arabic
ഞാൻ രാവിലെ വീട്ടിൽ പുസ്തകം വായിക്കുന്നു എന്ന് പറഞ്ഞു.,Malayalam
मैं स्कूल में किताब पढ़ता हूँ चाहता है।,Hindi
Εγώ είπε ότι σπουδάζω στο πανεπιστήμιο στο νοσοκομείο αύριο.,Greek
ನಾನು ಈ ವಾರ ಗ್ರಂಥಾಲಯದಲ್ಲಿ ಭಾಷೆ ಕಲಿಯುತ್ತೇನೆ ಎಂದು ಹೇಳಿದರು.,Kannada
"ಸಂಜೆಯ ಸಮಯದಲ್ಲಿ, ನಾನು ಕಚೇರಿಯಲ್ಲಿ ಪತ್ರ ಬರೆಯುತ್ತೇನೆ.",Kannada
ഞാൻ രാവിലെ സമയത്ത് പാർക്കിൽ ഭാഷ പഠിക്കുന്നു എന്ന് പറഞ്ഞു.,Malayalam
"सुबह, मैं फिल्म देखता हूँ कार्यालय में।",Hindi
صباحا، أنا أذهب إلى العمل في المنزل.,Arabic
വൈകുന്നേരം സമയത്ത് ഞാൻ സർവകലാശാലയിൽ സർവകലാശാലയിൽ പഠിക്കുന്നു.,Malayalam
"το πρωί, Εγώ κάνω γυμναστική στο νοσοκομείο.",Greek
"Я сказал, что иду на работу в городе на этой неделе.",Russian
"காலையில், நான் பூங்காவில் கடிதம் எழுதுகிறேன்.",Tamil
நான் கடையில் பல்கலைக்கழகத்தில் படிக்கிறேன் இன்று.,Tamil
ನಾನು ಬೆಳಿಗ್ಗೆ ಶಾಲೆಯಲ್ಲಿ ಪುಸ್ತಕ ಓದುತ್ತೇನೆ ಎಂದು ಹೇಳಿದರು.,Kannada
நான் காலை நேரத்தில் கடையில் மொழி கற்கிறேன் என்று கூறினார்.,Tamil
قال أنا إنه أقرأ كتابا في الجامعة كل يوم.,Arabic
قال أنا إنه أشاهد فيلما في المطعم مساء.,Arabic
Εγώ διαβάζω ένα βιβλίο στο πάρκο σήμερα.,Greek
"завтра, Я занимаюсь спортом в университете.",Russian
നാളെ ഞാൻ ഓഫീസിൽ സർവകലാശാലയിൽ പഠിക്കുന്നു.,Malayalam
Εγώ πηγαίνω στη δουλειά στο εστιατόριο αργά το βράδυ.,Greek
"вечером, Я учусь в университете в офисе.",Russian
"поздно вечером, Я пишу письмо дома.",Russian
"поздно вечером, Я читаю книгу в офисе.",Russian
मैं चाय पीता हूँ अस्पताल में आज।,Hindi
"Я сказал, что пишу письмо дома каждый день.",Russian
நான் மருத்துவமனையில் புத்தகம் படிக்கிறேன் மாலையில்.,Tamil
ನಾನು ಬೆಳಿಗ್ಗೆ ಉದ್ಯಾನವನದಲ್ಲಿ ಸಿನಿಮಾ ನೋಡುತ್ತೇನೆ ಎಂದು ಹೇಳಿದರು.,Kannada
मैं पत्र लिखता हूँ विश्वविद्यालय में इस सप्ताह।,Hindi
Εγώ είπε ότι πηγαίνω στη δουλειά στη βιβλιοθήκη κάθε μέρα.,Greek
"நாளை, நான் கடையில் திரைப்படம் பார்க்கிறேன்.",Tamil
أنا يريد أن أتعلم اللغة في الحديقة.,Arabic
Εγώ κάνω γυμναστική στο κατάστημα νωρίς το πρωί.,Greek
ഞാൻ രാവിലെ സമയത്ത് ഓഫീസിൽ വ്യായാമം ചെയ്യുന്നു.,Malayalam
"காலை நேரத்தில், நான் பல்கலைக்கழகத்தில் வேலைக்கு செல்கிறேன்.",Tamil
ನಾನು ಪ್ರತಿದಿನ ಮನೆಯಲ್ಲಿ ಕಾಫಿ ಕುಡಿಯುತ್ತೇನೆ ಎಂದು ಹೇಳಿದರು.,Kannada
"сегодня, Я занимаюсь спортом в парке.",Russian
قال أنا إنه أقرأ كتابا في الحديقة اليوم.,Arabic
Εγώ πηγαίνω στη δουλειά στο νοσοκομείο κάθε μέρα.,Greek
"காலையில், நான் உணவகத்தில் உடற்பயிற்சி செய்கிறேன்.",Tamil
ನಾನು ಆಸ್ಪತ್ರೆಯಲ್ಲಿ ಪುಸ್ತಕ ಓದುತ್ತೇನೆ ಬೆಳಿಗ್ಗೆ.,Kannada
ഞാൻ വൈകുന്നേരം സമയത്ത് ഓഫീസിൽ സർവകലാശാലയിൽ പഠിക്കുന്നു എന്ന് പറഞ്ഞു.,Malayalam
ഞാൻ രാവിലെ സമയത്ത് റെസ്റ്റോറന്റിൽ കാപ്പി കുടിക്കുന്നു.,Malayalam
"शाम के समय, मैं पत्र लिखता हूँ पार्क में।",Hindi
"Я сказал, что изучаю язык в офисе утром.",Russian
مساء، أنا أذهب إلى العمل في المستشفى.,Arabic
"поздно вечером, Я пью кофе в магазине.",Russian
"утром, Я занимаюсь спортом в городе.",Russian
"ಪ್ರತಿದಿನ, ನಾನು ಶಾಲೆಯಲ್ಲಿ ವಿಶ್ವವಿದ್ಯಾಲಯದಲ್ಲಿ ಓದುತ್ತೇನೆ.",Kannada
ನಾನು ರೆಸ್ಟೋರೆಂಟ್‌ನಲ್ಲಿ ಪುಸ್ತಕ ಓದುತ್ತೇನೆ ಸಂಜೆಯ ಸಮಯದಲ್ಲಿ.,Kannada
Я учусь в университете в городе поздно вечером.,Russian
قال أنا إنه أذهب إلى العمل في الجامعة في الصباح.,Arabic
ഞാൻ ഇന്ന് ലൈബ്രറിയിൽ ഭാഷ പഠിക്കുന്നു എന്ന് പറഞ്ഞു.,Malayalam
في المساء، أنا أدرس في الجامعة في المنزل.,Arabic
"ಸಂಜೆಯ ಸಮಯದಲ್ಲಿ, ನಾನು ಆಸ್ಪತ್ರೆಯಲ್ಲಿ ವ್ಯಾಯಾಮ ಮಾಡುತ್ತೇನೆ.",Kannada
"நாளை, நான் கடையில் காபி குடிக்கிறேன்.",Tamil
நான் இன்று உணவகத்தில் மொழி கற்கிறேன் என்று கூறினார்.,Tamil
വൈകുന്നേരം സമയത്ത് ഞാൻ ഓഫീസിൽ കാപ്പി കുടിക്കുന്നു.,Malayalam
ഞാൻ എല്ലാ ദിവസവും നഗരത്തിൽ ഭാഷ പഠിക്കുന്നു എന്ന് പറഞ്ഞു.,Malayalam
"सुबह, मैं विश्वविद्यालय में पढ़ता हूँ शहर में।",Hindi
ഞാൻ നാളെ വീട്ടിൽ സിനിമ കാണുന്നു.,Malayalam
صباحا، أنا أقرأ كتابا في المستشفى.,Arabic
"αύριο, Εγώ μαθαίνω τη γλώσσα στο πανεπιστήμιο.",Greek
എല്ലാ ദിവസവും ഞാൻ വീട്ടിൽ ഭാഷ പഠിക്കുന്നു.,Malayalam
"ಈ ವಾರ, ನಾನು ಶಾಲೆಯಲ್ಲಿ ಭಾಷೆ ಕಲಿಯುತ್ತೇನೆ.",Kannada
ഞാൻ ഇന്ന് നഗരത്തിൽ ഭാഷ പഠിക്കുന്നു എന്ന് പറഞ്ഞു.,Malayalam
Εγώ είπε ότι κάνω γυμναστική στην πόλη νωρίς το πρωί.,Greek
مساء، أنا أشاهد فيلما في المتجر.,Arabic
"ಈ ವಾರ, ನಾನು ರೆಸ್ಟೋರೆಂಟ್‌ನಲ್ಲಿ ಕಾಫಿ ಕುಡಿಯುತ್ತೇನೆ.",Kannada
ನಾನು ಉದ್ಯಾನವನದಲ್ಲಿ ಕಾಫಿ ಕುಡಿಯುತ್ತೇನೆ ಈ ವಾರ.,Kannada
"தினமும், நான் அலுவலகத்தில் புத்தகம் படிக்கிறேன்.",Tamil
ನಾನು ನಗರದಲ್ಲಿ ಸಿನಿಮಾ ನೋಡುತ್ತೇನೆ ಬೆಳಗಿನ ಸಮಯದಲ್ಲಿ.,Kannada
"Я сказал, что учусь в университете дома поздно вечером.",Russian
ഞാൻ ഇന്ന് റെസ്റ്റോറന്റിൽ പുസ്തകം വായിക്കുന്നു.,Malayalam
Εγώ είπε ότι μαθαίνω τη γλώσσα στο γραφείο αύριο.,Greek
"காலை நேரத்தில், நான் நூலகத்தில் திரைப்படம் பார்க்கிறேன்.",Tamil
اليوم، أنا أدرس في الجامعة في المنزل.,Arabic
"आज, मैं काम पर जाता हूँ अस्पताल में।",Hindi
मैं ने कहा कि वह शहर में विश्वविद्यालय में पढ़ता हूँ सुबह।,Hindi
நான் பூங்காவில் உடற்பயிற்சி செய்கிறேன் காலையில்.,Tamil
நான் மருத்துவமனையில் திரைப்படம் பார்க்கிறேன் விரும்புகிறார்.,Tamil
Εγώ πίνω καφέ στο πανεπιστήμιο αργά το βράδυ.,Greek
"Я сказал, что изучаю язык в университете на этой неделе.",Russian
ഞാൻ വൈകുന്നേരം ലൈബ്രറിയിൽ സർവകലാശാലയിൽ പഠിക്കുന്നു.,Malayalam
എല്ലാ ദിവസവും ഞാൻ ഓഫീസിൽ വ്യായാമം ചെയ്യുന്നു.,Malayalam
اليوم، أنا أذهب إلى العمل في المدرسة.,Arabic
"தினமும், நான் கடையில் கடிதம் எழுதுகிறேன்.",Tamil
ನಾನು ಮನೆಯಲ್ಲಿ ಕಾಫಿ ಕುಡಿಯುತ್ತೇನೆ ಪ್ರತಿದಿನ.,Kannada
قال أنا إنه أشاهد فيلما في المدينة في المساء.,Arabic
രാവിലെ ഞാൻ ഓഫീസിൽ സർവകലാശാലയിൽ പഠിക്കുന്നു.,Malayalam
"νωρίς το πρωί, Εγώ μαθαίνω τη γλώσσα στη βιβλιοθήκη.",Greek
ನಾನು ಶಾಲೆಯಲ್ಲಿ ಪತ್ರ ಬರೆಯುತ್ತೇನೆ ಸಂಜೆಯ ಸಮಯದಲ್ಲಿ.,Kannada
ನಾನು ನಾಳೆ ವಿಶ್ವವಿದ್ಯಾಲಯದಲ್ಲಿ ಸಿನಿಮಾ ನೋಡುತ್ತೇನೆ ಎಂದು ಹೇಳಿದರು.,Kannada
"κάθε μέρα, Εγώ σπουδάζω στο πανεπιστήμιο στην πόλη.",Greek
நான் மருத்துவமனையில் பல்கலைக்கழகத்தில் படிக்கிறேன் காலையில்.,Tamil
Εγώ μαθαίνω τη γλώσσα στο εστιατόριο το βράδυ.,Greek
Я пишу письмо дома на этой неделе.,Russian
Я пью кофе в городе на этой неделе.,Russian
ನಾನು ರೆಸ್ಟೋರೆಂಟ್‌ನಲ್ಲಿ ಪತ್ರ ಬರೆಯುತ್ತೇನೆ ಸಂಜೆ.,Kannada
நான் தினமும் நகரத்தில் மொழி கற்கிறேன் என்று கூறினார்.,Tamil
मैं ने कहा कि वह पुस्तकालय में फिल्म देखता हूँ शाम के समय।,Hindi
"Я сказал, что пишу письмо дома вечером.",Russian
Εγώ γράφω ένα γράμμα στο πανεπιστήμιο αυτή την εβδομάδα.,Greek
ഇന്ന് ഞാൻ നഗരത്തിൽ സിനിമ കാണുന്നു.,Malayalam
मैं काम पर जाता हूँ शहर में हर दिन।,Hindi
मैं ने कहा कि वह स्कूल में विश्वविद्यालय में पढ़ता हूँ आज।,Hindi
قال أنا إنه أمارس الرياضة في المستشفى كل يوم.,Arabic
"காலை நேரத்தில், நான் பூங்காவில் வேலைக்கு செல்கிறேன்.",Tamil
"ಸಂಜೆಯ ಸಮಯದಲ್ಲಿ, ನಾನು ಕಚೇರಿಯಲ್ಲಿ ಕೆಲಸಕ್ಕೆ ಹೋಗುತ್ತೇನೆ.",Kannada
நான் நாளை மருத்துவமனையில் பல்கலைக்கழகத்தில் படிக்கிறேன் என்று கூறினார்.,Tamil
"सुबह, मैं विश्वविद्यालय में पढ़ता हूँ स्कूल में।",Hindi
أنا أمارس الرياضة في المنزل غدا.,Arabic
قال أنا إنه أشاهد فيلما في المدرسة غدا.,Arabic
मैं ने कहा कि वह शहर में फिल्म देखता हूँ सुबह के समय।,Hindi
मैं फिल्म देखता हूँ कार्यालय में इस सप्ताह।,Hindi
Я учусь в университете в университете завтра.,Russian
நான் நாளை வீட்டில் திரைப்படம் பார்க்கிறேன் என்று கூறினார்.,Tamil
هذا الأسبوع، أنا أمارس الرياضة في المتجر.,Arabic
मैं ने कहा कि वह अस्पताल में भाषा सीखता हूँ सुबह के समय।,Hindi
في المساء، أنا أشاهد فيلما في الجامعة.,Arabic
ನಾನು ಸಂಜೆ ಮನೆಯಲ್ಲಿ ಭಾಷೆ ಕಲಿಯುತ್ತೇನೆ ಎಂದು ಹೇಳಿದರು.,Kannada
Я иду на работу в магазине поздно вечером.,Russian
വൈകുന്നേരം സമയത്ത് ഞാൻ നഗരത്തിൽ ഭാഷ പഠിക്കുന്നു.,Malayalam
मैं विश्वविद्यालय में पढ़ता हूँ अस्पताल में शाम को।,Hindi
"காலையில், நான் உணவகத்தில் பல்கலைக்கழகத்தில் படிக்கிறேன்.",Tamil
هذا الأسبوع، أنا أقرأ كتابا في الحديقة.,Arabic
நான் இந்த வாரம் பள்ளியில் திரைப்படம் பார்க்கிறேன் என்று கூறினார்.,Tamil
ഞാൻ ഈ ആഴ്ച റെസ്റ്റോറന്റിൽ കാപ്പി കുടിക്കുന്നു.,Malayalam
"Я сказал, что изучаю язык в магазине каждый день.",Russian
நான் இன்று உணவகத்தில் வேலைக்கு செல்கிறேன் என்று கூறினார்.,Tamil
هذا الأسبوع، أنا أذهب إلى العمل في المدينة.,Arabic
قال أنا إنه أشاهد فيلما في المنزل غدا.,Arabic
أنا أكتب رسالة في المطعم في المساء.,Arabic
ഞാൻ ഇന്ന് വീട്ടിൽ കാപ്പി കുടിക്കുന്നു.,Malayalam
في الصباح، أنا أشرب القهوة في المدينة.,Arabic
मैं विश्वविद्यालय में पढ़ता हूँ शहर में सुबह।,Hindi
ഞാൻ ഇന്ന് ആശുപത്രിയിൽ വ്യായാമം ചെയ്യുന്നു എന്ന് പറഞ്ഞു.,Malayalam
قال أنا إنه أتعلم اللغة في المتجر في الصباح.,Arabic
مساء، أنا أشرب القهوة في الحديقة.,Arabic
"на этой неделе, Я учусь в университете в больнице.",Russian
Εγώ γράφω ένα γράμμα στο σπίτι νωρίς το πρωί.,Greek
Εγώ κάνω γυμναστική στο πάρκο το βράδυ.,Greek
நான் பல்கலைக்கழகத்தில் கடிதம் எழுதுகிறேன் மாலை நேரத்தில்.,Tamil
நான் நகரத்தில் புத்தகம் படிக்கிறேன் விரும்புகிறார்.,Tamil
Я изучаю язык дома утром.,Russian
Εγώ θέλει να κάνω γυμναστική στο κατάστημα.,Greek
كل يوم، أنا أكتب رسالة في المدرسة.,Arabic
Я изучаю язык дома поздно вечером.,Russian
Εγώ θέλει να βλέπω μια ταινία στη βιβλιοθήκη.,Greek
ನಾನು ಅಂಗಡಿಯಲ್ಲಿ ಪುಸ್ತಕ ಓದುತ್ತೇನೆ ನಾಳೆ.,Kannada
ನಾನು ನಗರದಲ್ಲಿ ಸಿನಿಮಾ ನೋಡುತ್ತೇನೆ ಇಂದು.,Kannada
നാളെ ഞാൻ പാർക്കിൽ പുസ്തകം വായിക്കുന്നു.,Malayalam
ನಾನು ಆಸ್ಪತ್ರೆಯಲ್ಲಿ ವಿಶ್ವವಿದ್ಯಾಲಯದಲ್ಲಿ ಓದುತ್ತೇನೆ ಸಂಜೆಯ ಸಮಯದಲ್ಲಿ.,Kannada
मैं काम पर जाता हूँ पार्क में कल।,Hindi
قال أنا إنه أشاهد فيلما في المطعم في الصباح.,Arabic
Εγώ είπε ότι γράφω ένα γράμμα στο πάρκο κάθε μέρα.,Greek
मैं ने कहा कि वह दुकान में फिल्म देखता हूँ इस सप्ताह।,Hindi
Εγώ είπε ότι πηγαίνω στη δουλειά στο σχολείο αργά το βράδυ.,Greek
مساء، أنا أكتب رسالة في الجامعة.,Arabic
Εγώ πηγαίνω στη δουλειά στο πανεπιστήμιο σήμερα.,Greek
"σήμερα, Εγώ κάνω γυμναστική στο εστιατόριο.",Greek
நான் கடையில் உடற்பயிற்சி செய்கிறேன் காலையில்.,Tamil
मैं चाय पीता हूँ रेस्तरां में शाम को।,Hindi
"ಬೆಳಗಿನ ಸಮಯದಲ್ಲಿ, ನಾನು ನಗರದಲ್ಲಿ ಭಾಷೆ ಕಲಿಯುತ್ತೇನೆ.",Kannada
ഞാൻ നാളെ ഓഫീസിൽ ഭാഷ പഠിക്കുന്നു എന്ന് പറഞ്ഞു.,Malayalam
Εγώ είπε ότι σπουδάζω στο πανεπιστήμιο στο νοσοκομείο αργά το βράδυ.,Greek
"सुबह, मैं व्यायाम करता हूँ स्कूल में।",Hindi
"Я сказал, что пью кофе дома вечером.",Russian
मैं विश्वविद्यालय में पढ़ता हूँ पुस्तकालय में इस सप्ताह।,Hindi
أنا أكتب رسالة في المدرسة صباحا.,Arabic
"поздно вечером, Я смотрю фильм в парке.",Russian
Εγώ είπε ότι μαθαίνω τη γλώσσα στο πάρκο αύριο.,Greek
في المساء، أنا أكتب رسالة في الجامعة.,Arabic
ನಾನು ಈ ವಾರ ಗ್ರಂಥಾಲಯದಲ್ಲಿ ಸಿನಿಮಾ ನೋಡುತ್ತೇನೆ ಎಂದು ಹೇಳಿದರು.,Kannada
ഞാൻ ഈ ആഴ്ച റെസ്റ്റോറന്റിൽ ജോലിക്ക് പോകുന്നു എന്ന് പറഞ്ഞു.,Malayalam
"завтра, Я учусь в университете в школе.",Russian
ನಾನು ರೆಸ್ಟೋರೆಂಟ್‌ನಲ್ಲಿ ಪತ್ರ ಬರೆಯುತ್ತೇನೆ ಬೆಳಿಗ್ಗೆ.,Kannada
நான் வீட்டில் கடிதம் எழுதுகிறேன் தினமும்.,Tamil
"இன்று, நான் மருத்துவமனையில் பல்கலைக்கழகத்தில் படிக்கிறேன்.",Tamil
ഞാൻ നാളെ നഗരത്തിൽ കാപ്പി കുടിക്കുന്നു.,Malayalam
"νωρίς το πρωί, Εγώ σπουδάζω στο πανεπιστήμιο στο πάρκο.",Greek
"νωρίς το πρωί, Εγώ διαβάζω ένα βιβλίο στο σπίτι.",Greek
Εγώ είπε ότι σπουδάζω στο πανεπιστήμιο στη βιβλιοθήκη κάθε μέρα.,Greek
Я пью кофе в городе поздно вечером.,Russian
أنا أمارس الرياضة في المكتبة هذا الأسبوع.,Arabic
നാളെ ഞാൻ സർവകലാശാലയിൽ വ്യായാമം ചെയ്യുന്നു.,Malayalam
"ಬೆಳಗಿನ ಸಮಯದಲ್ಲಿ, ನಾನು ಶಾಲೆಯಲ್ಲಿ ವ್ಯಾಯಾಮ ಮಾಡುತ್ತೇನೆ.",Kannada
أنا يريد أن أقرأ كتابا في المدرسة.,Arabic
நான் காலையில் பள்ளியில் பல்கலைக்கழகத்தில் படிக்கிறேன் என்று கூறினார்.,Tamil
എല്ലാ ദിവസവും ഞാൻ വീട്ടിൽ കത്ത് എഴുതുന്നു.,Malayalam
في الصباح، أنا أدرس في الجامعة في المستشفى.,Arabic
நான் மருத்துவமனையில் வேலைக்கு செல்கிறேன் காலை நேரத்தில்.,Tamil
நான் தினமும் வீட்டில் உடற்பயிற்சி செய்கிறேன் என்று கூறினார்.,Tamil
في الصباح، أنا أمارس الرياضة في المستشفى.,Arabic
قال أنا إنه أمارس الرياضة في المدرسة في المساء.,Arabic
Εγώ είπε ότι γράφω ένα γράμμα στο πάρκο σήμερα.,Greek
"ನಾಳೆ, ನಾನು ಗ್ರಂಥಾಲಯದಲ್ಲಿ ಪತ್ರ ಬರೆಯುತ್ತೇನೆ.",Kannada
غدا، أنا أمارس الرياضة في الحديقة.,Arabic
Εγώ είπε ότι βλέπω μια ταινία στο γραφείο σήμερα.,Greek
قال أنا إنه أشاهد فيلما في الحديقة غدا.,Arabic
ನಾನು ಸಂಜೆಯ ಸಮಯದಲ್ಲಿ ಶಾಲೆಯಲ್ಲಿ ಕೆಲಸಕ್ಕೆ ಹೋಗುತ್ತೇನೆ ಎಂದು ಹೇಳಿದರು.,Kannada
ನಾನು ಬೆಳಿಗ್ಗೆ ಮನೆಯಲ್ಲಿ ವ್ಯಾಯಾಮ ಮಾಡುತ್ತೇನೆ ಎಂದು ಹೇಳಿದರು.,Kannada
Я пишу письмо в городе утром.,Russian
நான் காலையில் உணவகத்தில் பல்கலைக்கழகத்தில் படிக்கிறேன் என்று கூறினார்.,Tamil
நான் இன்று கடையில் திரைப்படம் பார்க்கிறேன் என்று கூறினார்.,Tamil
நான் இந்த வாரம் கடையில் உடற்பயிற்சி செய்கிறேன் என்று கூறினார்.,Tamil
مساء، أنا أقرأ كتابا في المستشفى.,Arabic
"ಬೆಳಿಗ್ಗೆ, ನಾನು ಶಾಲೆಯಲ್ಲಿ ವ್ಯಾಯಾಮ ಮಾಡುತ್ತೇನೆ.",Kannada
വൈകുന്നേരം ഞാൻ ആശുപത്രിയിൽ ജോലിക്ക് പോകുന്നു.,Malayalam
Я пью кофе в больнице рано утром.,Russian
Εγώ είπε ότι πίνω καφέ στο σπίτι το βράδυ.,Greek
ഞാൻ വൈകുന്നേരം സർവകലാശാലയിൽ ഭാഷ പഠിക്കുന്നു എന്ന് പറഞ്ഞു.,Malayalam
قال أنا إنه أذهب إلى العمل في المطعم صباحا.,Arabic
"இந்த வாரம், நான் மருத்துவமனையில் திரைப்படம் பார்க்கிறேன்.",Tamil
मैं ने कहा कि वह पुस्तकालय में फिल्म देखता हूँ हर दिन।,Hindi
قال أنا إنه أكتب رسالة في المستشفى في الصباح.,Arabic
أنا أشرب القهوة في الجامعة في الصباح.,Arabic
"ಇಂದು, ನಾನು ಅಂಗಡಿಯಲ್ಲಿ ಕೆಲಸಕ್ಕೆ ಹೋಗುತ್ತೇನೆ.",Kannada
"рано утром, Я смотрю фильм в магазине.",Russian
Εγώ είπε ότι πίνω καφέ στο σχολείο σήμερα.,Greek
मैं ने कहा कि वह अस्पताल में पत्र लिखता हूँ हर दिन।,Hindi
मैं ने कहा कि वह शहर में काम पर जाता हूँ आज।,Hindi
ഞാൻ ഈ ആഴ്ച ആശുപത്രിയിൽ വ്യായാമം ചെയ്യുന്നു.,Malayalam
ನಾನು ಸಂಜೆಯ ಸಮಯದಲ್ಲಿ ಮನೆಯಲ್ಲಿ ಕಾಫಿ ಕುಡಿಯುತ್ತೇನೆ ಎಂದು ಹೇಳಿದರು.,Kannada
ഞാൻ വൈകുന്നേരം സമയത്ത് കടയിൽ കാപ്പി കുടിക്കുന്നു എന്ന് പറഞ്ഞു.,Malayalam
രാവിലെ സമയത്ത് ഞാൻ സർവകലാശാലയിൽ പുസ്തകം വായിക്കുന്നു.,Malayalam
मैं ने कहा कि वह पुस्तकालय में किताब पढ़ता हूँ आज।,Hindi
ನಾನು ಈ ವಾರ ಮನೆಯಲ್ಲಿ ವ್ಯಾಯಾಮ ಮಾಡುತ್ತೇನೆ ಎಂದು ಹೇಳಿದರು.,Kannada
Εγώ πηγαίνω στη δουλειά στο κατάστημα αργά το βράδυ.,Greek
"ಈ ವಾರ, ನಾನು ಶಾಲೆಯಲ್ಲಿ ಕೆಲಸಕ್ಕೆ ಹೋಗುತ್ತೇನೆ.",Kannada
"νωρίς το πρωί, Εγώ βλέπω μια ταινία στο σχολείο.",Greek
Εγώ είπε ότι πίνω καφέ στο γραφείο νωρίς το πρωί.,Greek
"αυτή την εβδομάδα, Εγώ κάνω γυμναστική στη βιβλιοθήκη.",Greek
اليوم، أنا أشرب القهوة في المكتب.,Arabic
"இந்த வாரம், நான் நூலகத்தில் கடிதம் எழுதுகிறேன்.",Tamil
"Я сказал, что иду на работу дома вечером.",Russian
ഞാൻ വൈകുന്നേരം സമയത്ത് സ്കൂളിൽ കത്ത് എഴുതുന്നു എന്ന് പറഞ്ഞു.,Malayalam
"ಬೆಳಗಿನ ಸಮಯದಲ್ಲಿ, ನಾನು ಗ್ರಂಥಾಲಯದಲ್ಲಿ ಕಾಫಿ ಕುಡಿಯುತ್ತೇನೆ.",Kannada
"утром, Я занимаюсь спортом в библиотеке.",Russian
"рано утром, Я учусь в университете в офисе.",Russian
"காலையில், நான் பூங்காவில் திரைப்படம் பார்க்கிறேன்.",Tamil
"शाम को, मैं काम पर जाता हूँ पार्क में।",Hindi
"Я сказал, что иду на работу в магазине на этой неделе.",Russian
ನಾನು ಸಂಜೆ ಅಂಗಡಿಯಲ್ಲಿ ವಿಶ್ವವಿದ್ಯಾಲಯದಲ್ಲಿ ಓದುತ್ತೇನೆ ಎಂದು ಹೇಳಿದರು.,Kannada
"सुबह, मैं काम पर जाता हूँ अस्पताल में।",Hindi
"Я сказал, что иду на работу в больнице рано утром.",Russian
വൈകുന്നേരം സമയത്ത് ഞാൻ വീട്ടിൽ വ്യായാമം ചെയ്യുന്നു.,Malayalam
Εγώ θέλει να κάνω γυμναστική στο σχολείο.,Greek
मैं ने कहा कि वह अस्पताल में काम पर जाता हूँ शाम के समय।,Hindi
Εγώ μαθαίνω τη γλώσσα στην πόλη αύριο.,Greek
كل يوم، أنا أدرس في الجامعة في المكتب.,Arabic
"рано утром, Я учусь в университете в школе.",Russian
Я учусь в университете в городе каждый день.,Russian
"νωρίς το πρωί, Εγώ γράφω ένα γράμμα στη βιβλιοθήκη.",Greek
ഞാൻ ഈ ആഴ്ച ഓഫീസിൽ വ്യായാമം ചെയ്യുന്നു.,Malayalam
أنا أشاهد فيلما في الحديقة غدا.,Arabic
"αυτή την εβδομάδα, Εγώ βλέπω μια ταινία στο πάρκο.",Greek
நான் இந்த வாரம் பல்கலைக்கழகத்தில் பல்கலைக்கழகத்தில் படிக்கிறேன் என்று கூறினார்.,Tamil
ನಾನು ಅಂಗಡಿಯಲ್ಲಿ ವಿಶ್ವವಿದ್ಯಾಲಯದಲ್ಲಿ ಓದುತ್ತೇನೆ ಬೆಳಿಗ್ಗೆ.,Kannada
"शाम के समय, मैं किताब पढ़ता हूँ पार्क में।",Hindi
ನಾನು ನಾಳೆ ಉದ್ಯಾನವನದಲ್ಲಿ ಪುಸ್ತಕ ಓದುತ್ತೇನೆ ಎಂದು ಹೇಳಿದರು.,Kannada
مساء، أنا أذهب إلى العمل في المكتب.,Arabic
நான் இன்று பல்கலைக்கழகத்தில் காபி குடிக்கிறேன் என்று கூறினார்.,Tamil
"сегодня, Я смотрю фильм в школе.",Russian
ನಾನು ಬೆಳಿಗ್ಗೆ ಉದ್ಯಾನವನದಲ್ಲಿ ಪುಸ್ತಕ ಓದುತ್ತೇನೆ ಎಂದು ಹೇಳಿದರು.,Kannada
قال أنا إنه أتعلم اللغة في الحديقة في المساء.,Arabic
ഞാൻ വൈകുന്നേരം കടയിൽ ഭാഷ പഠിക്കുന്നു.,Malayalam
مساء، أنا أشرب القهوة في المدينة.,Arabic
أنا أقرأ كتابا في المستشفى هذا الأسبوع.,Arabic
"இன்று, நான் பள்ளியில் கடிதம் எழுதுகிறேன்.",Tamil
ഞാൻ ഇന്ന് ഓഫീസിൽ പുസ്തകം വായിക്കുന്നു.,Malayalam
هذا الأسبوع، أنا أشاهد فيلما في المستشفى.,Arabic
ನಾನು ನಾಳೆ ವಿಶ್ವವಿದ್ಯಾಲಯದಲ್ಲಿ ಪತ್ರ ಬರೆಯುತ್ತೇನೆ ಎಂದು ಹೇಳಿದರು.,Kannada
"поздно вечером, Я пишу письмо в парке.",Russian
நான் அலுவலகத்தில் காபி குடிக்கிறேன் இன்று.,Tamil
വൈകുന്നേരം സമയത്ത് ഞാൻ കടയിൽ സിനിമ കാണുന്നു.,Malayalam
Εγώ πίνω καφέ στο πανεπιστήμιο αυτή την εβδομάδα.,Greek
"αύριο, Εγώ γράφω ένα γράμμα στο εστιατόριο.",Greek
Εγώ είπε ότι γράφω ένα γράμμα στο πάρκο το βράδυ.,Greek
मैं चाय पीता हूँ कार्यालय में आज।,Hindi
"ಬೆಳಗಿನ ಸಮಯದಲ್ಲಿ, ನಾನು ಉದ್ಯಾನವನದಲ್ಲಿ ಪುಸ್ತಕ ಓದುತ್ತೇನೆ.",Kannada
Я читаю книгу в школе сегодня.,Russian
"इस सप्ताह, मैं भाषा सीखता हूँ शहर में।",Hindi
"शाम को, मैं पत्र लिखता हूँ पुस्तकालय में।",Hindi
أنا أذهب إلى العمل في الجامعة في الصباح.,Arabic
ഞാൻ എല്ലാ ദിവസവും സ്കൂളിൽ പുസ്തകം വായിക്കുന്നു എന്ന് പറഞ്ഞു.,Malayalam
قال أنا إنه أمارس الرياضة في المكتب في الصباح.,Arabic
"ಪ್ರತಿದಿನ, ನಾನು ವಿಶ್ವವಿದ್ಯಾಲಯದಲ್ಲಿ ಭಾಷೆ ಕಲಿಯುತ್ತೇನೆ.",Kannada
ഞാൻ രാവിലെ ഓഫീസിൽ പുസ്തകം വായിക്കുന്നു എന്ന് പറഞ്ഞു.,Malayalam
ഞാൻ ഇന്ന് കടയിൽ കാപ്പി കുടിക്കുന്നു എന്ന് പറഞ്ഞു.,Malayalam
मैं काम पर जाता हूँ पार्क में शाम को।,Hindi
मैं ने कहा कि वह शहर में फिल्म देखता हूँ कल।,Hindi
"утром, Я пью кофе в библиотеке.",Russian
രാവിലെ സമയത്ത് ഞാൻ ലൈബ്രറിയിൽ കത്ത് എഴുതുന്നു.,Malayalam
"कल, मैं फिल्म देखता हूँ स्कूल में।",Hindi
Я читаю книгу в магазине завтра.,Russian
நான் தினமும் வீட்டில் பல்கலைக்கழகத்தில் படிக்கிறேன் என்று கூறினார்.,Tamil
ഞാൻ നാളെ ആശുപത്രിയിൽ സർവകലാശാലയിൽ പഠിക്കുന്നു എന്ന് പറഞ്ഞു.,Malayalam
ഞാൻ വൈകുന്നേരം സമയത്ത് വീട്ടിൽ കാപ്പി കുടിക്കുന്നു എന്ന് പറഞ്ഞു.,Malayalam
"рано утром, Я пишу письмо в офисе.",Russian
كل يوم، أنا أكتب رسالة في المتجر.,Arabic
أنا أدرس في الجامعة في المنزل صباحا.,Arabic
मैं ने कहा कि वह घर में पत्र लिखता हूँ सुबह।,Hindi
"ನಾಳೆ, ನಾನು ಉದ್ಯಾನವನದಲ್ಲಿ ವ್ಯಾಯಾಮ ಮಾಡುತ್ತೇನೆ.",Kannada
"Я сказал, что занимаюсь спортом в школе на этой неделе.",Russian
ഞാൻ നാളെ റെസ്റ്റോറന്റിൽ പുസ്തകം വായിക്കുന്നു എന്ന് പറഞ്ഞു.,Malayalam
രാവിലെ ഞാൻ പാർക്കിൽ സർവകലാശാലയിൽ പഠിക്കുന്നു.,Malayalam
Εγώ είπε ότι κάνω γυμναστική στο σχολείο το βράδυ.,Greek
قال أنا إنه أدرس في الجامعة في المنزل مساء.,Arabic
ഞാൻ വൈകുന്നേരം കടയിൽ ജോലിക്ക് പോകുന്നു എന്ന് പറഞ്ഞു.,Malayalam
أنا أشرب القهوة في المطعم اليوم.,Arabic
Εγώ είπε ότι διαβάζω ένα βιβλίο στο σπίτι αργά το βράδυ.,Greek
ನಾನು ನಗರದಲ್ಲಿ ಸಿನಿಮಾ ನೋಡುತ್ತೇನೆ ಈ ವಾರ.,Kannada
രാവിലെ ഞാൻ സർവകലാശാലയിൽ ഭാഷ പഠിക്കുന്നു.,Malayalam
मैं ने कहा कि वह पार्क में पत्र लिखता हूँ शाम को।,Hindi
"поздно вечером, Я занимаюсь спортом в городе.",Russian
ನಾನು ಬೆಳಗಿನ ಸಮಯದಲ್ಲಿ ಮನೆಯಲ್ಲಿ ಕೆಲಸಕ್ಕೆ ಹೋಗುತ್ತೇನೆ ಎಂದು ಹೇಳಿದರು.,Kannada
നാളെ ഞാൻ പാർക്കിൽ ജോലിക്ക് പോകുന്നു.,Malayalam
Я хочет иду на работу в больнице.,Russian
मैं फिल्म देखता हूँ पार्क में सुबह।,Hindi
ഞാൻ നാളെ സ്കൂളിൽ പുസ്തകം വായിക്കുന്നു.,Malayalam
"поздно вечером, Я изучаю язык в магазине.",Russian
நான் மாலை நேரத்தில் கடையில் திரைப்படம் பார்க்கிறேன் என்று கூறினார்.,Tamil
मैं फिल्म देखता हूँ पार्क में आज।,Hindi
"हर दिन, मैं चाय पीता हूँ कार्यालय में।",Hindi
"மாலையில், நான் பூங்காவில் வேலைக்கு செல்கிறேன்.",Tamil
Я пишу письмо в больнице на этой неделе.,Russian
أنا أشاهد فيلما في المدينة صباحا.,Arabic
"на этой неделе, Я читаю книгу в парке.",Russian
"ಬೆಳಿಗ್ಗೆ, ನಾನು ನಗರದಲ್ಲಿ ಪುಸ್ತಕ ಓದುತ್ತೇನೆ.",Kannada
ನಾನು ಅಂಗಡಿಯಲ್ಲಿ ಕೆಲಸಕ್ಕೆ ಹೋಗುತ್ತೇನೆ ಪ್ರತಿದಿನ.,Kannada
நான் நாளை அலுவலகத்தில் கடிதம் எழுதுகிறேன் என்று கூறினார்.,Tamil
"कल, मैं विश्वविद्यालय में पढ़ता हूँ घर में।",Hindi
ഞാൻ വൈകുന്നേരം സമയത്ത് സ്കൂളിൽ സർവകലാശാലയിൽ പഠിക്കുന്നു.,Malayalam
मैं ने कहा कि वह अस्पताल में भाषा सीखता हूँ हर दिन।,Hindi
ഞാൻ എല്ലാ ദിവസവും പാർക്കിൽ സർവകലാശാലയിൽ പഠിക്കുന്നു.,Malayalam
ನಾನು ಉದ್ಯಾನವನದಲ್ಲಿ ಭಾಷೆ ಕಲಿಯುತ್ತೇನೆ ಮಾಡಲು ಬಯಸುತ್ತಾನೆ.,Kannada
Εγώ είπε ότι γράφω ένα γράμμα στο νοσοκομείο το βράδυ.,Greek
أنا أدرس في الجامعة في المدرسة في الصباح.,Arabic
Εγώ είπε ότι βλέπω μια ταινία στο πανεπιστήμιο σήμερα.,Greek
Я смотрю фильм в университете вечером.,Russian
ನಾನು ಸಂಜೆ ಗ್ರಂಥಾಲಯದಲ್ಲಿ ಕೆಲಸಕ್ಕೆ ಹೋಗುತ್ತೇನೆ ಎಂದು ಹೇಳಿದರು.,Kannada
Εγώ διαβάζω ένα βιβλίο στη βιβλιοθήκη κάθε μέρα.,Greek
நான் காலையில் மருத்துவமனையில் உடற்பயிற்சி செய்கிறேன் என்று கூறினார்.,Tamil
أنا أذهب إلى العمل في الحديقة مساء.,Arabic
ನಾನು ಕಚೇರಿಯಲ್ಲಿ ಭಾಷೆ ಕಲಿಯುತ್ತೇನೆ ನಾಳೆ.,Kannada
"कल, मैं व्यायाम करता हूँ घर में।",Hindi
ನಾನು ಸಂಜೆಯ ಸಮಯದಲ್ಲಿ ರೆಸ್ಟೋರೆಂಟ್‌ನಲ್ಲಿ ಭಾಷೆ ಕಲಿಯುತ್ತೇನೆ ಎಂದು ಹೇಳಿದರು.,Kannada
ഞാൻ വൈകുന്നേരം സർവകലാശാലയിൽ ജോലിക്ക് പോകുന്നു.,Malayalam
நான் இந்த வாரம் அலுவலகத்தில் பல்கலைக்கழகத்தில் படிக்கிறேன் என்று கூறினார்.,Tamil
"на этой неделе, Я смотрю фильм в школе.",Russian
ഞാൻ വൈകുന്നേരം സർവകലാശാലയിൽ കത്ത് എഴുതുന്നു.,Malayalam
"σήμερα, Εγώ διαβάζω ένα βιβλίο στο εστιατόριο.",Greek
രാവിലെ ഞാൻ റെസ്റ്റോറന്റിൽ കാപ്പി കുടിക്കുന്നു.,Malayalam
Я учусь в университете в библиотеке сегодня.,Russian
"कल, मैं भाषा सीखता हूँ घर में।",Hindi
मैं चाय पीता हूँ पुस्तकालय में कल।,Hindi
في الصباح، أنا أتعلم اللغة في المدرسة.,Arabic
في المساء، أنا أدرس في الجامعة في المستشفى.,Arabic
"हर दिन, मैं विश्वविद्यालय में पढ़ता हूँ पुस्तकालय में।",Hindi
"αυτή την εβδομάδα, Εγώ σπουδάζω στο πανεπιστήμιο στο γραφείο.",Greek
Εγώ διαβάζω ένα βιβλίο στο σχολείο αργά το βράδυ.,Greek
Εγώ είπε ότι πηγαίνω στη δουλειά στο πάρκο αυτή την εβδομάδα.,Greek
ഞാൻ വൈകുന്നേരം സർവകലാശാലയിൽ കാപ്പി കുടിക്കുന്നു എന്ന് പറഞ്ഞു.,Malayalam
"आज, मैं काम पर जाता हूँ रेस्तरां में।",Hindi
Я занимаюсь спортом в парке рано утром.,Russian
"ಬೆಳಿಗ್ಗೆ, ನಾನು ಉದ್ಯಾನವನದಲ್ಲಿ ಪತ್ರ ಬರೆಯುತ್ತೇನೆ.",Kannada
ഞാൻ രാവിലെ സമയത്ത് സർവകലാശാലയിൽ സിനിമ കാണുന്നു.,Malayalam
"हर दिन, मैं व्यायाम करता हूँ कार्यालय में।",Hindi
"மாலை நேரத்தில், நான் பூங்காவில் திரைப்படம் பார்க்கிறேன்.",Tamil
Я изучаю язык в офисе поздно вечером.,Russian
मैं विश्वविद्यालय में चाय पीता हूँ चाहता है।,Hindi
"ನಾಳೆ, ನಾನು ಕಚೇರಿಯಲ್ಲಿ ಸಿನಿಮಾ ನೋಡುತ್ತೇನೆ.",Kannada
ನಾನು ಬೆಳಗಿನ ಸಮಯದಲ್ಲಿ ರೆಸ್ಟೋರೆಂಟ್‌ನಲ್ಲಿ ಕಾಫಿ ಕುಡಿಯುತ್ತೇನೆ ಎಂದು ಹೇಳಿದರು.,Kannada
أنا أدرس في الجامعة في الجامعة كل يوم.,Arabic
मैं ने कहा कि वह घर में विश्वविद्यालय में पढ़ता हूँ शाम को।,Hindi
ഞാൻ ഇന്ന് പാർക്കിൽ സിനിമ കാണുന്നു.,Malayalam
Εγώ διαβάζω ένα βιβλίο στην πόλη αύριο.,Greek
എല്ലാ ദിവസവും ഞാൻ സർവകലാശാലയിൽ കാപ്പി കുടിക്കുന്നു.,Malayalam
ನಾನು ರೆಸ್ಟೋರೆಂಟ್‌ನಲ್ಲಿ ವ್ಯಾಯಾಮ ಮಾಡುತ್ತೇನೆ ಈ ವಾರ.,Kannada
أنا أتعلم اللغة في المكتبة اليوم.,Arabic
ഞാൻ എല്ലാ ദിവസവും ഓഫീസിൽ പുസ്തകം വായിക്കുന്നു.,Malayalam
"सुबह, मैं पत्र लिखता हूँ घर में।",Hindi
"ಬೆಳಗಿನ ಸಮಯದಲ್ಲಿ, ನಾನು ಉದ್ಯಾನವನದಲ್ಲಿ ವಿಶ್ವವಿದ್ಯಾಲಯದಲ್ಲಿ ಓದುತ್ತೇನೆ.",Kannada
Я читаю книгу в ресторане завтра.,Russian
രാവിലെ ഞാൻ സർവകലാശാലയിൽ ജോലിക്ക് പോകുന്നു.,Malayalam
Εγώ είπε ότι πίνω καφέ στο πάρκο το πρωί.,Greek
मैं ने कहा कि वह घर में व्यायाम करता हूँ सुबह के समय।,Hindi
Εγώ μαθαίνω τη γλώσσα στο γραφείο σήμερα.,Greek
ನಾನು ಇಂದು ರೆಸ್ಟೋರೆಂಟ್‌ನಲ್ಲಿ ಪತ್ರ ಬರೆಯುತ್ತೇನೆ ಎಂದು ಹೇಳಿದರು.,Kannada
ನಾನು ಗ್ರಂಥಾಲಯದಲ್ಲಿ ವ್ಯಾಯಾಮ ಮಾಡುತ್ತೇನೆ ಸಂಜೆ.,Kannada
هذا الأسبوع، أنا أقرأ كتابا في المدرسة.,Arabic
"Я сказал, что иду на работу в городе поздно вечером.",Russian
Εγώ πηγαίνω στη δουλειά στην πόλη το πρωί.,Greek
ഞാൻ രാവിലെ നഗരത്തിൽ വ്യായാമം ചെയ്യുന്നു എന്ന് പറഞ്ഞു.,Malayalam
صباحا، أنا أدرس في الجامعة في المنزل.,Arabic
Я учусь в университете дома сегодня.,Russian
"αύριο, Εγώ βλέπω μια ταινία στο νοσοκομείο.",Greek
أنا أشرب القهوة في المطعم هذا الأسبوع.,Arabic
मैं व्यायाम करता हूँ घर में कल।,Hindi
"நாளை, நான் பள்ளியில் கடிதம் எழுதுகிறேன்.",Tamil
أنا أشرب القهوة في المكتبة في الصباح.,Arabic
قال أنا إنه أقرأ كتابا في المكتبة كل يوم.,Arabic
Εγώ είπε ότι διαβάζω ένα βιβλίο στη βιβλιοθήκη το πρωί.,Greek
Я смотрю фильм в ресторане рано утром.,Russian
நான் பூங்காவில் வேலைக்கு செல்கிறேன் இந்த வாரம்.,Tamil
ನಾನು ವಿಶ್ವವಿದ್ಯಾಲಯದಲ್ಲಿ ಭಾಷೆ ಕಲಿಯುತ್ತೇನೆ ಬೆಳಗಿನ ಸಮಯದಲ್ಲಿ.,Kannada
"αύριο, Εγώ σπουδάζω στο πανεπιστήμιο στην πόλη.",Greek
मैं चाय पीता हूँ शहर में आज।,Hindi
"σήμερα, Εγώ βλέπω μια ταινία στο γραφείο.",Greek
Я смотрю фильм в магазине рано утром.,Russian
Εγώ θέλει να σπουδάζω στο πανεπιστήμιο στο πάρκο.,Greek
ನಾನು ಅಂಗಡಿಯಲ್ಲಿ ಪತ್ರ ಬರೆಯುತ್ತೇನೆ ಸಂಜೆ.,Kannada
Εγώ είπε ότι γράφω ένα γράμμα στο νοσοκομείο νωρίς το πρωί.,Greek
ഞാൻ വൈകുന്നേരം സമയത്ത് നഗരത്തിൽ ഭാഷ പഠിക്കുന്നു.,Malayalam
"Я сказал, что читаю книгу в офисе вечером.",Russian
நான் தினமும் உணவகத்தில் கடிதம் எழுதுகிறேன் என்று கூறினார்.,Tamil
मैं भाषा सीखता हूँ रेस्तरां में शाम को।,Hindi
ನಾನು ಗ್ರಂಥಾಲಯದಲ್ಲಿ ವ್ಯಾಯಾಮ ಮಾಡುತ್ತೇನೆ ಬೆಳಗಿನ ಸಮಯದಲ್ಲಿ.,Kannada
ನಾನು ರೆಸ್ಟೋರೆಂಟ್‌ನಲ್ಲಿ ಕಾಫಿ ಕುಡಿಯುತ್ತೇನೆ ಪ್ರತಿದಿನ.,Kannada
"Я сказал, что изучаю язык в университете поздно вечером.",Russian
मैं ने कहा कि वह पार्क में पत्र लिखता हूँ आज।,Hindi
நான் மாலை நேரத்தில் கடையில் உடற்பயிற்சி செய்கிறேன் என்று கூறினார்.,Tamil
ನಾನು ಗ್ರಂಥಾಲಯದಲ್ಲಿ ಪುಸ್ತಕ ಓದುತ್ತೇನೆ ಸಂಜೆಯ ಸಮಯದಲ್ಲಿ.,Kannada
"இந்த வாரம், நான் பல்கலைக்கழகத்தில் புத்தகம் படிக்கிறேன்.",Tamil
Εγώ θέλει να πηγαίνω στη δουλειά στο κατάστημα.,Greek
मैं ने कहा कि वह शहर में किताब पढ़ता हूँ आज।,Hindi
मैं ने कहा कि वह घर में फिल्म देखता हूँ सुबह।,Hindi
"νωρίς το πρωί, Εγώ πίνω καφέ στη βιβλιοθήκη.",Greek
قال أنا إنه أشاهد فيلما في الجامعة مساء.,Arabic
"αύριο, Εγώ βλέπω μια ταινία στο σχολείο.",Greek
"вечером, Я смотрю фильм в ресторане.",Russian
ನಾನು ಅಂಗಡಿಯಲ್ಲಿ ವ್ಯಾಯಾಮ ಮಾಡುತ್ತೇನೆ ಸಂಜೆ.,Kannada
நான் மாலை நேரத்தில் அலுவலகத்தில் காபி குடிக்கிறேன் என்று கூறினார்.,Tamil
ನಾನು ಮನೆಯಲ್ಲಿ ಭಾಷೆ ಕಲಿಯುತ್ತೇನೆ ಇಂದು.,Kannada
قال أنا إنه أذهب إلى العمل في الجامعة هذا الأسبوع.,Arabic
நான் நகரத்தில் பல்கலைக்கழகத்தில் படிக்கிறேன் காலையில்.,Tamil
ഞാൻ ഈ ആഴ്ച കടയിൽ ഭാഷ പഠിക്കുന്നു എന്ന് പറഞ്ഞു.,Malayalam
"αργά το βράδυ, Εγώ μαθαίνω τη γλώσσα στο κατάστημα.",Greek
நான் கடையில் காபி குடிக்கிறேன் மாலையில்.,Tamil
أنا أقرأ كتابا في المكتبة مساء.,Arabic
قال أنا إنه أقرأ كتابا في المتجر اليوم.,Arabic
ഞാൻ രാവിലെ റെസ്റ്റോറന്റിൽ കത്ത് എഴുതുന്നു.,Malayalam
मैं ने कहा कि वह अस्पताल में फिल्म देखता हूँ हर दिन।,Hindi
"ಬೆಳಿಗ್ಗೆ, ನಾನು ಆಸ್ಪತ್ರೆಯಲ್ಲಿ ಕಾಫಿ ಕುಡಿಯುತ್ತೇನೆ.",Kannada
വൈകുന്നേരം സമയത്ത് ഞാൻ പാർക്കിൽ വ്യായാമം ചെയ്യുന്നു.,Malayalam
غدا، أنا أذهب إلى العمل في المطعم.,Arabic
நான் நூலகத்தில் வேலைக்கு செல்கிறேன் இந்த வாரம்.,Tamil
मैं ने कहा कि वह कार्यालय में काम पर जाता हूँ सुबह के समय।,Hindi
രാവിലെ ഞാൻ കടയിൽ സിനിമ കാണുന്നു.,Malayalam
मैं ने कहा कि वह पुस्तकालय में चाय पीता हूँ हर दिन।,Hindi
"каждый день, Я изучаю язык в магазине.",Russian
"ಇಂದು, ನಾನು ಮನೆಯಲ್ಲಿ ಪತ್ರ ಬರೆಯುತ್ತೇನೆ.",Kannada
ഞാൻ വൈകുന്നേരം നഗരത്തിൽ പുസ്തകം വായിക്കുന്നു.,Malayalam
നാളെ ഞാൻ കടയിൽ പുസ്തകം വായിക്കുന്നു.,Malayalam
मैं भाषा सीखता हूँ रेस्तरां में आज।,Hindi
ನಾನು ಪ್ರತಿದಿನ ಕಚೇರಿಯಲ್ಲಿ ಪತ್ರ ಬರೆಯುತ್ತೇನೆ ಎಂದು ಹೇಳಿದರು.,Kannada
ನಾನು ಬೆಳಿಗ್ಗೆ ವಿಶ್ವವಿದ್ಯಾಲಯದಲ್ಲಿ ಪತ್ರ ಬರೆಯುತ್ತೇನೆ ಎಂದು ಹೇಳಿದರು.,Kannada
صباحا، أنا أكتب رسالة في الحديقة.,Arabic
വൈകുന്നേരം ഞാൻ റെസ്റ്റോറന്റിൽ സർവകലാശാലയിൽ പഠിക്കുന്നു.,Malayalam
"ಸಂಜೆ, ನಾನು ಉದ್ಯಾನವನದಲ್ಲಿ ಕಾಫಿ ಕುಡಿಯುತ್ತೇನೆ.",Kannada
أنا أشرب القهوة في المدينة صباحا.,Arabic
في الصباح، أنا أكتب رسالة في المدينة.,Arabic
ഞാൻ എല്ലാ ദിവസവും ഓഫീസിൽ ഭാഷ പഠിക്കുന്നു.,Malayalam
"शाम को, मैं भाषा सीखता हूँ स्कूल में।",Hindi
"आज, मैं फिल्म देखता हूँ स्कूल में।",Hindi
"ನಾಳೆ, ನಾನು ಅಂಗಡಿಯಲ್ಲಿ ವಿಶ್ವವಿದ್ಯಾಲಯದಲ್ಲಿ ಓದುತ್ತೇನೆ.",Kannada
நான் உணவகத்தில் பல்கலைக்கழகத்தில் படிக்கிறேன் காலை நேரத்தில்.,Tamil
"το βράδυ, Εγώ κάνω γυμναστική στο σπίτι.",Greek
ഞാൻ രാവിലെ നഗരത്തിൽ കാപ്പി കുടിക്കുന്നു എന്ന് പറഞ്ഞു.,Malayalam
Εγώ κάνω γυμναστική στη βιβλιοθήκη το βράδυ.,Greek
Я иду на работу в школе вечером.,Russian
Я учусь в университете в больнице рано утром.,Russian
ನಾನು ಆಸ್ಪತ್ರೆಯಲ್ಲಿ ಸಿನಿಮಾ ನೋಡುತ್ತೇನೆ ಬೆಳಗಿನ ಸಮಯದಲ್ಲಿ.,Kannada
قال أنا إنه أتعلم اللغة في المدينة كل يوم.,Arabic
मैं भाषा सीखता हूँ विश्वविद्यालय में आज।,Hindi
قال أنا إنه أقرأ كتابا في المدرسة اليوم.,Arabic
Я занимаюсь спортом в магазине вечером.,Russian
मैं ने कहा कि वह विश्वविद्यालय में विश्वविद्यालय में पढ़ता हूँ हर दिन।,Hindi
"το βράδυ, Εγώ μαθαίνω τη γλώσσα στην πόλη.",Greek
"каждый день, Я изучаю язык в больнице.",Russian
Εγώ διαβάζω ένα βιβλίο στο σπίτι σήμερα.,Greek
Εγώ είπε ότι πηγαίνω στη δουλειά στο σχολείο αυτή την εβδομάδα.,Greek
"ಇಂದು, ನಾನು ಉದ್ಯಾನವನದಲ್ಲಿ ಸಿನಿಮಾ ನೋಡುತ್ತೇನೆ.",Kannada
"இன்று, நான் அலுவலகத்தில் உடற்பயிற்சி செய்கிறேன்.",Tamil
"காலை நேரத்தில், நான் உணவகத்தில் காபி குடிக்கிறேன்.",Tamil
قال أنا إنه أشاهد فيلما في المدرسة مساء.,Arabic
قال أنا إنه أشرب القهوة في المطعم كل يوم.,Arabic
நான் மாலையில் கடையில் உடற்பயிற்சி செய்கிறேன் என்று கூறினார்.,Tamil
"αργά το βράδυ, Εγώ κάνω γυμναστική στο εστιατόριο.",Greek
"மாலையில், நான் நூலகத்தில் கடிதம் எழுதுகிறேன்.",Tamil
"इस सप्ताह, मैं चाय पीता हूँ अस्पताल में।",Hindi
मैं काम पर जाता हूँ पुस्तकालय में हर दिन।,Hindi
ನಾನು ಇಂದು ಆಸ್ಪತ್ರೆಯಲ್ಲಿ ಭಾಷೆ ಕಲಿಯುತ್ತೇನೆ ಎಂದು ಹೇಳಿದರು.,Kannada
मैं ने कहा कि वह शहर में भाषा सीखता हूँ इस सप्ताह।,Hindi
मैं ने कहा कि वह शहर में व्यायाम करता हूँ शाम को।,Hindi
நான் உணவகத்தில் புத்தகம் படிக்கிறேன் மாலையில்.,Tamil
ഞാൻ രാവിലെ സമയത്ത് നഗരത്തിൽ സിനിമ കാണുന്നു എന്ന് പറഞ്ഞു.,Malayalam
Εγώ είπε ότι πηγαίνω στη δουλειά στο νοσοκομείο αργά το βράδυ.,Greek
"इस सप्ताह, मैं फिल्म देखता हूँ कार्यालय में।",Hindi
"தினமும், நான் கடையில் பல்கலைக்கழகத்தில் படிக்கிறேன்.",Tamil
"हर दिन, मैं विश्वविद्यालय में पढ़ता हूँ अस्पताल में।",Hindi
هذا الأسبوع، أنا أشاهد فيلما في الحديقة.,Arabic
"Я сказал, что учусь в университете в ресторане поздно вечером.",Russian
"Я сказал, что иду на работу в школе каждый день.",Russian
"ನಾಳೆ, ನಾನು ಮನೆಯಲ್ಲಿ ವಿಶ್ವವಿದ್ಯಾಲಯದಲ್ಲಿ ಓದುತ್ತೇನೆ.",Kannada
"ಈ ವಾರ, ನಾನು ಗ್ರಂಥಾಲಯದಲ್ಲಿ ಕೆಲಸಕ್ಕೆ ಹೋಗುತ್ತೇನೆ.",Kannada
വൈകുന്നേരം ഞാൻ കടയിൽ കത്ത് എഴുതുന്നു.,Malayalam
غدا، أنا أمارس الرياضة في المنزل.,Arabic
நான் மருத்துவமனையில் உடற்பயிற்சி செய்கிறேன் நாளை.,Tamil
في الصباح، أنا أتعلم اللغة في المكتبة.,Arabic
Я смотрю фильм в больнице рано утром.,Russian
أنا أشرب القهوة في الحديقة في المساء.,Arabic
मैं ने कहा कि वह स्कूल में विश्वविद्यालय में पढ़ता हूँ कल।,Hindi
"இன்று, நான் அலுவலகத்தில் புத்தகம் படிக்கிறேன்.",Tamil
ഞാൻ എല്ലാ ദിവസവും റെസ്റ്റോറന്റിൽ പുസ്തകം വായിക്കുന്നു.,Malayalam
मैं ने कहा कि वह पार्क में चाय पीता हूँ हर दिन।,Hindi
ഞാൻ ഇന്ന് വീട്ടിൽ പുസ്തകം വായിക്കുന്നു എന്ന് പറഞ്ഞു.,Malayalam
ഞാൻ എല്ലാ ദിവസവും റെസ്റ്റോറന്റിൽ വ്യായാമം ചെയ്യുന്നു.,Malayalam
Εγώ μαθαίνω τη γλώσσα στο νοσοκομείο σήμερα.,Greek
Εγώ διαβάζω ένα βιβλίο στο πάρκο αυτή την εβδομάδα.,Greek
நான் பூங்காவில் கடிதம் எழுதுகிறேன் மாலை நேரத்தில்.,Tamil
أنا يريد أن أقرأ كتابا في المنزل.,Arabic
Εγώ βλέπω μια ταινία στη βιβλιοθήκη το πρωί.,Greek
നാളെ ഞാൻ സർവകലാശാലയിൽ പുസ്തകം വായിക്കുന്നു.,Malayalam
قال أنا إنه أتعلم اللغة في المكتب غدا.,Arabic
Я читаю книгу в университете сегодня.,Russian
நான் நாளை மருத்துவமனையில் புத்தகம் படிக்கிறேன் என்று கூறினார்.,Tamil
"Я сказал, что пишу письмо в больнице вечером.",Russian
ഞാൻ ഇന്ന് റെസ്റ്റോറന്റിൽ കത്ത് എഴുതുന്നു.,Malayalam
Я пишу письмо в ресторане каждый день.,Russian
Я учусь в университете в магазине на этой неделе.,Russian
"மாலை நேரத்தில், நான் நூலகத்தில் காபி குடிக்கிறேன்.",Tamil
मैं ने कहा कि वह पुस्तकालय में विश्वविद्यालय में पढ़ता हूँ कल।,Hindi
ನಾನು ರೆಸ್ಟೋರೆಂಟ್‌ನಲ್ಲಿ ಸಿನಿಮಾ ನೋಡುತ್ತೇನೆ ಈ ವಾರ.,Kannada
ഞാൻ ഇന്ന് സർവകലാശാലയിൽ കത്ത് എഴുതുന്നു എന്ന് പറഞ്ഞു.,Malayalam
நான் மருத்துவமனையில் உடற்பயிற்சி செய்கிறேன் மாலை நேரத்தில்.,Tamil
मैं ने कहा कि वह स्कूल में भाषा सीखता हूँ हर दिन।,Hindi
मैं ने कहा कि वह विश्वविद्यालय में भाषा सीखता हूँ कल।,Hindi
"κάθε μέρα, Εγώ σπουδάζω στο πανεπιστήμιο στο νοσοκομείο.",Greek
நான் பூங்காவில் கடிதம் எழுதுகிறேன் மாலையில்.,Tamil
मैं भाषा सीखता हूँ शहर में सुबह।,Hindi
"இன்று, நான் பள்ளியில் திரைப்படம் பார்க்கிறேன்.",Tamil
Я учусь в университете дома каждый день.,Russian
मैं किताब पढ़ता हूँ शहर में कल।,Hindi
"Я сказал, что иду на работу дома рано утром.",Russian
"вечером, Я читаю книгу в магазине.",Russian
Я пью кофе в школе на этой неделе.,Russian
ನಾನು ರೆಸ್ಟೋರೆಂಟ್‌ನಲ್ಲಿ ಕಾಫಿ ಕುಡಿಯುತ್ತೇನೆ ಬೆಳಗಿನ ಸಮಯದಲ್ಲಿ.,Kannada
Εγώ είπε ότι γράφω ένα γράμμα στο κατάστημα αργά το βράδυ.,Greek
ನಾನು ಶಾಲೆಯಲ್ಲಿ ಕೆಲಸಕ್ಕೆ ಹೋಗುತ್ತೇನೆ ಬೆಳಿಗ್ಗೆ.,Kannada
صباحا، أنا أتعلم اللغة في المكتبة.,Arabic
ನಾನು ಬೆಳಿಗ್ಗೆ ಆಸ್ಪತ್ರೆಯಲ್ಲಿ ಪತ್ರ ಬರೆಯುತ್ತೇನೆ ಎಂದು ಹೇಳಿದರು.,Kannada
Я учусь в университете в библиотеке поздно вечером.,Russian
मैं फिल्म देखता हूँ स्कूल में इस सप्ताह।,Hindi
ഞാൻ വൈകുന്നേരം സമയത്ത് വീട്ടിൽ കാപ്പി കുടിക്കുന്നു.,Malayalam
"Я сказал, что иду на работу в больнице поздно вечером.",Russian
വൈകുന്നേരം ഞാൻ വീട്ടിൽ സർവകലാശാലയിൽ പഠിക്കുന്നു.,Malayalam
मैं फिल्म देखता हूँ पुस्तकालय में कल।,Hindi
"на этой неделе, Я пишу письмо в магазине.",Russian
நான் அலுவலகத்தில் பல்கலைக்கழகத்தில் படிக்கிறேன் தினமும்.,Tamil
ഞാൻ വൈകുന്നേരം സ്കൂളിൽ കാപ്പി കുടിക്കുന്നു.,Malayalam
Εγώ διαβάζω ένα βιβλίο στο πανεπιστήμιο το βράδυ.,Greek
நான் காலையில் நகரத்தில் பல்கலைக்கழகத்தில் படிக்கிறேன் என்று கூறினார்.,Tamil
मैं व्यायाम करता हूँ दुकान में आज।,Hindi
Εγώ μαθαίνω τη γλώσσα στο κατάστημα νωρίς το πρωί.,Greek
أنا أشاهد فيلما في المكتب كل يوم.,Arabic
Εγώ είπε ότι βλέπω μια ταινία στο πάρκο αυτή την εβδομάδα.,Greek
ഞാൻ എല്ലാ ദിവസവും സ്കൂളിൽ കത്ത് എഴുതുന്നു.,Malayalam
"सुबह के समय, मैं व्यायाम करता हूँ पार्क में।",Hindi
اليوم، أنا أشاهد فيلما في المكتب.,Arabic
هذا الأسبوع، أنا أقرأ كتابا في المستشفى.,Arabic
நான் மாலையில் வீட்டில் வேலைக்கு செல்கிறேன் என்று கூறினார்.,Tamil
"рано утром, Я иду на работу в библиотеке.",Russian
"Я сказал, что пишу письмо в школе завтра.",Russian
ನಾನು ಉದ್ಯಾನವನದಲ್ಲಿ ವಿಶ್ವವಿದ್ಯಾಲಯದಲ್ಲಿ ಓದುತ್ತೇನೆ ಪ್ರತಿದಿನ.,Kannada
நான் காலையில் பூங்காவில் உடற்பயிற்சி செய்கிறேன் என்று கூறினார்.,Tamil
"ಇಂದು, ನಾನು ಅಂಗಡಿಯಲ್ಲಿ ಕಾಫಿ ಕುಡಿಯುತ್ತೇನೆ.",Kannada
मैं ने कहा कि वह अस्पताल में भाषा सीखता हूँ शाम को।,Hindi
ನಾನು ಪ್ರತಿದಿನ ಉದ್ಯಾನವನದಲ್ಲಿ ಪತ್ರ ಬರೆಯುತ್ತೇನೆ ಎಂದು ಹೇಳಿದರು.,Kannada
ನಾನು ಆಸ್ಪತ್ರೆಯಲ್ಲಿ ಕಾಫಿ ಕುಡಿಯುತ್ತೇನೆ ಮಾಡಲು ಬಯಸುತ್ತಾನೆ.,Kannada
ನಾನು ಶಾಲೆಯಲ್ಲಿ ವ್ಯಾಯಾಮ ಮಾಡುತ್ತೇನೆ ಮಾಡಲು ಬಯಸುತ್ತಾನೆ.,Kannada
Εγώ είπε ότι πίνω καφέ στο νοσοκομείο αύριο.,Greek
أنا أقرأ كتابا في المطعم كل يوم.,Arabic
"сегодня, Я пью кофе в ресторане.",Russian
நான் காலையில் பல்கலைக்கழகத்தில் உடற்பயிற்சி செய்கிறேன் என்று கூறினார்.,Tamil
ഞാൻ ഇന്ന് ലൈബ്രറിയിൽ കാപ്പി കുടിക്കുന്നു.,Malayalam
Εγώ είπε ότι διαβάζω ένα βιβλίο στο εστιατόριο το βράδυ.,Greek
"Я сказал, что смотрю фильм в городе рано утром.",Russian
நான் மாலையில் பூங்காவில் வேலைக்கு செல்கிறேன் என்று கூறினார்.,Tamil
Εγώ είπε ότι πίνω καφέ στο πάρκο νωρίς το πρωί.,Greek
நான் தினமும் பூங்காவில் மொழி கற்கிறேன் என்று கூறினார்.,Tamil
ನಾನು ವಿಶ್ವವಿದ್ಯಾಲಯದಲ್ಲಿ ಕೆಲಸಕ್ಕೆ ಹೋಗುತ್ತೇನೆ ಸಂಜೆಯ ಸಮಯದಲ್ಲಿ.,Kannada
Εγώ είπε ότι διαβάζω ένα βιβλίο στην πόλη νωρίς το πρωί.,Greek
"αργά το βράδυ, Εγώ βλέπω μια ταινία στο κατάστημα.",Greek
நான் நூலகத்தில் உடற்பயிற்சி செய்கிறேன் மாலையில்.,Tamil
मैं स्कूल में व्यायाम करता हूँ चाहता है।,Hindi
"Я сказал, что смотрю фильм в магазине завтра.",Russian
मैं विश्वविद्यालय में पढ़ता हूँ शहर में शाम को।,Hindi
நான் இன்று பல்கலைக்கழகத்தில் கடிதம் எழுதுகிறேன் என்று கூறினார்.,Tamil
ನಾನು ಇಂದು ಉದ್ಯಾನವನದಲ್ಲಿ ವ್ಯಾಯಾಮ ಮಾಡುತ್ತೇನೆ ಎಂದು ಹೇಳಿದರು.,Kannada
ഞാൻ ഇന്ന് വീട്ടിൽ സിനിമ കാണുന്നു.,Malayalam
"ಬೆಳಿಗ್ಗೆ, ನಾನು ಕಚೇರಿಯಲ್ಲಿ ಸಿನಿಮಾ ನೋಡುತ್ತೇನೆ.",Kannada
ನಾನು ಮನೆಯಲ್ಲಿ ಭಾಷೆ ಕಲಿಯುತ್ತೇನೆ ಬೆಳಿಗ್ಗೆ.,Kannada
Εγώ βλέπω μια ταινία στο πανεπιστήμιο κάθε μέρα.,Greek
قال أنا إنه أقرأ كتابا في الحديقة في الصباح.,Arabic
Εγώ γράφω ένα γράμμα στο σχολείο νωρίς το πρωί.,Greek
मैं पत्र लिखता हूँ कार्यालय में सुबह के समय।,Hindi
ഞാൻ ഇന്ന് ആശുപത്രിയിൽ ജോലിക്ക് പോകുന്നു എന്ന് പറഞ്ഞു.,Malayalam
Я учусь в университете в городе сегодня.,Russian
Εγώ είπε ότι διαβάζω ένα βιβλίο στο σχολείο το βράδυ.,Greek
"рано утром, Я учусь в университете дома.",Russian
Εγώ είπε ότι κάνω γυμναστική στο πάρκο σήμερα.,Greek
நான் தினமும் மருத்துவமனையில் மொழி கற்கிறேன் என்று கூறினார்.,Tamil
ഞാൻ നാളെ സർവകലാശാലയിൽ ജോലിക്ക് പോകുന്നു എന്ന് പറഞ്ഞു.,Malayalam
"ಬೆಳಿಗ್ಗೆ, ನಾನು ರೆಸ್ಟೋರೆಂಟ್‌ನಲ್ಲಿ ಭಾಷೆ ಕಲಿಯುತ್ತೇನೆ.",Kannada
நான் மாலையில் நூலகத்தில் காபி குடிக்கிறேன் என்று கூறினார்.,Tamil
ನಾನು ಬೆಳಿಗ್ಗೆ ಉದ್ಯಾನವನದಲ್ಲಿ ಪತ್ರ ಬರೆಯುತ್ತೇನೆ ಎಂದು ಹೇಳಿದರು.,Kannada
"Я сказал, что пью кофе в городе утром.",Russian
"каждый день, Я пью кофе в университете.",Russian
"νωρίς το πρωί, Εγώ πίνω καφέ στο σχολείο.",Greek
"ಬೆಳಗಿನ ಸಮಯದಲ್ಲಿ, ನಾನು ಕಚೇರಿಯಲ್ಲಿ ಭಾಷೆ ಕಲಿಯುತ್ತೇನೆ.",Kannada
قال أنا إنه أتعلم اللغة في الجامعة في الصباح.,Arabic
Я изучаю язык в ресторане утром.,Russian
"இன்று, நான் நகரத்தில் திரைப்படம் பார்க்கிறேன்.",Tamil
"ಪ್ರತಿದಿನ, ನಾನು ಗ್ರಂಥಾಲಯದಲ್ಲಿ ಕೆಲಸಕ್ಕೆ ಹೋಗುತ್ತೇನೆ.",Kannada
"утром, Я пью кофе в школе.",Russian
أنا أمارس الرياضة في الحديقة في المساء.,Arabic
ഞാൻ എല്ലാ ദിവസവും സ്കൂളിൽ കാപ്പി കുടിക്കുന്നു എന്ന് പറഞ്ഞു.,Malayalam
मैं भाषा सीखता हूँ दुकान में आज।,Hindi
أنا أمارس الرياضة في المتجر اليوم.,Arabic
"शाम के समय, मैं चाय पीता हूँ घर में।",Hindi
ഞാൻ ഈ ആഴ്ച കടയിൽ കാപ്പി കുടിക്കുന്നു എന്ന് പറഞ്ഞു.,Malayalam
நான் இந்த வாரம் பூங்காவில் புத்தகம் படிக்கிறேன் என்று கூறினார்.,Tamil
രാവിലെ സമയത്ത് ഞാൻ കടയിൽ പുസ്തകം വായിക്കുന്നു.,Malayalam
مساء، أنا أقرأ كتابا في الجامعة.,Arabic
Εγώ είπε ότι σπουδάζω στο πανεπιστήμιο στο εστιατόριο το πρωί.,Greek
Я хочет занимаюсь спортом дома.,Russian
Я пишу письмо в университете утром.,Russian
मैं भाषा सीखता हूँ विश्वविद्यालय में सुबह के समय।,Hindi
أنا أذهب إلى العمل في المكتب غدا.,Arabic
مساء، أنا أقرأ كتابا في الحديقة.,Arabic
വൈകുന്നേരം സമയത്ത് ഞാൻ കടയിൽ കാപ്പി കുടിക്കുന്നു.,Malayalam
"αυτή την εβδομάδα, Εγώ γράφω ένα γράμμα στο κατάστημα.",Greek
ഞാൻ വൈകുന്നേരം സമയത്ത് വീട്ടിൽ ജോലിക്ക് പോകുന്നു എന്ന് പറഞ്ഞു.,Malayalam
मैं चाय पीता हूँ शहर में कल।,Hindi
أنا أذهب إلى العمل في المتجر اليوم.,Arabic
ഞാൻ രാവിലെ സമയത്ത് നഗരത്തിൽ പുസ്തകം വായിക്കുന്നു എന്ന് പറഞ്ഞു.,Malayalam
"காலையில், நான் வீட்டில் காபி குடிக்கிறேன்.",Tamil
Εγώ πίνω καφέ στο γραφείο κάθε μέρα.,Greek
ഞാൻ രാവിലെ സമയത്ത് ഓഫീസിൽ കത്ത് എഴുതുന്നു എന്ന് പറഞ്ഞു.,Malayalam
मैं अस्पताल में फिल्म देखता हूँ चाहता है।,Hindi
"каждый день, Я пишу письмо в городе.",Russian
நான் இந்த வாரம் கடையில் கடிதம் எழுதுகிறேன் என்று கூறினார்.,Tamil
मैं ने कहा कि वह शहर में व्यायाम करता हूँ कल।,Hindi
Я пишу письмо в ресторане утром.,Russian
"कल, मैं पत्र लिखता हूँ विश्वविद्यालय में।",Hindi
मैं ने कहा कि वह अस्पताल में किताब पढ़ता हूँ शाम को।,Hindi
في الصباح، أنا أقرأ كتابا في المستشفى.,Arabic
ನಾನು ಬೆಳಿಗ್ಗೆ ಶಾಲೆಯಲ್ಲಿ ಕೆಲಸಕ್ಕೆ ಹೋಗುತ್ತೇನೆ ಎಂದು ಹೇಳಿದರು.,Kannada
أنا يريد أن أشرب القهوة في المدرسة.,Arabic
मैं ने कहा कि वह पुस्तकालय में भाषा सीखता हूँ इस सप्ताह।,Hindi
أنا أقرأ كتابا في المطعم هذا الأسبوع.,Arabic
मैं ने कहा कि वह स्कूल में किताब पढ़ता हूँ इस सप्ताह।,Hindi
"το βράδυ, Εγώ μαθαίνω τη γλώσσα στη βιβλιοθήκη.",Greek
Я хочет пишу письмо дома.,Russian
أنا أتعلم اللغة في الحديقة في الصباح.,Arabic
நான் நகரத்தில் வேலைக்கு செல்கிறேன் இந்த வாரம்.,Tamil
ನಾನು ಇಂದು ನಗರದಲ್ಲಿ ಕೆಲಸಕ್ಕೆ ಹೋಗುತ್ತೇನೆ ಎಂದು ಹೇಳಿದರು.,Kannada
قال أنا إنه أمارس الرياضة في الحديقة مساء.,Arabic
ഞാൻ സ്കൂളിൽ വ്യായാമം ചെയ്യുന്നു ആഗ്രഹിക്കുന്നു.,Malayalam
நான் மாலையில் பள்ளியில் கடிதம் எழுதுகிறேன் என்று கூறினார்.,Tamil
मैं ने कहा कि वह स्कूल में काम पर जाता हूँ शाम के समय।,Hindi
"தினமும், நான் வீட்டில் வேலைக்கு செல்கிறேன்.",Tamil
ഞാൻ രാവിലെ സമയത്ത് ഓഫീസിൽ സർവകലാശാലയിൽ പഠിക്കുന്നു എന്ന് പറഞ്ഞു.,Malayalam
मैं ने कहा कि वह कार्यालय में विश्वविद्यालय में पढ़ता हूँ आज।,Hindi
நான் இன்று வீட்டில் புத்தகம் படிக்கிறேன் என்று கூறினார்.,Tamil
"ಬೆಳಗಿನ ಸಮಯದಲ್ಲಿ, ನಾನು ಅಂಗಡಿಯಲ್ಲಿ ಕಾಫಿ ಕುಡಿಯುತ್ತೇನೆ.",Kannada
நான் கடையில் திரைப்படம் பார்க்கிறேன் மாலையில்.,Tamil
"இன்று, நான் பல்கலைக்கழகத்தில் கடிதம் எழுதுகிறேன்.",Tamil
ഞാൻ എല്ലാ ദിവസവും ലൈബ്രറിയിൽ കാപ്പി കുടിക്കുന്നു എന്ന് പറഞ്ഞു.,Malayalam
நான் மாலையில் அலுவலகத்தில் திரைப்படம் பார்க்கிறேன் என்று கூறினார்.,Tamil
നാളെ ഞാൻ സർവകലാശാലയിൽ സിനിമ കാണുന്നു.,Malayalam
قال أنا إنه أقرأ كتابا في المدرسة مساء.,Arabic
Εγώ είπε ότι πηγαίνω στη δουλειά στο πανεπιστήμιο το πρωί.,Greek
"το βράδυ, Εγώ πηγαίνω στη δουλειά στο πάρκο.",Greek
"σήμερα, Εγώ βλέπω μια ταινία στο πάρκο.",Greek
Εγώ είπε ότι γράφω ένα γράμμα στο νοσοκομείο το πρωί.,Greek
أنا أتعلم اللغة في المستشفى غدا.,Arabic
मैं किताब पढ़ता हूँ कार्यालय में इस सप्ताह।,Hindi
"காலையில், நான் மருத்துவமனையில் காபி குடிக்கிறேன்.",Tamil
ನಾನು ಶಾಲೆಯಲ್ಲಿ ವಿಶ್ವವಿದ್ಯಾಲಯದಲ್ಲಿ ಓದುತ್ತೇನೆ ಬೆಳಿಗ್ಗೆ.,Kannada
Я хочет читаю книгу в офисе.,Russian
मैं व्यायाम करता हूँ पार्क में इस सप्ताह।,Hindi
"κάθε μέρα, Εγώ κάνω γυμναστική στο σχολείο.",Greek
Εγώ είπε ότι σπουδάζω στο πανεπιστήμιο στη βιβλιοθήκη αύριο.,Greek
"सुबह, मैं विश्वविद्यालय में पढ़ता हूँ घर में।",Hindi
في المساء، أنا أشاهد فيلما في المدينة.,Arabic
ನಾನು ರೆಸ್ಟೋರೆಂಟ್‌ನಲ್ಲಿ ಭಾಷೆ ಕಲಿಯುತ್ತೇನೆ ಬೆಳಗಿನ ಸಮಯದಲ್ಲಿ.,Kannada
मैं ने कहा कि वह पुस्तकालय में चाय पीता हूँ शाम को।,Hindi
ನಾನು ಕಚೇರಿಯಲ್ಲಿ ಪುಸ್ತಕ ಓದುತ್ತೇನೆ ಮಾಡಲು ಬಯಸುತ್ತಾನೆ.,Kannada
ನಾನು ರೆಸ್ಟೋರೆಂಟ್‌ನಲ್ಲಿ ವಿಶ್ವವಿದ್ಯಾಲಯದಲ್ಲಿ ಓದುತ್ತೇನೆ ಪ್ರತಿದಿನ.,Kannada
"на этой неделе, Я читаю книгу в университете.",Russian
நான் மாலை நேரத்தில் வீட்டில் புத்தகம் படிக்கிறேன் என்று கூறினார்.,Tamil
ഞാൻ വൈകുന്നേരം ഓഫീസിൽ സിനിമ കാണുന്നു.,Malayalam
Я пью кофе в магазине завтра.,Russian
ഞാൻ എല്ലാ ദിവസവും നഗരത്തിൽ കാപ്പി കുടിക്കുന്നു.,Malayalam
كل يوم، أنا أكتب رسالة في المطعم.,Arabic
நான் மருத்துவமனையில் மொழி கற்கிறேன் மாலையில்.,Tamil
قال أنا إنه أتعلم اللغة في المستشفى كل يوم.,Arabic
أنا يريد أن أتعلم اللغة في المدينة.,Arabic
كل يوم، أنا أذهب إلى العمل في المنزل.,Arabic
أنا أشرب القهوة في المدينة في الصباح.,Arabic
قال أنا إنه أشاهد فيلما في المطعم هذا الأسبوع.,Arabic
വൈകുന്നേരം ഞാൻ നഗരത്തിൽ വ്യായാമം ചെയ്യുന്നു.,Malayalam
"ಬೆಳಿಗ್ಗೆ, ನಾನು ಕಚೇರಿಯಲ್ಲಿ ವಿಶ್ವವಿದ್ಯಾಲಯದಲ್ಲಿ ಓದುತ್ತೇನೆ.",Kannada
"ಬೆಳಗಿನ ಸಮಯದಲ್ಲಿ, ನಾನು ನಗರದಲ್ಲಿ ಪತ್ರ ಬರೆಯುತ್ತೇನೆ.",Kannada
مساء، أنا أدرس في الجامعة في المدينة.,Arabic
اليوم، أنا أمارس الرياضة في المكتب.,Arabic
Εγώ κάνω γυμναστική στο νοσοκομείο αύριο.,Greek
أنا أمارس الرياضة في الحديقة غدا.,Arabic
اليوم، أنا أمارس الرياضة في المدرسة.,Arabic
Я учусь в университете в офисе поздно вечером.,Russian
Я занимаюсь спортом в школе рано утром.,Russian
قال أنا إنه أدرس في الجامعة في الجامعة مساء.,Arabic
"आज, मैं फिल्म देखता हूँ पुस्तकालय में।",Hindi
ನಾನು ಕಚೇರಿಯಲ್ಲಿ ಕೆಲಸಕ್ಕೆ ಹೋಗುತ್ತೇನೆ ಈ ವಾರ.,Kannada
நான் வீட்டில் கடிதம் எழுதுகிறேன் விரும்புகிறார்.,Tamil
Εγώ είπε ότι διαβάζω ένα βιβλίο στο εστιατόριο σήμερα.,Greek
"ಪ್ರತಿದಿನ, ನಾನು ಕಚೇರಿಯಲ್ಲಿ ಕೆಲಸಕ್ಕೆ ಹೋಗುತ್ತೇನೆ.",Kannada
मैं ने कहा कि वह विश्वविद्यालय में पत्र लिखता हूँ सुबह के समय।,Hindi
"завтра, Я иду на работу дома.",Russian
ನಾನು ರೆಸ್ಟೋರೆಂಟ್‌ನಲ್ಲಿ ವಿಶ್ವವಿದ್ಯಾಲಯದಲ್ಲಿ ಓದುತ್ತೇನೆ ಸಂಜೆ.,Kannada
"рано утром, Я пишу письмо в библиотеке.",Russian
ನಾನು ಆಸ್ಪತ್ರೆಯಲ್ಲಿ ವ್ಯಾಯಾಮ ಮಾಡುತ್ತೇನೆ ಬೆಳಗಿನ ಸಮಯದಲ್ಲಿ.,Kannada
ನಾನು ನಗರದಲ್ಲಿ ಕೆಲಸಕ್ಕೆ ಹೋಗುತ್ತೇನೆ ಬೆಳಗಿನ ಸಮಯದಲ್ಲಿ.,Kannada
ನಾನು ಗ್ರಂಥಾಲಯದಲ್ಲಿ ಕೆಲಸಕ್ಕೆ ಹೋಗುತ್ತೇನೆ ಈ ವಾರ.,Kannada
قال أنا إنه أذهب إلى العمل في الحديقة صباحا.,Arabic
"இந்த வாரம், நான் பல்கலைக்கழகத்தில் கடிதம் எழுதுகிறேன்.",Tamil
"மாலை நேரத்தில், நான் கடையில் உடற்பயிற்சி செய்கிறேன்.",Tamil
"ಈ ವಾರ, ನಾನು ಮನೆಯಲ್ಲಿ ಪುಸ್ತಕ ಓದುತ್ತೇನೆ.",Kannada
"நாளை, நான் நகரத்தில் திரைப்படம் பார்க்கிறேன்.",Tamil
मैं ने कहा कि वह पुस्तकालय में पत्र लिखता हूँ शाम के समय।,Hindi
ನಾನು ಉದ್ಯಾನವನದಲ್ಲಿ ಪುಸ್ತಕ ಓದುತ್ತೇನೆ ಪ್ರತಿದಿನ.,Kannada
قال أنا إنه أشرب القهوة في المدينة صباحا.,Arabic
मैं ने कहा कि वह दुकान में चाय पीता हूँ शाम को।,Hindi
"தினமும், நான் பல்கலைக்கழகத்தில் புத்தகம் படிக்கிறேன்.",Tamil
Εγώ είπε ότι κάνω γυμναστική στο πανεπιστήμιο νωρίς το πρωί.,Greek
Εγώ θέλει να βλέπω μια ταινία στο γραφείο.,Greek
"κάθε μέρα, Εγώ βλέπω μια ταινία στο εστιατόριο.",Greek
Εγώ είπε ότι βλέπω μια ταινία στο πάρκο αύριο.,Greek
كل يوم، أنا أدرس في الجامعة في المدينة.,Arabic
Я пишу письмо в парке сегодня.,Russian
أنا أشاهد فيلما في المكتب غدا.,Arabic
"Я сказал, что занимаюсь спортом в парке сегодня.",Russian
"आज, मैं किताब पढ़ता हूँ शहर में।",Hindi
قال أنا إنه أشاهد فيلما في المدرسة هذا الأسبوع.,Arabic
أنا أكتب رسالة في المدينة في الصباح.,Arabic
ನಾನು ಸಂಜೆ ಆಸ್ಪತ್ರೆಯಲ್ಲಿ ಕಾಫಿ ಕುಡಿಯುತ್ತೇನೆ ಎಂದು ಹೇಳಿದರು.,Kannada
ನಾನು ಕಚೇರಿಯಲ್ಲಿ ವಿಶ್ವವಿದ್ಯಾಲಯದಲ್ಲಿ ಓದುತ್ತೇನೆ ಸಂಜೆ.,Kannada
"இந்த வாரம், நான் நகரத்தில் கடிதம் எழுதுகிறேன்.",Tamil
Εγώ είπε ότι σπουδάζω στο πανεπιστήμιο στο πανεπιστήμιο αργά το βράδυ.,Greek
ഞാൻ രാവിലെ സമയത്ത് സ്കൂളിൽ ജോലിക്ക് പോകുന്നു എന്ന് പറഞ്ഞു.,Malayalam
मैं ने कहा कि वह विश्वविद्यालय में किताब पढ़ता हूँ इस सप्ताह।,Hindi
ഞാൻ ഈ ആഴ്ച സ്കൂളിൽ സിനിമ കാണുന്നു.,Malayalam
في الصباح، أنا أشاهد فيلما في المكتبة.,Arabic
أنا أقرأ كتابا في الجامعة صباحا.,Arabic
ഞാൻ നാളെ സർവകലാശാലയിൽ സർവകലാശാലയിൽ പഠിക്കുന്നു എന്ന് പറഞ്ഞു.,Malayalam
നാളെ ഞാൻ സ്കൂളിൽ സർവകലാശാലയിൽ പഠിക്കുന്നു.,Malayalam
أنا أشرب القهوة في المدرسة هذا الأسبوع.,Arabic
Εγώ πίνω καφέ στην πόλη αύριο.,Greek
ನಾನು ಬೆಳಗಿನ ಸಮಯದಲ್ಲಿ ಉದ್ಯಾನವನದಲ್ಲಿ ಪತ್ರ ಬರೆಯುತ್ತೇನೆ ಎಂದು ಹೇಳಿದರು.,Kannada
நான் உணவகத்தில் கடிதம் எழுதுகிறேன் இன்று.,Tamil
ഞാൻ വൈകുന്നേരം സമയത്ത് നഗരത്തിൽ പുസ്തകം വായിക്കുന്നു എന്ന് പറഞ്ഞു.,Malayalam
"ಬೆಳಗಿನ ಸಮಯದಲ್ಲಿ, ನಾನು ನಗರದಲ್ಲಿ ಪುಸ್ತಕ ಓದುತ್ತೇನೆ.",Kannada
Εγώ είπε ότι πηγαίνω στη δουλειά στο πάρκο νωρίς το πρωί.,Greek
"Я сказал, что пишу письмо в библиотеке рано утром.",Russian
أنا أشاهد فيلما في المدرسة كل يوم.,Arabic
قال أنا إنه أدرس في الجامعة في المنزل في الصباح.,Arabic
"இன்று, நான் வீட்டில் காபி குடிக்கிறேன்.",Tamil
मैं चाय पीता हूँ रेस्तरां में सुबह के समय।,Hindi
"αυτή την εβδομάδα, Εγώ μαθαίνω τη γλώσσα στη βιβλιοθήκη.",Greek
ഞാൻ രാവിലെ ലൈബ്രറിയിൽ കത്ത് എഴുതുന്നു എന്ന് പറഞ്ഞു.,Malayalam
"αύριο, Εγώ πίνω καφέ στην πόλη.",Greek
"इस सप्ताह, मैं भाषा सीखता हूँ पार्क में।",Hindi
"நாளை, நான் அலுவலகத்தில் பல்கலைக்கழகத்தில் படிக்கிறேன்.",Tamil
நான் உணவகத்தில் உடற்பயிற்சி செய்கிறேன் இன்று.,Tamil
"कल, मैं पत्र लिखता हूँ स्कूल में।",Hindi
Εγώ είπε ότι σπουδάζω στο πανεπιστήμιο στο γραφείο σήμερα.,Greek
Εγώ κάνω γυμναστική στο εστιατόριο το πρωί.,Greek
"ಬೆಳಗಿನ ಸಮಯದಲ್ಲಿ, ನಾನು ಆಸ್ಪತ್ರೆಯಲ್ಲಿ ಪುಸ್ತಕ ಓದುತ್ತೇನೆ.",Kannada
Εγώ κάνω γυμναστική στο νοσοκομείο αργά το βράδυ.,Greek
मैं ने कहा कि वह विश्वविद्यालय में फिल्म देखता हूँ शाम के समय।,Hindi
"Я сказал, что смотрю фильм в офисе вечером.",Russian
Εγώ είπε ότι κάνω γυμναστική στο εστιατόριο αργά το βράδυ.,Greek
Я учусь в университете в библиотеке завтра.,Russian
मैं व्यायाम करता हूँ स्कूल में कल।,Hindi
"सुबह के समय, मैं किताब पढ़ता हूँ अस्पताल में।",Hindi
मैं भाषा सीखता हूँ शहर में आज।,Hindi
എല്ലാ ദിവസവും ഞാൻ ലൈബ്രറിയിൽ പുസ്തകം വായിക്കുന്നു.,Malayalam
قال أنا إنه أمارس الرياضة في المنزل هذا الأسبوع.,Arabic
"காலையில், நான் நகரத்தில் திரைப்படம் பார்க்கிறேன்.",Tamil
"αργά το βράδυ, Εγώ μαθαίνω τη γλώσσα στο πανεπιστήμιο.",Greek
ഞാൻ രാവിലെ സ്കൂളിൽ കത്ത് എഴുതുന്നു എന്ന് പറഞ്ഞു.,Malayalam
"ನಾಳೆ, ನಾನು ಮನೆಯಲ್ಲಿ ಸಿನಿಮಾ ನೋಡುತ್ತೇನೆ.",Kannada
"ಬೆಳಿಗ್ಗೆ, ನಾನು ಉದ್ಯಾನವನದಲ್ಲಿ ವ್ಯಾಯಾಮ ಮಾಡುತ್ತೇನೆ.",Kannada
நான் மாலை நேரத்தில் பூங்காவில் கடிதம் எழுதுகிறேன் என்று கூறினார்.,Tamil
"Я сказал, что смотрю фильм в магазине на этой неделе.",Russian
ഞാൻ വൈകുന്നേരം ലൈബ്രറിയിൽ ജോലിക്ക് പോകുന്നു എന്ന് പറഞ്ഞു.,Malayalam
"το βράδυ, Εγώ μαθαίνω τη γλώσσα στο σχολείο.",Greek
Εγώ γράφω ένα γράμμα στο γραφείο αυτή την εβδομάδα.,Greek
أنا أشاهد فيلما في المطعم كل يوم.,Arabic
"காலையில், நான் அலுவலகத்தில் உடற்பயிற்சி செய்கிறேன்.",Tamil
ഞാൻ വൈകുന്നേരം റെസ്റ്റോറന്റിൽ വ്യായാമം ചെയ്യുന്നു എന്ന് പറഞ്ഞു.,Malayalam
هذا الأسبوع، أنا أتعلم اللغة في المنزل.,Arabic
വൈകുന്നേരം ഞാൻ ലൈബ്രറിയിൽ പുസ്തകം വായിക്കുന്നു.,Malayalam
Εγώ είπε ότι γράφω ένα γράμμα στο εστιατόριο κάθε μέρα.,Greek
Я изучаю язык в магазине рано утром.,Russian
"σήμερα, Εγώ σπουδάζω στο πανεπιστήμιο στο σχολείο.",Greek
Εγώ είπε ότι διαβάζω ένα βιβλίο στην πόλη αργά το βράδυ.,Greek
நான் நகரத்தில் உடற்பயிற்சி செய்கிறேன் காலையில்.,Tamil
ನಾನು ನಾಳೆ ಅಂಗಡಿಯಲ್ಲಿ ಪತ್ರ ಬರೆಯುತ್ತೇನೆ ಎಂದು ಹೇಳಿದರು.,Kannada
"शाम को, मैं चाय पीता हूँ घर में।",Hindi
ഞാൻ നാളെ റെസ്റ്റോറന്റിൽ കത്ത് എഴുതുന്നു എന്ന് പറഞ്ഞു.,Malayalam
"ಸಂಜೆ, ನಾನು ಗ್ರಂಥಾಲಯದಲ್ಲಿ ಸಿನಿಮಾ ನೋಡುತ್ತೇನೆ.",Kannada
"Я сказал, что изучаю язык в парке на этой неделе.",Russian
വൈകുന്നേരം സമയത്ത് ഞാൻ ഓഫീസിൽ ഭാഷ പഠിക്കുന്നു.,Malayalam
"ನಾಳೆ, ನಾನು ನಗರದಲ್ಲಿ ಕಾಫಿ ಕುಡಿಯುತ್ತೇನೆ.",Kannada
രാവിലെ സമയത്ത് ഞാൻ പാർക്കിൽ വ്യായാമം ചെയ്യുന്നു.,Malayalam
"утром, Я пишу письмо в библиотеке.",Russian
Я занимаюсь спортом в школе на этой неделе.,Russian
ഞാൻ രാവിലെ നഗരത്തിൽ കത്ത് എഴുതുന്നു.,Malayalam
मैं पत्र लिखता हूँ अस्पताल में हर दिन।,Hindi
मैं ने कहा कि वह घर में फिल्म देखता हूँ हर दिन।,Hindi
രാവിലെ ഞാൻ ആശുപത്രിയിൽ കത്ത് എഴുതുന്നു.,Malayalam
நான் இந்த வாரம் பூங்காவில் மொழி கற்கிறேன் என்று கூறினார்.,Tamil
ഞാൻ രാവിലെ സമയത്ത് സർവകലാശാലയിൽ സിനിമ കാണുന്നു എന്ന് പറഞ്ഞു.,Malayalam
நான் காலை நேரத்தில் கடையில் திரைப்படம் பார்க்கிறேன் என்று கூறினார்.,Tamil
"Я сказал, что изучаю язык в школе на этой неделе.",Russian
ഞാൻ എല്ലാ ദിവസവും സർവകലാശാലയിൽ കത്ത് എഴുതുന്നു എന്ന് പറഞ്ഞു.,Malayalam
ನಾನು ಬೆಳಗಿನ ಸಮಯದಲ್ಲಿ ಶಾಲೆಯಲ್ಲಿ ಕಾಫಿ ಕುಡಿಯುತ್ತೇನೆ ಎಂದು ಹೇಳಿದರು.,Kannada
قال أنا إنه أقرأ كتابا في المنزل هذا الأسبوع.,Arabic
मैं व्यायाम करता हूँ स्कूल में शाम को।,Hindi
"आज, मैं फिल्म देखता हूँ दुकान में।",Hindi
قال أنا إنه أقرأ كتابا في المكتب في المساء.,Arabic
"утром, Я смотрю фильм в городе.",Russian
قال أنا إنه أشرب القهوة في الحديقة مساء.,Arabic
ഞാൻ വൈകുന്നേരം വീട്ടിൽ കത്ത് എഴുതുന്നു.,Malayalam
ഞാൻ വൈകുന്നേരം റെസ്റ്റോറന്റിൽ ജോലിക്ക് പോകുന്നു.,Malayalam
ഞാൻ എല്ലാ ദിവസവും റെസ്റ്റോറന്റിൽ കാപ്പി കുടിക്കുന്നു.,Malayalam
ഞാൻ ഈ ആഴ്ച ഓഫീസിൽ പുസ്തകം വായിക്കുന്നു എന്ന് പറഞ്ഞു.,Malayalam
"காலையில், நான் கடையில் மொழி கற்கிறேன்.",Tamil
मैं ने कहा कि वह पुस्तकालय में काम पर जाता हूँ इस सप्ताह।,Hindi
मैं ने कहा कि वह अस्पताल में चाय पीता हूँ शाम के समय।,Hindi
قال أنا إنه أدرس في الجامعة في المكتبة في المساء.,Arabic
كل يوم، أنا أقرأ كتابا في الحديقة.,Arabic
मैं काम पर जाता हूँ अस्पताल में शाम के समय।,Hindi
ನಾನು ನಾಳೆ ಉದ್ಯಾನವನದಲ್ಲಿ ಕೆಲಸಕ್ಕೆ ಹೋಗುತ್ತೇನೆ ಎಂದು ಹೇಳಿದರು.,Kannada
قال أنا إنه أقرأ كتابا في المدينة مساء.,Arabic
நான் நூலகத்தில் புத்தகம் படிக்கிறேன் மாலையில்.,Tamil
Я хочет читаю книгу в библиотеке.,Russian
ನಾನು ಬೆಳಿಗ್ಗೆ ಶಾಲೆಯಲ್ಲಿ ಭಾಷೆ ಕಲಿಯುತ್ತೇನೆ ಎಂದು ಹೇಳಿದರು.,Kannada
"ಬೆಳಗಿನ ಸಮಯದಲ್ಲಿ, ನಾನು ವಿಶ್ವವಿದ್ಯಾಲಯದಲ್ಲಿ ಭಾಷೆ ಕಲಿಯುತ್ತೇನೆ.",Kannada
ನಾನು ಪ್ರತಿದಿನ ಆಸ್ಪತ್ರೆಯಲ್ಲಿ ಭಾಷೆ ಕಲಿಯುತ್ತೇನೆ ಎಂದು ಹೇಳಿದರು.,Kannada
ഞാൻ ഇന്ന് കടയിൽ സിനിമ കാണുന്നു.,Malayalam
"Я сказал, что пью кофе в больнице поздно вечером.",Russian
मैं कार्यालय में विश्वविद्यालय में पढ़ता हूँ चाहता है।,Hindi
ನಾನು ಈ ವಾರ ಶಾಲೆಯಲ್ಲಿ ಪುಸ್ತಕ ಓದುತ್ತೇನೆ ಎಂದು ಹೇಳಿದರು.,Kannada
"ಬೆಳಿಗ್ಗೆ, ನಾನು ಗ್ರಂಥಾಲಯದಲ್ಲಿ ಪತ್ರ ಬರೆಯುತ್ತೇನೆ.",Kannada
நான் இன்று மருத்துவமனையில் திரைப்படம் பார்க்கிறேன் என்று கூறினார்.,Tamil
"Я сказал, что читаю книгу дома рано утром.",Russian
اليوم، أنا أكتب رسالة في المتجر.,Arabic
ഞാൻ വൈകുന്നേരം വീട്ടിൽ സർവകലാശാലയിൽ പഠിക്കുന്നു എന്ന് പറഞ്ഞു.,Malayalam
मैं ने कहा कि वह रेस्तरां में व्यायाम करता हूँ कल।,Hindi
ഞാൻ നാളെ വീട്ടിൽ സർവകലാശാലയിൽ പഠിക്കുന്നു എന്ന് പറഞ്ഞു.,Malayalam
"сегодня, Я иду на работу в офисе.",Russian
"ಸಂಜೆ, ನಾನು ರೆಸ್ಟೋರೆಂಟ್‌ನಲ್ಲಿ ಕಾಫಿ ಕುಡಿಯುತ್ತೇನೆ.",Kannada
मैं व्यायाम करता हूँ पुस्तकालय में हर दिन।,Hindi
मैं चाय पीता हूँ घर में हर दिन।,Hindi
நான் நகரத்தில் காபி குடிக்கிறேன் இன்று.,Tamil
"на этой неделе, Я читаю книгу в магазине.",Russian
غدا، أنا أشاهد فيلما في المدينة.,Arabic
قال أنا إنه أشرب القهوة في المطعم في المساء.,Arabic
كل يوم، أنا أكتب رسالة في الحديقة.,Arabic
ഞാൻ ഇന്ന് ആശുപത്രിയിൽ കത്ത് എഴുതുന്നു.,Malayalam
اليوم، أنا أدرس في الجامعة في المطعم.,Arabic
मैं ने कहा कि वह रेस्तरां में किताब पढ़ता हूँ हर दिन।,Hindi
"Я сказал, что пью кофе в школе сегодня.",Russian
நான் மாலையில் நகரத்தில் புத்தகம் படிக்கிறேன் என்று கூறினார்.,Tamil
هذا الأسبوع، أنا أشرب القهوة في المطعم.,Arabic
രാവിലെ ഞാൻ ഓഫീസിൽ ജോലിക്ക് പോകുന്നു.,Malayalam
ನಾನು ರೆಸ್ಟೋರೆಂಟ್‌ನಲ್ಲಿ ಕಾಫಿ ಕುಡಿಯುತ್ತೇನೆ ಸಂಜೆಯ ಸಮಯದಲ್ಲಿ.,Kannada
मैं फिल्म देखता हूँ पुस्तकालय में शाम के समय।,Hindi
मैं चाय पीता हूँ दुकान में शाम के समय।,Hindi
ഞാൻ രാവിലെ സമയത്ത് നഗരത്തിൽ കാപ്പി കുടിക്കുന്നു എന്ന് പറഞ്ഞു.,Malayalam
Εγώ είπε ότι πηγαίνω στη δουλειά στο εστιατόριο σήμερα.,Greek
ನಾನು ಮನೆಯಲ್ಲಿ ಕಾಫಿ ಕುಡಿಯುತ್ತೇನೆ ಬೆಳಗಿನ ಸಮಯದಲ್ಲಿ.,Kannada
قال أنا إنه أدرس في الجامعة في المكتب هذا الأسبوع.,Arabic
"ಸಂಜೆಯ ಸಮಯದಲ್ಲಿ, ನಾನು ಗ್ರಂಥಾಲಯದಲ್ಲಿ ಪುಸ್ತಕ ಓದುತ್ತೇನೆ.",Kannada
मैं भाषा सीखता हूँ कार्यालय में शाम को।,Hindi
"на этой неделе, Я пью кофе в офисе.",Russian
أنا أشاهد فيلما في المكتبة صباحا.,Arabic
Εγώ είπε ότι κάνω γυμναστική στην πόλη το πρωί.,Greek
Я учусь в университете в офисе рано утром.,Russian
நான் பள்ளியில் மொழி கற்கிறேன் மாலையில்.,Tamil
ഞാൻ രാവിലെ ഓഫീസിൽ പുസ്തകം വായിക്കുന്നു.,Malayalam
രാവിലെ സമയത്ത് ഞാൻ നഗരത്തിൽ വ്യായാമം ചെയ്യുന്നു.,Malayalam
اليوم، أنا أذهب إلى العمل في المكتبة.,Arabic
هذا الأسبوع، أنا أمارس الرياضة في المدرسة.,Arabic
मैं ने कहा कि वह पुस्तकालय में काम पर जाता हूँ सुबह के समय।,Hindi
"தினமும், நான் மருத்துவமனையில் உடற்பயிற்சி செய்கிறேன்.",Tamil
ഞാൻ നാളെ നഗരത്തിൽ ജോലിക്ക് പോകുന്നു എന്ന് പറഞ്ഞു.,Malayalam
ನಾನು ಗ್ರಂಥಾಲಯದಲ್ಲಿ ಪುಸ್ತಕ ಓದುತ್ತೇನೆ ಸಂಜೆ.,Kannada
ನಾನು ಸಂಜೆ ಕಚೇರಿಯಲ್ಲಿ ಪತ್ರ ಬರೆಯುತ್ತೇನೆ ಎಂದು ಹೇಳಿದರು.,Kannada
"कल, मैं किताब पढ़ता हूँ रेस्तरां में।",Hindi
قال أنا إنه أقرأ كتابا في المكتبة في المساء.,Arabic
قال أنا إنه أشاهد فيلما في المكتبة اليوم.,Arabic
நான் அலுவலகத்தில் பல்கலைக்கழகத்தில் படிக்கிறேன் இந்த வாரம்.,Tamil
நான் வீட்டில் காபி குடிக்கிறேன் விரும்புகிறார்.,Tamil
Εγώ γράφω ένα γράμμα στο γραφείο σήμερα.,Greek
"सुबह, मैं विश्वविद्यालय में पढ़ता हूँ पुस्तकालय में।",Hindi
أنا أمارس الرياضة في المكتب كل يوم.,Arabic
"इस सप्ताह, मैं पत्र लिखता हूँ कार्यालय में।",Hindi
"மாலை நேரத்தில், நான் வீட்டில் உடற்பயிற்சி செய்கிறேன்.",Tamil
أنا أدرس في الجامعة في المدينة كل يوم.,Arabic
ನಾನು ನಗರದಲ್ಲಿ ಪತ್ರ ಬರೆಯುತ್ತೇನೆ ಬೆಳಿಗ್ಗೆ.,Kannada
ನಾನು ಮನೆಯಲ್ಲಿ ವಿಶ್ವವಿದ್ಯಾಲಯದಲ್ಲಿ ಓದುತ್ತೇನೆ ಸಂಜೆ.,Kannada
Εγώ θέλει να γράφω ένα γράμμα στο κατάστημα.,Greek
Εγώ είπε ότι μαθαίνω τη γλώσσα στο πάρκο σήμερα.,Greek
غدا، أنا أتعلم اللغة في المستشفى.,Arabic
Εγώ πηγαίνω στη δουλειά στο σχολείο αυτή την εβδομάδα.,Greek
"हर दिन, मैं व्यायाम करता हूँ पुस्तकालय में।",Hindi
مساء، أنا أمارس الرياضة في المكتبة.,Arabic
صباحا، أنا أتعلم اللغة في المنزل.,Arabic
أنا أقرأ كتابا في المكتبة هذا الأسبوع.,Arabic
Εγώ κάνω γυμναστική στην πόλη σήμερα.,Greek
"மாலை நேரத்தில், நான் மருத்துவமனையில் வேலைக்கு செல்கிறேன்.",Tamil
Εγώ είπε ότι κάνω γυμναστική στο νοσοκομείο αύριο.,Greek
ഞാൻ എല്ലാ ദിവസവും നഗരത്തിൽ സർവകലാശാലയിൽ പഠിക്കുന്നു എന്ന് പറഞ്ഞു.,Malayalam
كل يوم، أنا أشاهد فيلما في المكتبة.,Arabic
എല്ലാ ദിവസവും ഞാൻ വീട്ടിൽ സർവകലാശാലയിൽ പഠിക്കുന്നു.,Malayalam
Я учусь в университете в ресторане рано утром.,Russian
Я хочет занимаюсь спортом в библиотеке.,Russian
ഞാൻ വൈകുന്നേരം നഗരത്തിൽ സർവകലാശാലയിൽ പഠിക്കുന്നു.,Malayalam
أنا أذهب إلى العمل في المدينة غدا.,Arabic
"вечером, Я иду на работу в библиотеке.",Russian
ನಾನು ಶಾಲೆಯಲ್ಲಿ ವಿಶ್ವವಿದ್ಯಾಲಯದಲ್ಲಿ ಓದುತ್ತೇನೆ ಸಂಜೆ.,Kannada
Εγώ μαθαίνω τη γλώσσα στο σχολείο αυτή την εβδομάδα.,Greek
ನಾನು ಮನೆಯಲ್ಲಿ ಸಿನಿಮಾ ನೋಡುತ್ತೇನೆ ನಾಳೆ.,Kannada
أنا يريد أن أقرأ كتابا في المكتبة.,Arabic
Εγώ πηγαίνω στη δουλειά στην πόλη νωρίς το πρωί.,Greek
ನಾನು ಆಸ್ಪತ್ರೆಯಲ್ಲಿ ವ್ಯಾಯಾಮ ಮಾಡುತ್ತೇನೆ ನಾಳೆ.,Kannada
Я пью кофе в офисе поздно вечером.,Russian
"आज, मैं व्यायाम करता हूँ स्कूल में।",Hindi
मैं व्यायाम करता हूँ दुकान में शाम के समय।,Hindi
Εγώ γράφω ένα γράμμα στο σχολείο κάθε μέρα.,Greek
Я занимаюсь спортом в парке на этой неделе.,Russian
ನಾನು ಕಚೇರಿಯಲ್ಲಿ ಭಾಷೆ ಕಲಿಯುತ್ತೇನೆ ಪ್ರತಿದಿನ.,Kannada
"αργά το βράδυ, Εγώ γράφω ένα γράμμα στη βιβλιοθήκη.",Greek
நான் கடையில் கடிதம் எழுதுகிறேன் தினமும்.,Tamil
أنا أشاهد فيلما في المطعم هذا الأسبوع.,Arabic
"Я сказал, что пишу письмо в университете завтра.",Russian
"இன்று, நான் வீட்டில் மொழி கற்கிறேன்.",Tamil
ನಾನು ಉದ್ಯಾನವನದಲ್ಲಿ ಕೆಲಸಕ್ಕೆ ಹೋಗುತ್ತೇನೆ ಈ ವಾರ.,Kannada
"शाम को, मैं फिल्म देखता हूँ स्कूल में।",Hindi
"Я сказал, что читаю книгу в больнице каждый день.",Russian
मैं विश्वविद्यालय में पढ़ता हूँ दुकान में आज।,Hindi
ನಾನು ವಿಶ್ವವಿದ್ಯಾಲಯದಲ್ಲಿ ಭಾಷೆ ಕಲಿಯುತ್ತೇನೆ ಈ ವಾರ.,Kannada
ഞാൻ നഗരത്തിൽ സർവകലാശാലയിൽ പഠിക്കുന്നു ആഗ്രഹിക്കുന്നു.,Malayalam
غدا، أنا أقرأ كتابا في المتجر.,Arabic
நான் பல்கலைக்கழகத்தில் பல்கலைக்கழகத்தில் படிக்கிறேன் விரும்புகிறார்.,Tamil
ഞാൻ നാളെ ആശുപത്രിയിൽ ഭാഷ പഠിക്കുന്നു.,Malayalam
मैं ने कहा कि वह रेस्तरां में भाषा सीखता हूँ शाम के समय।,Hindi
நான் உணவகத்தில் கடிதம் எழுதுகிறேன் மாலை நேரத்தில்.,Tamil
قال أنا إنه أشاهد فيلما في الجامعة في المساء.,Arabic
"поздно вечером, Я изучаю язык в больнице.",Russian
मैं ने कहा कि वह रेस्तरां में काम पर जाता हूँ हर दिन।,Hindi
Εγώ πηγαίνω στη δουλειά στην πόλη αυτή την εβδομάδα.,Greek
मैं ने कहा कि वह शहर में काम पर जाता हूँ सुबह।,Hindi
ನಾನು ಬೆಳಿಗ್ಗೆ ಆಸ್ಪತ್ರೆಯಲ್ಲಿ ಸಿನಿಮಾ ನೋಡುತ್ತೇನೆ ಎಂದು ಹೇಳಿದರು.,Kannada
"Я сказал, что занимаюсь спортом в магазине каждый день.",Russian
ನಾನು ಶಾಲೆಯಲ್ಲಿ ಸಿನಿಮಾ ನೋಡುತ್ತೇನೆ ಸಂಜೆ.,Kannada
நான் பல்கலைக்கழகத்தில் மொழி கற்கிறேன் இன்று.,Tamil
ನಾನು ಬೆಳಿಗ್ಗೆ ಉದ್ಯಾನವನದಲ್ಲಿ ವ್ಯಾಯಾಮ ಮಾಡುತ್ತೇನೆ ಎಂದು ಹೇಳಿದರು.,Kannada
ನಾನು ಶಾಲೆಯಲ್ಲಿ ಪತ್ರ ಬರೆಯುತ್ತೇನೆ ಬೆಳಿಗ್ಗೆ.,Kannada
मैं ने कहा कि वह पुस्तकालय में काम पर जाता हूँ कल।,Hindi
ഞാൻ രാവിലെ ഓഫീസിൽ ഭാഷ പഠിക്കുന്നു എന്ന് പറഞ്ഞു.,Malayalam
"на этой неделе, Я читаю книгу в библиотеке.",Russian
Εγώ είπε ότι κάνω γυμναστική στην πόλη αύριο.,Greek
நான் பூங்காவில் காபி குடிக்கிறேன் இந்த வாரம்.,Tamil
मैं फिल्म देखता हूँ विश्वविद्यालय में सुबह।,Hindi
Я пью кофе в парке утром.,Russian
"ಇಂದು, ನಾನು ಕಚೇರಿಯಲ್ಲಿ ಕಾಫಿ ಕುಡಿಯುತ್ತೇನೆ.",Kannada
വൈകുന്നേരം സമയത്ത് ഞാൻ റെസ്റ്റോറന്റിൽ സിനിമ കാണുന്നു.,Malayalam
"ಇಂದು, ನಾನು ಕಚೇರಿಯಲ್ಲಿ ಪತ್ರ ಬರೆಯುತ್ತೇನೆ.",Kannada
Я занимаюсь спортом в библиотеке сегодня.,Russian
நான் இந்த வாரம் மருத்துவமனையில் திரைப்படம் பார்க்கிறேன் என்று கூறினார்.,Tamil
Я учусь в университете в больнице каждый день.,Russian
قال أنا إنه أكتب رسالة في المكتب اليوم.,Arabic
ഞാൻ രാവിലെ സമയത്ത് വീട്ടിൽ കാപ്പി കുടിക്കുന്നു എന്ന് പറഞ്ഞു.,Malayalam
ഞാൻ എല്ലാ ദിവസവും ലൈബ്രറിയിൽ സർവകലാശാലയിൽ പഠിക്കുന്നു എന്ന് പറഞ്ഞു.,Malayalam
मैं घर में विश्वविद्यालय में पढ़ता हूँ चाहता है।,Hindi
Εγώ είπε ότι βλέπω μια ταινία στο εστιατόριο αργά το βράδυ.,Greek
"каждый день, Я иду на работу в библиотеке.",Russian
كل يوم، أنا أكتب رسالة في المكتب.,Arabic
मैं काम पर जाता हूँ विश्वविद्यालय में आज।,Hindi
"αυτή την εβδομάδα, Εγώ διαβάζω ένα βιβλίο στην πόλη.",Greek
நான் பல்கலைக்கழகத்தில் உடற்பயிற்சி செய்கிறேன் காலையில்.,Tamil
Я учусь в университете в ресторане поздно вечером.,Russian
في الصباح، أنا أكتب رسالة في المنزل.,Arabic
"ಬೆಳಗಿನ ಸಮಯದಲ್ಲಿ, ನಾನು ಶಾಲೆಯಲ್ಲಿ ಭಾಷೆ ಕಲಿಯುತ್ತೇನೆ.",Kannada
"Я сказал, что пишу письмо в офисе вечером.",Russian
"காலையில், நான் பல்கலைக்கழகத்தில் உடற்பயிற்சி செய்கிறேன்.",Tamil
ഞാൻ രാവിലെ സമയത്ത് ആശുപത്രിയിൽ ഭാഷ പഠിക്കുന്നു എന്ന് പറഞ്ഞു.,Malayalam
ನಾನು ಶಾಲೆಯಲ್ಲಿ ಪತ್ರ ಬರೆಯುತ್ತೇನೆ ಈ ವಾರ.,Kannada
"कल, मैं काम पर जाता हूँ अस्पताल में।",Hindi
أنا أدرس في الجامعة في المكتبة في المساء.,Arabic
நான் அலுவலகத்தில் கடிதம் எழுதுகிறேன் இன்று.,Tamil
நான் தினமும் பள்ளியில் வேலைக்கு செல்கிறேன் என்று கூறினார்.,Tamil
Εγώ πηγαίνω στη δουλειά στο σχολείο αύριο.,Greek
ನಾನು ಶಾಲೆಯಲ್ಲಿ ಭಾಷೆ ಕಲಿಯುತ್ತೇನೆ ಬೆಳಿಗ್ಗೆ.,Kannada
ഞാൻ വൈകുന്നേരം സ്കൂളിൽ സിനിമ കാണുന്നു എന്ന് പറഞ്ഞു.,Malayalam
വൈകുന്നേരം സമയത്ത് ഞാൻ ഓഫീസിൽ കത്ത് എഴുതുന്നു.,Malayalam
Я занимаюсь спортом в библиотеке рано утром.,Russian
Я хочет занимаюсь спортом в университете.,Russian
أنا أذهب إلى العمل في الحديقة صباحا.,Arabic
ഞാൻ ഈ ആഴ്ച റെസ്റ്റോറന്റിൽ പുസ്തകം വായിക്കുന്നു.,Malayalam
Εγώ μαθαίνω τη γλώσσα στην πόλη νωρίς το πρωί.,Greek
"рано утром, Я иду на работу в городе.",Russian
ഞാൻ വൈകുന്നേരം സമയത്ത് ലൈബ്രറിയിൽ സർവകലാശാലയിൽ പഠിക്കുന്നു.,Malayalam
Εγώ διαβάζω ένα βιβλίο στο νοσοκομείο αυτή την εβδομάδα.,Greek
"αύριο, Εγώ διαβάζω ένα βιβλίο στο πανεπιστήμιο.",Greek
"ಬೆಳಗಿನ ಸಮಯದಲ್ಲಿ, ನಾನು ಮನೆಯಲ್ಲಿ ವ್ಯಾಯಾಮ ಮಾಡುತ್ತೇನೆ.",Kannada
"காலையில், நான் நூலகத்தில் பல்கலைக்கழகத்தில் படிக்கிறேன்.",Tamil
"вечером, Я читаю книгу в больнице.",Russian
Εγώ γράφω ένα γράμμα στο εστιατόριο αυτή την εβδομάδα.,Greek
நான் நாளை வீட்டில் பல்கலைக்கழகத்தில் படிக்கிறேன் என்று கூறினார்.,Tamil
"शाम को, मैं फिल्म देखता हूँ कार्यालय में।",Hindi
Εγώ γράφω ένα γράμμα στη βιβλιοθήκη κάθε μέρα.,Greek
"காலை நேரத்தில், நான் பல்கலைக்கழகத்தில் கடிதம் எழுதுகிறேன்.",Tamil
"शाम को, मैं किताब पढ़ता हूँ पुस्तकालय में।",Hindi
"सुबह, मैं काम पर जाता हूँ घर में।",Hindi
غدا، أنا أذهب إلى العمل في المدينة.,Arabic
Εγώ είπε ότι γράφω ένα γράμμα στο σχολείο αργά το βράδυ.,Greek
هذا الأسبوع، أنا أتعلم اللغة في المستشفى.,Arabic
ನಾನು ನಾಳೆ ಅಂಗಡಿಯಲ್ಲಿ ಕಾಫಿ ಕುಡಿಯುತ್ತೇನೆ ಎಂದು ಹೇಳಿದರು.,Kannada
நான் பள்ளியில் கடிதம் எழுதுகிறேன் காலையில்.,Tamil
ನಾನು ನಗರದಲ್ಲಿ ಪತ್ರ ಬರೆಯುತ್ತೇನೆ ಬೆಳಗಿನ ಸಮಯದಲ್ಲಿ.,Kannada
मैं ने कहा कि वह घर में चाय पीता हूँ हर दिन।,Hindi
मैं फिल्म देखता हूँ अस्पताल में कल।,Hindi
Εγώ μαθαίνω τη γλώσσα στο νοσοκομείο το βράδυ.,Greek
"Я сказал, что смотрю фильм дома сегодня.",Russian
ഞാൻ ഇന്ന് ഓഫീസിൽ സിനിമ കാണുന്നു എന്ന് പറഞ്ഞു.,Malayalam
"вечером, Я пишу письмо в ресторане.",Russian
قال أنا إنه أتعلم اللغة في الحديقة اليوم.,Arabic
"आज, मैं पत्र लिखता हूँ दुकान में।",Hindi
"காலை நேரத்தில், நான் உணவகத்தில் திரைப்படம் பார்க்கிறேன்.",Tamil
मैं ने कहा कि वह स्कूल में फिल्म देखता हूँ शाम के समय।,Hindi
Я изучаю язык в университете сегодня.,Russian
"Я сказал, что смотрю фильм в больнице на этой неделе.",Russian
मैं ने कहा कि वह रेस्तरां में व्यायाम करता हूँ इस सप्ताह।,Hindi
"आज, मैं किताब पढ़ता हूँ अस्पताल में।",Hindi
ഞാൻ എല്ലാ ദിവസവും ആശുപത്രിയിൽ ഭാഷ പഠിക്കുന്നു.,Malayalam
"காலையில், நான் நகரத்தில் காபி குடிக்கிறேன்.",Tamil
मैं ने कहा कि वह स्कूल में विश्वविद्यालय में पढ़ता हूँ इस सप्ताह।,Hindi
Εγώ είπε ότι διαβάζω ένα βιβλίο στη βιβλιοθήκη αύριο.,Greek
நான் இன்று நூலகத்தில் உடற்பயிற்சி செய்கிறேன் என்று கூறினார்.,Tamil
രാവിലെ ഞാൻ ആശുപത്രിയിൽ സർവകലാശാലയിൽ പഠിക്കുന്നു.,Malayalam
मैं ने कहा कि वह कार्यालय में चाय पीता हूँ शाम को।,Hindi
قال أنا إنه أذهب إلى العمل في المستشفى في الصباح.,Arabic
اليوم، أنا أمارس الرياضة في المستشفى.,Arabic
मैं फिल्म देखता हूँ अस्पताल में शाम के समय।,Hindi
ഞാൻ ഈ ആഴ്ച നഗരത്തിൽ വ്യായാമം ചെയ്യുന്നു എന്ന് പറഞ്ഞു.,Malayalam
ನಾನು ಆಸ್ಪತ್ರೆಯಲ್ಲಿ ಪತ್ರ ಬರೆಯುತ್ತೇನೆ ಬೆಳಗಿನ ಸಮಯದಲ್ಲಿ.,Kannada
ನಾನು ಅಂಗಡಿಯಲ್ಲಿ ವ್ಯಾಯಾಮ ಮಾಡುತ್ತೇನೆ ಸಂಜೆಯ ಸಮಯದಲ್ಲಿ.,Kannada
Εγώ πίνω καφέ στη βιβλιοθήκη κάθε μέρα.,Greek
"νωρίς το πρωί, Εγώ βλέπω μια ταινία στην πόλη.",Greek
मैं पत्र लिखता हूँ शहर में सुबह के समय।,Hindi
"ಈ ವಾರ, ನಾನು ಅಂಗಡಿಯಲ್ಲಿ ಕಾಫಿ ಕುಡಿಯುತ್ತೇನೆ.",Kannada
"इस सप्ताह, मैं किताब पढ़ता हूँ दुकान में।",Hindi
"மாலை நேரத்தில், நான் பூங்காவில் புத்தகம் படிக்கிறேன்.",Tamil
"आज, मैं विश्वविद्यालय में पढ़ता हूँ विश्वविद्यालय में।",Hindi
Εγώ γράφω ένα γράμμα στο πάρκο κάθε μέρα.,Greek
"सुबह, मैं व्यायाम करता हूँ विश्वविद्यालय में।",Hindi
"каждый день, Я занимаюсь спортом в больнице.",Russian
Я смотрю фильм дома завтра.,Russian
मैं व्यायाम करता हूँ शहर में सुबह के समय।,Hindi
ഞാൻ ഈ ആഴ്ച കടയിൽ പുസ്തകം വായിക്കുന്നു.,Malayalam
मैं ने कहा कि वह दुकान में पत्र लिखता हूँ इस सप्ताह।,Hindi
நான் அலுவலகத்தில் கடிதம் எழுதுகிறேன் விரும்புகிறார்.,Tamil
Εγώ βλέπω μια ταινία στην πόλη σήμερα.,Greek
"ಸಂಜೆಯ ಸಮಯದಲ್ಲಿ, ನಾನು ಅಂಗಡಿಯಲ್ಲಿ ಸಿನಿಮಾ ನೋಡುತ್ತೇನೆ.",Kannada
"इस सप्ताह, मैं व्यायाम करता हूँ पुस्तकालय में।",Hindi
"ಬೆಳಿಗ್ಗೆ, ನಾನು ಗ್ರಂಥಾಲಯದಲ್ಲಿ ಕೆಲಸಕ್ಕೆ ಹೋಗುತ್ತೇನೆ.",Kannada
രാവിലെ സമയത്ത് ഞാൻ സർവകലാശാലയിൽ വ്യായാമം ചെയ്യുന്നു.,Malayalam
ഞാൻ ഇന്ന് റെസ്റ്റോറന്റിൽ കാപ്പി കുടിക്കുന്നു.,Malayalam
"शाम के समय, मैं विश्वविद्यालय में पढ़ता हूँ पुस्तकालय में।",Hindi
நான் மாலை நேரத்தில் மருத்துவமனையில் புத்தகம் படிக்கிறேன் என்று கூறினார்.,Tamil
मैं ने कहा कि वह पुस्तकालय में पत्र लिखता हूँ सुबह।,Hindi
मैं ने कहा कि वह दुकान में काम पर जाता हूँ शाम को।,Hindi
Εγώ είπε ότι βλέπω μια ταινία στο εστιατόριο το βράδυ.,Greek
ನಾನು ನಗರದಲ್ಲಿ ವಿಶ್ವವಿದ್ಯಾಲಯದಲ್ಲಿ ಓದುತ್ತೇನೆ ಈ ವಾರ.,Kannada
"κάθε μέρα, Εγώ γράφω ένα γράμμα στη βιβλιοθήκη.",Greek
ഞാൻ ഈ ആഴ്ച സർവകലാശാലയിൽ ഭാഷ പഠിക്കുന്നു എന്ന് പറഞ്ഞു.,Malayalam
"सुबह के समय, मैं चाय पीता हूँ पार्क में।",Hindi
"сегодня, Я пишу письмо дома.",Russian
Я хочет пью кофе в библиотеке.,Russian
"इस सप्ताह, मैं व्यायाम करता हूँ पार्क में।",Hindi
Εγώ γράφω ένα γράμμα στο πάρκο σήμερα.,Greek
Εγώ είπε ότι γράφω ένα γράμμα στο σχολείο το πρωί.,Greek
Εγώ κάνω γυμναστική στο εστιατόριο αργά το βράδυ.,Greek
நான் உணவகத்தில் பல்கலைக்கழகத்தில் படிக்கிறேன் இன்று.,Tamil
Я читаю книгу в школе каждый день.,Russian
"மாலையில், நான் பள்ளியில் வேலைக்கு செல்கிறேன்.",Tamil
"рано утром, Я занимаюсь спортом в школе.",Russian
"завтра, Я изучаю язык в школе.",Russian
"மாலை நேரத்தில், நான் அலுவலகத்தில் மொழி கற்கிறேன்.",Tamil
Я смотрю фильм в городе поздно вечером.,Russian
"ಇಂದು, ನಾನು ಅಂಗಡಿಯಲ್ಲಿ ವಿಶ್ವವಿದ್ಯಾಲಯದಲ್ಲಿ ಓದುತ್ತೇನೆ.",Kannada
വൈകുന്നേരം ഞാൻ ലൈബ്രറിയിൽ ജോലിക്ക് പോകുന്നു.,Malayalam
ഈ ആഴ്ച ഞാൻ നഗരത്തിൽ സിനിമ കാണുന്നു.,Malayalam
मैं ने कहा कि वह रेस्तरां में भाषा सीखता हूँ इस सप्ताह।,Hindi
Я смотрю фильм в библиотеке сегодня.,Russian
நான் அலுவலகத்தில் திரைப்படம் பார்க்கிறேன் மாலை நேரத்தில்.,Tamil
"ಬೆಳಿಗ್ಗೆ, ನಾನು ಅಂಗಡಿಯಲ್ಲಿ ಕಾಫಿ ಕುಡಿಯುತ್ತೇನೆ.",Kannada
Εγώ είπε ότι κάνω γυμναστική στο σπίτι το βράδυ.,Greek
ഞാൻ വൈകുന്നേരം സമയത്ത് കടയിൽ കത്ത് എഴുതുന്നു എന്ന് പറഞ്ഞു.,Malayalam
എല്ലാ ദിവസവും ഞാൻ പാർക്കിൽ സിനിമ കാണുന്നു.,Malayalam
"மாலையில், நான் பள்ளியில் காபி குடிக்கிறேன்.",Tamil
هذا الأسبوع، أنا أكتب رسالة في المطعم.,Arabic
أنا أذهب إلى العمل في المدينة هذا الأسبوع.,Arabic
ನಾನು ಸಂಜೆ ಉದ್ಯಾನವನದಲ್ಲಿ ವ್ಯಾಯಾಮ ಮಾಡುತ್ತೇನೆ ಎಂದು ಹೇಳಿದರು.,Kannada
Я пишу письмо в офисе рано утром.,Russian
"Я сказал, что смотрю фильм в школе рано утром.",Russian
Εγώ είπε ότι γράφω ένα γράμμα στην πόλη κάθε μέρα.,Greek
"утром, Я читаю книгу в школе.",Russian
ഞാൻ എല്ലാ ദിവസവും സർവകലാശാലയിൽ ഭാഷ പഠിക്കുന്നു.,Malayalam
Я изучаю язык в магазине завтра.,Russian
രാവിലെ ഞാൻ സ്കൂളിൽ വ്യായാമം ചെയ്യുന്നു.,Malayalam
Εγώ πηγαίνω στη δουλειά στο κατάστημα αύριο.,Greek
ನಾನು ರೆಸ್ಟೋರೆಂಟ್‌ನಲ್ಲಿ ಕೆಲಸಕ್ಕೆ ಹೋಗುತ್ತೇನೆ ಈ ವಾರ.,Kannada
"Я сказал, что пью кофе в больнице на этой неделе.",Russian
"सुबह, मैं चाय पीता हूँ कार्यालय में।",Hindi
Εγώ γράφω ένα γράμμα στο γραφείο αργά το βράδυ.,Greek
قال أنا إنه أمارس الرياضة في المستشفى في الصباح.,Arabic
ನಾನು ಆಸ್ಪತ್ರೆಯಲ್ಲಿ ವ್ಯಾಯಾಮ ಮಾಡುತ್ತೇನೆ ಸಂಜೆ.,Kannada
"सुबह के समय, मैं पत्र लिखता हूँ कार्यालय में।",Hindi
"ಪ್ರತಿದಿನ, ನಾನು ಆಸ್ಪತ್ರೆಯಲ್ಲಿ ಸಿನಿಮಾ ನೋಡುತ್ತೇನೆ.",Kannada
എല്ലാ ദിവസവും ഞാൻ വീട്ടിൽ സിനിമ കാണുന്നു.,Malayalam
मैं विश्वविद्यालय में पढ़ता हूँ स्कूल में हर दिन।,Hindi
ನಾನು ನಾಳೆ ಕಚೇರಿಯಲ್ಲಿ ಕಾಫಿ ಕುಡಿಯುತ್ತೇನೆ ಎಂದು ಹೇಳಿದರು.,Kannada
நான் நகரத்தில் கடிதம் எழுதுகிறேன் இன்று.,Tamil
Εγώ γράφω ένα γράμμα στο νοσοκομείο σήμερα.,Greek
நான் காலையில் அலுவலகத்தில் திரைப்படம் பார்க்கிறேன் என்று கூறினார்.,Tamil
நான் தினமும் நூலகத்தில் திரைப்படம் பார்க்கிறேன் என்று கூறினார்.,Tamil
ഞാൻ നാളെ നഗരത്തിൽ വ്യായാമം ചെയ്യുന്നു.,Malayalam
قال أنا إنه أقرأ كتابا في المتجر كل يوم.,Arabic
രാവിലെ ഞാൻ കടയിൽ ഭാഷ പഠിക്കുന്നു.,Malayalam
Εγώ είπε ότι κάνω γυμναστική στο γραφείο το βράδυ.,Greek
நான் மருத்துவமனையில் மொழி கற்கிறேன் காலையில்.,Tamil
"рано утром, Я пью кофе в офисе.",Russian
"सुबह, मैं विश्वविद्यालय में पढ़ता हूँ रेस्तरां में।",Hindi
ഞാൻ നാളെ വീട്ടിൽ ജോലിക്ക് പോകുന്നു എന്ന് പറഞ്ഞു.,Malayalam
ನಾನು ನಗರದಲ್ಲಿ ಕೆಲಸಕ್ಕೆ ಹೋಗುತ್ತೇನೆ ಮಾಡಲು ಬಯಸುತ್ತಾನೆ.,Kannada
ഞാൻ വൈകുന്നേരം സമയത്ത് സർവകലാശാലയിൽ ഭാഷ പഠിക്കുന്നു എന്ന് പറഞ്ഞു.,Malayalam
"हर दिन, मैं फिल्म देखता हूँ घर में।",Hindi
"κάθε μέρα, Εγώ πηγαίνω στη δουλειά στην πόλη.",Greek
വൈകുന്നേരം ഞാൻ ലൈബ്രറിയിൽ കത്ത് എഴുതുന്നു.,Malayalam
Εγώ είπε ότι μαθαίνω τη γλώσσα στην πόλη αύριο.,Greek
أنا أقرأ كتابا في المكتب اليوم.,Arabic
ഞാൻ രാവിലെ ലൈബ്രറിയിൽ വ്യായാമം ചെയ്യുന്നു എന്ന് പറഞ്ഞു.,Malayalam
Я читаю книгу в магазине утром.,Russian
நான் உணவகத்தில் உடற்பயிற்சி செய்கிறேன் காலை நேரத்தில்.,Tamil
"Я сказал, что пью кофе в парке каждый день.",Russian
"Я сказал, что читаю книгу в школе рано утром.",Russian
ഞാൻ രാവിലെ ആശുപത്രിയിൽ ഭാഷ പഠിക്കുന്നു.,Malayalam
நான் காலை நேரத்தில் நூலகத்தில் வேலைக்கு செல்கிறேன் என்று கூறினார்.,Tamil
Εγώ κάνω γυμναστική στο σπίτι νωρίς το πρωί.,Greek
நான் காலையில் பல்கலைக்கழகத்தில் மொழி கற்கிறேன் என்று கூறினார்.,Tamil
Εγώ είπε ότι πίνω καφέ στο σχολείο το βράδυ.,Greek
"Я сказал, что читаю книгу в офисе утром.",Russian
"рано утром, Я читаю книгу в больнице.",Russian
"каждый день, Я занимаюсь спортом дома.",Russian
"νωρίς το πρωί, Εγώ κάνω γυμναστική στο πανεπιστήμιο.",Greek
أنا يريد أن أذهب إلى العمل في المدينة.,Arabic
"आज, मैं विश्वविद्यालय में पढ़ता हूँ कार्यालय में।",Hindi
"ಬೆಳಗಿನ ಸಮಯದಲ್ಲಿ, ನಾನು ವಿಶ್ವವಿದ್ಯಾಲಯದಲ್ಲಿ ವಿಶ್ವವಿದ್ಯಾಲಯದಲ್ಲಿ ಓದುತ್ತೇನೆ.",Kannada
"Я сказал, что изучаю язык в магазине вечером.",Russian
"Я сказал, что пишу письмо в школе на этой неделе.",Russian
"மாலையில், நான் பூங்காவில் கடிதம் எழுதுகிறேன்.",Tamil
நான் பல்கலைக்கழகத்தில் காபி குடிக்கிறேன் மாலையில்.,Tamil
Я пью кофе в офисе вечером.,Russian
Я смотрю фильм в ресторане каждый день.,Russian
मैं किताब पढ़ता हूँ दुकान में सुबह।,Hindi
ನಾನು ಶಾಲೆಯಲ್ಲಿ ಭಾಷೆ ಕಲಿಯುತ್ತೇನೆ ಮಾಡಲು ಬಯಸುತ್ತಾನೆ.,Kannada
ನಾನು ಗ್ರಂಥಾಲಯದಲ್ಲಿ ಪತ್ರ ಬರೆಯುತ್ತೇನೆ ಮಾಡಲು ಬಯಸುತ್ತಾನೆ.,Kannada
ഞാൻ രാവിലെ സമയത്ത് പാർക്കിൽ സർവകലാശാലയിൽ പഠിക്കുന്നു.,Malayalam
मैं ने कहा कि वह दुकान में व्यायाम करता हूँ इस सप्ताह।,Hindi
أنا أشرب القهوة في المتجر في المساء.,Arabic
ನಾನು ವಿಶ್ವವಿದ್ಯಾಲಯದಲ್ಲಿ ಭಾಷೆ ಕಲಿಯುತ್ತೇನೆ ನಾಳೆ.,Kannada
ഈ ആഴ്ച ഞാൻ വീട്ടിൽ ഭാഷ പഠിക്കുന്നു.,Malayalam
أنا أتعلم اللغة في المتجر في الصباح.,Arabic
ഞാൻ നാളെ ലൈബ്രറിയിൽ പുസ്തകം വായിക്കുന്നു.,Malayalam
"вечером, Я иду на работу в магазине.",Russian
मैं ने कहा कि वह स्कूल में चाय पीता हूँ आज।,Hindi
मैं भाषा सीखता हूँ स्कूल में इस सप्ताह।,Hindi
ನಾನು ಕಚೇರಿಯಲ್ಲಿ ಪುಸ್ತಕ ಓದುತ್ತೇನೆ ಇಂದು.,Kannada
ഞാൻ വൈകുന്നേരം സമയത്ത് ആശുപത്രിയിൽ പുസ്തകം വായിക്കുന്നു.,Malayalam
நான் மாலை நேரத்தில் கடையில் புத்தகம் படிக்கிறேன் என்று கூறினார்.,Tamil
"рано утром, Я пишу письмо в городе.",Russian
ನಾನು ಶಾಲೆಯಲ್ಲಿ ಪುಸ್ತಕ ಓದುತ್ತೇನೆ ಪ್ರತಿದಿನ.,Kannada
"தினமும், நான் பூங்காவில் திரைப்படம் பார்க்கிறேன்.",Tamil
"इस सप्ताह, मैं चाय पीता हूँ कार्यालय में।",Hindi
मैं किताब पढ़ता हूँ दुकान में शाम के समय।,Hindi
ನಾನು ಈ ವಾರ ಶಾಲೆಯಲ್ಲಿ ಸಿನಿಮಾ ನೋಡುತ್ತೇನೆ ಎಂದು ಹೇಳಿದರು.,Kannada
मैं फिल्म देखता हूँ शहर में इस सप्ताह।,Hindi
"σήμερα, Εγώ διαβάζω ένα βιβλίο στο πάρκο.",Greek
Я читаю книгу в парке утром.,Russian
मैं रेस्तरां में काम पर जाता हूँ चाहता है।,Hindi
"ಪ್ರತಿದಿನ, ನಾನು ಅಂಗಡಿಯಲ್ಲಿ ಪುಸ್ತಕ ಓದುತ್ತೇನೆ.",Kannada
"शाम के समय, मैं फिल्म देखता हूँ पुस्तकालय में।",Hindi
"αυτή την εβδομάδα, Εγώ μαθαίνω τη γλώσσα στο νοσοκομείο.",Greek
اليوم، أنا أدرس في الجامعة في المكتبة.,Arabic
நான் நாளை மருத்துவமனையில் காபி குடிக்கிறேன் என்று கூறினார்.,Tamil
ഞാൻ ഇന്ന് കടയിൽ വ്യായാമം ചെയ്യുന്നു എന്ന് പറഞ്ഞു.,Malayalam
ನಾನು ರೆಸ್ಟೋರೆಂಟ್‌ನಲ್ಲಿ ಕಾಫಿ ಕುಡಿಯುತ್ತೇನೆ ನಾಳೆ.,Kannada
मैं ने कहा कि वह घर में विश्वविद्यालय में पढ़ता हूँ आज।,Hindi
"Я сказал, что пишу письмо в университете каждый день.",Russian
"शाम को, मैं भाषा सीखता हूँ पुस्तकालय में।",Hindi
"सुबह, मैं किताब पढ़ता हूँ पुस्तकालय में।",Hindi
நான் இன்று பல்கலைக்கழகத்தில் மொழி கற்கிறேன் என்று கூறினார்.,Tamil
நான் பல்கலைக்கழகத்தில் புத்தகம் படிக்கிறேன் தினமும்.,Tamil
قال أنا إنه أتعلم اللغة في المكتبة في المساء.,Arabic
"σήμερα, Εγώ μαθαίνω τη γλώσσα στη βιβλιοθήκη.",Greek
ഞാൻ വൈകുന്നേരം വീട്ടിൽ ജോലിക്ക് പോകുന്നു.,Malayalam
Εγώ είπε ότι γράφω ένα γράμμα στο γραφείο σήμερα.,Greek
मैं फिल्म देखता हूँ विश्वविद्यालय में इस सप्ताह।,Hindi
قال أنا إنه أشاهد فيلما في المدرسة كل يوم.,Arabic
Εγώ είπε ότι κάνω γυμναστική στη βιβλιοθήκη το πρωί.,Greek
"Я сказал, что смотрю фильм дома поздно вечером.",Russian
मैं किताब पढ़ता हूँ शहर में आज।,Hindi
"каждый день, Я пишу письмо в университете.",Russian
ഞാൻ രാവിലെ കടയിൽ ഭാഷ പഠിക്കുന്നു.,Malayalam
في المساء، أنا أمارس الرياضة في المكتبة.,Arabic
ನಾನು ಅಂಗಡಿಯಲ್ಲಿ ಪುಸ್ತಕ ಓದುತ್ತೇನೆ ಪ್ರತಿದಿನ.,Kannada
Εγώ διαβάζω ένα βιβλίο στο νοσοκομείο το πρωί.,Greek
في المساء، أنا أمارس الرياضة في المكتب.,Arabic
Εγώ διαβάζω ένα βιβλίο στην πόλη νωρίς το πρωί.,Greek
நான் அலுவலகத்தில் மொழி கற்கிறேன் மாலை நேரத்தில்.,Tamil
ನಾನು ಬೆಳಿಗ್ಗೆ ಆಸ್ಪತ್ರೆಯಲ್ಲಿ ಕೆಲಸಕ್ಕೆ ಹೋಗುತ್ತೇನೆ ಎಂದು ಹೇಳಿದರು.,Kannada
مساء، أنا أدرس في الجامعة في المتجر.,Arabic
Я иду на работу в парке поздно вечером.,Russian
"सुबह के समय, मैं काम पर जाता हूँ दुकान में।",Hindi
"το βράδυ, Εγώ βλέπω μια ταινία στο σχολείο.",Greek
"завтра, Я пью кофе в университете.",Russian
ഞാൻ രാവിലെ സമയത്ത് ലൈബ്രറിയിൽ ജോലിക്ക് പോകുന്നു.,Malayalam
ഞാൻ നാളെ ആശുപത്രിയിൽ സർവകലാശാലയിൽ പഠിക്കുന്നു.,Malayalam
"завтра, Я учусь в университете в городе.",Russian
اليوم، أنا أشاهد فيلما في المنزل.,Arabic
"आज, मैं फिल्म देखता हूँ रेस्तरां में।",Hindi
நான் இன்று நகரத்தில் கடிதம் எழுதுகிறேன் என்று கூறினார்.,Tamil
أنا أشاهد فيلما في المنزل في المساء.,Arabic
நான் பூங்காவில் பல்கலைக்கழகத்தில் படிக்கிறேன் தினமும்.,Tamil
"νωρίς το πρωί, Εγώ διαβάζω ένα βιβλίο στο σχολείο.",Greek
मैं किताब पढ़ता हूँ घर में इस सप्ताह।,Hindi
"कल, मैं किताब पढ़ता हूँ घर में।",Hindi
मैं ने कहा कि वह पार्क में फिल्म देखता हूँ इस सप्ताह।,Hindi
मैं ने कहा कि वह रेस्तरां में काम पर जाता हूँ शाम को।,Hindi
ನಾನು ಸಂಜೆಯ ಸಮಯದಲ್ಲಿ ಗ್ರಂಥಾಲಯದಲ್ಲಿ ಪತ್ರ ಬರೆಯುತ್ತೇನೆ ಎಂದು ಹೇಳಿದರು.,Kannada
நான் பல்கலைக்கழகத்தில் மொழி கற்கிறேன் தினமும்.,Tamil
मैं पत्र लिखता हूँ घर में सुबह।,Hindi
ನಾನು ಶಾಲೆಯಲ್ಲಿ ಪುಸ್ತಕ ಓದುತ್ತೇನೆ ಸಂಜೆಯ ಸಮಯದಲ್ಲಿ.,Kannada
ನಾನು ಸಂಜೆಯ ಸಮಯದಲ್ಲಿ ಶಾಲೆಯಲ್ಲಿ ವ್ಯಾಯಾಮ ಮಾಡುತ್ತೇನೆ ಎಂದು ಹೇಳಿದರು.,Kannada
"காலையில், நான் பல்கலைக்கழகத்தில் வேலைக்கு செல்கிறேன்.",Tamil
"Я сказал, что учусь в университете в школе вечером.",Russian
"ನಾಳೆ, ನಾನು ನಗರದಲ್ಲಿ ವಿಶ್ವವಿದ್ಯಾಲಯದಲ್ಲಿ ಓದುತ್ತೇನೆ.",Kannada
நான் இந்த வாரம் நூலகத்தில் கடிதம் எழுதுகிறேன் என்று கூறினார்.,Tamil
ഞാൻ ഈ ആഴ്ച സർവകലാശാലയിൽ പുസ്തകം വായിക്കുന്നു എന്ന് പറഞ്ഞു.,Malayalam
വൈകുന്നേരം ഞാൻ ആശുപത്രിയിൽ സിനിമ കാണുന്നു.,Malayalam
Εγώ είπε ότι σπουδάζω στο πανεπιστήμιο στο πανεπιστήμιο νωρίς το πρωί.,Greek
أنا أمارس الرياضة في المنزل في الصباح.,Arabic
Εγώ σπουδάζω στο πανεπιστήμιο στο κατάστημα σήμερα.,Greek
قال أنا إنه أدرس في الجامعة في الحديقة اليوم.,Arabic
ನಾನು ಗ್ರಂಥಾಲಯದಲ್ಲಿ ವ್ಯಾಯಾಮ ಮಾಡುತ್ತೇನೆ ಸಂಜೆಯ ಸಮಯದಲ್ಲಿ.,Kannada
நான் தினமும் கடையில் வேலைக்கு செல்கிறேன் என்று கூறினார்.,Tamil
मैं ने कहा कि वह विश्वविद्यालय में भाषा सीखता हूँ शाम को।,Hindi
"сегодня, Я занимаюсь спортом в больнице.",Russian
ನಾನು ಬೆಳಗಿನ ಸಮಯದಲ್ಲಿ ನಗರದಲ್ಲಿ ವ್ಯಾಯಾಮ ಮಾಡುತ್ತೇನೆ ಎಂದು ಹೇಳಿದರು.,Kannada
Εγώ είπε ότι πηγαίνω στη δουλειά στο σχολείο αύριο.,Greek
Εγώ κάνω γυμναστική στο γραφείο το βράδυ.,Greek
"ಈ ವಾರ, ನಾನು ವಿಶ್ವವಿದ್ಯಾಲಯದಲ್ಲಿ ಸಿನಿಮಾ ನೋಡುತ್ತೇನೆ.",Kannada
വൈകുന്നേരം സമയത്ത് ഞാൻ നഗരത്തിൽ ജോലിക്ക് പോകുന്നു.,Malayalam
ನಾನು ವಿಶ್ವವಿದ್ಯಾಲಯದಲ್ಲಿ ಸಿನಿಮಾ ನೋಡುತ್ತೇನೆ ಬೆಳಿಗ್ಗೆ.,Kannada
நான் காலை நேரத்தில் பள்ளியில் திரைப்படம் பார்க்கிறேன் என்று கூறினார்.,Tamil
ನಾನು ಉದ್ಯಾನವನದಲ್ಲಿ ಕಾಫಿ ಕುಡಿಯುತ್ತೇನೆ ಪ್ರತಿದಿನ.,Kannada
ನಾನು ಗ್ರಂಥಾಲಯದಲ್ಲಿ ಸಿನಿಮಾ ನೋಡುತ್ತೇನೆ ನಾಳೆ.,Kannada
أنا أتعلم اللغة في المنزل في المساء.,Arabic
நான் இந்த வாரம் அலுவலகத்தில் புத்தகம் படிக்கிறேன் என்று கூறினார்.,Tamil
मैं व्यायाम करता हूँ शहर में सुबह।,Hindi
"காலை நேரத்தில், நான் நகரத்தில் வேலைக்கு செல்கிறேன்.",Tamil
قال أنا إنه أقرأ كتابا في المطعم صباحا.,Arabic
मैं ने कहा कि वह कार्यालय में फिल्म देखता हूँ सुबह के समय।,Hindi
ഞാൻ ഈ ആഴ്ച സ്കൂളിൽ കത്ത് എഴുതുന്നു എന്ന് പറഞ്ഞു.,Malayalam
രാവിലെ സമയത്ത് ഞാൻ സർവകലാശാലയിൽ ജോലിക്ക് പോകുന്നു.,Malayalam
في المساء، أنا أشاهد فيلما في المستشفى.,Arabic
ഞാൻ വൈകുന്നേരം നഗരത്തിൽ കത്ത് എഴുതുന്നു.,Malayalam
"Я сказал, что иду на работу в библиотеке каждый день.",Russian
ഈ ആഴ്ച ഞാൻ സർവകലാശാലയിൽ പുസ്തകം വായിക്കുന്നു.,Malayalam
Я хочет изучаю язык в ресторане.,Russian
मैं ने कहा कि वह दुकान में किताब पढ़ता हूँ शाम के समय।,Hindi
"மாலை நேரத்தில், நான் அலுவலகத்தில் பல்கலைக்கழகத்தில் படிக்கிறேன்.",Tamil
நான் வீட்டில் வேலைக்கு செல்கிறேன் மாலையில்.,Tamil
ನಾನು ಬೆಳಗಿನ ಸಮಯದಲ್ಲಿ ಶಾಲೆಯಲ್ಲಿ ವ್ಯಾಯಾಮ ಮಾಡುತ್ತೇನೆ ಎಂದು ಹೇಳಿದರು.,Kannada
"ಸಂಜೆಯ ಸಮಯದಲ್ಲಿ, ನಾನು ಮನೆಯಲ್ಲಿ ಭಾಷೆ ಕಲಿಯುತ್ತೇನೆ.",Kannada
ನಾನು ಈ ವಾರ ಕಚೇರಿಯಲ್ಲಿ ಸಿನಿಮಾ ನೋಡುತ್ತೇನೆ ಎಂದು ಹೇಳಿದರು.,Kannada
Я хочет пишу письмо в школе.,Russian
ನಾನು ರೆಸ್ಟೋರೆಂಟ್‌ನಲ್ಲಿ ವ್ಯಾಯಾಮ ಮಾಡುತ್ತೇನೆ ಪ್ರತಿದಿನ.,Kannada
मैं ने कहा कि वह शहर में भाषा सीखता हूँ शाम के समय।,Hindi
ನಾನು ಇಂದು ರೆಸ್ಟೋರೆಂಟ್‌ನಲ್ಲಿ ಭಾಷೆ ಕಲಿಯುತ್ತೇನೆ ಎಂದು ಹೇಳಿದರು.,Kannada
ഞാൻ ഈ ആഴ്ച സ്കൂളിൽ സിനിമ കാണുന്നു എന്ന് പറഞ്ഞു.,Malayalam
நான் காலையில் நகரத்தில் காபி குடிக்கிறேன் என்று கூறினார்.,Tamil
"утром, Я смотрю фильм в парке.",Russian
"Я сказал, что пью кофе дома рано утром.",Russian
"நாளை, நான் பல்கலைக்கழகத்தில் வேலைக்கு செல்கிறேன்.",Tamil
Εγώ είπε ότι γράφω ένα γράμμα στη βιβλιοθήκη κάθε μέρα.,Greek
मैं ने कहा कि वह अस्पताल में पत्र लिखता हूँ शाम को।,Hindi
ഞാൻ നാളെ സ്കൂളിൽ പുസ്തകം വായിക്കുന്നു എന്ന് പറഞ്ഞു.,Malayalam
நான் காலையில் வீட்டில் வேலைக்கு செல்கிறேன் என்று கூறினார்.,Tamil
ഞാൻ നഗരത്തിൽ കത്ത് എഴുതുന്നു ആഗ്രഹിക്കുന്നു.,Malayalam
"इस सप्ताह, मैं काम पर जाता हूँ पुस्तकालय में।",Hindi
قال أنا إنه أشاهد فيلما في المدرسة صباحا.,Arabic
Εγώ σπουδάζω στο πανεπιστήμιο στο πανεπιστήμιο αυτή την εβδομάδα.,Greek
ഞാൻ വൈകുന്നേരം ലൈബ്രറിയിൽ ജോലിക്ക് പോകുന്നു.,Malayalam
நான் நாளை கடையில் பல்கலைக்கழகத்தில் படிக்கிறேன் என்று கூறினார்.,Tamil
"ಸಂಜೆ, ನಾನು ವಿಶ್ವವಿದ್ಯಾಲಯದಲ್ಲಿ ಕೆಲಸಕ್ಕೆ ಹೋಗುತ್ತೇನೆ.",Kannada
"το βράδυ, Εγώ σπουδάζω στο πανεπιστήμιο στο γραφείο.",Greek
ഈ ആഴ്ച ഞാൻ വീട്ടിൽ ജോലിക്ക് പോകുന്നു.,Malayalam
Я иду на работу в университете вечером.,Russian
"ಬೆಳಗಿನ ಸಮಯದಲ್ಲಿ, ನಾನು ಆಸ್ಪತ್ರೆಯಲ್ಲಿ ಕಾಫಿ ಕುಡಿಯುತ್ತೇನೆ.",Kannada
ഞാൻ രാവിലെ സമയത്ത് ഓഫീസിൽ പുസ്തകം വായിക്കുന്നു എന്ന് പറഞ്ഞു.,Malayalam
Εγώ είπε ότι κάνω γυμναστική στο εστιατόριο σήμερα.,Greek
"на этой неделе, Я пью кофе в магазине.",Russian
രാവിലെ സമയത്ത് ഞാൻ ലൈബ്രറിയിൽ കാപ്പി കുടിക്കുന്നു.,Malayalam
ನಾನು ಪ್ರತಿದಿನ ವಿಶ್ವವಿದ್ಯಾಲಯದಲ್ಲಿ ವ್ಯಾಯಾಮ ಮಾಡುತ್ತೇನೆ ಎಂದು ಹೇಳಿದರು.,Kannada
ഞാൻ ഇന്ന് റെസ്റ്റോറന്റിൽ ജോലിക്ക് പോകുന്നു.,Malayalam
قال أنا إنه أذهب إلى العمل في المطعم اليوم.,Arabic
Εγώ σπουδάζω στο πανεπιστήμιο στο σπίτι σήμερα.,Greek
ഞാൻ രാവിലെ സമയത്ത് സർവകലാശാലയിൽ കാപ്പി കുടിക്കുന്നു എന്ന് പറഞ്ഞു.,Malayalam
நான் உணவகத்தில் புத்தகம் படிக்கிறேன் காலை நேரத்தில்.,Tamil
"το βράδυ, Εγώ πίνω καφέ στο πανεπιστήμιο.",Greek
ഞാൻ നാളെ സ്കൂളിൽ ഭാഷ പഠിക്കുന്നു.,Malayalam
قال أنا إنه أقرأ كتابا في المكتبة صباحا.,Arabic
"இன்று, நான் நகரத்தில் காபி குடிக்கிறேன்.",Tamil
நான் அலுவலகத்தில் திரைப்படம் பார்க்கிறேன் நாளை.,Tamil
كل يوم، أنا أمارس الرياضة في الجامعة.,Arabic
"Я сказал, что смотрю фильм в офисе сегодня.",Russian
"утром, Я учусь в университете в офисе.",Russian
"утром, Я смотрю фильм в офисе.",Russian
"Я сказал, что иду на работу в школе поздно вечером.",Russian
ഞാൻ വൈകുന്നേരം ആശുപത്രിയിൽ ഭാഷ പഠിക്കുന്നു എന്ന് പറഞ്ഞു.,Malayalam
Я иду на работу в университете каждый день.,Russian
"το βράδυ, Εγώ μαθαίνω τη γλώσσα στο γραφείο.",Greek
Εγώ είπε ότι πηγαίνω στη δουλειά στο πανεπιστήμιο αργά το βράδυ.,Greek
ഞാൻ നാളെ റെസ്റ്റോറന്റിൽ സർവകലാശാലയിൽ പഠിക്കുന്നു.,Malayalam
"рано утром, Я пью кофе в магазине.",Russian
قال أنا إنه أمارس الرياضة في المدرسة غدا.,Arabic
मैं ने कहा कि वह विश्वविद्यालय में चाय पीता हूँ आज।,Hindi
مساء، أنا أكتب رسالة في المستشفى.,Arabic
"ಪ್ರತಿದಿನ, ನಾನು ಕಚೇರಿಯಲ್ಲಿ ಸಿನಿಮಾ ನೋಡುತ್ತೇನೆ.",Kannada
Я иду на работу в ресторане рано утром.,Russian
أنا أمارس الرياضة في الجامعة كل يوم.,Arabic
ഞാൻ വൈകുന്നേരം സമയത്ത് പാർക്കിൽ സർവകലാശാലയിൽ പഠിക്കുന്നു.,Malayalam
"कल, मैं चाय पीता हूँ कार्यालय में।",Hindi
"завтра, Я изучаю язык в университете.",Russian
"இந்த வாரம், நான் உணவகத்தில் வேலைக்கு செல்கிறேன்.",Tamil
"ಸಂಜೆ, ನಾನು ಆಸ್ಪತ್ರೆಯಲ್ಲಿ ವ್ಯಾಯಾಮ ಮಾಡುತ್ತೇನೆ.",Kannada
मैं ने कहा कि वह दुकान में फिल्म देखता हूँ हर दिन।,Hindi
ನಾನು ರೆಸ್ಟೋರೆಂಟ್‌ನಲ್ಲಿ ಭಾಷೆ ಕಲಿಯುತ್ತೇನೆ ಮಾಡಲು ಬಯಸುತ್ತಾನೆ.,Kannada
நான் தினமும் நூலகத்தில் வேலைக்கு செல்கிறேன் என்று கூறினார்.,Tamil
أنا أذهب إلى العمل في المطعم كل يوم.,Arabic
"आज, मैं चाय पीता हूँ दुकान में।",Hindi
Εγώ είπε ότι διαβάζω ένα βιβλίο στο κατάστημα κάθε μέρα.,Greek
Εγώ είπε ότι κάνω γυμναστική στη βιβλιοθήκη κάθε μέρα.,Greek
أنا أدرس في الجامعة في المطعم في المساء.,Arabic
ഞാൻ എല്ലാ ദിവസവും കടയിൽ കത്ത് എഴുതുന്നു എന്ന് പറഞ്ഞു.,Malayalam
ഞാൻ നാളെ നഗരത്തിൽ സർവകലാശാലയിൽ പഠിക്കുന്നു.,Malayalam
ഞാൻ വൈകുന്നേരം സമയത്ത് സ്കൂളിൽ സിനിമ കാണുന്നു.,Malayalam
വൈകുന്നേരം സമയത്ത് ഞാൻ ഓഫീസിൽ വ്യായാമം ചെയ്യുന്നു.,Malayalam
എല്ലാ ദിവസവും ഞാൻ ലൈബ്രറിയിൽ സിനിമ കാണുന്നു.,Malayalam
"на этой неделе, Я пишу письмо в больнице.",Russian
ನಾನು ಆಸ್ಪತ್ರೆಯಲ್ಲಿ ಕೆಲಸಕ್ಕೆ ಹೋಗುತ್ತೇನೆ ಸಂಜೆ.,Kannada
ನಾನು ಉದ್ಯಾನವನದಲ್ಲಿ ವ್ಯಾಯಾಮ ಮಾಡುತ್ತೇನೆ ಸಂಜೆಯ ಸಮಯದಲ್ಲಿ.,Kannada
"утром, Я иду на работу в библиотеке.",Russian
"ಈ ವಾರ, ನಾನು ರೆಸ್ಟೋರೆಂಟ್‌ನಲ್ಲಿ ಕೆಲಸಕ್ಕೆ ಹೋಗುತ್ತೇನೆ.",Kannada
"कल, मैं किताब पढ़ता हूँ पार्क में।",Hindi
"इस सप्ताह, मैं किताब पढ़ता हूँ विश्वविद्यालय में।",Hindi
ನಾನು ಬೆಳಿಗ್ಗೆ ಗ್ರಂಥಾಲಯದಲ್ಲಿ ವಿಶ್ವವಿದ್ಯಾಲಯದಲ್ಲಿ ಓದುತ್ತೇನೆ ಎಂದು ಹೇಳಿದರು.,Kannada
Εγώ διαβάζω ένα βιβλίο στο κατάστημα το πρωί.,Greek
قال أنا إنه أقرأ كتابا في المستشفى مساء.,Arabic
Εγώ γράφω ένα γράμμα στο εστιατόριο το βράδυ.,Greek
എല്ലാ ദിവസവും ഞാൻ ആശുപത്രിയിൽ സിനിമ കാണുന്നു.,Malayalam
"कल, मैं व्यायाम करता हूँ पुस्तकालय में।",Hindi
"आज, मैं विश्वविद्यालय में पढ़ता हूँ अस्पताल में।",Hindi
"каждый день, Я изучаю язык в библиотеке.",Russian
قال أنا إنه أدرس في الجامعة في الحديقة غدا.,Arabic
Εγώ είπε ότι πίνω καφέ στο νοσοκομείο το πρωί.,Greek
"நாளை, நான் நகரத்தில் மொழி கற்கிறேன்.",Tamil
ഞാൻ ആശുപത്രിയിൽ സർവകലാശാലയിൽ പഠിക്കുന്നു ആഗ്രഹിക്കുന്നു.,Malayalam
ನಾನು ಸಂಜೆ ಕಚೇರಿಯಲ್ಲಿ ಕೆಲಸಕ್ಕೆ ಹೋಗುತ್ತೇನೆ ಎಂದು ಹೇಳಿದರು.,Kannada
ನಾನು ಉದ್ಯಾನವನದಲ್ಲಿ ಕಾಫಿ ಕುಡಿಯುತ್ತೇನೆ ಸಂಜೆಯ ಸಮಯದಲ್ಲಿ.,Kannada
मैं काम पर जाता हूँ अस्पताल में आज।,Hindi
"νωρίς το πρωί, Εγώ πηγαίνω στη δουλειά στη βιβλιοθήκη.",Greek
"மாலை நேரத்தில், நான் மருத்துவமனையில் கடிதம் எழுதுகிறேன்.",Tamil
Я смотрю фильм в городе вечером.,Russian
"αργά το βράδυ, Εγώ πηγαίνω στη δουλειά στο πανεπιστήμιο.",Greek
मैं किताब पढ़ता हूँ रेस्तरां में शाम को।,Hindi
நான் இந்த வாரம் பள்ளியில் புத்தகம் படிக்கிறேன் என்று கூறினார்.,Tamil
நான் காலையில் கடையில் திரைப்படம் பார்க்கிறேன் என்று கூறினார்.,Tamil
"ಸಂಜೆ, ನಾನು ರೆಸ್ಟೋರೆಂಟ್‌ನಲ್ಲಿ ಪುಸ್ತಕ ಓದುತ್ತೇನೆ.",Kannada
Εγώ είπε ότι γράφω ένα γράμμα στο πάρκο το πρωί.,Greek
Я занимаюсь спортом в университете каждый день.,Russian
"தினமும், நான் வீட்டில் திரைப்படம் பார்க்கிறேன்.",Tamil
قال أنا إنه أقرأ كتابا في المنزل في المساء.,Arabic
मैं विश्वविद्यालय में पढ़ता हूँ शहर में हर दिन।,Hindi
أنا أذهب إلى العمل في الجامعة كل يوم.,Arabic
"காலையில், நான் உணவகத்தில் மொழி கற்கிறேன்.",Tamil
"Я сказал, что пью кофе в школе поздно вечером.",Russian
मैं चाय पीता हूँ विश्वविद्यालय में इस सप्ताह।,Hindi
ഞാൻ വൈകുന്നേരം ഓഫീസിൽ വ്യായാമം ചെയ്യുന്നു എന്ന് പറഞ്ഞു.,Malayalam
ഞാൻ രാവിലെ സമയത്ത് കടയിൽ സർവകലാശാലയിൽ പഠിക്കുന്നു.,Malayalam
"Я сказал, что иду на работу в школе сегодня.",Russian
ನಾನು ಗ್ರಂಥಾಲಯದಲ್ಲಿ ಪುಸ್ತಕ ಓದುತ್ತೇನೆ ಮಾಡಲು ಬಯಸುತ್ತಾನೆ.,Kannada
"இன்று, நான் வீட்டில் உடற்பயிற்சி செய்கிறேன்.",Tamil
في الصباح، أنا أتعلم اللغة في المستشفى.,Arabic
"завтра, Я пью кофе в городе.",Russian
ഞാൻ വൈകുന്നേരം സർവകലാശാലയിൽ കത്ത് എഴുതുന്നു എന്ന് പറഞ്ഞു.,Malayalam
أنا يريد أن أذهب إلى العمل في المطعم.,Arabic
قال أنا إنه أشاهد فيلما في المطعم في المساء.,Arabic
اليوم، أنا أكتب رسالة في المكتب.,Arabic
ನಾನು ಆಸ್ಪತ್ರೆಯಲ್ಲಿ ಸಿನಿಮಾ ನೋಡುತ್ತೇನೆ ನಾಳೆ.,Kannada
मैं ने कहा कि वह दुकान में चाय पीता हूँ आज।,Hindi
मैं ने कहा कि वह पार्क में व्यायाम करता हूँ शाम को।,Hindi
मैं ने कहा कि वह पुस्तकालय में फिल्म देखता हूँ कल।,Hindi
ನಾನು ಇಂದು ಕಚೇರಿಯಲ್ಲಿ ಕಾಫಿ ಕುಡಿಯುತ್ತೇನೆ ಎಂದು ಹೇಳಿದರು.,Kannada
"ಬೆಳಗಿನ ಸಮಯದಲ್ಲಿ, ನಾನು ವಿಶ್ವವಿದ್ಯಾಲಯದಲ್ಲಿ ಸಿನಿಮಾ ನೋಡುತ್ತೇನೆ.",Kannada
Я занимаюсь спортом в университете утром.,Russian
"ಈ ವಾರ, ನಾನು ನಗರದಲ್ಲಿ ಪುಸ್ತಕ ಓದುತ್ತೇನೆ.",Kannada
قال أنا إنه أذهب إلى العمل في الحديقة مساء.,Arabic
"इस सप्ताह, मैं चाय पीता हूँ घर में।",Hindi
நான் மருத்துவமனையில் புத்தகம் படிக்கிறேன் காலையில்.,Tamil
Εγώ πηγαίνω στη δουλειά στην πόλη το βράδυ.,Greek
ഞാൻ വൈകുന്നേരം ലൈബ്രറിയിൽ വ്യായാമം ചെയ്യുന്നു.,Malayalam
நான் காலையில் பூங்காவில் வேலைக்கு செல்கிறேன் என்று கூறினார்.,Tamil
Εγώ γράφω ένα γράμμα στη βιβλιοθήκη το πρωί.,Greek
मैं ने कहा कि वह रेस्तरां में पत्र लिखता हूँ हर दिन।,Hindi
Я занимаюсь спортом в школе вечером.,Russian
ഞാൻ ഈ ആഴ്ച റെസ്റ്റോറന്റിൽ വ്യായാമം ചെയ്യുന്നു.,Malayalam
मैं फिल्म देखता हूँ अस्पताल में शाम को।,Hindi
मैं ने कहा कि वह पार्क में पत्र लिखता हूँ सुबह।,Hindi
நான் வீட்டில் புத்தகம் படிக்கிறேன் இந்த வாரம்.,Tamil
ഞാൻ രാവിലെ സർവകലാശാലയിൽ ജോലിക്ക് പോകുന്നു എന്ന് പറഞ്ഞു.,Malayalam
قال أنا إنه أقرأ كتابا في المدينة كل يوم.,Arabic
أنا أشاهد فيلما في المدينة كل يوم.,Arabic
मैं काम पर जाता हूँ शहर में सुबह के समय।,Hindi
"ಬೆಳಿಗ್ಗೆ, ನಾನು ಮನೆಯಲ್ಲಿ ಪತ್ರ ಬರೆಯುತ್ತೇನೆ.",Kannada
Я хочет пью кофе в больнице.,Russian
Εγώ βλέπω μια ταινία στο πανεπιστήμιο αργά το βράδυ.,Greek
मैं चाय पीता हूँ स्कूल में सुबह के समय।,Hindi
"σήμερα, Εγώ μαθαίνω τη γλώσσα στο νοσοκομείο.",Greek
Εγώ είπε ότι μαθαίνω τη γλώσσα στο σπίτι το πρωί.,Greek
"Я сказал, что изучаю язык в ресторане сегодня.",Russian
ನಾನು ಸಂಜೆಯ ಸಮಯದಲ್ಲಿ ಆಸ್ಪತ್ರೆಯಲ್ಲಿ ಭಾಷೆ ಕಲಿಯುತ್ತೇನೆ ಎಂದು ಹೇಳಿದರು.,Kannada
मैं स्कूल में फिल्म देखता हूँ चाहता है।,Hindi
ഞാൻ ഈ ആഴ്ച സ്കൂളിൽ പുസ്തകം വായിക്കുന്നു എന്ന് പറഞ്ഞു.,Malayalam
"शाम को, मैं व्यायाम करता हूँ कार्यालय में।",Hindi
मैं फिल्म देखता हूँ विश्वविद्यालय में आज।,Hindi
ഞാൻ ഈ ആഴ്ച പാർക്കിൽ ഭാഷ പഠിക്കുന്നു.,Malayalam
Я читаю книгу в городе утром.,Russian
قال أنا إنه أشاهد فيلما في المستشفى في الصباح.,Arabic
"Я сказал, что читаю книгу в магазине поздно вечером.",Russian
Εγώ είπε ότι μαθαίνω τη γλώσσα στο νοσοκομείο το βράδυ.,Greek
Я учусь в университете в парке сегодня.,Russian
நான் பள்ளியில் திரைப்படம் பார்க்கிறேன் விரும்புகிறார்.,Tamil
രാവിലെ സമയത്ത് ഞാൻ വീട്ടിൽ സർവകലാശാലയിൽ പഠിക്കുന്നു.,Malayalam
"Я сказал, что занимаюсь спортом в городе рано утром.",Russian
നാളെ ഞാൻ ആശുപത്രിയിൽ സിനിമ കാണുന്നു.,Malayalam
ഈ ആഴ്ച ഞാൻ ലൈബ്രറിയിൽ ജോലിക്ക് പോകുന്നു.,Malayalam
എല്ലാ ദിവസവും ഞാൻ കടയിൽ കാപ്പി കുടിക്കുന്നു.,Malayalam
"ಈ ವಾರ, ನಾನು ನಗರದಲ್ಲಿ ಸಿನಿಮಾ ನೋಡುತ್ತೇನೆ.",Kannada
"ಸಂಜೆ, ನಾನು ಮನೆಯಲ್ಲಿ ಕಾಫಿ ಕುಡಿಯುತ್ತೇನೆ.",Kannada
أنا أشرب القهوة في الحديقة صباحا.,Arabic
أنا أتعلم اللغة في المدرسة صباحا.,Arabic
Εγώ σπουδάζω στο πανεπιστήμιο στην πόλη το βράδυ.,Greek
أنا أذهب إلى العمل في المتجر صباحا.,Arabic
Εγώ είπε ότι μαθαίνω τη γλώσσα στην πόλη το πρωί.,Greek
ഞാൻ രാവിലെ ആശുപത്രിയിൽ വ്യായാമം ചെയ്യുന്നു എന്ന് പറഞ്ഞു.,Malayalam
"Я сказал, что учусь в университете в университете вечером.",Russian
நான் கடையில் உடற்பயிற்சி செய்கிறேன் விரும்புகிறார்.,Tamil
എല്ലാ ദിവസവും ഞാൻ ഓഫീസിൽ ഭാഷ പഠിക്കുന്നു.,Malayalam
"शाम को, मैं काम पर जाता हूँ दुकान में।",Hindi
"कल, मैं व्यायाम करता हूँ पार्क में।",Hindi
صباحا، أنا أمارس الرياضة في المتجر.,Arabic
Εγώ κάνω γυμναστική στο σχολείο το πρωί.,Greek
"காலையில், நான் கடையில் கடிதம் எழுதுகிறேன்.",Tamil
قال أنا إنه أذهب إلى العمل في الحديقة كل يوم.,Arabic
मैं ने कहा कि वह पुस्तकालय में काम पर जाता हूँ शाम को।,Hindi
രാവിലെ ഞാൻ കടയിൽ പുസ്തകം വായിക്കുന്നു.,Malayalam
Εγώ βλέπω μια ταινία στο πάρκο σήμερα.,Greek
"कल, मैं व्यायाम करता हूँ रेस्तरां में।",Hindi
"σήμερα, Εγώ διαβάζω ένα βιβλίο στην πόλη.",Greek
मैं भाषा सीखता हूँ पुस्तकालय में शाम को।,Hindi
"மாலை நேரத்தில், நான் பல்கலைக்கழகத்தில் காபி குடிக்கிறேன்.",Tamil
أنا أدرس في الجامعة في المدرسة صباحا.,Arabic
"इस सप्ताह, मैं भाषा सीखता हूँ स्कूल में।",Hindi
நான் தினமும் மருத்துவமனையில் வேலைக்கு செல்கிறேன் என்று கூறினார்.,Tamil
मैं ने कहा कि वह विश्वविद्यालय में चाय पीता हूँ सुबह।,Hindi
"сегодня, Я учусь в университете в библиотеке.",Russian
நான் மருத்துவமனையில் பல்கலைக்கழகத்தில் படிக்கிறேன் நாளை.,Tamil
"आज, मैं किताब पढ़ता हूँ पुस्तकालय में।",Hindi
Εγώ είπε ότι πίνω καφέ στη βιβλιοθήκη αργά το βράδυ.,Greek
मैं फिल्म देखता हूँ विश्वविद्यालय में शाम को।,Hindi
"Я сказал, что занимаюсь спортом в университете сегодня.",Russian
Εγώ είπε ότι μαθαίνω τη γλώσσα στο εστιατόριο το πρωί.,Greek
Εγώ κάνω γυμναστική στο σπίτι το πρωί.,Greek
"இன்று, நான் பல்கலைக்கழகத்தில் பல்கலைக்கழகத்தில் படிக்கிறேன்.",Tamil
ನಾನು ಮನೆಯಲ್ಲಿ ಕೆಲಸಕ್ಕೆ ಹೋಗುತ್ತೇನೆ ನಾಳೆ.,Kannada
ഞാൻ ഇന്ന് പാർക്കിൽ ഭാഷ പഠിക്കുന്നു.,Malayalam
"காலை நேரத்தில், நான் உணவகத்தில் பல்கலைக்கழகத்தில் படிக்கிறேன்.",Tamil
أنا يريد أن أمارس الرياضة في الحديقة.,Arabic
Я иду на работу в библиотеке утром.,Russian
"தினமும், நான் கடையில் உடற்பயிற்சி செய்கிறேன்.",Tamil
"утром, Я занимаюсь спортом в ресторане.",Russian
صباحا، أنا أكتب رسالة في المدينة.,Arabic
أنا أقرأ كتابا في الحديقة كل يوم.,Arabic
நான் உணவகத்தில் கடிதம் எழுதுகிறேன் இந்த வாரம்.,Tamil
"மாலை நேரத்தில், நான் உணவகத்தில் உடற்பயிற்சி செய்கிறேன்.",Tamil
أنا أكتب رسالة في الحديقة صباحا.,Arabic
Εγώ είπε ότι μαθαίνω τη γλώσσα στο γραφείο αργά το βράδυ.,Greek
ನಾನು ನಗರದಲ್ಲಿ ಕಾಫಿ ಕುಡಿಯುತ್ತೇನೆ ಬೆಳಿಗ್ಗೆ.,Kannada
"Я сказал, что иду на работу дома на этой неделе.",Russian
كل يوم، أنا أدرس في الجامعة في المستشفى.,Arabic
நான் பள்ளியில் உடற்பயிற்சி செய்கிறேன் காலை நேரத்தில்.,Tamil
قال أنا إنه أشرب القهوة في المستشفى في الصباح.,Arabic
"ಸಂಜೆಯ ಸಮಯದಲ್ಲಿ, ನಾನು ರೆಸ್ಟೋರೆಂಟ್‌ನಲ್ಲಿ ವಿಶ್ವವಿದ್ಯಾಲಯದಲ್ಲಿ ಓದುತ್ತೇನೆ.",Kannada
ನಾನು ಗ್ರಂಥಾಲಯದಲ್ಲಿ ಕಾಫಿ ಕುಡಿಯುತ್ತೇನೆ ಈ ವಾರ.,Kannada
நான் நாளை பள்ளியில் மொழி கற்கிறேன் என்று கூறினார்.,Tamil
أنا أشاهد فيلما في المستشفى صباحا.,Arabic
मैं शहर में पत्र लिखता हूँ चाहता है।,Hindi
"शाम को, मैं काम पर जाता हूँ रेस्तरां में।",Hindi
நான் இந்த வாரம் உணவகத்தில் பல்கலைக்கழகத்தில் படிக்கிறேன் என்று கூறினார்.,Tamil
"το βράδυ, Εγώ κάνω γυμναστική στο πανεπιστήμιο.",Greek
मैं फिल्म देखता हूँ स्कूल में सुबह।,Hindi
"каждый день, Я пью кофе в парке.",Russian
مساء، أنا أشاهد فيلما في المستشفى.,Arabic
Я пишу письмо в магазине поздно вечером.,Russian
ನಾನು ಗ್ರಂಥಾಲಯದಲ್ಲಿ ಪುಸ್ತಕ ಓದುತ್ತೇನೆ ನಾಳೆ.,Kannada
நான் உணவகத்தில் காபி குடிக்கிறேன் தினமும்.,Tamil
मैं पत्र लिखता हूँ पुस्तकालय में इस सप्ताह।,Hindi
Εγώ είπε ότι μαθαίνω τη γλώσσα στο κατάστημα αυτή την εβδομάδα.,Greek
ഞാൻ എല്ലാ ദിവസവും പാർക്കിൽ പുസ്തകം വായിക്കുന്നു.,Malayalam
أنا أشرب القهوة في المكتب مساء.,Arabic
ഞാൻ എല്ലാ ദിവസവും ഓഫീസിൽ കാപ്പി കുടിക്കുന്നു.,Malayalam
"மாலையில், நான் அலுவலகத்தில் புத்தகம் படிக்கிறேன்.",Tamil
நான் தினமும் பள்ளியில் கடிதம் எழுதுகிறேன் என்று கூறினார்.,Tamil
"сегодня, Я учусь в университете дома.",Russian
ನಾನು ಈ ವಾರ ಗ್ರಂಥಾಲಯದಲ್ಲಿ ವ್ಯಾಯಾಮ ಮಾಡುತ್ತೇನೆ ಎಂದು ಹೇಳಿದರು.,Kannada
मैं किताब पढ़ता हूँ पुस्तकालय में शाम के समय।,Hindi
मैं किताब पढ़ता हूँ पुस्तकालय में सुबह के समय।,Hindi
ഞാൻ ഇന്ന് പാർക്കിൽ ഭാഷ പഠിക്കുന്നു എന്ന് പറഞ്ഞു.,Malayalam
ನಾನು ಬೆಳಿಗ್ಗೆ ಮನೆಯಲ್ಲಿ ಪುಸ್ತಕ ಓದುತ್ತೇನೆ ಎಂದು ಹೇಳಿದರು.,Kannada
ನಾನು ಪ್ರತಿದಿನ ವಿಶ್ವವಿದ್ಯಾಲಯದಲ್ಲಿ ಪತ್ರ ಬರೆಯುತ್ತೇನೆ ಎಂದು ಹೇಳಿದರು.,Kannada
أنا أشرب القهوة في المكتبة مساء.,Arabic
ഞാൻ ഈ ആഴ്ച വീട്ടിൽ കത്ത് എഴുതുന്നു എന്ന് പറഞ്ഞു.,Malayalam
मैं ने कहा कि वह स्कूल में पत्र लिखता हूँ सुबह।,Hindi
"το πρωί, Εγώ διαβάζω ένα βιβλίο στο γραφείο.",Greek
நான் மாலை நேரத்தில் மருத்துவமனையில் பல்கலைக்கழகத்தில் படிக்கிறேன் என்று கூறினார்.,Tamil
ഈ ആഴ്ച ഞാൻ സർവകലാശാലയിൽ ഭാഷ പഠിക്കുന്നു.,Malayalam
"ಬೆಳಿಗ್ಗೆ, ನಾನು ಅಂಗಡಿಯಲ್ಲಿ ಪತ್ರ ಬರೆಯುತ್ತೇನೆ.",Kannada
വൈകുന്നേരം സമയത്ത് ഞാൻ സർവകലാശാലയിൽ വ്യായാമം ചെയ്യുന്നു.,Malayalam
"காலை நேரத்தில், நான் நகரத்தில் பல்கலைக்கழகத்தில் படிக்கிறேன்.",Tamil
"κάθε μέρα, Εγώ πίνω καφέ στο σπίτι.",Greek
Я иду на работу в университете сегодня.,Russian
ನಾನು ಗ್ರಂಥಾಲಯದಲ್ಲಿ ಭಾಷೆ ಕಲಿಯುತ್ತೇನೆ ಮಾಡಲು ಬಯಸುತ್ತಾನೆ.,Kannada
ഞാൻ ഈ ആഴ്ച കടയിൽ പുസ്തകം വായിക്കുന്നു എന്ന് പറഞ്ഞു.,Malayalam
هذا الأسبوع، أنا أكتب رسالة في المستشفى.,Arabic
मैं ने कहा कि वह पुस्तकालय में विश्वविद्यालय में पढ़ता हूँ हर दिन।,Hindi
நான் பல்கலைக்கழகத்தில் உடற்பயிற்சி செய்கிறேன் இந்த வாரம்.,Tamil
"сегодня, Я пишу письмо в больнице.",Russian
Εγώ είπε ότι κάνω γυμναστική στο πανεπιστήμιο το πρωί.,Greek
நான் மாலை நேரத்தில் பூங்காவில் உடற்பயிற்சி செய்கிறேன் என்று கூறினார்.,Tamil
"σήμερα, Εγώ πίνω καφέ στο εστιατόριο.",Greek
ನಾನು ರೆಸ್ಟೋರೆಂಟ್‌ನಲ್ಲಿ ವ್ಯಾಯಾಮ ಮಾಡುತ್ತೇನೆ ಬೆಳಗಿನ ಸಮಯದಲ್ಲಿ.,Kannada
أنا أذهب إلى العمل في المدرسة غدا.,Arabic
Я читаю книгу в магазине каждый день.,Russian
मैं ने कहा कि वह अस्पताल में व्यायाम करता हूँ शाम के समय।,Hindi
أنا أشرب القهوة في المستشفى غدا.,Arabic
ഞാൻ ഈ ആഴ്ച കടയിൽ കത്ത് എഴുതുന്നു എന്ന് പറഞ്ഞു.,Malayalam
"இந்த வாரம், நான் வீட்டில் காபி குடிக்கிறேன்.",Tamil
أنا أشاهد فيلما في الجامعة غدا.,Arabic
"αύριο, Εγώ πίνω καφέ στο πανεπιστήμιο.",Greek
Εγώ είπε ότι σπουδάζω στο πανεπιστήμιο στο πάρκο νωρίς το πρωί.,Greek
"शाम को, मैं किताब पढ़ता हूँ घर में।",Hindi
أنا أشرب القهوة في المكتبة كل يوم.,Arabic
ഞാൻ വൈകുന്നേരം നഗരത്തിൽ വ്യായാമം ചെയ്യുന്നു.,Malayalam
Εγώ κάνω γυμναστική στο γραφείο αύριο.,Greek
Я изучаю язык в больнице сегодня.,Russian
मैं ने कहा कि वह शहर में भाषा सीखता हूँ कल।,Hindi
ನಾನು ಇಂದು ಆಸ್ಪತ್ರೆಯಲ್ಲಿ ಕಾಫಿ ಕುಡಿಯುತ್ತೇನೆ ಎಂದು ಹೇಳಿದರು.,Kannada
"காலையில், நான் அலுவலகத்தில் திரைப்படம் பார்க்கிறேன்.",Tamil
ഞാൻ എല്ലാ ദിവസവും സ്കൂളിൽ ഭാഷ പഠിക്കുന്നു.,Malayalam
Εγώ είπε ότι σπουδάζω στο πανεπιστήμιο στο πάρκο αργά το βράδυ.,Greek
قال أنا إنه أقرأ كتابا في المنزل غدا.,Arabic
വൈകുന്നേരം ഞാൻ സർവകലാശാലയിൽ സിനിമ കാണുന്നു.,Malayalam
ഞാൻ രാവിലെ സർവകലാശാലയിൽ ഭാഷ പഠിക്കുന്നു.,Malayalam
"शाम को, मैं विश्वविद्यालय में पढ़ता हूँ शहर में।",Hindi
Εγώ διαβάζω ένα βιβλίο στο πάρκο το βράδυ.,Greek
Εγώ πίνω καφέ στη βιβλιοθήκη νωρίς το πρωί.,Greek
أنا أمارس الرياضة في الحديقة مساء.,Arabic
أنا أذهب إلى العمل في الحديقة هذا الأسبوع.,Arabic
"Я сказал, что пью кофе в офисе вечером.",Russian
قال أنا إنه أكتب رسالة في المدينة صباحا.,Arabic
"सुबह के समय, मैं किताब पढ़ता हूँ स्कूल में।",Hindi
मैं ने कहा कि वह पार्क में काम पर जाता हूँ सुबह।,Hindi
ನಾನು ಗ್ರಂಥಾಲಯದಲ್ಲಿ ಕೆಲಸಕ್ಕೆ ಹೋಗುತ್ತೇನೆ ಸಂಜೆ.,Kannada
ഞാൻ എല്ലാ ദിവസവും റെസ്റ്റോറന്റിൽ കാപ്പി കുടിക്കുന്നു എന്ന് പറഞ്ഞു.,Malayalam
मैं ने कहा कि वह रेस्तरां में काम पर जाता हूँ इस सप्ताह।,Hindi
"इस सप्ताह, मैं किताब पढ़ता हूँ रेस्तरां में।",Hindi
قال أنا إنه أدرس في الجامعة في المتجر في المساء.,Arabic
"Я сказал, что читаю книгу дома поздно вечером.",Russian
Εγώ είπε ότι διαβάζω ένα βιβλίο στο πανεπιστήμιο αύριο.,Greek
मैं ने कहा कि वह घर में विश्वविद्यालय में पढ़ता हूँ सुबह।,Hindi
Εγώ διαβάζω ένα βιβλίο στο κατάστημα κάθε μέρα.,Greek
"ಬೆಳಗಿನ ಸಮಯದಲ್ಲಿ, ನಾನು ಮನೆಯಲ್ಲಿ ಪುಸ್ತಕ ಓದುತ್ತೇನೆ.",Kannada
Я пишу письмо в городе рано утром.,Russian
நான் பள்ளியில் மொழி கற்கிறேன் இந்த வாரம்.,Tamil
मैं व्यायाम करता हूँ घर में आज।,Hindi
"सुबह, मैं भाषा सीखता हूँ पुस्तकालय में।",Hindi
Εγώ βλέπω μια ταινία στο πανεπιστήμιο το πρωί.,Greek
غدا، أنا أذهب إلى العمل في الحديقة.,Arabic
أنا أشاهد فيلما في المدرسة في الصباح.,Arabic
ഞാൻ വൈകുന്നേരം കടയിൽ സർവകലാശാലയിൽ പഠിക്കുന്നു.,Malayalam
"το βράδυ, Εγώ πίνω καφέ στο εστιατόριο.",Greek
Εγώ πίνω καφέ στο νοσοκομείο αργά το βράδυ.,Greek
Εγώ είπε ότι σπουδάζω στο πανεπιστήμιο στο νοσοκομείο το πρωί.,Greek
ഞാൻ എല്ലാ ദിവസവും സ്കൂളിൽ ജോലിക്ക് പോകുന്നു.,Malayalam
ನಾನು ಈ ವಾರ ಶಾಲೆಯಲ್ಲಿ ಪತ್ರ ಬರೆಯುತ್ತೇನೆ ಎಂದು ಹೇಳಿದರು.,Kannada
"இந்த வாரம், நான் பல்கலைக்கழகத்தில் பல்கலைக்கழகத்தில் படிக்கிறேன்.",Tamil
ನಾನು ಗ್ರಂಥಾಲಯದಲ್ಲಿ ಭಾಷೆ ಕಲಿಯುತ್ತೇನೆ ಬೆಳಗಿನ ಸಮಯದಲ್ಲಿ.,Kannada
நான் இன்று மருத்துவமனையில் பல்கலைக்கழகத்தில் படிக்கிறேன் என்று கூறினார்.,Tamil
"ಇಂದು, ನಾನು ರೆಸ್ಟೋರೆಂಟ್‌ನಲ್ಲಿ ವಿಶ್ವವಿದ್ಯಾಲಯದಲ್ಲಿ ಓದುತ್ತೇನೆ.",Kannada
"рано утром, Я смотрю фильм дома.",Russian
"завтра, Я пишу письмо в офисе.",Russian
قال أنا إنه أشاهد فيلما في المدينة غدا.,Arabic
मैं पत्र लिखता हूँ कार्यालय में सुबह।,Hindi
"вечером, Я пишу письмо в школе.",Russian
"ಬೆಳಿಗ್ಗೆ, ನಾನು ಮನೆಯಲ್ಲಿ ಪುಸ್ತಕ ಓದುತ್ತೇನೆ.",Kannada
ഞാൻ ഇന്ന് ലൈബ്രറിയിൽ കത്ത് എഴുതുന്നു.,Malayalam
Я смотрю фильм в парке поздно вечером.,Russian
"Я сказал, что пью кофе в ресторане вечером.",Russian
مساء، أنا أكتب رسالة في الحديقة.,Arabic
قال أنا إنه أمارس الرياضة في الحديقة اليوم.,Arabic
Εγώ βλέπω μια ταινία στο γραφείο αργά το βράδυ.,Greek
"вечером, Я иду на работу в школе.",Russian
ഞാൻ ഈ ആഴ്ച കടയിൽ വ്യായാമം ചെയ്യുന്നു എന്ന് പറഞ്ഞു.,Malayalam
"το πρωί, Εγώ πίνω καφέ στο σπίτι.",Greek
"завтра, Я смотрю фильм в магазине.",Russian
"இன்று, நான் நகரத்தில் வேலைக்கு செல்கிறேன்.",Tamil
Я хочет читаю книгу в парке.,Russian
"το πρωί, Εγώ διαβάζω ένα βιβλίο στο σχολείο.",Greek
هذا الأسبوع، أنا أشاهد فيلما في الجامعة.,Arabic
मैं पत्र लिखता हूँ रेस्तरां में शाम के समय।,Hindi
اليوم، أنا أقرأ كتابا في المتجر.,Arabic
Я изучаю язык в ресторане вечером.,Russian
मैं ने कहा कि वह शहर में फिल्म देखता हूँ इस सप्ताह।,Hindi
ನಾನು ಶಾಲೆಯಲ್ಲಿ ಕೆಲಸಕ್ಕೆ ಹೋಗುತ್ತೇನೆ ನಾಳೆ.,Kannada
"ಪ್ರತಿದಿನ, ನಾನು ಉದ್ಯಾನವನದಲ್ಲಿ ಸಿನಿಮಾ ನೋಡುತ್ತೇನೆ.",Kannada
मैं दुकान में भाषा सीखता हूँ चाहता है।,Hindi
വൈകുന്നേരം സമയത്ത് ഞാൻ ലൈബ്രറിയിൽ സിനിമ കാണുന്നു.,Malayalam
قال أنا إنه أكتب رسالة في الجامعة غدا.,Arabic
"सुबह, मैं फिल्म देखता हूँ स्कूल में।",Hindi
أنا أشرب القهوة في المستشفى مساء.,Arabic
قال أنا إنه أشاهد فيلما في المنزل في المساء.,Arabic
Εγώ είπε ότι πηγαίνω στη δουλειά στο σπίτι αργά το βράδυ.,Greek
"மாலையில், நான் நகரத்தில் மொழி கற்கிறேன்.",Tamil
Я пью кофе в школе каждый день.,Russian
كل يوم، أنا أشرب القهوة في المطعم.,Arabic
ನಾನು ಈ ವಾರ ಆಸ್ಪತ್ರೆಯಲ್ಲಿ ವಿಶ್ವವಿದ್ಯಾಲಯದಲ್ಲಿ ಓದುತ್ತೇನೆ ಎಂದು ಹೇಳಿದರು.,Kannada
Εγώ κάνω γυμναστική στο νοσοκομείο σήμερα.,Greek
ഞാൻ ഈ ആഴ്ച റെസ്റ്റോറന്റിൽ കാപ്പി കുടിക്കുന്നു എന്ന് പറഞ്ഞു.,Malayalam
Εγώ είπε ότι βλέπω μια ταινία στο κατάστημα νωρίς το πρωί.,Greek
ನಾನು ನಾಳೆ ಶಾಲೆಯಲ್ಲಿ ಸಿನಿಮಾ ನೋಡುತ್ತೇನೆ ಎಂದು ಹೇಳಿದರು.,Kannada
Я читаю книгу в ресторане каждый день.,Russian
"каждый день, Я читаю книгу в больнице.",Russian
ഞാൻ വൈകുന്നേരം സമയത്ത് സ്കൂളിൽ ഭാഷ പഠിക്കുന്നു എന്ന് പറഞ്ഞു.,Malayalam
मैं स्कूल में काम पर जाता हूँ चाहता है।,Hindi
"сегодня, Я читаю книгу в городе.",Russian
நான் தினமும் நகரத்தில் கடிதம் எழுதுகிறேன் என்று கூறினார்.,Tamil
ನಾನು ಪ್ರತಿದಿನ ನಗರದಲ್ಲಿ ಭಾಷೆ ಕಲಿಯುತ್ತೇನೆ ಎಂದು ಹೇಳಿದರು.,Kannada
मैं ने कहा कि वह स्कूल में विश्वविद्यालय में पढ़ता हूँ सुबह के समय।,Hindi
"Я сказал, что изучаю язык в парке поздно вечером.",Russian
ഞാൻ രാവിലെ സമയത്ത് റെസ്റ്റോറന്റിൽ പുസ്തകം വായിക്കുന്നു എന്ന് പറഞ്ഞു.,Malayalam
ഞാൻ വൈകുന്നേരം സമയത്ത് ഓഫീസിൽ പുസ്തകം വായിക്കുന്നു.,Malayalam
"शाम को, मैं विश्वविद्यालय में पढ़ता हूँ स्कूल में।",Hindi
"νωρίς το πρωί, Εγώ πίνω καφέ στο πάρκο.",Greek
Εγώ πηγαίνω στη δουλειά στο σπίτι νωρίς το πρωί.,Greek
"Я сказал, что иду на работу в парке вечером.",Russian
நான் கடையில் புத்தகம் படிக்கிறேன் மாலையில்.,Tamil
मैं ने कहा कि वह पार्क में व्यायाम करता हूँ आज।,Hindi
"вечером, Я пишу письмо в библиотеке.",Russian
Εγώ γράφω ένα γράμμα στην πόλη αυτή την εβδομάδα.,Greek
قال أنا إنه أدرس في الجامعة في المدينة غدا.,Arabic
ನಾನು ಮನೆಯಲ್ಲಿ ಕೆಲಸಕ್ಕೆ ಹೋಗುತ್ತೇನೆ ಮಾಡಲು ಬಯಸುತ್ತಾನೆ.,Kannada
"σήμερα, Εγώ πίνω καφέ στο πάρκο.",Greek
"ಸಂಜೆಯ ಸಮಯದಲ್ಲಿ, ನಾನು ಶಾಲೆಯಲ್ಲಿ ಸಿನಿಮಾ ನೋಡುತ್ತೇನೆ.",Kannada
"Я сказал, что учусь в университете в школе завтра.",Russian
"ಬೆಳಗಿನ ಸಮಯದಲ್ಲಿ, ನಾನು ಗ್ರಂಥಾಲಯದಲ್ಲಿ ವ್ಯಾಯಾಮ ಮಾಡುತ್ತೇನೆ.",Kannada
मैं ने कहा कि वह शहर में काम पर जाता हूँ शाम को।,Hindi
أنا أقرأ كتابا في المستشفى صباحا.,Arabic
"завтра, Я пишу письмо в библиотеке.",Russian
Εγώ διαβάζω ένα βιβλίο στο σπίτι αύριο.,Greek
غدا، أنا أشرب القهوة في المدينة.,Arabic
Εγώ βλέπω μια ταινία στο σχολείο αύριο.,Greek
ನಾನು ಸಂಜೆ ಗ್ರಂಥಾಲಯದಲ್ಲಿ ಕಾಫಿ ಕುಡಿಯುತ್ತೇನೆ ಎಂದು ಹೇಳಿದರು.,Kannada
"το βράδυ, Εγώ βλέπω μια ταινία στο κατάστημα.",Greek
أنا أشاهد فيلما في المدرسة اليوم.,Arabic
"вечером, Я пью кофе в магазине.",Russian
ನಾನು ರೆಸ್ಟೋರೆಂಟ್‌ನಲ್ಲಿ ವಿಶ್ವವಿದ್ಯಾಲಯದಲ್ಲಿ ಓದುತ್ತೇನೆ ಬೆಳಿಗ್ಗೆ.,Kannada
"αργά το βράδυ, Εγώ κάνω γυμναστική στη βιβλιοθήκη.",Greek
قال أنا إنه أشاهد فيلما في المتجر هذا الأسبوع.,Arabic
Я пишу письмо в библиотеке на этой неделе.,Russian
Εγώ σπουδάζω στο πανεπιστήμιο στη βιβλιοθήκη το πρωί.,Greek
ನಾನು ಆಸ್ಪತ್ರೆಯಲ್ಲಿ ಭಾಷೆ ಕಲಿಯುತ್ತೇನೆ ಸಂಜೆಯ ಸಮಯದಲ್ಲಿ.,Kannada
ನಾನು ಸಂಜೆ ರೆಸ್ಟೋರೆಂಟ್‌ನಲ್ಲಿ ಕಾಫಿ ಕುಡಿಯುತ್ತೇನೆ ಎಂದು ಹೇಳಿದರು.,Kannada
ನಾನು ಗ್ರಂಥಾಲಯದಲ್ಲಿ ಭಾಷೆ ಕಲಿಯುತ್ತೇನೆ ಇಂದು.,Kannada
قال أنا إنه أذهب إلى العمل في المكتبة صباحا.,Arabic
"நாளை, நான் நூலகத்தில் பல்கலைக்கழகத்தில் படிக்கிறேன்.",Tamil
Εγώ πίνω καφέ στο πανεπιστήμιο νωρίς το πρωί.,Greek
أنا أدرس في الجامعة في الجامعة اليوم.,Arabic
Εγώ γράφω ένα γράμμα στο γραφείο κάθε μέρα.,Greek
Я смотрю фильм в больнице каждый день.,Russian
ನಾನು ಬೆಳಗಿನ ಸಮಯದಲ್ಲಿ ಕಚೇರಿಯಲ್ಲಿ ಕಾಫಿ ಕುಡಿಯುತ್ತೇನೆ ಎಂದು ಹೇಳಿದರು.,Kannada
ഞാൻ രാവിലെ സമയത്ത് ഓഫീസിൽ കാപ്പി കുടിക്കുന്നു എന്ന് പറഞ്ഞു.,Malayalam
"ಬೆಳಿಗ್ಗೆ, ನಾನು ಶಾಲೆಯಲ್ಲಿ ಸಿನಿಮಾ ನೋಡುತ್ತೇನೆ.",Kannada
"Я сказал, что смотрю фильм в школе на этой неделе.",Russian
غدا، أنا أدرس في الجامعة في المتجر.,Arabic
ನಾನು ಗ್ರಂಥಾಲಯದಲ್ಲಿ ವಿಶ್ವವಿದ್ಯಾಲಯದಲ್ಲಿ ಓದುತ್ತೇನೆ ಸಂಜೆ.,Kannada
"காலையில், நான் பல்கலைக்கழகத்தில் கடிதம் எழுதுகிறேன்.",Tamil
मैं चाय पीता हूँ स्कूल में आज।,Hindi
"மாலையில், நான் பல்கலைக்கழகத்தில் திரைப்படம் பார்க்கிறேன்.",Tamil
Εγώ γράφω ένα γράμμα στο πανεπιστήμιο το πρωί.,Greek
ഈ ആഴ്ച ഞാൻ നഗരത്തിൽ വ്യായാമം ചെയ്യുന്നു.,Malayalam
Я занимаюсь спортом в офисе на этой неделе.,Russian
ഞാൻ എല്ലാ ദിവസവും സ്കൂളിൽ സിനിമ കാണുന്നു എന്ന് പറഞ്ഞു.,Malayalam
ನಾನು ಇಂದು ಉದ್ಯಾನವನದಲ್ಲಿ ಪತ್ರ ಬರೆಯುತ್ತೇನೆ ಎಂದು ಹೇಳಿದರು.,Kannada
நான் காலை நேரத்தில் நூலகத்தில் காபி குடிக்கிறேன் என்று கூறினார்.,Tamil
"Я сказал, что читаю книгу в больнице вечером.",Russian
ഈ ആഴ്ച ഞാൻ കടയിൽ ഭാഷ പഠിക്കുന്നു.,Malayalam
Εγώ είπε ότι διαβάζω ένα βιβλίο στο πάρκο σήμερα.,Greek
"शाम को, मैं व्यायाम करता हूँ रेस्तरां में।",Hindi
"शाम को, मैं पत्र लिखता हूँ घर में।",Hindi
നാളെ ഞാൻ ആശുപത്രിയിൽ സർവകലാശാലയിൽ പഠിക്കുന്നു.,Malayalam
"ನಾಳೆ, ನಾನು ಮನೆಯಲ್ಲಿ ಪುಸ್ತಕ ಓದುತ್ತೇನೆ.",Kannada
நான் பள்ளியில் பல்கலைக்கழகத்தில் படிக்கிறேன் விரும்புகிறார்.,Tamil
"Я сказал, что изучаю язык в школе поздно вечером.",Russian
मैं पत्र लिखता हूँ पार्क में सुबह के समय।,Hindi
أنا أذهب إلى العمل في المستشفى مساء.,Arabic
मैं किताब पढ़ता हूँ घर में सुबह।,Hindi
قال أنا إنه أقرأ كتابا في المستشفى هذا الأسبوع.,Arabic
"காலை நேரத்தில், நான் வீட்டில் காபி குடிக்கிறேன்.",Tamil
ನಾನು ಕಚೇರಿಯಲ್ಲಿ ವ್ಯಾಯಾಮ ಮಾಡುತ್ತೇನೆ ಇಂದು.,Kannada
قال أنا إنه أشرب القهوة في المنزل في الصباح.,Arabic
Εγώ είπε ότι μαθαίνω τη γλώσσα στο πανεπιστήμιο το βράδυ.,Greek
قال أنا إنه أدرس في الجامعة في المطعم اليوم.,Arabic
قال أنا إنه أشاهد فيلما في الجامعة في الصباح.,Arabic
मैं ने कहा कि वह रेस्तरां में व्यायाम करता हूँ हर दिन।,Hindi
"κάθε μέρα, Εγώ πηγαίνω στη δουλειά στο νοσοκομείο.",Greek
ഞാൻ വൈകുന്നേരം റെസ്റ്റോറന്റിൽ സിനിമ കാണുന്നു.,Malayalam
غدا، أنا أكتب رسالة في المكتبة.,Arabic
Я учусь в университете в городе завтра.,Russian
Εγώ είπε ότι γράφω ένα γράμμα στο σπίτι κάθε μέρα.,Greek
Εγώ διαβάζω ένα βιβλίο στο πανεπιστήμιο κάθε μέρα.,Greek
Εγώ βλέπω μια ταινία στο εστιατόριο σήμερα.,Greek
ഞാൻ ഈ ആഴ്ച സ്കൂളിൽ കത്ത് എഴുതുന്നു.,Malayalam
ഞാൻ നാളെ സർവകലാശാലയിൽ ഭാഷ പഠിക്കുന്നു എന്ന് പറഞ്ഞു.,Malayalam
Εγώ είπε ότι μαθαίνω τη γλώσσα στο σχολείο νωρίς το πρωί.,Greek
أنا أدرس في الجامعة في المستشفى في المساء.,Arabic
هذا الأسبوع، أنا أكتب رسالة في الجامعة.,Arabic
ഞാൻ ഈ ആഴ്ച കടയിൽ സർവകലാശാലയിൽ പഠിക്കുന്നു എന്ന് പറഞ്ഞു.,Malayalam
أنا يريد أن أتعلم اللغة في المطعم.,Arabic
ನಾನು ವಿಶ್ವವಿದ್ಯಾಲಯದಲ್ಲಿ ಭಾಷೆ ಕಲಿಯುತ್ತೇನೆ ಮಾಡಲು ಬಯಸುತ್ತಾನೆ.,Kannada
நான் இந்த வாரம் நூலகத்தில் வேலைக்கு செல்கிறேன் என்று கூறினார்.,Tamil
நான் வீட்டில் பல்கலைக்கழகத்தில் படிக்கிறேன் இன்று.,Tamil
मैं व्यायाम करता हूँ घर में इस सप्ताह।,Hindi
Я хочет пишу письмо в магазине.,Russian
Εγώ είπε ότι σπουδάζω στο πανεπιστήμιο στο γραφείο αργά το βράδυ.,Greek
ഞാൻ നാളെ ലൈബ്രറിയിൽ ജോലിക്ക് പോകുന്നു എന്ന് പറഞ്ഞു.,Malayalam
ഞാൻ ഇന്ന് നഗരത്തിൽ സിനിമ കാണുന്നു.,Malayalam
Εγώ είπε ότι διαβάζω ένα βιβλίο στο νοσοκομείο σήμερα.,Greek
நான் உணவகத்தில் பல்கலைக்கழகத்தில் படிக்கிறேன் இந்த வாரம்.,Tamil
في المساء، أنا أدرس في الجامعة في الجامعة.,Arabic
أنا أتعلم اللغة في المكتبة مساء.,Arabic
هذا الأسبوع، أنا أدرس في الجامعة في المطعم.,Arabic
"Я сказал, что иду на работу в офисе рано утром.",Russian
Εγώ είπε ότι βλέπω μια ταινία στο νοσοκομείο αυτή την εβδομάδα.,Greek
ನಾನು ಗ್ರಂಥಾಲಯದಲ್ಲಿ ಕೆಲಸಕ್ಕೆ ಹೋಗುತ್ತೇನೆ ನಾಳೆ.,Kannada
Εγώ μαθαίνω τη γλώσσα στο σπίτι το πρωί.,Greek
நான் பூங்காவில் திரைப்படம் பார்க்கிறேன் மாலையில்.,Tamil
"каждый день, Я учусь в университете в библиотеке.",Russian
நான் அலுவலகத்தில் பல்கலைக்கழகத்தில் படிக்கிறேன் விரும்புகிறார்.,Tamil
मैं ने कहा कि वह घर में भाषा सीखता हूँ शाम के समय।,Hindi
"поздно вечером, Я пью кофе в университете.",Russian
"κάθε μέρα, Εγώ βλέπω μια ταινία στην πόλη.",Greek
ನಾನು ಸಂಜೆಯ ಸಮಯದಲ್ಲಿ ನಗರದಲ್ಲಿ ವಿಶ್ವವಿದ್ಯಾಲಯದಲ್ಲಿ ಓದುತ್ತೇನೆ ಎಂದು ಹೇಳಿದರು.,Kannada
"शाम के समय, मैं काम पर जाता हूँ अस्पताल में।",Hindi
"ಈ ವಾರ, ನಾನು ಅಂಗಡಿಯಲ್ಲಿ ವ್ಯಾಯಾಮ ಮಾಡುತ್ತೇನೆ.",Kannada
Εγώ μαθαίνω τη γλώσσα στη βιβλιοθήκη κάθε μέρα.,Greek
"рано утром, Я изучаю язык в ресторане.",Russian
Εγώ είπε ότι κάνω γυμναστική στο σπίτι κάθε μέρα.,Greek
நான் காலையில் வீட்டில் கடிதம் எழுதுகிறேன் என்று கூறினார்.,Tamil
"το πρωί, Εγώ σπουδάζω στο πανεπιστήμιο στο σπίτι.",Greek
قال أنا إنه أقرأ كتابا في المكتب كل يوم.,Arabic
"το βράδυ, Εγώ γράφω ένα γράμμα στο κατάστημα.",Greek
"αυτή την εβδομάδα, Εγώ κάνω γυμναστική στο εστιατόριο.",Greek
"Я сказал, что пишу письмо в парке сегодня.",Russian
ഈ ആഴ്ച ഞാൻ സ്കൂളിൽ കാപ്പി കുടിക്കുന്നു.,Malayalam
Εγώ είπε ότι μαθαίνω τη γλώσσα στο σχολείο το πρωί.,Greek
"το βράδυ, Εγώ πίνω καφέ στο σπίτι.",Greek
Εγώ θέλει να σπουδάζω στο πανεπιστήμιο στο νοσοκομείο.,Greek
"शाम के समय, मैं भाषा सीखता हूँ दुकान में।",Hindi
"на этой неделе, Я пью кофе в городе.",Russian
Я читаю книгу дома утром.,Russian
நான் பல்கலைக்கழகத்தில் பல்கலைக்கழகத்தில் படிக்கிறேன் மாலையில்.,Tamil
Я занимаюсь спортом в парке утром.,Russian
ഞാൻ നാളെ ലൈബ്രറിയിൽ ജോലിക്ക് പോകുന്നു.,Malayalam
Εγώ θέλει να σπουδάζω στο πανεπιστήμιο στο εστιατόριο.,Greek
"на этой неделе, Я пью кофе в библиотеке.",Russian
ഞാൻ നാളെ റെസ്റ്റോറന്റിൽ ജോലിക്ക് പോകുന്നു.,Malayalam
Εγώ είπε ότι γράφω ένα γράμμα στη βιβλιοθήκη το βράδυ.,Greek
ನಾನು ವಿಶ್ವವಿದ್ಯಾಲಯದಲ್ಲಿ ಕೆಲಸಕ್ಕೆ ಹೋಗುತ್ತೇನೆ ಇಂದು.,Kannada
"αργά το βράδυ, Εγώ μαθαίνω τη γλώσσα στο σπίτι.",Greek
ഞാൻ നാളെ പാർക്കിൽ സിനിമ കാണുന്നു.,Malayalam
ನಾನು ಉದ್ಯಾನವನದಲ್ಲಿ ವಿಶ್ವವಿದ್ಯಾಲಯದಲ್ಲಿ ಓದುತ್ತೇನೆ ಬೆಳಗಿನ ಸಮಯದಲ್ಲಿ.,Kannada
நான் பூங்காவில் உடற்பயிற்சி செய்கிறேன் இந்த வாரம்.,Tamil
Εγώ θέλει να βλέπω μια ταινία στο εστιατόριο.,Greek
ഞാൻ എല്ലാ ദിവസവും ഓഫീസിൽ സിനിമ കാണുന്നു.,Malayalam
Я хочет смотрю фильм в школе.,Russian
ನಾನು ವಿಶ್ವವಿದ್ಯಾಲಯದಲ್ಲಿ ಪುಸ್ತಕ ಓದುತ್ತೇನೆ ಪ್ರತಿದಿನ.,Kannada
هذا الأسبوع، أنا أشاهد فيلما في المتجر.,Arabic
"Я сказал, что изучаю язык в университете каждый день.",Russian
Я пишу письмо в университете завтра.,Russian
"утром, Я учусь в университете в больнице.",Russian
ഞാൻ വൈകുന്നേരം സമയത്ത് റെസ്റ്റോറന്റിൽ കാപ്പി കുടിക്കുന്നു എന്ന് പറഞ്ഞു.,Malayalam
في المساء، أنا أكتب رسالة في المكتبة.,Arabic
"Я сказал, что пью кофе в ресторане завтра.",Russian
Εγώ είπε ότι διαβάζω ένα βιβλίο στο πανεπιστήμιο νωρίς το πρωί.,Greek
"Я сказал, что учусь в университете в школе утром.",Russian
"Я сказал, что читаю книгу дома утром.",Russian
ഞാൻ ഈ ആഴ്ച പാർക്കിൽ പുസ്തകം വായിക്കുന്നു.,Malayalam
"ಸಂಜೆ, ನಾನು ಗ್ರಂಥಾಲಯದಲ್ಲಿ ವ್ಯಾಯಾಮ ಮಾಡುತ್ತೇನೆ.",Kannada
நான் நாளை அலுவலகத்தில் வேலைக்கு செல்கிறேன் என்று கூறினார்.,Tamil
ನಾನು ಬೆಳಗಿನ ಸಮಯದಲ್ಲಿ ವಿಶ್ವವಿದ್ಯಾಲಯದಲ್ಲಿ ಭಾಷೆ ಕಲಿಯುತ್ತೇನೆ ಎಂದು ಹೇಳಿದರು.,Kannada
मैं ने कहा कि वह पुस्तकालय में भाषा सीखता हूँ सुबह।,Hindi
أنا أقرأ كتابا في الحديقة هذا الأسبوع.,Arabic
मैं भाषा सीखता हूँ विश्वविद्यालय में शाम के समय।,Hindi
ഞാൻ ഇന്ന് കടയിൽ ഭാഷ പഠിക്കുന്നു.,Malayalam
أنا يريد أن أدرس في الجامعة في الحديقة.,Arabic
मैं ने कहा कि वह पुस्तकालय में व्यायाम करता हूँ शाम के समय।,Hindi
"காலையில், நான் நூலகத்தில் உடற்பயிற்சி செய்கிறேன்.",Tamil
"завтра, Я смотрю фильм в городе.",Russian
ഞാൻ വൈകുന്നേരം നഗരത്തിൽ കത്ത് എഴുതുന്നു എന്ന് പറഞ്ഞു.,Malayalam
"на этой неделе, Я иду на работу в городе.",Russian
ನಾನು ರೆಸ್ಟೋರೆಂಟ್‌ನಲ್ಲಿ ಭಾಷೆ ಕಲಿಯುತ್ತೇನೆ ಈ ವಾರ.,Kannada
أنا أذهب إلى العمل في الحديقة كل يوم.,Arabic
Εγώ είπε ότι γράφω ένα γράμμα στο νοσοκομείο αργά το βράδυ.,Greek
ഞാൻ വൈകുന്നേരം സമയത്ത് നഗരത്തിൽ സർവകലാശാലയിൽ പഠിക്കുന്നു എന്ന് പറഞ്ഞു.,Malayalam
قال أنا إنه أشاهد فيلما في المكتب مساء.,Arabic
Εγώ είπε ότι πηγαίνω στη δουλειά στο εστιατόριο αυτή την εβδομάδα.,Greek
ನಾನು ಬೆಳಗಿನ ಸಮಯದಲ್ಲಿ ಉದ್ಯಾನವನದಲ್ಲಿ ಭಾಷೆ ಕಲಿಯುತ್ತೇನೆ ಎಂದು ಹೇಳಿದರು.,Kannada
ഞാൻ ഈ ആഴ്ച സ്കൂളിൽ വ്യായാമം ചെയ്യുന്നു എന്ന് പറഞ്ഞു.,Malayalam
قال أنا إنه أكتب رسالة في المتجر صباحا.,Arabic
ഞാൻ എല്ലാ ദിവസവും നഗരത്തിൽ പുസ്തകം വായിക്കുന്നു എന്ന് പറഞ്ഞു.,Malayalam
நான் மருத்துவமனையில் புத்தகம் படிக்கிறேன் நாளை.,Tamil
في المساء، أنا أشرب القهوة في المستشفى.,Arabic
நான் இன்று அலுவலகத்தில் உடற்பயிற்சி செய்கிறேன் என்று கூறினார்.,Tamil
ഞാൻ രാവിലെ സമയത്ത് നഗരത്തിൽ കത്ത് എഴുതുന്നു.,Malayalam
ನಾನು ಇಂದು ಉದ್ಯಾನವನದಲ್ಲಿ ಭಾಷೆ ಕಲಿಯುತ್ತೇನೆ ಎಂದು ಹೇಳಿದರು.,Kannada
ഞാൻ രാവിലെ നഗരത്തിൽ സർവകലാശാലയിൽ പഠിക്കുന്നു.,Malayalam
ನಾನು ಆಸ್ಪತ್ರೆಯಲ್ಲಿ ಸಿನಿಮಾ ನೋಡುತ್ತೇನೆ ಇಂದು.,Kannada
ഞാൻ എല്ലാ ദിവസവും ഓഫീസിൽ പുസ്തകം വായിക്കുന്നു എന്ന് പറഞ്ഞു.,Malayalam
أنا أكتب رسالة في المستشفى هذا الأسبوع.,Arabic
ഞാൻ രാവിലെ ലൈബ്രറിയിൽ ഭാഷ പഠിക്കുന്നു എന്ന് പറഞ്ഞു.,Malayalam
நான் அலுவலகத்தில் திரைப்படம் பார்க்கிறேன் காலை நேரத்தில்.,Tamil
"αύριο, Εγώ γράφω ένα γράμμα στο νοσοκομείο.",Greek
நான் நாளை பல்கலைக்கழகத்தில் காபி குடிக்கிறேன் என்று கூறினார்.,Tamil
நான் காலை நேரத்தில் அலுவலகத்தில் வேலைக்கு செல்கிறேன் என்று கூறினார்.,Tamil
"कल, मैं फिल्म देखता हूँ विश्वविद्यालय में।",Hindi
"Я сказал, что иду на работу в библиотеке утром.",Russian
രാവിലെ സമയത്ത് ഞാൻ പാർക്കിൽ പുസ്തകം വായിക്കുന്നു.,Malayalam
Я изучаю язык в больнице завтра.,Russian
രാവിലെ സമയത്ത് ഞാൻ സർവകലാശാലയിൽ കത്ത് എഴുതുന്നു.,Malayalam
"νωρίς το πρωί, Εγώ κάνω γυμναστική στην πόλη.",Greek
صباحا، أنا أشاهد فيلما في المتجر.,Arabic
நான் மாலையில் வீட்டில் பல்கலைக்கழகத்தில் படிக்கிறேன் என்று கூறினார்.,Tamil
غدا، أنا أقرأ كتابا في المكتبة.,Arabic
Εγώ είπε ότι γράφω ένα γράμμα στο εστιατόριο το βράδυ.,Greek
Εγώ είπε ότι πηγαίνω στη δουλειά στη βιβλιοθήκη αύριο.,Greek
ನಾನು ಇಂದು ವಿಶ್ವವಿದ್ಯಾಲಯದಲ್ಲಿ ಭಾಷೆ ಕಲಿಯುತ್ತೇನೆ ಎಂದು ಹೇಳಿದರು.,Kannada
كل يوم، أنا أذهب إلى العمل في الجامعة.,Arabic
ഞാൻ വൈകുന്നേരം സമയത്ത് ഓഫീസിൽ പുസ്തകം വായിക്കുന്നു എന്ന് പറഞ്ഞു.,Malayalam
Я хочет пью кофе в университете.,Russian
நான் நகரத்தில் வேலைக்கு செல்கிறேன் மாலை நேரத்தில்.,Tamil
ഇന്ന് ഞാൻ കടയിൽ സിനിമ കാണുന്നു.,Malayalam
قال أنا إنه أمارس الرياضة في المكتبة في المساء.,Arabic
എല്ലാ ദിവസവും ഞാൻ വീട്ടിൽ കാപ്പി കുടിക്കുന്നു.,Malayalam
Εγώ είπε ότι κάνω γυμναστική στο εστιατόριο αύριο.,Greek
ഈ ആഴ്ച ഞാൻ ലൈബ്രറിയിൽ കത്ത് എഴുതുന്നു.,Malayalam
Я учусь в университете в парке каждый день.,Russian
"आज, मैं पत्र लिखता हूँ विश्वविद्यालय में।",Hindi
ഞാൻ രാവിലെ സമയത്ത് സർവകലാശാലയിൽ ജോലിക്ക് പോകുന്നു എന്ന് പറഞ്ഞു.,Malayalam
"сегодня, Я читаю книгу в офисе.",Russian
"αυτή την εβδομάδα, Εγώ πηγαίνω στη δουλειά στο σπίτι.",Greek
ഇന്ന് ഞാൻ കടയിൽ കത്ത് എഴുതുന്നു.,Malayalam
قال أنا إنه أمارس الرياضة في المتجر كل يوم.,Arabic
நான் தினமும் பூங்காவில் திரைப்படம் பார்க்கிறேன் என்று கூறினார்.,Tamil
நான் நூலகத்தில் வேலைக்கு செல்கிறேன் மாலை நேரத்தில்.,Tamil
நான் நாளை பூங்காவில் கடிதம் எழுதுகிறேன் என்று கூறினார்.,Tamil
"காலையில், நான் மருத்துவமனையில் பல்கலைக்கழகத்தில் படிக்கிறேன்.",Tamil
मैं ने कहा कि वह विश्वविद्यालय में फिल्म देखता हूँ कल।,Hindi
ഞാൻ വൈകുന്നേരം സമയത്ത് ഓഫീസിൽ കത്ത് എഴുതുന്നു എന്ന് പറഞ്ഞു.,Malayalam
"शाम के समय, मैं विश्वविद्यालय में पढ़ता हूँ विश्वविद्यालय में।",Hindi
Я хочет учусь в университете в университете.,Russian
நான் மருத்துவமனையில் வேலைக்கு செல்கிறேன் விரும்புகிறார்.,Tamil
Εγώ διαβάζω ένα βιβλίο στο σπίτι κάθε μέρα.,Greek
قال أنا إنه أتعلم اللغة في الجامعة مساء.,Arabic
நான் காலை நேரத்தில் பல்கலைக்கழகத்தில் பல்கலைக்கழகத்தில் படிக்கிறேன் என்று கூறினார்.,Tamil
"Я сказал, что учусь в университете в университете завтра.",Russian
Εγώ διαβάζω ένα βιβλίο στο πανεπιστήμιο αυτή την εβδομάδα.,Greek
मैं ने कहा कि वह रेस्तरां में चाय पीता हूँ हर दिन।,Hindi
Я хочет иду на работу дома.,Russian
"κάθε μέρα, Εγώ πηγαίνω στη δουλειά στο σχολείο.",Greek
"поздно вечером, Я пишу письмо в библиотеке.",Russian
நான் மாலையில் பல்கலைக்கழகத்தில் உடற்பயிற்சி செய்கிறேன் என்று கூறினார்.,Tamil
كل يوم، أنا أكتب رسالة في المنزل.,Arabic
"αργά το βράδυ, Εγώ πηγαίνω στη δουλειά στο γραφείο.",Greek
എല്ലാ ദിവസവും ഞാൻ ഓഫീസിൽ കാപ്പി കുടിക്കുന്നു.,Malayalam
"αργά το βράδυ, Εγώ βλέπω μια ταινία στη βιβλιοθήκη.",Greek
Εγώ είπε ότι διαβάζω ένα βιβλίο στο πάρκο αύριο.,Greek
"हर दिन, मैं फिल्म देखता हूँ शहर में।",Hindi
Εγώ γράφω ένα γράμμα στο νοσοκομείο το βράδυ.,Greek
"αυτή την εβδομάδα, Εγώ μαθαίνω τη γλώσσα στο πανεπιστήμιο.",Greek
ഞാൻ വൈകുന്നേരം സമയത്ത് വീട്ടിൽ കത്ത് എഴുതുന്നു എന്ന് പറഞ്ഞു.,Malayalam
"Я сказал, что читаю книгу в библиотеке завтра.",Russian
"Я сказал, что занимаюсь спортом в магазине поздно вечером.",Russian
"शाम को, मैं व्यायाम करता हूँ दुकान में।",Hindi
நான் மருத்துவமனையில் கடிதம் எழுதுகிறேன் தினமும்.,Tamil
"மாலையில், நான் அலுவலகத்தில் திரைப்படம் பார்க்கிறேன்.",Tamil
أنا أمارس الرياضة في المكتب غدا.,Arabic
"на этой неделе, Я смотрю фильм в офисе.",Russian
في المساء، أنا أشرب القهوة في المكتبة.,Arabic
Εγώ είπε ότι πίνω καφέ στο εστιατόριο νωρίς το πρωί.,Greek
നാളെ ഞാൻ സർവകലാശാലയിൽ സർവകലാശാലയിൽ പഠിക്കുന്നു.,Malayalam
"ಪ್ರತಿದಿನ, ನಾನು ನಗರದಲ್ಲಿ ಪತ್ರ ಬರೆಯುತ್ತೇನೆ.",Kannada
أنا أتعلم اللغة في المكتبة في الصباح.,Arabic
मैं व्यायाम करता हूँ शहर में कल।,Hindi
"ಬೆಳಿಗ್ಗೆ, ನಾನು ನಗರದಲ್ಲಿ ಕೆಲಸಕ್ಕೆ ಹೋಗುತ್ತೇನೆ.",Kannada
Εγώ θέλει να διαβάζω ένα βιβλίο στην πόλη.,Greek
"каждый день, Я изучаю язык в городе.",Russian
"ಸಂಜೆಯ ಸಮಯದಲ್ಲಿ, ನಾನು ರೆಸ್ಟೋರೆಂಟ್‌ನಲ್ಲಿ ಕೆಲಸಕ್ಕೆ ಹೋಗುತ್ತೇನೆ.",Kannada
ഞാൻ രാവിലെ ആശുപത്രിയിൽ ജോലിക്ക് പോകുന്നു.,Malayalam
मैं भाषा सीखता हूँ विश्वविद्यालय में इस सप्ताह।,Hindi
ನಾನು ನಾಳೆ ಗ್ರಂಥಾಲಯದಲ್ಲಿ ಸಿನಿಮಾ ನೋಡುತ್ತೇನೆ ಎಂದು ಹೇಳಿದರು.,Kannada
"மாலை நேரத்தில், நான் கடையில் திரைப்படம் பார்க்கிறேன்.",Tamil
ഞാൻ രാവിലെ വീട്ടിൽ ഭാഷ പഠിക്കുന്നു എന്ന് പറഞ്ഞു.,Malayalam
ഞാൻ രാവിലെ പാർക്കിൽ ജോലിക്ക് പോകുന്നു.,Malayalam
मैं पत्र लिखता हूँ स्कूल में सुबह।,Hindi
நான் பள்ளியில் காபி குடிக்கிறேன் நாளை.,Tamil
मैं ने कहा कि वह अस्पताल में व्यायाम करता हूँ हर दिन।,Hindi
قال أنا إنه أتعلم اللغة في المستشفى مساء.,Arabic
قال أنا إنه أتعلم اللغة في المدينة مساء.,Arabic
ഞാൻ ഈ ആഴ്ച ലൈബ്രറിയിൽ ജോലിക്ക് പോകുന്നു.,Malayalam
Εγώ είπε ότι πηγαίνω στη δουλειά στο σχολείο το πρωί.,Greek
मैं काम पर जाता हूँ दुकान में आज।,Hindi
Εγώ είπε ότι γράφω ένα γράμμα στο κατάστημα το πρωί.,Greek
നാളെ ഞാൻ പാർക്കിൽ ഭാഷ പഠിക്കുന്നു.,Malayalam
ನಾನು ಉದ್ಯಾನವನದಲ್ಲಿ ಪುಸ್ತಕ ಓದುತ್ತೇನೆ ಸಂಜೆ.,Kannada
في المساء، أنا أشاهد فيلما في الحديقة.,Arabic
أنا أكتب رسالة في المكتب صباحا.,Arabic
صباحا، أنا أكتب رسالة في المنزل.,Arabic
Я хочет иду на работу в магазине.,Russian
ನಾನು ಈ ವಾರ ಆಸ್ಪತ್ರೆಯಲ್ಲಿ ಕಾಫಿ ಕುಡಿಯುತ್ತೇನೆ ಎಂದು ಹೇಳಿದರು.,Kannada
मैं चाय पीता हूँ स्कूल में शाम के समय।,Hindi
मैं व्यायाम करता हूँ कार्यालय में आज।,Hindi
Я занимаюсь спортом в офисе завтра.,Russian
"ಸಂಜೆಯ ಸಮಯದಲ್ಲಿ, ನಾನು ಅಂಗಡಿಯಲ್ಲಿ ಕೆಲಸಕ್ಕೆ ಹೋಗುತ್ತೇನೆ.",Kannada
मैं पत्र लिखता हूँ कार्यालय में शाम को।,Hindi
എല്ലാ ദിവസവും ഞാൻ സ്കൂളിൽ പുസ്തകം വായിക്കുന്നു.,Malayalam
நான் இன்று பல்கலைக்கழகத்தில் புத்தகம் படிக்கிறேன் என்று கூறினார்.,Tamil
ನಾನು ಗ್ರಂಥಾಲಯದಲ್ಲಿ ಭಾಷೆ ಕಲಿಯುತ್ತೇನೆ ನಾಳೆ.,Kannada
ನಾನು ಮನೆಯಲ್ಲಿ ಕೆಲಸಕ್ಕೆ ಹೋಗುತ್ತೇನೆ ಇಂದು.,Kannada
വൈകുന്നേരം ഞാൻ കടയിൽ ഭാഷ പഠിക്കുന്നു.,Malayalam
"Я сказал, что смотрю фильм в городе утром.",Russian
"இன்று, நான் மருத்துவமனையில் மொழி கற்கிறேன்.",Tamil
Εγώ είπε ότι γράφω ένα γράμμα στη βιβλιοθήκη σήμερα.,Greek
ನಾನು ಗ್ರಂಥಾಲಯದಲ್ಲಿ ವಿಶ್ವವಿದ್ಯಾಲಯದಲ್ಲಿ ಓದುತ್ತೇನೆ ಈ ವಾರ.,Kannada
أنا أكتب رسالة في المطعم اليوم.,Arabic
"कल, मैं भाषा सीखता हूँ स्कूल में।",Hindi
நான் மாலையில் பல்கலைக்கழகத்தில் புத்தகம் படிக்கிறேன் என்று கூறினார்.,Tamil
أنا أقرأ كتابا في المنزل صباحا.,Arabic
ഞാൻ വൈകുന്നേരം ലൈബ്രറിയിൽ കത്ത് എഴുതുന്നു.,Malayalam
"вечером, Я пью кофе в университете.",Russian
Я пишу письмо в ресторане вечером.,Russian
ನಾನು ಬೆಳಗಿನ ಸಮಯದಲ್ಲಿ ಕಚೇರಿಯಲ್ಲಿ ವ್ಯಾಯಾಮ ಮಾಡುತ್ತೇನೆ ಎಂದು ಹೇಳಿದರು.,Kannada
"आज, मैं पत्र लिखता हूँ अस्पताल में।",Hindi
രാവിലെ സമയത്ത് ഞാൻ റെസ്റ്റോറന്റിൽ ഭാഷ പഠിക്കുന്നു.,Malayalam
Εγώ είπε ότι διαβάζω ένα βιβλίο στο σπίτι αύριο.,Greek
"Я сказал, что учусь в университете в ресторане утром.",Russian
मैं ने कहा कि वह घर में पत्र लिखता हूँ शाम के समय।,Hindi
நான் இன்று கடையில் வேலைக்கு செல்கிறேன் என்று கூறினார்.,Tamil
أنا يريد أن أمارس الرياضة في الجامعة.,Arabic
ഞാൻ എല്ലാ ദിവസവും വീട്ടിൽ സർവകലാശാലയിൽ പഠിക്കുന്നു.,Malayalam
நான் காலையில் வீட்டில் பல்கலைக்கழகத்தில் படிக்கிறேன் என்று கூறினார்.,Tamil
"το πρωί, Εγώ διαβάζω ένα βιβλίο στο νοσοκομείο.",Greek
"सुबह के समय, मैं फिल्म देखता हूँ दुकान में।",Hindi
ನಾನು ಉದ್ಯಾನವನದಲ್ಲಿ ಸಿನಿಮಾ ನೋಡುತ್ತೇನೆ ನಾಳೆ.,Kannada
Εγώ είπε ότι βλέπω μια ταινία στο γραφείο κάθε μέρα.,Greek
Я иду на работу в школе поздно вечером.,Russian
ഞാൻ ഈ ആഴ്ച ആശുപത്രിയിൽ ജോലിക്ക് പോകുന്നു എന്ന് പറഞ്ഞു.,Malayalam
"इस सप्ताह, मैं फिल्म देखता हूँ शहर में।",Hindi
"Я сказал, что иду на работу в больнице каждый день.",Russian
ഞാൻ വൈകുന്നേരം സമയത്ത് സ്കൂളിൽ കാപ്പി കുടിക്കുന്നു.,Malayalam
ഞാൻ വൈകുന്നേരം സമയത്ത് ഓഫീസിൽ വ്യായാമം ചെയ്യുന്നു.,Malayalam
قال أنا إنه أشرب القهوة في المكتب غدا.,Arabic
قال أنا إنه أمارس الرياضة في المطعم في المساء.,Arabic
രാവിലെ സമയത്ത് ഞാൻ വീട്ടിൽ ഭാഷ പഠിക്കുന്നു.,Malayalam
ನಾನು ಸಂಜೆಯ ಸಮಯದಲ್ಲಿ ಮನೆಯಲ್ಲಿ ಸಿನಿಮಾ ನೋಡುತ್ತೇನೆ ಎಂದು ಹೇಳಿದರು.,Kannada
"காலையில், நான் அலுவலகத்தில் பல்கலைக்கழகத்தில் படிக்கிறேன்.",Tamil
நான் நகரத்தில் பல்கலைக்கழகத்தில் படிக்கிறேன் காலை நேரத்தில்.,Tamil
मैं ने कहा कि वह स्कूल में पत्र लिखता हूँ शाम के समय।,Hindi
Εγώ είπε ότι γράφω ένα γράμμα στο σπίτι νωρίς το πρωί.,Greek
"ನಾಳೆ, ನಾನು ಶಾಲೆಯಲ್ಲಿ ಕೆಲಸಕ್ಕೆ ಹೋಗುತ್ತೇನೆ.",Kannada
Εγώ πίνω καφέ στο σχολείο σήμερα.,Greek
"Я сказал, что изучаю язык в парке сегодня.",Russian
Εγώ γράφω ένα γράμμα στο εστιατόριο το πρωί.,Greek
أنا يريد أن أمارس الرياضة في المطعم.,Arabic
أنا أتعلم اللغة في المدينة مساء.,Arabic
ನಾನು ಗ್ರಂಥಾಲಯದಲ್ಲಿ ಭಾಷೆ ಕಲಿಯುತ್ತೇನೆ ಈ ವಾರ.,Kannada
ನಾನು ಗ್ರಂಥಾಲಯದಲ್ಲಿ ವಿಶ್ವವಿದ್ಯಾಲಯದಲ್ಲಿ ಓದುತ್ತೇನೆ ಪ್ರತಿದಿನ.,Kannada
நான் இன்று நகரத்தில் புத்தகம் படிக்கிறேன் என்று கூறினார்.,Tamil
நான் மாலை நேரத்தில் நூலகத்தில் புத்தகம் படிக்கிறேன் என்று கூறினார்.,Tamil
நான் அலுவலகத்தில் மொழி கற்கிறேன் மாலையில்.,Tamil
मैं फिल्म देखता हूँ घर में आज।,Hindi
أنا أقرأ كتابا في الجامعة في المساء.,Arabic
വൈകുന്നേരം ഞാൻ റെസ്റ്റോറന്റിൽ കാപ്പി കുടിക്കുന്നു.,Malayalam
मैं ने कहा कि वह पार्क में काम पर जाता हूँ शाम को।,Hindi
قال أنا إنه أمارس الرياضة في المكتب مساء.,Arabic
"शाम के समय, मैं व्यायाम करता हूँ पार्क में।",Hindi
"Я сказал, что пишу письмо в больнице на этой неделе.",Russian
هذا الأسبوع، أنا أمارس الرياضة في المنزل.,Arabic
Я хочет иду на работу в городе.,Russian
ನಾನು ಸಂಜೆಯ ಸಮಯದಲ್ಲಿ ನಗರದಲ್ಲಿ ಭಾಷೆ ಕಲಿಯುತ್ತೇನೆ ಎಂದು ಹೇಳಿದರು.,Kannada
ഈ ആഴ്ച ഞാൻ സ്കൂളിൽ ഭാഷ പഠിക്കുന്നു.,Malayalam
मैं ने कहा कि वह विश्वविद्यालय में किताब पढ़ता हूँ हर दिन।,Hindi
വൈകുന്നേരം സമയത്ത് ഞാൻ സർവകലാശാലയിൽ ജോലിക്ക് പോകുന്നു.,Malayalam
ഞാൻ രാവിലെ സമയത്ത് ലൈബ്രറിയിൽ പുസ്തകം വായിക്കുന്നു എന്ന് പറഞ്ഞു.,Malayalam
ഞാൻ രാവിലെ സമയത്ത് വീട്ടിൽ വ്യായാമം ചെയ്യുന്നു എന്ന് പറഞ്ഞു.,Malayalam
أنا أتعلم اللغة في المدرسة في المساء.,Arabic
Я учусь в университете в школе поздно вечером.,Russian
Я изучаю язык в магазине утром.,Russian
मैं ने कहा कि वह स्कूल में काम पर जाता हूँ शाम को।,Hindi
أنا أتعلم اللغة في الجامعة في المساء.,Arabic
ഞാൻ രാവിലെ പാർക്കിൽ ഭാഷ പഠിക്കുന്നു.,Malayalam
"Я сказал, что иду на работу в магазине завтра.",Russian
ഇന്ന് ഞാൻ പാർക്കിൽ സിനിമ കാണുന്നു.,Malayalam
ഞാൻ രാവിലെ സമയത്ത് സർവകലാശാലയിൽ സർവകലാശാലയിൽ പഠിക്കുന്നു.,Malayalam
നാളെ ഞാൻ സ്കൂളിൽ കത്ത് എഴുതുന്നു.,Malayalam
"αυτή την εβδομάδα, Εγώ πηγαίνω στη δουλειά στο εστιατόριο.",Greek
Я иду на работу в ресторане сегодня.,Russian
Εγώ είπε ότι σπουδάζω στο πανεπιστήμιο στο νοσοκομείο κάθε μέρα.,Greek
"ಇಂದು, ನಾನು ರೆಸ್ಟೋರೆಂಟ್‌ನಲ್ಲಿ ಸಿನಿಮಾ ನೋಡುತ್ತೇನೆ.",Kannada
நான் மாலையில் பள்ளியில் மொழி கற்கிறேன் என்று கூறினார்.,Tamil
أنا أشاهد فيلما في المستشفى كل يوم.,Arabic
"αύριο, Εγώ βλέπω μια ταινία στο σπίτι.",Greek
நான் நகரத்தில் புத்தகம் படிக்கிறேன் இன்று.,Tamil
قال أنا إنه أشاهد فيلما في المنزل اليوم.,Arabic
"सुबह के समय, मैं व्यायाम करता हूँ पुस्तकालय में।",Hindi
"сегодня, Я изучаю язык в школе.",Russian
"शाम को, मैं पत्र लिखता हूँ शहर में।",Hindi
ನಾನು ಮನೆಯಲ್ಲಿ ಪತ್ರ ಬರೆಯುತ್ತೇನೆ ಸಂಜೆ.,Kannada
ನಾನು ಆಸ್ಪತ್ರೆಯಲ್ಲಿ ವಿಶ್ವವಿದ್ಯಾಲಯದಲ್ಲಿ ಓದುತ್ತೇನೆ ಬೆಳಿಗ್ಗೆ.,Kannada
വൈകുന്നേരം ഞാൻ ഓഫീസിൽ കത്ത് എഴുതുന്നു.,Malayalam
Εγώ είπε ότι πηγαίνω στη δουλειά στο γραφείο σήμερα.,Greek
"утром, Я учусь в университете дома.",Russian
"αργά το βράδυ, Εγώ πίνω καφέ στο κατάστημα.",Greek
Я занимаюсь спортом в парке каждый день.,Russian
"το πρωί, Εγώ κάνω γυμναστική στην πόλη.",Greek
ನಾನು ವಿಶ್ವವಿದ್ಯಾಲಯದಲ್ಲಿ ವ್ಯಾಯಾಮ ಮಾಡುತ್ತೇನೆ ಈ ವಾರ.,Kannada
قال أنا إنه أذهب إلى العمل في المكتبة في الصباح.,Arabic
ഞാൻ ആശുപത്രിയിൽ സിനിമ കാണുന്നു ആഗ്രഹിക്കുന്നു.,Malayalam
Я хочет изучаю язык в офисе.,Russian
"தினமும், நான் நகரத்தில் உடற்பயிற்சி செய்கிறேன்.",Tamil
"завтра, Я смотрю фильм в библиотеке.",Russian
Εγώ σπουδάζω στο πανεπιστήμιο στο πανεπιστήμιο αύριο.,Greek
Я пью кофе в университете вечером.,Russian
قال أنا إنه أشرب القهوة في المدينة في المساء.,Arabic
मैं पत्र लिखता हूँ कार्यालय में शाम के समय।,Hindi
"Я сказал, что иду на работу в офисе утром.",Russian
मैं ने कहा कि वह पार्क में भाषा सीखता हूँ इस सप्ताह।,Hindi
Я пью кофе в ресторане утром.,Russian
ನಾನು ವಿಶ್ವವಿದ್ಯಾಲಯದಲ್ಲಿ ವಿಶ್ವವಿದ್ಯಾಲಯದಲ್ಲಿ ಓದುತ್ತೇನೆ ಸಂಜೆಯ ಸಮಯದಲ್ಲಿ.,Kannada
நான் அலுவலகத்தில் வேலைக்கு செல்கிறேன் காலையில்.,Tamil
Я смотрю фильм в библиотеке вечером.,Russian
قال أنا إنه أتعلم اللغة في الجامعة غدا.,Arabic
أنا أقرأ كتابا في المتجر غدا.,Arabic
ഞാൻ രാവിലെ സമയത്ത് പാർക്കിൽ സിനിമ കാണുന്നു എന്ന് പറഞ്ഞു.,Malayalam
"காலையில், நான் பல்கலைக்கழகத்தில் திரைப்படம் பார்க்கிறேன்.",Tamil
"हर दिन, मैं किताब पढ़ता हूँ घर में।",Hindi
غدا، أنا أشرب القهوة في المكتبة.,Arabic
قال أنا إنه أتعلم اللغة في الحديقة غدا.,Arabic
"மாலையில், நான் கடையில் கடிதம் எழுதுகிறேன்.",Tamil
"σήμερα, Εγώ κάνω γυμναστική στο νοσοκομείο.",Greek
قال أنا إنه أشاهد فيلما في المتجر في المساء.,Arabic
قال أنا إنه أقرأ كتابا في المكتبة مساء.,Arabic
"ಸಂಜೆಯ ಸಮಯದಲ್ಲಿ, ನಾನು ರೆಸ್ಟೋರೆಂಟ್‌ನಲ್ಲಿ ಕಾಫಿ ಕುಡಿಯುತ್ತೇನೆ.",Kannada
Εγώ κάνω γυμναστική στο γραφείο αργά το βράδυ.,Greek
நான் பள்ளியில் உடற்பயிற்சி செய்கிறேன் காலையில்.,Tamil
"вечером, Я занимаюсь спортом в парке.",Russian
ನಾನು ಅಂಗಡಿಯಲ್ಲಿ ಭಾಷೆ ಕಲಿಯುತ್ತೇನೆ ಪ್ರತಿದಿನ.,Kannada
"இந்த வாரம், நான் பள்ளியில் வேலைக்கு செல்கிறேன்.",Tamil
قال أنا إنه أدرس في الجامعة في المستشفى غدا.,Arabic
ഞാൻ ഈ ആഴ്ച നഗരത്തിൽ കാപ്പി കുടിക്കുന്നു എന്ന് പറഞ്ഞു.,Malayalam
"сегодня, Я пью кофе в школе.",Russian
വൈകുന്നേരം ഞാൻ കടയിൽ വ്യായാമം ചെയ്യുന്നു.,Malayalam
ഞാൻ വൈകുന്നേരം റെസ്റ്റോറന്റിൽ വ്യായാമം ചെയ്യുന്നു.,Malayalam
"ಬೆಳಿಗ್ಗೆ, ನಾನು ಕಚೇರಿಯಲ್ಲಿ ಪತ್ರ ಬರೆಯುತ್ತೇನೆ.",Kannada
ഞാൻ നാളെ ഓഫീസിൽ വ്യായാമം ചെയ്യുന്നു എന്ന് പറഞ്ഞു.,Malayalam
"Я сказал, что пишу письмо в библиотеке на этой неделе.",Russian
Εγώ είπε ότι διαβάζω ένα βιβλίο στο σχολείο σήμερα.,Greek
"σήμερα, Εγώ πίνω καφέ στην πόλη.",Greek
मैं ने कहा कि वह पार्क में विश्वविद्यालय में पढ़ता हूँ सुबह।,Hindi
"на этой неделе, Я учусь в университете в парке.",Russian
"Я сказал, что занимаюсь спортом в парке поздно вечером.",Russian
Εγώ είπε ότι κάνω γυμναστική στη βιβλιοθήκη αργά το βράδυ.,Greek
ഞാൻ വൈകുന്നേരം കടയിൽ സർവകലാശാലയിൽ പഠിക്കുന്നു എന്ന് പറഞ്ഞു.,Malayalam
मैं ने कहा कि वह विश्वविद्यालय में विश्वविद्यालय में पढ़ता हूँ कल।,Hindi
"Я сказал, что учусь в университете в городе сегодня.",Russian
"νωρίς το πρωί, Εγώ μαθαίνω τη γλώσσα στο πανεπιστήμιο.",Greek
നാളെ ഞാൻ ലൈബ്രറിയിൽ കത്ത് എഴുതുന്നു.,Malayalam
"காலை நேரத்தில், நான் பூங்காவில் காபி குடிக்கிறேன்.",Tamil
मैं ने कहा कि वह विश्वविद्यालय में किताब पढ़ता हूँ सुबह के समय।,Hindi
"νωρίς το πρωί, Εγώ διαβάζω ένα βιβλίο στο νοσοκομείο.",Greek
Εγώ είπε ότι βλέπω μια ταινία στο σπίτι το πρωί.,Greek
ഞാൻ വൈകുന്നേരം സമയത്ത് റെസ്റ്റോറന്റിൽ സിനിമ കാണുന്നു എന്ന് പറഞ്ഞു.,Malayalam
"ಈ ವಾರ, ನಾನು ಮನೆಯಲ್ಲಿ ಕೆಲಸಕ್ಕೆ ಹೋಗುತ್ತೇನೆ.",Kannada
நான் உணவகத்தில் மொழி கற்கிறேன் தினமும்.,Tamil
قال أنا إنه أدرس في الجامعة في المستشفى في المساء.,Arabic
ഇന്ന് ഞാൻ ലൈബ്രറിയിൽ കാപ്പി കുടിക്കുന്നു.,Malayalam
मैं भाषा सीखता हूँ शहर में शाम को।,Hindi
أنا أشاهد فيلما في المكتبة اليوم.,Arabic
"மாலையில், நான் மருத்துவமனையில் புத்தகம் படிக்கிறேன்.",Tamil
"सुबह के समय, मैं फिल्म देखता हूँ पुस्तकालय में।",Hindi
मैं चाय पीता हूँ घर में सुबह।,Hindi
വൈകുന്നേരം സമയത്ത് ഞാൻ പാർക്കിൽ കത്ത് എഴുതുന്നു.,Malayalam
Εγώ θέλει να διαβάζω ένα βιβλίο στο πανεπιστήμιο.,Greek
"каждый день, Я читаю книгу в парке.",Russian
मैं किताब पढ़ता हूँ विश्वविद्यालय में शाम के समय।,Hindi
நான் பல்கலைக்கழகத்தில் கடிதம் எழுதுகிறேன் நாளை.,Tamil
"Я сказал, что иду на работу в ресторане вечером.",Russian
ನಾನು ಸಂಜೆಯ ಸಮಯದಲ್ಲಿ ನಗರದಲ್ಲಿ ವ್ಯಾಯಾಮ ಮಾಡುತ್ತೇನೆ ಎಂದು ಹೇಳಿದರು.,Kannada
நான் இன்று அலுவலகத்தில் வேலைக்கு செல்கிறேன் என்று கூறினார்.,Tamil
मैं ने कहा कि वह दुकान में विश्वविद्यालय में पढ़ता हूँ सुबह के समय।,Hindi
நான் வீட்டில் கடிதம் எழுதுகிறேன் இந்த வாரம்.,Tamil
मैं ने कहा कि वह पुस्तकालय में किताब पढ़ता हूँ सुबह के समय।,Hindi
Я пью кофе в больнице завтра.,Russian
"каждый день, Я пью кофе в городе.",Russian
நான் தினமும் பல்கலைக்கழகத்தில் மொழி கற்கிறேன் என்று கூறினார்.,Tamil
मैं किताब पढ़ता हूँ घर में शाम को।,Hindi
"Я сказал, что занимаюсь спортом в магазине утром.",Russian
صباحا، أنا أدرس في الجامعة في المكتب.,Arabic
"сегодня, Я читаю книгу в школе.",Russian
Εγώ είπε ότι διαβάζω ένα βιβλίο στο γραφείο σήμερα.,Greek
"поздно вечером, Я учусь в университете в больнице.",Russian
أنا أذهب إلى العمل في المنزل في الصباح.,Arabic
நான் இந்த வாரம் வீட்டில் உடற்பயிற்சி செய்கிறேன் என்று கூறினார்.,Tamil
Εγώ θέλει να πηγαίνω στη δουλειά στο σπίτι.,Greek
"இந்த வாரம், நான் நூலகத்தில் மொழி கற்கிறேன்.",Tamil
मैं चाय पीता हूँ स्कूल में शाम को।,Hindi
"Я сказал, что читаю книгу в университете вечером.",Russian
اليوم، أنا أمارس الرياضة في المكتبة.,Arabic
"на этой неделе, Я учусь в университете в магазине.",Russian
أنا أذهب إلى العمل في المكتبة في الصباح.,Arabic
"νωρίς το πρωί, Εγώ μαθαίνω τη γλώσσα στο κατάστημα.",Greek
"மாலை நேரத்தில், நான் பூங்காவில் பல்கலைக்கழகத்தில் படிக்கிறேன்.",Tamil
ഞാൻ നാളെ വീട്ടിൽ കത്ത് എഴുതുന്നു എന്ന് പറഞ്ഞു.,Malayalam
ನಾನು ಅಂಗಡಿಯಲ್ಲಿ ವಿಶ್ವವಿದ್ಯಾಲಯದಲ್ಲಿ ಓದುತ್ತೇನೆ ಬೆಳಗಿನ ಸಮಯದಲ್ಲಿ.,Kannada
"Я сказал, что читаю книгу в ресторане сегодня.",Russian
"το πρωί, Εγώ γράφω ένα γράμμα στο σπίτι.",Greek
هذا الأسبوع، أنا أشرب القهوة في المدينة.,Arabic
ನಾನು ಈ ವಾರ ವಿಶ್ವವಿದ್ಯಾಲಯದಲ್ಲಿ ಕೆಲಸಕ್ಕೆ ಹೋಗುತ್ತೇನೆ ಎಂದು ಹೇಳಿದರು.,Kannada
"ಬೆಳಿಗ್ಗೆ, ನಾನು ಆಸ್ಪತ್ರೆಯಲ್ಲಿ ವಿಶ್ವವಿದ್ಯಾಲಯದಲ್ಲಿ ಓದುತ್ತೇನೆ.",Kannada
أنا أتعلم اللغة في المكتب هذا الأسبوع.,Arabic
நான் மாலை நேரத்தில் பள்ளியில் பல்கலைக்கழகத்தில் படிக்கிறேன் என்று கூறினார்.,Tamil
"Я сказал, что смотрю фильм дома рано утром.",Russian
നാളെ ഞാൻ നഗരത്തിൽ കത്ത് എഴുതുന്നു.,Malayalam
"завтра, Я иду на работу в университете.",Russian
मैं ने कहा कि वह पार्क में विश्वविद्यालय में पढ़ता हूँ हर दिन।,Hindi
"αύριο, Εγώ σπουδάζω στο πανεπιστήμιο στο σπίτι.",Greek
"Я сказал, что смотрю фильм в библиотеке утром.",Russian
Εγώ πίνω καφέ στο γραφείο σήμερα.,Greek
"αύριο, Εγώ πηγαίνω στη δουλειά στο σπίτι.",Greek
मैं ने कहा कि वह दुकान में फिल्म देखता हूँ सुबह।,Hindi
ഞാൻ ഈ ആഴ്ച പാർക്കിൽ ഭാഷ പഠിക്കുന്നു എന്ന് പറഞ്ഞു.,Malayalam
ഈ ആഴ്ച ഞാൻ സർവകലാശാലയിൽ കാപ്പി കുടിക്കുന്നു.,Malayalam
"αργά το βράδυ, Εγώ κάνω γυμναστική στο πανεπιστήμιο.",Greek
"शाम को, मैं व्यायाम करता हूँ विश्वविद्यालय में।",Hindi
"каждый день, Я читаю книгу в университете.",Russian
मैं भाषा सीखता हूँ स्कूल में हर दिन।,Hindi
Εγώ πίνω καφέ στο σχολείο αργά το βράδυ.,Greek
"поздно вечером, Я пью кофе дома.",Russian
"ಸಂಜೆ, ನಾನು ಕಚೇರಿಯಲ್ಲಿ ಕೆಲಸಕ್ಕೆ ಹೋಗುತ್ತೇನೆ.",Kannada
غدا، أنا أذهب إلى العمل في الجامعة.,Arabic
ನಾನು ಉದ್ಯಾನವನದಲ್ಲಿ ಸಿನಿಮಾ ನೋಡುತ್ತೇನೆ ಈ ವಾರ.,Kannada
Εγώ θέλει να γράφω ένα γράμμα στο γραφείο.,Greek
Εγώ μαθαίνω τη γλώσσα στο πάρκο νωρίς το πρωί.,Greek
ನಾನು ಅಂಗಡಿಯಲ್ಲಿ ಕಾಫಿ ಕುಡಿಯುತ್ತೇನೆ ಈ ವಾರ.,Kannada
"शाम के समय, मैं किताब पढ़ता हूँ घर में।",Hindi
"Я сказал, что изучаю язык в университете вечером.",Russian
ഞാൻ രാവിലെ ലൈബ്രറിയിൽ സിനിമ കാണുന്നു എന്ന് പറഞ്ഞു.,Malayalam
"Я сказал, что читаю книгу в магазине на этой неделе.",Russian
ഞാൻ രാവിലെ സമയത്ത് സ്കൂളിൽ സർവകലാശാലയിൽ പഠിക്കുന്നു എന്ന് പറഞ്ഞു.,Malayalam
اليوم، أنا أقرأ كتابا في المطعم.,Arabic
أنا أذهب إلى العمل في المنزل كل يوم.,Arabic
أنا أشاهد فيلما في المستشفى غدا.,Arabic
"κάθε μέρα, Εγώ κάνω γυμναστική στο εστιατόριο.",Greek
"ಇಂದು, ನಾನು ಮನೆಯಲ್ಲಿ ವಿಶ್ವವಿದ್ಯಾಲಯದಲ್ಲಿ ಓದುತ್ತೇನೆ.",Kannada
நான் காலை நேரத்தில் பல்கலைக்கழகத்தில் உடற்பயிற்சி செய்கிறேன் என்று கூறினார்.,Tamil
मैं किताब पढ़ता हूँ अस्पताल में कल।,Hindi
أنا أتعلم اللغة في المستشفى في المساء.,Arabic
قال أنا إنه أذهب إلى العمل في المدينة في المساء.,Arabic
ഞാൻ ഇന്ന് പാർക്കിൽ സർവകലാശാലയിൽ പഠിക്കുന്നു എന്ന് പറഞ്ഞു.,Malayalam
"рано утром, Я изучаю язык в офисе.",Russian
ನಾನು ನಗರದಲ್ಲಿ ಕೆಲಸಕ್ಕೆ ಹೋಗುತ್ತೇನೆ ಸಂಜೆ.,Kannada
ഞാൻ ലൈബ്രറിയിൽ സിനിമ കാണുന്നു ആഗ്രഹിക്കുന്നു.,Malayalam
قال أنا إنه أشاهد فيلما في المكتب اليوم.,Arabic
"το βράδυ, Εγώ πηγαίνω στη δουλειά στη βιβλιοθήκη.",Greek
मैं ने कहा कि वह पार्क में भाषा सीखता हूँ सुबह।,Hindi
രാവിലെ സമയത്ത് ഞാൻ ഓഫീസിൽ വ്യായാമം ചെയ്യുന്നു.,Malayalam
നാളെ ഞാൻ നഗരത്തിൽ വ്യായാമം ചെയ്യുന്നു.,Malayalam
"हर दिन, मैं विश्वविद्यालय में पढ़ता हूँ रेस्तरां में।",Hindi
قال أنا إنه أذهب إلى العمل في المكتب مساء.,Arabic
"αργά το βράδυ, Εγώ γράφω ένα γράμμα στο νοσοκομείο.",Greek
Εγώ σπουδάζω στο πανεπιστήμιο στο νοσοκομείο αυτή την εβδομάδα.,Greek
"на этой неделе, Я смотрю фильм в библиотеке.",Russian
"நாளை, நான் வீட்டில் மொழி கற்கிறேன்.",Tamil
मैं ने कहा कि वह पार्क में भाषा सीखता हूँ शाम के समय।,Hindi
"αργά το βράδυ, Εγώ γράφω ένα γράμμα στο κατάστημα.",Greek
मैं चाय पीता हूँ रेस्तरां में कल।,Hindi
मैं भाषा सीखता हूँ कार्यालय में शाम के समय।,Hindi
ನಾನು ಉದ್ಯಾನವನದಲ್ಲಿ ಕೆಲಸಕ್ಕೆ ಹೋಗುತ್ತೇನೆ ಬೆಳಿಗ್ಗೆ.,Kannada
मैं ने कहा कि वह पुस्तकालय में किताब पढ़ता हूँ सुबह।,Hindi
"தினமும், நான் நகரத்தில் வேலைக்கு செல்கிறேன்.",Tamil
ഞാൻ രാവിലെ സമയത്ത് ആശുപത്രിയിൽ കത്ത് എഴുതുന്നു.,Malayalam
"इस सप्ताह, मैं फिल्म देखता हूँ दुकान में।",Hindi
قال أنا إنه أدرس في الجامعة في المستشفى اليوم.,Arabic
"αύριο, Εγώ βλέπω μια ταινία στο γραφείο.",Greek
"सुबह के समय, मैं भाषा सीखता हूँ घर में।",Hindi
"காலையில், நான் அலுவலகத்தில் புத்தகம் படிக்கிறேன்.",Tamil
"Я сказал, что читаю книгу дома сегодня.",Russian
"Я сказал, что читаю книгу в университете каждый день.",Russian
Я смотрю фильм в школе поздно вечером.,Russian
في المساء، أنا أكتب رسالة في المستشفى.,Arabic
Εγώ βλέπω μια ταινία στο πάρκο το πρωί.,Greek
"இன்று, நான் உணவகத்தில் பல்கலைக்கழகத்தில் படிக்கிறேன்.",Tamil
"ಬೆಳಗಿನ ಸಮಯದಲ್ಲಿ, ನಾನು ರೆಸ್ಟೋರೆಂಟ್‌ನಲ್ಲಿ ಸಿನಿಮಾ ನೋಡುತ್ತೇನೆ.",Kannada
Εγώ πηγαίνω στη δουλειά στο εστιατόριο αυτή την εβδομάδα.,Greek
मैं रेस्तरां में व्यायाम करता हूँ चाहता है।,Hindi
ഞാൻ ഇന്ന് നഗരത്തിൽ സർവകലാശാലയിൽ പഠിക്കുന്നു എന്ന് പറഞ്ഞു.,Malayalam
நான் இன்று பள்ளியில் மொழி கற்கிறேன் என்று கூறினார்.,Tamil
നാളെ ഞാൻ ഓഫീസിൽ കത്ത് എഴുതുന്നു.,Malayalam
Я изучаю язык дома рано утром.,Russian
ഞാൻ രാവിലെ സമയത്ത് ഓഫീസിൽ സർവകലാശാലയിൽ പഠിക്കുന്നു.,Malayalam
நான் காலை நேரத்தில் உணவகத்தில் பல்கலைக்கழகத்தில் படிக்கிறேன் என்று கூறினார்.,Tamil
ഞാൻ ഇന്ന് വീട്ടിൽ കത്ത് എഴുതുന്നു.,Malayalam
"ಇಂದು, ನಾನು ಆಸ್ಪತ್ರೆಯಲ್ಲಿ ಸಿನಿಮಾ ನೋಡುತ್ತೇನೆ.",Kannada
मैं पत्र लिखता हूँ दुकान में शाम को।,Hindi
أنا أقرأ كتابا في المنزل في المساء.,Arabic
मैं किताब पढ़ता हूँ स्कूल में इस सप्ताह।,Hindi
قال أنا إنه أمارس الرياضة في المكتبة اليوم.,Arabic
நான் பூங்காவில் காபி குடிக்கிறேன் காலை நேரத்தில்.,Tamil
நான் நாளை கடையில் மொழி கற்கிறேன் என்று கூறினார்.,Tamil
Εγώ πίνω καφέ στο νοσοκομείο το βράδυ.,Greek
اليوم، أنا أدرس في الجامعة في الحديقة.,Arabic
قال أنا إنه أمارس الرياضة في المتجر في المساء.,Arabic
Εγώ μαθαίνω τη γλώσσα στη βιβλιοθήκη το βράδυ.,Greek
मैं फिल्म देखता हूँ घर में कल।,Hindi
"αυτή την εβδομάδα, Εγώ μαθαίνω τη γλώσσα στο σπίτι.",Greek
நான் நூலகத்தில் மொழி கற்கிறேன் விரும்புகிறார்.,Tamil
"ಬೆಳಿಗ್ಗೆ, ನಾನು ಆಸ್ಪತ್ರೆಯಲ್ಲಿ ಪುಸ್ತಕ ಓದುತ್ತೇನೆ.",Kannada
ನಾನು ವಿಶ್ವವಿದ್ಯಾಲಯದಲ್ಲಿ ಪುಸ್ತಕ ಓದುತ್ತೇನೆ ಬೆಳಿಗ್ಗೆ.,Kannada
நான் இன்று மருத்துவமனையில் உடற்பயிற்சி செய்கிறேன் என்று கூறினார்.,Tamil
நான் மாலை நேரத்தில் கடையில் கடிதம் எழுதுகிறேன் என்று கூறினார்.,Tamil
നാളെ ഞാൻ സർവകലാശാലയിൽ ഭാഷ പഠിക്കുന്നു.,Malayalam
"ಬೆಳಿಗ್ಗೆ, ನಾನು ಶಾಲೆಯಲ್ಲಿ ಭಾಷೆ ಕಲಿಯುತ್ತೇನೆ.",Kannada
मैं ने कहा कि वह कार्यालय में व्यायाम करता हूँ शाम को।,Hindi
ഞാൻ ഇന്ന് വീട്ടിൽ ജോലിക്ക് പോകുന്നു എന്ന് പറഞ്ഞു.,Malayalam
"αργά το βράδυ, Εγώ πίνω καφέ στο σπίτι.",Greek
நான் பள்ளியில் உடற்பயிற்சி செய்கிறேன் மாலையில்.,Tamil
"Я сказал, что учусь в университете дома каждый день.",Russian
Εγώ είπε ότι κάνω γυμναστική στο σπίτι αυτή την εβδομάδα.,Greek
"தினமும், நான் அலுவலகத்தில் காபி குடிக்கிறேன்.",Tamil
"இன்று, நான் கடையில் திரைப்படம் பார்க்கிறேன்.",Tamil
قال أنا إنه أتعلم اللغة في الحديقة في الصباح.,Arabic
ഞാൻ നാളെ പാർക്കിൽ കത്ത് എഴുതുന്നു എന്ന് പറഞ്ഞു.,Malayalam
ഞാൻ ഓഫീസിൽ വ്യായാമം ചെയ്യുന്നു ആഗ്രഹിക്കുന്നു.,Malayalam
"Я сказал, что занимаюсь спортом в университете завтра.",Russian
Εγώ σπουδάζω στο πανεπιστήμιο στο γραφείο το βράδυ.,Greek
ഞാൻ എല്ലാ ദിവസവും ലൈബ്രറിയിൽ ജോലിക്ക് പോകുന്നു എന്ന് പറഞ്ഞു.,Malayalam
"σήμερα, Εγώ βλέπω μια ταινία στο πανεπιστήμιο.",Greek
വൈകുന്നേരം സമയത്ത് ഞാൻ ആശുപത്രിയിൽ വ്യായാമം ചെയ്യുന്നു.,Malayalam
Я иду на работу в больнице сегодня.,Russian
ನಾನು ಉದ್ಯಾನವನದಲ್ಲಿ ಕಾಫಿ ಕುಡಿಯುತ್ತೇನೆ ಇಂದು.,Kannada
"το βράδυ, Εγώ μαθαίνω τη γλώσσα στο εστιατόριο.",Greek
"Я сказал, что читаю книгу в офисе завтра.",Russian
ನಾನು ವಿಶ್ವವಿದ್ಯಾಲಯದಲ್ಲಿ ವಿಶ್ವವಿದ್ಯಾಲಯದಲ್ಲಿ ಓದುತ್ತೇನೆ ಈ ವಾರ.,Kannada
Εγώ βλέπω μια ταινία στο κατάστημα σήμερα.,Greek
ഞാൻ നാളെ ഓഫീസിൽ ജോലിക്ക് പോകുന്നു എന്ന് പറഞ്ഞു.,Malayalam
मैं किताब पढ़ता हूँ पुस्तकालय में शाम को।,Hindi
أنا أتعلم اللغة في المستشفى مساء.,Arabic
"शाम को, मैं पत्र लिखता हूँ दुकान में।",Hindi
Εγώ πηγαίνω στη δουλειά στο γραφείο αύριο.,Greek
ഞാൻ ഇന്ന് പാർക്കിൽ ജോലിക്ക് പോകുന്നു എന്ന് പറഞ്ഞു.,Malayalam
ഞാൻ ഈ ആഴ്ച വീട്ടിൽ കത്ത് എഴുതുന്നു.,Malayalam
ನಾನು ಆಸ್ಪತ್ರೆಯಲ್ಲಿ ಕಾಫಿ ಕುಡಿಯುತ್ತೇನೆ ಈ ವಾರ.,Kannada
ನಾನು ಬೆಳಗಿನ ಸಮಯದಲ್ಲಿ ಆಸ್ಪತ್ರೆಯಲ್ಲಿ ಸಿನಿಮಾ ನೋಡುತ್ತೇನೆ ಎಂದು ಹೇಳಿದರು.,Kannada
"ಬೆಳಿಗ್ಗೆ, ನಾನು ವಿಶ್ವವಿದ್ಯಾಲಯದಲ್ಲಿ ಭಾಷೆ ಕಲಿಯುತ್ತೇನೆ.",Kannada
ನಾನು ಬೆಳಿಗ್ಗೆ ಕಚೇರಿಯಲ್ಲಿ ಸಿನಿಮಾ ನೋಡುತ್ತೇನೆ ಎಂದು ಹೇಳಿದರು.,Kannada
Εγώ γράφω ένα γράμμα στη βιβλιοθήκη αργά το βράδυ.,Greek
രാവിലെ സമയത്ത് ഞാൻ സ്കൂളിൽ വ്യായാമം ചെയ്യുന്നു.,Malayalam
Εγώ είπε ότι βλέπω μια ταινία στο νοσοκομείο αύριο.,Greek
Εγώ είπε ότι μαθαίνω τη γλώσσα στο σπίτι το βράδυ.,Greek
قال أنا إنه أتعلم اللغة في المنزل في الصباح.,Arabic
"தினமும், நான் கடையில் மொழி கற்கிறேன்.",Tamil
Я изучаю язык дома вечером.,Russian
"सुबह, मैं फिल्म देखता हूँ रेस्तरां में।",Hindi
"Я сказал, что учусь в университете в парке вечером.",Russian
"сегодня, Я занимаюсь спортом в библиотеке.",Russian
غدا، أنا أشرب القهوة في المكتب.,Arabic
Εγώ μαθαίνω τη γλώσσα στην πόλη κάθε μέρα.,Greek
Εγώ είπε ότι κάνω γυμναστική στο σπίτι σήμερα.,Greek
ನಾನು ನಗರದಲ್ಲಿ ವ್ಯಾಯಾಮ ಮಾಡುತ್ತೇನೆ ಬೆಳಿಗ್ಗೆ.,Kannada
ನಾನು ಇಂದು ರೆಸ್ಟೋರೆಂಟ್‌ನಲ್ಲಿ ಸಿನಿಮಾ ನೋಡುತ್ತೇನೆ ಎಂದು ಹೇಳಿದರು.,Kannada
நான் இந்த வாரம் பல்கலைக்கழகத்தில் காபி குடிக்கிறேன் என்று கூறினார்.,Tamil
मैं व्यायाम करता हूँ रेस्तरां में शाम के समय।,Hindi
मैं ने कहा कि वह अस्पताल में किताब पढ़ता हूँ सुबह के समय।,Hindi
"மாலையில், நான் பள்ளியில் மொழி கற்கிறேன்.",Tamil
"Я сказал, что смотрю фильм в университете каждый день.",Russian
ನಾನು ಕಚೇರಿಯಲ್ಲಿ ಪತ್ರ ಬರೆಯುತ್ತೇನೆ ಸಂಜೆ.,Kannada
நான் பள்ளியில் மொழி கற்கிறேன் காலை நேரத்தில்.,Tamil
"το πρωί, Εγώ γράφω ένα γράμμα στη βιβλιοθήκη.",Greek
நான் பல்கலைக்கழகத்தில் திரைப்படம் பார்க்கிறேன் காலையில்.,Tamil
"நாளை, நான் பள்ளியில் திரைப்படம் பார்க்கிறேன்.",Tamil
നാളെ ഞാൻ റെസ്റ്റോറന്റിൽ കാപ്പി കുടിക്കുന്നു.,Malayalam
أنا يريد أن أشاهد فيلما في الجامعة.,Arabic
நான் நூலகத்தில் வேலைக்கு செல்கிறேன் நாளை.,Tamil
"сегодня, Я занимаюсь спортом в школе.",Russian
"आज, मैं पत्र लिखता हूँ पार्क में।",Hindi
"இன்று, நான் பள்ளியில் மொழி கற்கிறேன்.",Tamil
"हर दिन, मैं फिल्म देखता हूँ विश्वविद्यालय में।",Hindi
قال أنا إنه أذهب إلى العمل في المطعم في الصباح.,Arabic
നാളെ ഞാൻ വീട്ടിൽ വ്യായാമം ചെയ്യുന്നു.,Malayalam
ഞാൻ വൈകുന്നേരം വീട്ടിൽ ഭാഷ പഠിക്കുന്നു.,Malayalam
Я пью кофе в университете сегодня.,Russian
"ಪ್ರತಿದಿನ, ನಾನು ಆಸ್ಪತ್ರೆಯಲ್ಲಿ ವಿಶ್ವವಿದ್ಯಾಲಯದಲ್ಲಿ ಓದುತ್ತೇನೆ.",Kannada
Εγώ είπε ότι πίνω καφέ στο σπίτι το πρωί.,Greek
Εγώ διαβάζω ένα βιβλίο στο εστιατόριο αύριο.,Greek
Я пью кофе в больнице поздно вечером.,Russian
"தினமும், நான் கடையில் காபி குடிக்கிறேன்.",Tamil
Εγώ είπε ότι μαθαίνω τη γλώσσα στο νοσοκομείο αύριο.,Greek
"вечером, Я занимаюсь спортом в городе.",Russian
"вечером, Я учусь в университете в городе.",Russian
ನಾನು ಮನೆಯಲ್ಲಿ ವ್ಯಾಯಾಮ ಮಾಡುತ್ತೇನೆ ಸಂಜೆ.,Kannada
"ನಾಳೆ, ನಾನು ವಿಶ್ವವಿದ್ಯಾಲಯದಲ್ಲಿ ವಿಶ್ವವಿದ್ಯಾಲಯದಲ್ಲಿ ಓದುತ್ತೇನೆ.",Kannada
ನಾನು ನಾಳೆ ಕಚೇರಿಯಲ್ಲಿ ಭಾಷೆ ಕಲಿಯುತ್ತೇನೆ ಎಂದು ಹೇಳಿದರು.,Kannada
நான் நகரத்தில் திரைப்படம் பார்க்கிறேன் இந்த வாரம்.,Tamil
قال أنا إنه أكتب رسالة في المدينة كل يوم.,Arabic
"Я сказал, что иду на работу в городе вечером.",Russian
"Я сказал, что смотрю фильм в магазине поздно вечером.",Russian
أنا أقرأ كتابا في الحديقة في المساء.,Arabic
قال أنا إنه أمارس الرياضة في المكتبة هذا الأسبوع.,Arabic
"вечером, Я пишу письмо в парке.",Russian
ഇന്ന് ഞാൻ ലൈബ്രറിയിൽ വ്യായാമം ചെയ്യുന്നു.,Malayalam
நான் மாலை நேரத்தில் பல்கலைக்கழகத்தில் மொழி கற்கிறேன் என்று கூறினார்.,Tamil
എല്ലാ ദിവസവും ഞാൻ ഓഫീസിൽ സിനിമ കാണുന്നു.,Malayalam
मैं ने कहा कि वह दुकान में विश्वविद्यालय में पढ़ता हूँ कल।,Hindi
मैं ने कहा कि वह घर में विश्वविद्यालय में पढ़ता हूँ सुबह के समय।,Hindi
ನಾನು ಪ್ರತಿದಿನ ಆಸ್ಪತ್ರೆಯಲ್ಲಿ ಕಾಫಿ ಕುಡಿಯುತ್ತೇನೆ ಎಂದು ಹೇಳಿದರು.,Kannada
"மாலை நேரத்தில், நான் கடையில் வேலைக்கு செல்கிறேன்.",Tamil
Εγώ σπουδάζω στο πανεπιστήμιο στο σχολείο κάθε μέρα.,Greek
ഞാൻ നാളെ റെസ്റ്റോറന്റിൽ പുസ്തകം വായിക്കുന്നു.,Malayalam
"Я сказал, что пишу письмо в магазине поздно вечером.",Russian
"σήμερα, Εγώ σπουδάζω στο πανεπιστήμιο στην πόλη.",Greek
நான் அலுவலகத்தில் வேலைக்கு செல்கிறேன் மாலை நேரத்தில்.,Tamil
"आज, मैं फिल्म देखता हूँ अस्पताल में।",Hindi
Εγώ βλέπω μια ταινία στο κατάστημα αυτή την εβδομάδα.,Greek
"நாளை, நான் பல்கலைக்கழகத்தில் புத்தகம் படிக்கிறேன்.",Tamil
قال أنا إنه أقرأ كتابا في الجامعة اليوم.,Arabic
എല്ലാ ദിവസവും ഞാൻ സർവകലാശാലയിൽ ജോലിക്ക് പോകുന്നു.,Malayalam
मैं किताब पढ़ता हूँ रेस्तरां में शाम के समय।,Hindi
Я хочет учусь в университете в больнице.,Russian
"Я сказал, что смотрю фильм в больнице сегодня.",Russian
"сегодня, Я учусь в университете в магазине.",Russian
"αυτή την εβδομάδα, Εγώ κάνω γυμναστική στο πανεπιστήμιο.",Greek
ഞാൻ ഇന്ന് കടയിൽ സർവകലാശാലയിൽ പഠിക്കുന്നു.,Malayalam
"நாளை, நான் உணவகத்தில் காபி குடிக்கிறேன்.",Tamil
मैं पत्र लिखता हूँ कार्यालय में कल।,Hindi
"மாலை நேரத்தில், நான் நகரத்தில் புத்தகம் படிக்கிறேன்.",Tamil
मैं फिल्म देखता हूँ पार्क में शाम के समय।,Hindi
Εγώ σπουδάζω στο πανεπιστήμιο στο γραφείο σήμερα.,Greek
ഞാൻ ആശുപത്രിയിൽ ജോലിക്ക് പോകുന്നു ആഗ്രഹിക്കുന്നു.,Malayalam
நான் மாலையில் பள்ளியில் பல்கலைக்கழகத்தில் படிக்கிறேன் என்று கூறினார்.,Tamil
"рано утром, Я учусь в университете в библиотеке.",Russian
मैं ने कहा कि वह पार्क में व्यायाम करता हूँ कल।,Hindi
"Я сказал, что смотрю фильм в парке завтра.",Russian
വൈകുന്നേരം സമയത്ത് ഞാൻ വീട്ടിൽ കത്ത് എഴുതുന്നു.,Malayalam
நான் நகரத்தில் மொழி கற்கிறேன் இந்த வாரம்.,Tamil
هذا الأسبوع، أنا أكتب رسالة في الحديقة.,Arabic
मैं काम पर जाता हूँ अस्पताल में इस सप्ताह।,Hindi
أنا أقرأ كتابا في المنزل هذا الأسبوع.,Arabic
ನಾನು ಅಂಗಡಿಯಲ್ಲಿ ಪುಸ್ತಕ ಓದುತ್ತೇನೆ ಇಂದು.,Kannada
मैं भाषा सीखता हूँ पुस्तकालय में शाम के समय।,Hindi
Я учусь в университете в городе на этой неделе.,Russian
ഞാൻ എല്ലാ ദിവസവും ലൈബ്രറിയിൽ പുസ്തകം വായിക്കുന്നു.,Malayalam
"завтра, Я учусь в университете дома.",Russian
मैं ने कहा कि वह रेस्तरां में विश्वविद्यालय में पढ़ता हूँ इस सप्ताह।,Hindi
"இன்று, நான் நூலகத்தில் உடற்பயிற்சி செய்கிறேன்.",Tamil
രാവിലെ സമയത്ത് ഞാൻ പാർക്കിൽ സർവകലാശാലയിൽ പഠിക്കുന്നു.,Malayalam
"ಪ್ರತಿದಿನ, ನಾನು ವಿಶ್ವವಿದ್ಯಾಲಯದಲ್ಲಿ ಕಾಫಿ ಕುಡಿಯುತ್ತೇನೆ.",Kannada
قال أنا إنه أتعلم اللغة في الجامعة هذا الأسبوع.,Arabic
"Я сказал, что иду на работу в офисе поздно вечером.",Russian
நான் மாலையில் உணவகத்தில் மொழி கற்கிறேன் என்று கூறினார்.,Tamil
ನಾನು ವಿಶ್ವವಿದ್ಯಾಲಯದಲ್ಲಿ ಸಿನಿಮಾ ನೋಡುತ್ತೇನೆ ಮಾಡಲು ಬಯಸುತ್ತಾನೆ.,Kannada
Εγώ είπε ότι μαθαίνω τη γλώσσα στο εστιατόριο αργά το βράδυ.,Greek
ഞാൻ വൈകുന്നേരം കടയിൽ സിനിമ കാണുന്നു.,Malayalam
ನಾನು ಸಂಜೆ ಉದ್ಯಾನವನದಲ್ಲಿ ಸಿನಿಮಾ ನೋಡುತ್ತೇನೆ ಎಂದು ಹೇಳಿದರು.,Kannada
"कल, मैं पत्र लिखता हूँ शहर में।",Hindi
ഞാൻ വൈകുന്നേരം ഓഫീസിൽ പുസ്തകം വായിക്കുന്നു.,Malayalam
"ಸಂಜೆಯ ಸಮಯದಲ್ಲಿ, ನಾನು ಕಚೇರಿಯಲ್ಲಿ ಕಾಫಿ ಕುಡಿಯುತ್ತೇನೆ.",Kannada
Εγώ είπε ότι μαθαίνω τη γλώσσα στο πάρκο το πρωί.,Greek
"вечером, Я читаю книгу в городе.",Russian
"ಈ ವಾರ, ನಾನು ವಿಶ್ವವಿದ್ಯಾಲಯದಲ್ಲಿ ಭಾಷೆ ಕಲಿಯುತ್ತೇನೆ.",Kannada
Εγώ είπε ότι πηγαίνω στη δουλειά στο εστιατόριο το πρωί.,Greek
நான் நாளை நூலகத்தில் மொழி கற்கிறேன் என்று கூறினார்.,Tamil
أنا أقرأ كتابا في المكتبة كل يوم.,Arabic
Я пью кофе в ресторане сегодня.,Russian
"Я сказал, что иду на работу в магазине каждый день.",Russian
"Я сказал, что занимаюсь спортом в больнице на этой неделе.",Russian
ഞാൻ നാളെ പാർക്കിൽ സർവകലാശാലയിൽ പഠിക്കുന്നു.,Malayalam
"Я сказал, что смотрю фильм в больнице каждый день.",Russian
"σήμερα, Εγώ διαβάζω ένα βιβλίο στο κατάστημα.",Greek
ഞാൻ നാളെ നഗരത്തിൽ കത്ത് എഴുതുന്നു എന്ന് പറഞ്ഞു.,Malayalam
"σήμερα, Εγώ σπουδάζω στο πανεπιστήμιο στο γραφείο.",Greek
"இந்த வாரம், நான் பல்கலைக்கழகத்தில் வேலைக்கு செல்கிறேன்.",Tamil
"ಈ ವಾರ, ನಾನು ಕಚೇರಿಯಲ್ಲಿ ವ್ಯಾಯಾಮ ಮಾಡುತ್ತೇನೆ.",Kannada
രാവിലെ ഞാൻ വീട്ടിൽ പുസ്തകം വായിക്കുന്നു.,Malayalam
ഞാൻ ഈ ആഴ്ച റെസ്റ്റോറന്റിൽ സിനിമ കാണുന്നു എന്ന് പറഞ്ഞു.,Malayalam
എല്ലാ ദിവസവും ഞാൻ പാർക്കിൽ വ്യായാമം ചെയ്യുന്നു.,Malayalam
ഞാൻ ഈ ആഴ്ച ഓഫീസിൽ കാപ്പി കുടിക്കുന്നു എന്ന് പറഞ്ഞു.,Malayalam
Εγώ πίνω καφέ στη βιβλιοθήκη σήμερα.,Greek
ഞാൻ രാവിലെ വീട്ടിൽ സിനിമ കാണുന്നു.,Malayalam
ನಾನು ಸಂಜೆ ವಿಶ್ವವಿದ್ಯಾಲಯದಲ್ಲಿ ಕಾಫಿ ಕುಡಿಯುತ್ತೇನೆ ಎಂದು ಹೇಳಿದರು.,Kannada
मैं ने कहा कि वह कार्यालय में पत्र लिखता हूँ इस सप्ताह।,Hindi
ഞാൻ വൈകുന്നേരം സമയത്ത് ഓഫീസിൽ ഭാഷ പഠിക്കുന്നു.,Malayalam
ഞാൻ വൈകുന്നേരം സമയത്ത് പാർക്കിൽ സിനിമ കാണുന്നു.,Malayalam
ನಾನು ನಾಳೆ ರೆಸ್ಟೋರೆಂಟ್‌ನಲ್ಲಿ ಪತ್ರ ಬರೆಯುತ್ತೇನೆ ಎಂದು ಹೇಳಿದರು.,Kannada
मैं व्यायाम करता हूँ दुकान में इस सप्ताह।,Hindi
Εγώ είπε ότι πίνω καφέ στο πανεπιστήμιο το βράδυ.,Greek
ഞാൻ എല്ലാ ദിവസവും പാർക്കിൽ പുസ്തകം വായിക്കുന്നു എന്ന് പറഞ്ഞു.,Malayalam
நான் நாளை கடையில் திரைப்படம் பார்க்கிறேன் என்று கூறினார்.,Tamil
قال أنا إنه أمارس الرياضة في المكتب في المساء.,Arabic
Εγώ είπε ότι πηγαίνω στη δουλειά στο κατάστημα νωρίς το πρωί.,Greek
Εγώ είπε ότι γράφω ένα γράμμα στο πανεπιστήμιο αύριο.,Greek
मैं किताब पढ़ता हूँ कार्यालय में सुबह के समय।,Hindi
هذا الأسبوع، أنا أشرب القهوة في المنزل.,Arabic
ನಾನು ಈ ವಾರ ಆಸ್ಪತ್ರೆಯಲ್ಲಿ ವ್ಯಾಯಾಮ ಮಾಡುತ್ತೇನೆ ಎಂದು ಹೇಳಿದರು.,Kannada
ഞാൻ രാവിലെ സമയത്ത് നഗരത്തിൽ സിനിമ കാണുന്നു.,Malayalam
நான் கடையில் உடற்பயிற்சி செய்கிறேன் இன்று.,Tamil
രാവിലെ ഞാൻ നഗരത്തിൽ സിനിമ കാണുന്നു.,Malayalam
मैं स्कूल में विश्वविद्यालय में पढ़ता हूँ चाहता है।,Hindi
"ಈ ವಾರ, ನಾನು ಮನೆಯಲ್ಲಿ ಭಾಷೆ ಕಲಿಯುತ್ತೇನೆ.",Kannada
Я изучаю язык в магазине каждый день.,Russian
"поздно вечером, Я учусь в университете в библиотеке.",Russian
"इस सप्ताह, मैं विश्वविद्यालय में पढ़ता हूँ कार्यालय में।",Hindi
"மாலையில், நான் வீட்டில் வேலைக்கு செல்கிறேன்.",Tamil
قال أنا إنه أدرس في الجامعة في المكتبة اليوم.,Arabic
أنا أدرس في الجامعة في الحديقة صباحا.,Arabic
Εγώ είπε ότι γράφω ένα γράμμα στο πανεπιστήμιο κάθε μέρα.,Greek
ഞാൻ ഇന്ന് ആശുപത്രിയിൽ കാപ്പി കുടിക്കുന്നു എന്ന് പറഞ്ഞു.,Malayalam
ನಾನು ಬೆಳಗಿನ ಸಮಯದಲ್ಲಿ ಗ್ರಂಥಾಲಯದಲ್ಲಿ ವ್ಯಾಯಾಮ ಮಾಡುತ್ತೇನೆ ಎಂದು ಹೇಳಿದರು.,Kannada
أنا أمارس الرياضة في الحديقة كل يوم.,Arabic
Я занимаюсь спортом в магазине на этой неделе.,Russian
രാവിലെ ഞാൻ ലൈബ്രറിയിൽ കാപ്പി കുടിക്കുന്നു.,Malayalam
நான் பல்கலைக்கழகத்தில் மொழி கற்கிறேன் இந்த வாரம்.,Tamil
ഞാൻ നാളെ ലൈബ്രറിയിൽ കത്ത് എഴുതുന്നു എന്ന് പറഞ്ഞു.,Malayalam
நான் மாலை நேரத்தில் பள்ளியில் வேலைக்கு செல்கிறேன் என்று கூறினார்.,Tamil
أنا أذهب إلى العمل في المستشفى غدا.,Arabic
"ಸಂಜೆಯ ಸಮಯದಲ್ಲಿ, ನಾನು ಆಸ್ಪತ್ರೆಯಲ್ಲಿ ವಿಶ್ವವಿದ್ಯಾಲಯದಲ್ಲಿ ಓದುತ್ತೇನೆ.",Kannada
Εγώ γράφω ένα γράμμα στο σχολείο αργά το βράδυ.,Greek
ನಾನು ಇಂದು ವಿಶ್ವವಿದ್ಯಾಲಯದಲ್ಲಿ ಕೆಲಸಕ್ಕೆ ಹೋಗುತ್ತೇನೆ ಎಂದು ಹೇಳಿದರು.,Kannada
"மாலை நேரத்தில், நான் பூங்காவில் மொழி கற்கிறேன்.",Tamil
ನಾನು ಆಸ್ಪತ್ರೆಯಲ್ಲಿ ಕೆಲಸಕ್ಕೆ ಹೋಗುತ್ತೇನೆ ಇಂದು.,Kannada
"αυτή την εβδομάδα, Εγώ διαβάζω ένα βιβλίο στο πάρκο.",Greek
كل يوم، أنا أتعلم اللغة في المستشفى.,Arabic
"Я сказал, что пишу письмо в парке поздно вечером.",Russian
ഇന്ന് ഞാൻ ഓഫീസിൽ ഭാഷ പഠിക്കുന്നു.,Malayalam
Я занимаюсь спортом в ресторане поздно вечером.,Russian
എല്ലാ ദിവസവും ഞാൻ റെസ്റ്റോറന്റിൽ കത്ത് എഴുതുന്നു.,Malayalam
"νωρίς το πρωί, Εγώ διαβάζω ένα βιβλίο στο πάρκο.",Greek
നാളെ ഞാൻ ലൈബ്രറിയിൽ ജോലിക്ക് പോകുന്നു.,Malayalam
Εγώ βλέπω μια ταινία στο γραφείο το πρωί.,Greek
വൈകുന്നേരം ഞാൻ നഗരത്തിൽ ഭാഷ പഠിക്കുന്നു.,Malayalam
Εγώ θέλει να πίνω καφέ στη βιβλιοθήκη.,Greek
Εγώ είπε ότι βλέπω μια ταινία στο εστιατόριο αυτή την εβδομάδα.,Greek
ನಾನು ಸಂಜೆಯ ಸಮಯದಲ್ಲಿ ವಿಶ್ವವಿದ್ಯಾಲಯದಲ್ಲಿ ಪತ್ರ ಬರೆಯುತ್ತೇನೆ ಎಂದು ಹೇಳಿದರು.,Kannada
قال أنا إنه أشاهد فيلما في الحديقة صباحا.,Arabic
Я читаю книгу в городе завтра.,Russian
मैं पत्र लिखता हूँ रेस्तरां में सुबह के समय।,Hindi
ನಾನು ಆಸ್ಪತ್ರೆಯಲ್ಲಿ ಸಿನಿಮಾ ನೋಡುತ್ತೇನೆ ಸಂಜೆಯ ಸಮಯದಲ್ಲಿ.,Kannada
"शाम को, मैं काम पर जाता हूँ कार्यालय में।",Hindi
ನಾನು ಕಚೇರಿಯಲ್ಲಿ ಸಿನಿಮಾ ನೋಡುತ್ತೇನೆ ಮಾಡಲು ಬಯಸುತ್ತಾನೆ.,Kannada
في الصباح، أنا أشرب القهوة في الجامعة.,Arabic
நான் காலையில் உணவகத்தில் மொழி கற்கிறேன் என்று கூறினார்.,Tamil
ഞാൻ ഈ ആഴ്ച കടയിൽ സിനിമ കാണുന്നു.,Malayalam
Εγώ θέλει να βλέπω μια ταινία στο πάρκο.,Greek
ഞാൻ എല്ലാ ദിവസവും സർവകലാശാലയിൽ സർവകലാശാലയിൽ പഠിക്കുന്നു എന്ന് പറഞ്ഞു.,Malayalam
Я изучаю язык в городе каждый день.,Russian
Εγώ είπε ότι κάνω γυμναστική στο πανεπιστήμιο το βράδυ.,Greek
ഞാൻ വൈകുന്നേരം പാർക്കിൽ ജോലിക്ക് പോകുന്നു എന്ന് പറഞ്ഞു.,Malayalam
"हर दिन, मैं चाय पीता हूँ दुकान में।",Hindi
मैं भाषा सीखता हूँ कार्यालय में कल।,Hindi
ನಾನು ಮನೆಯಲ್ಲಿ ಸಿನಿಮಾ ನೋಡುತ್ತೇನೆ ಸಂಜೆಯ ಸಮಯದಲ್ಲಿ.,Kannada
في المساء، أنا أذهب إلى العمل في المكتب.,Arabic
ഞാൻ രാവിലെ സമയത്ത് ഓഫീസിൽ ജോലിക്ക് പോകുന്നു.,Malayalam
أنا أشاهد فيلما في المتجر مساء.,Arabic
"कल, मैं भाषा सीखता हूँ कार्यालय में।",Hindi
Εγώ πηγαίνω στη δουλειά στο πάρκο κάθε μέρα.,Greek
நான் மருத்துவமனையில் கடிதம் எழுதுகிறேன் நாளை.,Tamil
"ಈ ವಾರ, ನಾನು ಗ್ರಂಥಾಲಯದಲ್ಲಿ ಕಾಫಿ ಕುಡಿಯುತ್ತೇನೆ.",Kannada
நான் பல்கலைக்கழகத்தில் பல்கலைக்கழகத்தில் படிக்கிறேன் இன்று.,Tamil
"ಇಂದು, ನಾನು ಗ್ರಂಥಾಲಯದಲ್ಲಿ ಸಿನಿಮಾ ನೋಡುತ್ತೇನೆ.",Kannada
"மாலையில், நான் அலுவலகத்தில் கடிதம் எழுதுகிறேன்.",Tamil
ನಾನು ಬೆಳಿಗ್ಗೆ ಮನೆಯಲ್ಲಿ ಪತ್ರ ಬರೆಯುತ್ತೇನೆ ಎಂದು ಹೇಳಿದರು.,Kannada
"сегодня, Я читаю книгу дома.",Russian
Я читаю книгу в университете на этой неделе.,Russian
ನಾನು ನಾಳೆ ಗ್ರಂಥಾಲಯದಲ್ಲಿ ವ್ಯಾಯಾಮ ಮಾಡುತ್ತೇನೆ ಎಂದು ಹೇಳಿದರು.,Kannada
വൈകുന്നേരം സമയത്ത് ഞാൻ സർവകലാശാലയിൽ പുസ്തകം വായിക്കുന്നു.,Malayalam
ನಾನು ಗ್ರಂಥಾಲಯದಲ್ಲಿ ಸಿನಿಮಾ ನೋಡುತ್ತೇನೆ ಬೆಳಿಗ್ಗೆ.,Kannada
ഞാൻ വൈകുന്നേരം സമയത്ത് നഗരത്തിൽ സർവകലാശാലയിൽ പഠിക്കുന്നു.,Malayalam
मैं ने कहा कि वह रेस्तरां में चाय पीता हूँ आज।,Hindi
Я пишу письмо в библиотеке вечером.,Russian
"Я сказал, что иду на работу в офисе завтра.",Russian
ഞാൻ രാവിലെ സമയത്ത് കടയിൽ ഭാഷ പഠിക്കുന്നു എന്ന് പറഞ്ഞു.,Malayalam
ഞാൻ ഈ ആഴ്ച സർവകലാശാലയിൽ സിനിമ കാണുന്നു.,Malayalam
"தினமும், நான் வீட்டில் கடிதம் எழுதுகிறேன்.",Tamil
Я пишу письмо в офисе вечером.,Russian
मैं काम पर जाता हूँ पार्क में हर दिन।,Hindi
நான் பல்கலைக்கழகத்தில் கடிதம் எழுதுகிறேன் இன்று.,Tamil
Я хочет смотрю фильм в библиотеке.,Russian
اليوم، أنا أشاهد فيلما في الجامعة.,Arabic
"ಸಂಜೆಯ ಸಮಯದಲ್ಲಿ, ನಾನು ಕಚೇರಿಯಲ್ಲಿ ವ್ಯಾಯಾಮ ಮಾಡುತ್ತೇನೆ.",Kannada
நான் அலுவலகத்தில் காபி குடிக்கிறேன் மாலையில்.,Tamil
"αυτή την εβδομάδα, Εγώ πίνω καφέ στη βιβλιοθήκη.",Greek
أنا أتعلم اللغة في المدرسة مساء.,Arabic
"Я сказал, что иду на работу в университете сегодня.",Russian
நான் மருத்துவமனையில் கடிதம் எழுதுகிறேன் மாலையில்.,Tamil
ನಾನು ಆಸ್ಪತ್ರೆಯಲ್ಲಿ ವಿಶ್ವವಿದ್ಯಾಲಯದಲ್ಲಿ ಓದುತ್ತೇನೆ ಸಂಜೆ.,Kannada
ನಾನು ಸಂಜೆ ಆಸ್ಪತ್ರೆಯಲ್ಲಿ ಪತ್ರ ಬರೆಯುತ್ತೇನೆ ಎಂದು ಹೇಳಿದರು.,Kannada
Εγώ γράφω ένα γράμμα στο πάρκο το πρωί.,Greek
நான் பல்கலைக்கழகத்தில் மொழி கற்கிறேன் மாலை நேரத்தில்.,Tamil
هذا الأسبوع، أنا أدرس في الجامعة في المستشفى.,Arabic
நான் இன்று கடையில் கடிதம் எழுதுகிறேன் என்று கூறினார்.,Tamil
ನಾನು ನಾಳೆ ಗ್ರಂಥಾಲಯದಲ್ಲಿ ಪತ್ರ ಬರೆಯುತ್ತೇನೆ ಎಂದು ಹೇಳಿದರು.,Kannada
Я учусь в университете в университете поздно вечером.,Russian
كل يوم، أنا أمارس الرياضة في المستشفى.,Arabic
"рано утром, Я смотрю фильм в школе.",Russian
"இந்த வாரம், நான் நூலகத்தில் திரைப்படம் பார்க்கிறேன்.",Tamil
"Я сказал, что изучаю язык в университете рано утром.",Russian
ನಾನು ಸಂಜೆ ಅಂಗಡಿಯಲ್ಲಿ ಸಿನಿಮಾ ನೋಡುತ್ತೇನೆ ಎಂದು ಹೇಳಿದರು.,Kannada
मैं ने कहा कि वह रेस्तरां में पत्र लिखता हूँ सुबह के समय।,Hindi
Εγώ σπουδάζω στο πανεπιστήμιο στο κατάστημα το βράδυ.,Greek
قال أنا إنه أكتب رسالة في الجامعة كل يوم.,Arabic
"सुबह, मैं पत्र लिखता हूँ पुस्तकालय में।",Hindi
நான் இந்த வாரம் அலுவலகத்தில் திரைப்படம் பார்க்கிறேன் என்று கூறினார்.,Tamil
"κάθε μέρα, Εγώ κάνω γυμναστική στο νοσοκομείο.",Greek
ನಾನು ಕಚೇರಿಯಲ್ಲಿ ಸಿನಿಮಾ ನೋಡುತ್ತೇನೆ ಬೆಳಿಗ್ಗೆ.,Kannada
"ಇಂದು, ನಾನು ವಿಶ್ವವಿದ್ಯಾಲಯದಲ್ಲಿ ಭಾಷೆ ಕಲಿಯುತ್ತೇನೆ.",Kannada
मैं व्यायाम करता हूँ रेस्तरां में आज।,Hindi
Я смотрю фильм в больнице завтра.,Russian
मैं चाय पीता हूँ कार्यालय में शाम को।,Hindi
நான் தினமும் கடையில் உடற்பயிற்சி செய்கிறேன் என்று கூறினார்.,Tamil
"Я сказал, что читаю книгу в офисе рано утром.",Russian
Я иду на работу в библиотеке вечером.,Russian
قال أنا إنه أذهب إلى العمل في المنزل مساء.,Arabic
"ನಾಳೆ, ನಾನು ಕಚೇರಿಯಲ್ಲಿ ವಿಶ್ವವಿದ್ಯಾಲಯದಲ್ಲಿ ಓದುತ್ತೇನೆ.",Kannada
"ಬೆಳಗಿನ ಸಮಯದಲ್ಲಿ, ನಾನು ಉದ್ಯಾನವನದಲ್ಲಿ ಕಾಫಿ ಕುಡಿಯುತ್ತೇನೆ.",Kannada
"காலையில், நான் கடையில் திரைப்படம் பார்க்கிறேன்.",Tamil
ഞാൻ രാവിലെ സമയത്ത് നഗരത്തിൽ ജോലിക്ക് പോകുന്നു എന്ന് പറഞ്ഞു.,Malayalam
ഞാൻ വൈകുന്നേരം സമയത്ത് ഓഫീസിൽ ഭാഷ പഠിക്കുന്നു എന്ന് പറഞ്ഞു.,Malayalam
ನಾನು ಸಂಜೆ ಕಚೇರಿಯಲ್ಲಿ ಪುಸ್ತಕ ಓದುತ್ತೇನೆ ಎಂದು ಹೇಳಿದರು.,Kannada
في المساء، أنا أقرأ كتابا في الحديقة.,Arabic
أنا أكتب رسالة في المكتب مساء.,Arabic
Я занимаюсь спортом дома поздно вечером.,Russian
"நாளை, நான் பள்ளியில் மொழி கற்கிறேன்.",Tamil
Εγώ βλέπω μια ταινία στο σπίτι κάθε μέρα.,Greek
நான் உணவகத்தில் உடற்பயிற்சி செய்கிறேன் காலையில்.,Tamil
ഞാൻ രാവിലെ സമയത്ത് വീട്ടിൽ കാപ്പി കുടിക്കുന്നു.,Malayalam
ನಾನು ಈ ವಾರ ಆಸ್ಪತ್ರೆಯಲ್ಲಿ ಪತ್ರ ಬರೆಯುತ್ತೇನೆ ಎಂದು ಹೇಳಿದರು.,Kannada
ഞാൻ രാവിലെ സമയത്ത് ആശുപത്രിയിൽ സർവകലാശാലയിൽ പഠിക്കുന്നു എന്ന് പറഞ്ഞു.,Malayalam
مساء، أنا أقرأ كتابا في المطعم.,Arabic
Я учусь в университете в больнице утром.,Russian
Εγώ πίνω καφέ στο σπίτι αύριο.,Greek
ഞാൻ വൈകുന്നേരം സമയത്ത് നഗരത്തിൽ ജോലിക്ക് പോകുന്നു.,Malayalam
Я учусь в университете в ресторане сегодня.,Russian
"утром, Я учусь в университете в парке.",Russian
"सुबह, मैं काम पर जाता हूँ विश्वविद्यालय में।",Hindi
Я учусь в университете в магазине поздно вечером.,Russian
Εγώ γράφω ένα γράμμα στο γραφείο νωρίς το πρωί.,Greek
أنا أتعلم اللغة في الحديقة صباحا.,Arabic
എല്ലാ ദിവസവും ഞാൻ സ്കൂളിൽ കാപ്പി കുടിക്കുന്നു.,Malayalam
मैं ने कहा कि वह रेस्तरां में पत्र लिखता हूँ इस सप्ताह।,Hindi
मैं ने कहा कि वह पुस्तकालय में भाषा सीखता हूँ हर दिन।,Hindi
"κάθε μέρα, Εγώ βλέπω μια ταινία στο πάρκο.",Greek
"αυτή την εβδομάδα, Εγώ βλέπω μια ταινία στο κατάστημα.",Greek
"το πρωί, Εγώ βλέπω μια ταινία στο γραφείο.",Greek
"σήμερα, Εγώ μαθαίνω τη γλώσσα στο γραφείο.",Greek
Εγώ διαβάζω ένα βιβλίο στο σχολείο το βράδυ.,Greek
Εγώ βλέπω μια ταινία στην πόλη το πρωί.,Greek
"ಸಂಜೆ, ನಾನು ಅಂಗಡಿಯಲ್ಲಿ ಪುಸ್ತಕ ಓದುತ್ತೇನೆ.",Kannada
"மாலையில், நான் மருத்துவமனையில் உடற்பயிற்சி செய்கிறேன்.",Tamil
Εγώ είπε ότι μαθαίνω τη γλώσσα στο πανεπιστήμιο αυτή την εβδομάδα.,Greek
मैं ने कहा कि वह शहर में फिल्म देखता हूँ शाम के समय।,Hindi
நான் மாலை நேரத்தில் நூலகத்தில் பல்கலைக்கழகத்தில் படிக்கிறேன் என்று கூறினார்.,Tamil
Εγώ είπε ότι πίνω καφέ στην πόλη σήμερα.,Greek
"इस सप्ताह, मैं चाय पीता हूँ स्कूल में।",Hindi
"Я сказал, что пишу письмо в библиотеке сегодня.",Russian
"утром, Я учусь в университете в городе.",Russian
"Я сказал, что занимаюсь спортом в ресторане каждый день.",Russian
Я изучаю язык в университете завтра.,Russian
ഞാൻ ഇന്ന് ആശുപത്രിയിൽ സർവകലാശാലയിൽ പഠിക്കുന്നു.,Malayalam
Я читаю книгу в офисе поздно вечером.,Russian
"το βράδυ, Εγώ βλέπω μια ταινία στην πόλη.",Greek
Εγώ είπε ότι σπουδάζω στο πανεπιστήμιο στο σπίτι σήμερα.,Greek
Я пью кофе в магазине на этой неделе.,Russian
நான் அலுவலகத்தில் திரைப்படம் பார்க்கிறேன் விரும்புகிறார்.,Tamil
أنا أمارس الرياضة في المطعم مساء.,Arabic
വൈകുന്നേരം സമയത്ത് ഞാൻ പാർക്കിൽ സർവകലാശാലയിൽ പഠിക്കുന്നു.,Malayalam
Εγώ είπε ότι πηγαίνω στη δουλειά στο σπίτι κάθε μέρα.,Greek
"ನಾಳೆ, ನಾನು ಮನೆಯಲ್ಲಿ ಪತ್ರ ಬರೆಯುತ್ತೇನೆ.",Kannada
"το πρωί, Εγώ κάνω γυμναστική στο πανεπιστήμιο.",Greek
मैं पत्र लिखता हूँ रेस्तरां में आज।,Hindi
Εγώ είπε ότι πίνω καφέ στο σπίτι αύριο.,Greek
Я смотрю фильм в ресторане сегодня.,Russian
मैं व्यायाम करता हूँ दुकान में हर दिन।,Hindi
"сегодня, Я изучаю язык в университете.",Russian
أنا أشاهد فيلما في المدرسة غدا.,Arabic
أنا أتعلم اللغة في المتجر صباحا.,Arabic
Εγώ πηγαίνω στη δουλειά στο εστιατόριο κάθε μέρα.,Greek
Я пью кофе в парке завтра.,Russian
"ಪ್ರತಿದಿನ, ನಾನು ಆಸ್ಪತ್ರೆಯಲ್ಲಿ ಕೆಲಸಕ್ಕೆ ಹೋಗುತ್ತೇನೆ.",Kannada
"Я сказал, что читаю книгу в больнице утром.",Russian
ನಾನು ಅಂಗಡಿಯಲ್ಲಿ ವಿಶ್ವವಿದ್ಯಾಲಯದಲ್ಲಿ ಓದುತ್ತೇನೆ ಸಂಜೆಯ ಸಮಯದಲ್ಲಿ.,Kannada
أنا أقرأ كتابا في المدرسة في المساء.,Arabic
ഞാൻ ഈ ആഴ്ച സർവകലാശാലയിൽ സിനിമ കാണുന്നു എന്ന് പറഞ്ഞു.,Malayalam
"ಇಂದು, ನಾನು ನಗರದಲ್ಲಿ ಕೆಲಸಕ್ಕೆ ಹೋಗುತ್ತೇನೆ.",Kannada
ഞാൻ എല്ലാ ദിവസവും വീട്ടിൽ കാപ്പി കുടിക്കുന്നു.,Malayalam
நான் பூங்காவில் பல்கலைக்கழகத்தில் படிக்கிறேன் காலையில்.,Tamil
Εγώ είπε ότι πίνω καφέ στο γραφείο αυτή την εβδομάδα.,Greek
أنا أذهب إلى العمل في الحديقة اليوم.,Arabic
أنا أذهب إلى العمل في المطعم هذا الأسبوع.,Arabic
Я смотрю фильм в библиотеке завтра.,Russian
मैं ने कहा कि वह विश्वविद्यालय में पत्र लिखता हूँ शाम के समय।,Hindi
ഞാൻ നഗരത്തിൽ ഭാഷ പഠിക്കുന്നു ആഗ്രഹിക്കുന്നു.,Malayalam
ഞാൻ നാളെ ഓഫീസിൽ കാപ്പി കുടിക്കുന്നു.,Malayalam
நான் வீட்டில் திரைப்படம் பார்க்கிறேன் காலை நேரத்தில்.,Tamil
"ಬೆಳಿಗ್ಗೆ, ನಾನು ನಗರದಲ್ಲಿ ಪತ್ರ ಬರೆಯುತ್ತೇನೆ.",Kannada
قال أنا إنه أدرس في الجامعة في الجامعة هذا الأسبوع.,Arabic
"Я сказал, что смотрю фильм в ресторане завтра.",Russian
"Я сказал, что читаю книгу в библиотеке утром.",Russian
Я учусь в университете в библиотеке вечером.,Russian
நான் பூங்காவில் மொழி கற்கிறேன் காலையில்.,Tamil
ഞാൻ ലൈബ്രറിയിൽ ഭാഷ പഠിക്കുന്നു ആഗ്രഹിക്കുന്നു.,Malayalam
أنا أذهب إلى العمل في المدينة اليوم.,Arabic
Εγώ πίνω καφέ στο πανεπιστήμιο αύριο.,Greek
நான் நூலகத்தில் வேலைக்கு செல்கிறேன் மாலையில்.,Tamil
நான் பல்கலைக்கழகத்தில் காபி குடிக்கிறேன் இந்த வாரம்.,Tamil
நான் உணவகத்தில் உடற்பயிற்சி செய்கிறேன் தினமும்.,Tamil
ഞാൻ സർവകലാശാലയിൽ സർവകലാശാലയിൽ പഠിക്കുന്നു ആഗ്രഹിക്കുന്നു.,Malayalam
വൈകുന്നേരം സമയത്ത് ഞാൻ നഗരത്തിൽ വ്യായാമം ചെയ്യുന്നു.,Malayalam
قال أنا إنه أشرب القهوة في المطعم مساء.,Arabic
"το πρωί, Εγώ μαθαίνω τη γλώσσα στη βιβλιοθήκη.",Greek
मैं शहर में चाय पीता हूँ चाहता है।,Hindi
நான் இன்று நகரத்தில் காபி குடிக்கிறேன் என்று கூறினார்.,Tamil
غدا، أنا أتعلم اللغة في الحديقة.,Arabic
قال أنا إنه أذهب إلى العمل في المطعم في المساء.,Arabic
मैं काम पर जाता हूँ अस्पताल में कल।,Hindi
أنا أكتب رسالة في المطعم صباحا.,Arabic
"இன்று, நான் அலுவலகத்தில் திரைப்படம் பார்க்கிறேன்.",Tamil
நான் நூலகத்தில் உடற்பயிற்சி செய்கிறேன் நாளை.,Tamil
मैं ने कहा कि वह कार्यालय में काम पर जाता हूँ हर दिन।,Hindi
ನಾನು ಮನೆಯಲ್ಲಿ ಕೆಲಸಕ್ಕೆ ಹೋಗುತ್ತೇನೆ ಸಂಜೆ.,Kannada
"Я сказал, что читаю книгу в ресторане завтра.",Russian
ഇന്ന് ഞാൻ വീട്ടിൽ ജോലിക്ക് പോകുന്നു.,Malayalam
"शाम के समय, मैं विश्वविद्यालय में पढ़ता हूँ घर में।",Hindi
ഞാൻ റെസ്റ്റോറന്റിൽ ജോലിക്ക് പോകുന്നു ആഗ്രഹിക്കുന്നു.,Malayalam
"सुबह, मैं व्यायाम करता हूँ अस्पताल में।",Hindi
ഞാൻ വൈകുന്നേരം സമയത്ത് ലൈബ്രറിയിൽ ഭാഷ പഠിക്കുന്നു എന്ന് പറഞ്ഞു.,Malayalam
രാവിലെ ഞാൻ സ്കൂളിൽ കാപ്പി കുടിക്കുന്നു.,Malayalam
"Я сказал, что занимаюсь спортом в парке утром.",Russian
أنا أدرس في الجامعة في المدرسة هذا الأسبوع.,Arabic
मैं काम पर जाता हूँ रेस्तरां में आज।,Hindi
أنا أذهب إلى العمل في المدرسة في المساء.,Arabic
ನಾನು ಪ್ರತಿದಿನ ಶಾಲೆಯಲ್ಲಿ ಕಾಫಿ ಕುಡಿಯುತ್ತೇನೆ ಎಂದು ಹೇಳಿದರು.,Kannada
Я пью кофе в библиотеке утром.,Russian
"αργά το βράδυ, Εγώ πίνω καφέ στο σχολείο.",Greek
நான் நகரத்தில் திரைப்படம் பார்க்கிறேன் விரும்புகிறார்.,Tamil
ನಾನು ಮನೆಯಲ್ಲಿ ಸಿನಿಮಾ ನೋಡುತ್ತೇನೆ ಮಾಡಲು ಬಯಸುತ್ತಾನೆ.,Kannada
"αυτή την εβδομάδα, Εγώ μαθαίνω τη γλώσσα στην πόλη.",Greek
Я пью кофе в школе вечером.,Russian
ನಾನು ನಗರದಲ್ಲಿ ಭಾಷೆ ಕಲಿಯುತ್ತೇನೆ ಈ ವಾರ.,Kannada
मैं काम पर जाता हूँ विश्वविद्यालय में शाम के समय।,Hindi
"Я сказал, что иду на работу в магазине вечером.",Russian
രാവിലെ സമയത്ത് ഞാൻ നഗരത്തിൽ കാപ്പി കുടിക്കുന്നു.,Malayalam
أنا أدرس في الجامعة في المدرسة اليوم.,Arabic
വൈകുന്നേരം ഞാൻ ഓഫീസിൽ സർവകലാശാലയിൽ പഠിക്കുന്നു.,Malayalam
ഞാൻ രാവിലെ ഓഫീസിൽ കത്ത് എഴുതുന്നു എന്ന് പറഞ്ഞു.,Malayalam
Εγώ είπε ότι βλέπω μια ταινία στο γραφείο αυτή την εβδομάδα.,Greek
"на этой неделе, Я пишу письмо в библиотеке.",Russian
"ಬೆಳಗಿನ ಸಮಯದಲ್ಲಿ, ನಾನು ರೆಸ್ಟೋರೆಂಟ್‌ನಲ್ಲಿ ವಿಶ್ವವಿದ್ಯಾಲಯದಲ್ಲಿ ಓದುತ್ತೇನೆ.",Kannada
ನಾನು ಕಚೇರಿಯಲ್ಲಿ ವಿಶ್ವವಿದ್ಯಾಲಯದಲ್ಲಿ ಓದುತ್ತೇನೆ ಈ ವಾರ.,Kannada
நான் நகரத்தில் உடற்பயிற்சி செய்கிறேன் இன்று.,Tamil
Εγώ είπε ότι διαβάζω ένα βιβλίο στο γραφείο το βράδυ.,Greek
في المساء، أنا أشاهد فيلما في المكتب.,Arabic
"இந்த வாரம், நான் நூலகத்தில் உடற்பயிற்சி செய்கிறேன்.",Tamil
ನಾನು ಇಂದು ಅಂಗಡಿಯಲ್ಲಿ ಕೆಲಸಕ್ಕೆ ಹೋಗುತ್ತೇನೆ ಎಂದು ಹೇಳಿದರು.,Kannada
நான் உணவகத்தில் புத்தகம் படிக்கிறேன் விரும்புகிறார்.,Tamil
ನಾನು ಕಚೇರಿಯಲ್ಲಿ ಕೆಲಸಕ್ಕೆ ಹೋಗುತ್ತೇನೆ ಸಂಜೆಯ ಸಮಯದಲ್ಲಿ.,Kannada
ഈ ആഴ്ച ഞാൻ ആശുപത്രിയിൽ കത്ത് എഴുതുന്നു.,Malayalam
"மாலையில், நான் பூங்காவில் மொழி கற்கிறேன்.",Tamil
"நாளை, நான் நகரத்தில் புத்தகம் படிக்கிறேன்.",Tamil
मैं ने कहा कि वह शहर में पत्र लिखता हूँ सुबह।,Hindi
"Я сказал, что иду на работу в парке каждый день.",Russian
मैं व्यायाम करता हूँ पुस्तकालय में कल।,Hindi
ഞാൻ സ്കൂളിൽ ജോലിക്ക് പോകുന്നു ആഗ്രഹിക്കുന്നു.,Malayalam
Εγώ είπε ότι σπουδάζω στο πανεπιστήμιο στην πόλη νωρίς το πρωί.,Greek
مساء، أنا أدرس في الجامعة في المكتب.,Arabic
"Я сказал, что пью кофе в офисе завтра.",Russian
"ಬೆಳಗಿನ ಸಮಯದಲ್ಲಿ, ನಾನು ಆಸ್ಪತ್ರೆಯಲ್ಲಿ ಪತ್ರ ಬರೆಯುತ್ತೇನೆ.",Kannada
मैं ने कहा कि वह पार्क में किताब पढ़ता हूँ शाम को।,Hindi
ഞാൻ വൈകുന്നേരം ഓഫീസിൽ കാപ്പി കുടിക്കുന്നു എന്ന് പറഞ്ഞു.,Malayalam
Εγώ είπε ότι πίνω καφέ στο πανεπιστήμιο σήμερα.,Greek
"மாலை நேரத்தில், நான் நகரத்தில் திரைப்படம் பார்க்கிறேன்.",Tamil
Я занимаюсь спортом в библиотеке завтра.,Russian
"κάθε μέρα, Εγώ βλέπω μια ταινία στη βιβλιοθήκη.",Greek
Я изучаю язык в школе утром.,Russian
രാവിലെ സമയത്ത് ഞാൻ പാർക്കിൽ കാപ്പി കുടിക്കുന്നു.,Malayalam
நான் காலையில் பூங்காவில் திரைப்படம் பார்க்கிறேன் என்று கூறினார்.,Tamil
"νωρίς το πρωί, Εγώ βλέπω μια ταινία στο εστιατόριο.",Greek
"το πρωί, Εγώ μαθαίνω τη γλώσσα στο εστιατόριο.",Greek
"தினமும், நான் பள்ளியில் மொழி கற்கிறேன்.",Tamil
ഞാൻ ഇന്ന് ലൈബ്രറിയിൽ ജോലിക്ക് പോകുന്നു.,Malayalam
أنا أشرب القهوة في المتجر كل يوم.,Arabic
ഞാൻ വൈകുന്നേരം വീട്ടിൽ പുസ്തകം വായിക്കുന്നു എന്ന് പറഞ്ഞു.,Malayalam
ನಾನು ಉದ್ಯಾನವನದಲ್ಲಿ ಕಾಫಿ ಕುಡಿಯುತ್ತೇನೆ ಬೆಳಿಗ್ಗೆ.,Kannada
قال أنا إنه أقرأ كتابا في الحديقة كل يوم.,Arabic
Я изучаю язык в парке рано утром.,Russian
நான் நாளை நூலகத்தில் காபி குடிக்கிறேன் என்று கூறினார்.,Tamil
ഞാൻ വൈകുന്നേരം ആശുപത്രിയിൽ കാപ്പി കുടിക്കുന്നു.,Malayalam
ഞാൻ ഈ ആഴ്ച ഓഫീസിൽ ഭാഷ പഠിക്കുന്നു.,Malayalam
ನಾನು ಈ ವಾರ ರೆಸ್ಟೋರೆಂಟ್‌ನಲ್ಲಿ ಕೆಲಸಕ್ಕೆ ಹೋಗುತ್ತೇನೆ ಎಂದು ಹೇಳಿದರು.,Kannada
"αύριο, Εγώ σπουδάζω στο πανεπιστήμιο στο πάρκο.",Greek
"αύριο, Εγώ διαβάζω ένα βιβλίο στο γραφείο.",Greek
ನಾನು ನಾಳೆ ಆಸ್ಪತ್ರೆಯಲ್ಲಿ ಪತ್ರ ಬರೆಯುತ್ತೇನೆ ಎಂದು ಹೇಳಿದರು.,Kannada
Я хочет читаю книгу в городе.,Russian
قال أنا إنه أكتب رسالة في المكتبة غدا.,Arabic
நான் மாலையில் கடையில் புத்தகம் படிக்கிறேன் என்று கூறினார்.,Tamil
நான் காலை நேரத்தில் மருத்துவமனையில் வேலைக்கு செல்கிறேன் என்று கூறினார்.,Tamil
Εγώ είπε ότι κάνω γυμναστική στο κατάστημα κάθε μέρα.,Greek
Εγώ είπε ότι μαθαίνω τη γλώσσα στην πόλη σήμερα.,Greek
Εγώ είπε ότι μαθαίνω τη γλώσσα στο εστιατόριο το βράδυ.,Greek
Я читаю книгу в университете утром.,Russian
Εγώ μαθαίνω τη γλώσσα στο πανεπιστήμιο το πρωί.,Greek
நான் பூங்காவில் வேலைக்கு செல்கிறேன் மாலையில்.,Tamil
நான் காலையில் உணவகத்தில் புத்தகம் படிக்கிறேன் என்று கூறினார்.,Tamil
Εγώ πηγαίνω στη δουλειά στο σπίτι αργά το βράδυ.,Greek
Εγώ κάνω γυμναστική στο σχολείο κάθε μέρα.,Greek
"κάθε μέρα, Εγώ πηγαίνω στη δουλειά στο κατάστημα.",Greek
Εγώ είπε ότι κάνω γυμναστική στο σχολείο αύριο.,Greek
ನಾನು ಸಂಜೆಯ ಸಮಯದಲ್ಲಿ ಉದ್ಯಾನವನದಲ್ಲಿ ಪತ್ರ ಬರೆಯುತ್ತೇನೆ ಎಂದು ಹೇಳಿದರು.,Kannada
ನಾನು ಮನೆಯಲ್ಲಿ ವಿಶ್ವವಿದ್ಯಾಲಯದಲ್ಲಿ ಓದುತ್ತೇನೆ ಮಾಡಲು ಬಯಸುತ್ತಾನೆ.,Kannada
مساء، أنا أقرأ كتابا في المنزل.,Arabic
ನಾನು ಮನೆಯಲ್ಲಿ ಕಾಫಿ ಕುಡಿಯುತ್ತೇನೆ ಸಂಜೆ.,Kannada
أنا يريد أن أذهب إلى العمل في المستشفى.,Arabic
"κάθε μέρα, Εγώ διαβάζω ένα βιβλίο στο πάρκο.",Greek
Εγώ είπε ότι μαθαίνω τη γλώσσα στο νοσοκομείο αυτή την εβδομάδα.,Greek
मैं चाय पीता हूँ शहर में हर दिन।,Hindi
ഞാൻ രാവിലെ സമയത്ത് കടയിൽ കത്ത് എഴുതുന്നു എന്ന് പറഞ്ഞു.,Malayalam
ഞാൻ ഇന്ന് റെസ്റ്റോറന്റിൽ പുസ്തകം വായിക്കുന്നു എന്ന് പറഞ്ഞു.,Malayalam
நான் இந்த வாரம் கடையில் வேலைக்கு செல்கிறேன் என்று கூறினார்.,Tamil
"हर दिन, मैं चाय पीता हूँ रेस्तरां में।",Hindi
நான் இன்று நூலகத்தில் வேலைக்கு செல்கிறேன் என்று கூறினார்.,Tamil
Εγώ είπε ότι πηγαίνω στη δουλειά στο πανεπιστήμιο αύριο.,Greek
ഞാൻ ഈ ആഴ്ച നഗരത്തിൽ ജോലിക്ക് പോകുന്നു.,Malayalam
Εγώ πηγαίνω στη δουλειά στο κατάστημα το πρωί.,Greek
വൈകുന്നേരം ഞാൻ വീട്ടിൽ ജോലിക്ക് പോകുന്നു.,Malayalam
"αύριο, Εγώ κάνω γυμναστική στο γραφείο.",Greek
Εγώ είπε ότι βλέπω μια ταινία στο εστιατόριο αύριο.,Greek
நான் மருத்துவமனையில் காபி குடிக்கிறேன் விரும்புகிறார்.,Tamil
قال أنا إنه أدرس في الجامعة في المستشفى كل يوم.,Arabic
Я занимаюсь спортом в парке поздно вечером.,Russian
मैं चाय पीता हूँ पार्क में आज।,Hindi
"காலையில், நான் நகரத்தில் வேலைக்கு செல்கிறேன்.",Tamil
"Я сказал, что смотрю фильм в ресторане рано утром.",Russian
Я пишу письмо в школе каждый день.,Russian
"κάθε μέρα, Εγώ σπουδάζω στο πανεπιστήμιο στο πανεπιστήμιο.",Greek
രാവിലെ ഞാൻ റെസ്റ്റോറന്റിൽ ജോലിക്ക് പോകുന്നു.,Malayalam
"आज, मैं व्यायाम करता हूँ रेस्तरां में।",Hindi
मैं चाय पीता हूँ घर में शाम के समय।,Hindi
நான் பள்ளியில் திரைப்படம் பார்க்கிறேன் இந்த வாரம்.,Tamil
أنا أكتب رسالة في المتجر غدا.,Arabic
நான் வீட்டில் வேலைக்கு செல்கிறேன் தினமும்.,Tamil
"தினமும், நான் மருத்துவமனையில் புத்தகம் படிக்கிறேன்.",Tamil
هذا الأسبوع، أنا أدرس في الجامعة في المدينة.,Arabic
मैं ने कहा कि वह दुकान में व्यायाम करता हूँ शाम को।,Hindi
Я смотрю фильм в офисе поздно вечером.,Russian
أنا أدرس في الجامعة في الحديقة كل يوم.,Arabic
"இந்த வாரம், நான் அலுவலகத்தில் வேலைக்கு செல்கிறேன்.",Tamil
أنا أذهب إلى العمل في المنزل اليوم.,Arabic
ഞാൻ വൈകുന്നേരം വീട്ടിൽ സിനിമ കാണുന്നു.,Malayalam
मैं ने कहा कि वह स्कूल में व्यायाम करता हूँ आज।,Hindi
"ಪ್ರತಿದಿನ, ನಾನು ನಗರದಲ್ಲಿ ಪುಸ್ತಕ ಓದುತ್ತೇನೆ.",Kannada
நான் பல்கலைக்கழகத்தில் திரைப்படம் பார்க்கிறேன் நாளை.,Tamil
هذا الأسبوع، أنا أمارس الرياضة في المكتبة.,Arabic
"शाम के समय, मैं काम पर जाता हूँ पुस्तकालय में।",Hindi
"தினமும், நான் அலுவலகத்தில் உடற்பயிற்சி செய்கிறேன்.",Tamil
Я иду на работу в библиотеке каждый день.,Russian
أنا أكتب رسالة في المطعم كل يوم.,Arabic
"कल, मैं काम पर जाता हूँ रेस्तरां में।",Hindi
मैं ने कहा कि वह विश्वविद्यालय में फिल्म देखता हूँ आज।,Hindi
Εγώ είπε ότι πίνω καφέ στο σχολείο αργά το βράδυ.,Greek
"Я сказал, что читаю книгу в городе на этой неделе.",Russian
"ಬೆಳಿಗ್ಗೆ, ನಾನು ಅಂಗಡಿಯಲ್ಲಿ ಕೆಲಸಕ್ಕೆ ಹೋಗುತ್ತೇನೆ.",Kannada
ഞാൻ വൈകുന്നേരം സമയത്ത് സർവകലാശാലയിൽ സിനിമ കാണുന്നു.,Malayalam
Εγώ είπε ότι σπουδάζω στο πανεπιστήμιο στη βιβλιοθήκη αργά το βράδυ.,Greek
ನಾನು ಅಂಗಡಿಯಲ್ಲಿ ವ್ಯಾಯಾಮ ಮಾಡುತ್ತೇನೆ ನಾಳೆ.,Kannada
"рано утром, Я занимаюсь спортом в университете.",Russian
"காலையில், நான் பூங்காவில் புத்தகம் படிக்கிறேன்.",Tamil
قال أنا إنه أتعلم اللغة في المتجر اليوم.,Arabic
"ನಾಳೆ, ನಾನು ನಗರದಲ್ಲಿ ಕೆಲಸಕ್ಕೆ ಹೋಗುತ್ತೇನೆ.",Kannada
"Я сказал, что пишу письмо в магазине завтра.",Russian
मैं विश्वविद्यालय में पढ़ता हूँ कार्यालय में इस सप्ताह।,Hindi
நான் பூங்காவில் புத்தகம் படிக்கிறேன் இன்று.,Tamil
Εγώ μαθαίνω τη γλώσσα στην πόλη σήμερα.,Greek
நான் வீட்டில் உடற்பயிற்சி செய்கிறேன் காலை நேரத்தில்.,Tamil
"Я сказал, что учусь в университете в ресторане каждый день.",Russian
Я изучаю язык в парке завтра.,Russian
ನಾನು ಬೆಳಿಗ್ಗೆ ಗ್ರಂಥಾಲಯದಲ್ಲಿ ಕಾಫಿ ಕುಡಿಯುತ್ತೇನೆ ಎಂದು ಹೇಳಿದರು.,Kannada
ನಾನು ಪ್ರತಿದಿನ ಆಸ್ಪತ್ರೆಯಲ್ಲಿ ಪತ್ರ ಬರೆಯುತ್ತೇನೆ ಎಂದು ಹೇಳಿದರು.,Kannada
Я пью кофе дома сегодня.,Russian
مساء، أنا أشرب القهوة في المطعم.,Arabic
"сегодня, Я смотрю фильм в офисе.",Russian
"на этой неделе, Я изучаю язык в больнице.",Russian
ഞാൻ നാളെ കടയിൽ വ്യായാമം ചെയ്യുന്നു.,Malayalam
രാവിലെ ഞാൻ വീട്ടിൽ കത്ത് എഴുതുന്നു.,Malayalam
Εγώ θέλει να κάνω γυμναστική στο νοσοκομείο.,Greek
ഞാൻ എല്ലാ ദിവസവും സർവകലാശാലയിൽ പുസ്തകം വായിക്കുന്നു.,Malayalam
Εγώ μαθαίνω τη γλώσσα στη βιβλιοθήκη αυτή την εβδομάδα.,Greek
ನಾನು ರೆಸ್ಟೋರೆಂಟ್‌ನಲ್ಲಿ ಕೆಲಸಕ್ಕೆ ಹೋಗುತ್ತೇನೆ ಪ್ರತಿದಿನ.,Kannada
في المساء، أنا أذهب إلى العمل في المستشفى.,Arabic
நான் கடையில் உடற்பயிற்சி செய்கிறேன் மாலையில்.,Tamil
Я хочет изучаю язык в магазине.,Russian
രാവിലെ സമയത്ത് ഞാൻ വീട്ടിൽ വ്യായാമം ചെയ്യുന്നു.,Malayalam
ഞാൻ വൈകുന്നേരം സ്കൂളിൽ കാപ്പി കുടിക്കുന്നു എന്ന് പറഞ്ഞു.,Malayalam
நான் உணவகத்தில் திரைப்படம் பார்க்கிறேன் இந்த வாரம்.,Tamil
நான் நாளை கடையில் வேலைக்கு செல்கிறேன் என்று கூறினார்.,Tamil
"காலை நேரத்தில், நான் பள்ளியில் கடிதம் எழுதுகிறேன்.",Tamil
நான் நாளை பள்ளியில் உடற்பயிற்சி செய்கிறேன் என்று கூறினார்.,Tamil
Εγώ διαβάζω ένα βιβλίο στο εστιατόριο σήμερα.,Greek
ഇന്ന് ഞാൻ ആശുപത്രിയിൽ ജോലിക്ക് പോകുന്നു.,Malayalam
"ಬೆಳಗಿನ ಸಮಯದಲ್ಲಿ, ನಾನು ಅಂಗಡಿಯಲ್ಲಿ ಪತ್ರ ಬರೆಯುತ್ತೇನೆ.",Kannada
أنا أشرب القهوة في الحديقة هذا الأسبوع.,Arabic
Εγώ πίνω καφέ στο εστιατόριο το βράδυ.,Greek
أنا أشاهد فيلما في المتجر في الصباح.,Arabic
ನಾನು ಮನೆಯಲ್ಲಿ ಸಿನಿಮಾ ನೋಡುತ್ತೇನೆ ಬೆಳಿಗ್ಗೆ.,Kannada
ഞാൻ ഓഫീസിൽ ഭാഷ പഠിക്കുന്നു ആഗ്രഹിക്കുന്നു.,Malayalam
രാവിലെ സമയത്ത് ഞാൻ ഓഫീസിൽ കത്ത് എഴുതുന്നു.,Malayalam
ഞാൻ രാവിലെ സമയത്ത് സർവകലാശാലയിൽ വ്യായാമം ചെയ്യുന്നു.,Malayalam
நான் நகரத்தில் வேலைக்கு செல்கிறேன் மாலையில்.,Tamil
मैं ने कहा कि वह रेस्तरां में काम पर जाता हूँ शाम के समय।,Hindi
ഞാൻ രാവിലെ സമയത്ത് സ്കൂളിൽ ഭാഷ പഠിക്കുന്നു.,Malayalam
എല്ലാ ദിവസവും ഞാൻ പാർക്കിൽ ഭാഷ പഠിക്കുന്നു.,Malayalam
ഞാൻ ഇന്ന് നഗരത്തിൽ സർവകലാശാലയിൽ പഠിക്കുന്നു.,Malayalam
"Я сказал, что пью кофе в университете рано утром.",Russian
நான் நூலகத்தில் பல்கலைக்கழகத்தில் படிக்கிறேன் இன்று.,Tamil
ഞാൻ വൈകുന്നേരം സമയത്ത് കടയിൽ സർവകലാശാലയിൽ പഠിക്കുന്നു.,Malayalam
"Я сказал, что пью кофе в парке поздно вечером.",Russian
"Я сказал, что читаю книгу в парке поздно вечером.",Russian
كل يوم، أنا أذهب إلى العمل في المطعم.,Arabic
"हर दिन, मैं पत्र लिखता हूँ कार्यालय में।",Hindi
मैं ने कहा कि वह रेस्तरां में भाषा सीखता हूँ हर दिन।,Hindi
"இந்த வாரம், நான் கடையில் கடிதம் எழுதுகிறேன்.",Tamil
ನಾನು ವಿಶ್ವವಿದ್ಯಾಲಯದಲ್ಲಿ ಭಾಷೆ ಕಲಿಯುತ್ತೇನೆ ಸಂಜೆ.,Kannada
நான் உணவகத்தில் வேலைக்கு செல்கிறேன் விரும்புகிறார்.,Tamil
أنا أذهب إلى العمل في المطعم غدا.,Arabic
நான் கடையில் வேலைக்கு செல்கிறேன் இன்று.,Tamil
ഞാൻ നാളെ റെസ്റ്റോറന്റിൽ കാപ്പി കുടിക്കുന്നു.,Malayalam
ನಾನು ಇಂದು ಆಸ್ಪತ್ರೆಯಲ್ಲಿ ಕೆಲಸಕ್ಕೆ ಹೋಗುತ್ತೇನೆ ಎಂದು ಹೇಳಿದರು.,Kannada
Εγώ είπε ότι μαθαίνω τη γλώσσα στο κατάστημα αργά το βράδυ.,Greek
ನಾನು ಈ ವಾರ ಕಚೇರಿಯಲ್ಲಿ ಪತ್ರ ಬರೆಯುತ್ತೇನೆ ಎಂದು ಹೇಳಿದರು.,Kannada
صباحا، أنا أذهب إلى العمل في المدرسة.,Arabic
ഞാൻ വൈകുന്നേരം വീട്ടിൽ കത്ത് എഴുതുന്നു എന്ന് പറഞ്ഞു.,Malayalam
"το βράδυ, Εγώ πηγαίνω στη δουλειά στο γραφείο.",Greek
قال أنا إنه أكتب رسالة في المكتب غدا.,Arabic
நான் உணவகத்தில் வேலைக்கு செல்கிறேன் மாலையில்.,Tamil
"காலையில், நான் வீட்டில் உடற்பயிற்சி செய்கிறேன்.",Tamil
قال أنا إنه أشرب القهوة في المتجر هذا الأسبوع.,Arabic
"αργά το βράδυ, Εγώ μαθαίνω τη γλώσσα στο σχολείο.",Greek
मैं ने कहा कि वह दुकान में फिल्म देखता हूँ आज।,Hindi
كل يوم، أنا أشاهد فيلما في المستشفى.,Arabic
Εγώ είπε ότι βλέπω μια ταινία στο πανεπιστήμιο αυτή την εβδομάδα.,Greek
قال أنا إنه أدرس في الجامعة في المنزل في المساء.,Arabic
أنا أتعلم اللغة في المدينة في الصباح.,Arabic
Εγώ είπε ότι βλέπω μια ταινία στη βιβλιοθήκη αύριο.,Greek
هذا الأسبوع، أنا أمارس الرياضة في المطعم.,Arabic
قال أنا إنه أدرس في الجامعة في الحديقة كل يوم.,Arabic
मैं ने कहा कि वह दुकान में किताब पढ़ता हूँ आज।,Hindi
நான் காலை நேரத்தில் வீட்டில் திரைப்படம் பார்க்கிறேன் என்று கூறினார்.,Tamil
நான் பல்கலைக்கழகத்தில் திரைப்படம் பார்க்கிறேன் மாலை நேரத்தில்.,Tamil
मैं ने कहा कि वह स्कूल में व्यायाम करता हूँ इस सप्ताह।,Hindi
Εγώ μαθαίνω τη γλώσσα στο γραφείο νωρίς το πρωί.,Greek
Εγώ γράφω ένα γράμμα στη βιβλιοθήκη αύριο.,Greek
ഈ ആഴ്ച ഞാൻ നഗരത്തിൽ പുസ്തകം വായിക്കുന്നു.,Malayalam
Я смотрю фильм в магазине утром.,Russian
ഞാൻ സ്കൂളിൽ പുസ്തകം വായിക്കുന്നു ആഗ്രഹിക്കുന്നു.,Malayalam
मैं ने कहा कि वह अस्पताल में काम पर जाता हूँ आज।,Hindi
"इस सप्ताह, मैं काम पर जाता हूँ अस्पताल में।",Hindi
நான் மாலை நேரத்தில் உணவகத்தில் பல்கலைக்கழகத்தில் படிக்கிறேன் என்று கூறினார்.,Tamil
ഞാൻ വൈകുന്നേരം സമയത്ത് സർവകലാശാലയിൽ പുസ്തകം വായിക്കുന്നു എന്ന് പറഞ്ഞു.,Malayalam
നാളെ ഞാൻ ഓഫീസിൽ ജോലിക്ക് പോകുന്നു.,Malayalam
أنا أتعلم اللغة في الجامعة اليوم.,Arabic
Εγώ θέλει να μαθαίνω τη γλώσσα στο σχολείο.,Greek
ഞാൻ നാളെ ലൈബ്രറിയിൽ ഭാഷ പഠിക്കുന്നു എന്ന് പറഞ്ഞു.,Malayalam
ഞാൻ എല്ലാ ദിവസവും നഗരത്തിൽ ജോലിക്ക് പോകുന്നു എന്ന് പറഞ്ഞു.,Malayalam
"утром, Я пишу письмо в университете.",Russian
ഞാൻ ഇന്ന് ഓഫീസിൽ കത്ത് എഴുതുന്നു.,Malayalam
நான் கடையில் பல்கலைக்கழகத்தில் படிக்கிறேன் மாலை நேரத்தில்.,Tamil
"утром, Я изучаю язык в университете.",Russian
"το πρωί, Εγώ πηγαίνω στη δουλειά στο πανεπιστήμιο.",Greek
ನಾನು ಉದ್ಯಾನವನದಲ್ಲಿ ಸಿನಿಮಾ ನೋಡುತ್ತೇನೆ ಸಂಜೆಯ ಸಮಯದಲ್ಲಿ.,Kannada
ನಾನು ಸಂಜೆಯ ಸಮಯದಲ್ಲಿ ಅಂಗಡಿಯಲ್ಲಿ ವ್ಯಾಯಾಮ ಮಾಡುತ್ತೇನೆ ಎಂದು ಹೇಳಿದರು.,Kannada
Εγώ διαβάζω ένα βιβλίο στο νοσοκομείο το βράδυ.,Greek
Εγώ είπε ότι πίνω καφέ στο πανεπιστήμιο αύριο.,Greek
أنا أكتب رسالة في المنزل في الصباح.,Arabic
أنا أتعلم اللغة في الحديقة غدا.,Arabic
मैं ने कहा कि वह विश्वविद्यालय में काम पर जाता हूँ कल।,Hindi
मैं विश्वविद्यालय में पढ़ता हूँ दुकान में इस सप्ताह।,Hindi
ഞാൻ നാളെ ആശുപത്രിയിൽ കത്ത് എഴുതുന്നു.,Malayalam
Я иду на работу в офисе поздно вечером.,Russian
ഞാൻ വൈകുന്നേരം സ്കൂളിൽ ജോലിക്ക് പോകുന്നു എന്ന് പറഞ്ഞു.,Malayalam
"рано утром, Я занимаюсь спортом в городе.",Russian
ನಾನು ಈ ವಾರ ಕಚೇರಿಯಲ್ಲಿ ವ್ಯಾಯಾಮ ಮಾಡುತ್ತೇನೆ ಎಂದು ಹೇಳಿದರು.,Kannada
Εγώ διαβάζω ένα βιβλίο στο εστιατόριο κάθε μέρα.,Greek
ನಾನು ನಾಳೆ ನಗರದಲ್ಲಿ ಪತ್ರ ಬರೆಯುತ್ತೇನೆ ಎಂದು ಹೇಳಿದರು.,Kannada
Я пью кофе дома на этой неделе.,Russian
मैं किताब पढ़ता हूँ शहर में हर दिन।,Hindi
நான் கடையில் புத்தகம் படிக்கிறேன் காலை நேரத்தில்.,Tamil
Εγώ διαβάζω ένα βιβλίο στο εστιατόριο το πρωί.,Greek
Я учусь в университете в офисе вечером.,Russian
मैं काम पर जाता हूँ दुकान में इस सप्ताह।,Hindi
"हर दिन, मैं फिल्म देखता हूँ स्कूल में।",Hindi
நான் காலை நேரத்தில் பள்ளியில் கடிதம் எழுதுகிறேன் என்று கூறினார்.,Tamil
Я читаю книгу дома поздно вечером.,Russian
मैं ने कहा कि वह कार्यालय में पत्र लिखता हूँ आज।,Hindi
ನಾನು ಸಂಜೆಯ ಸಮಯದಲ್ಲಿ ವಿಶ್ವವಿದ್ಯಾಲಯದಲ್ಲಿ ಭಾಷೆ ಕಲಿಯುತ್ತೇನೆ ಎಂದು ಹೇಳಿದರು.,Kannada
أنا أقرأ كتابا في المنزل كل يوم.,Arabic
Я пью кофе в библиотеке поздно вечером.,Russian
أنا أمارس الرياضة في المكتب اليوم.,Arabic
मैं ने कहा कि वह शहर में पत्र लिखता हूँ हर दिन।,Hindi
"ಸಂಜೆಯ ಸಮಯದಲ್ಲಿ, ನಾನು ಉದ್ಯಾನವನದಲ್ಲಿ ಭಾಷೆ ಕಲಿಯುತ್ತೇನೆ.",Kannada
Εγώ πηγαίνω στη δουλειά στο εστιατόριο νωρίς το πρωί.,Greek
Εγώ μαθαίνω τη γλώσσα στο γραφείο το πρωί.,Greek
قال أنا إنه أكتب رسالة في المدينة في المساء.,Arabic
"завтра, Я занимаюсь спортом дома.",Russian
ഞാൻ റെസ്റ്റോറന്റിൽ കത്ത് എഴുതുന്നു ആഗ്രഹിക്കുന്നു.,Malayalam
أنا أتعلم اللغة في المكتب اليوم.,Arabic
நான் நாளை பூங்காவில் வேலைக்கு செல்கிறேன் என்று கூறினார்.,Tamil
"Я сказал, что занимаюсь спортом в больнице утром.",Russian
ഞാൻ രാവിലെ സമയത്ത് പാർക്കിൽ കാപ്പി കുടിക്കുന്നു.,Malayalam
"κάθε μέρα, Εγώ γράφω ένα γράμμα στο πανεπιστήμιο.",Greek
मैं व्यायाम करता हूँ विश्वविद्यालय में इस सप्ताह।,Hindi
Εγώ είπε ότι πηγαίνω στη δουλειά στην πόλη αύριο.,Greek
നാളെ ഞാൻ ലൈബ്രറിയിൽ സിനിമ കാണുന്നു.,Malayalam
"सुबह, मैं चाय पीता हूँ दुकान में।",Hindi
Εγώ είπε ότι βλέπω μια ταινία στο σχολείο κάθε μέρα.,Greek
أنا أتعلم اللغة في المكتب غدا.,Arabic
"हर दिन, मैं व्यायाम करता हूँ दुकान में।",Hindi
ನಾನು ರೆಸ್ಟೋರೆಂಟ್‌ನಲ್ಲಿ ಭಾಷೆ ಕಲಿಯುತ್ತೇನೆ ಬೆಳಿಗ್ಗೆ.,Kannada
"மாலையில், நான் கடையில் பல்கலைக்கழகத்தில் படிக்கிறேன்.",Tamil
أنا أدرس في الجامعة في الحديقة في الصباح.,Arabic
"தினமும், நான் உணவகத்தில் திரைப்படம் பார்க்கிறேன்.",Tamil
Εγώ είπε ότι πηγαίνω στη δουλειά στη βιβλιοθήκη νωρίς το πρωί.,Greek
"காலையில், நான் பூங்காவில் உடற்பயிற்சி செய்கிறேன்.",Tamil
Εγώ είπε ότι μαθαίνω τη γλώσσα στο σχολείο αργά το βράδυ.,Greek
Я смотрю фильм в школе утром.,Russian
ನಾನು ನಾಳೆ ಉದ್ಯಾನವನದಲ್ಲಿ ವ್ಯಾಯಾಮ ಮಾಡುತ್ತೇನೆ ಎಂದು ಹೇಳಿದರು.,Kannada
நான் தினமும் கடையில் பல்கலைக்கழகத்தில் படிக்கிறேன் என்று கூறினார்.,Tamil
എല്ലാ ദിവസവും ഞാൻ സ്കൂളിൽ ഭാഷ പഠിക്കുന്നു.,Malayalam
ನಾನು ಇಂದು ಅಂಗಡಿಯಲ್ಲಿ ಭಾಷೆ ಕಲಿಯುತ್ತೇನೆ ಎಂದು ಹೇಳಿದರು.,Kannada
قال أنا إنه أمارس الرياضة في المتجر مساء.,Arabic
"Я сказал, что занимаюсь спортом в библиотеке вечером.",Russian
غدا، أنا أشرب القهوة في المتجر.,Arabic
ഇന്ന് ഞാൻ ആശുപത്രിയിൽ ഭാഷ പഠിക്കുന്നു.,Malayalam
मैं ने कहा कि वह दुकान में विश्वविद्यालय में पढ़ता हूँ आज।,Hindi
நான் பல்கலைக்கழகத்தில் உடற்பயிற்சி செய்கிறேன் நாளை.,Tamil
"Я сказал, что иду на работу в парке рано утром.",Russian
"காலை நேரத்தில், நான் பல்கலைக்கழகத்தில் மொழி கற்கிறேன்.",Tamil
मैं ने कहा कि वह स्कूल में किताब पढ़ता हूँ सुबह के समय।,Hindi
"Я сказал, что занимаюсь спортом в парке вечером.",Russian
Εγώ διαβάζω ένα βιβλίο στη βιβλιοθήκη νωρίς το πρωί.,Greek
صباحا، أنا أقرأ كتابا في المكتبة.,Arabic
ഞാൻ നാളെ വീട്ടിൽ ജോലിക്ക് പോകുന്നു.,Malayalam
நான் பல்கலைக்கழகத்தில் வேலைக்கு செல்கிறேன் காலை நேரத்தில்.,Tamil
أنا يريد أن أكتب رسالة في المدينة.,Arabic
ഞാൻ ഇന്ന് സർവകലാശാലയിൽ പുസ്തകം വായിക്കുന്നു എന്ന് പറഞ്ഞു.,Malayalam
ഞാൻ വൈകുന്നേരം റെസ്റ്റോറന്റിൽ പുസ്തകം വായിക്കുന്നു.,Malayalam
நான் காலை நேரத்தில் மருத்துவமனையில் காபி குடிக்கிறேன் என்று கூறினார்.,Tamil
Εγώ πηγαίνω στη δουλειά στη βιβλιοθήκη κάθε μέρα.,Greek
"Я сказал, что смотрю фильм в магазине каждый день.",Russian
"सुबह के समय, मैं चाय पीता हूँ पुस्तकालय में।",Hindi
நான் இன்று வீட்டில் மொழி கற்கிறேன் என்று கூறினார்.,Tamil
ನಾನು ಉದ್ಯಾನವನದಲ್ಲಿ ಭಾಷೆ ಕಲಿಯುತ್ತೇನೆ ಬೆಳಗಿನ ಸಮಯದಲ್ಲಿ.,Kannada
مساء، أنا أتعلم اللغة في المكتبة.,Arabic
രാവിലെ ഞാൻ സ്കൂളിൽ ജോലിക്ക് പോകുന്നു.,Malayalam
Εγώ είπε ότι διαβάζω ένα βιβλίο στο νοσοκομείο αύριο.,Greek
मैं ने कहा कि वह पुस्तकालय में व्यायाम करता हूँ हर दिन।,Hindi
നാളെ ഞാൻ റെസ്റ്റോറന്റിൽ സിനിമ കാണുന്നു.,Malayalam
قال أنا إنه أكتب رسالة في المدرسة غدا.,Arabic
Εγώ θέλει να μαθαίνω τη γλώσσα στο γραφείο.,Greek
ನಾನು ಪ್ರತಿದಿನ ಕಚೇರಿಯಲ್ಲಿ ಕಾಫಿ ಕುಡಿಯುತ್ತೇನೆ ಎಂದು ಹೇಳಿದರು.,Kannada
मैं ने कहा कि वह शहर में पत्र लिखता हूँ कल।,Hindi
أنا يريد أن أشاهد فيلما في المستشفى.,Arabic
Я хочет иду на работу в университете.,Russian
मैं अस्पताल में विश्वविद्यालय में पढ़ता हूँ चाहता है।,Hindi
நான் மருத்துவமனையில் காபி குடிக்கிறேன் இந்த வாரம்.,Tamil
मैं व्यायाम करता हूँ पार्क में हर दिन।,Hindi
Εγώ βλέπω μια ταινία στη βιβλιοθήκη αυτή την εβδομάδα.,Greek
أنا أدرس في الجامعة في المنزل هذا الأسبوع.,Arabic
أنا أمارس الرياضة في المدرسة مساء.,Arabic
Я иду на работу в парке утром.,Russian
Εγώ είπε ότι βλέπω μια ταινία στο γραφείο το βράδυ.,Greek
"σήμερα, Εγώ γράφω ένα γράμμα στο πανεπιστήμιο.",Greek
നാളെ ഞാൻ ആശുപത്രിയിൽ ജോലിക്ക് പോകുന്നു.,Malayalam
ನಾನು ಬೆಳಿಗ್ಗೆ ನಗರದಲ್ಲಿ ಪುಸ್ತಕ ಓದುತ್ತೇನೆ ಎಂದು ಹೇಳಿದರು.,Kannada
ഞാൻ ഈ ആഴ്ച നഗരത്തിൽ സിനിമ കാണുന്നു.,Malayalam
ನಾನು ಗ್ರಂಥಾಲಯದಲ್ಲಿ ಕಾಫಿ ಕುಡಿಯುತ್ತೇನೆ ನಾಳೆ.,Kannada
രാവിലെ സമയത്ത് ഞാൻ ഓഫീസിൽ സർവകലാശാലയിൽ പഠിക്കുന്നു.,Malayalam
كل يوم، أنا أتعلم اللغة في المنزل.,Arabic
أنا أشرب القهوة في الحديقة في الصباح.,Arabic
"இன்று, நான் நகரத்தில் மொழி கற்கிறேன்.",Tamil
قال أنا إنه أقرأ كتابا في المنزل في الصباح.,Arabic
Εγώ θέλει να κάνω γυμναστική στο πανεπιστήμιο.,Greek
"Я сказал, что смотрю фильм в библиотеке на этой неделе.",Russian
قال أنا إنه أشرب القهوة في الحديقة في المساء.,Arabic
أنا أقرأ كتابا في المتجر صباحا.,Arabic
صباحا، أنا أكتب رسالة في المتجر.,Arabic
Εγώ είπε ότι διαβάζω ένα βιβλίο στο εστιατόριο νωρίς το πρωί.,Greek
"कल, मैं पत्र लिखता हूँ अस्पताल में।",Hindi
"இந்த வாரம், நான் மருத்துவமனையில் கடிதம் எழுதுகிறேன்.",Tamil
நான் மாலை நேரத்தில் அலுவலகத்தில் பல்கலைக்கழகத்தில் படிக்கிறேன் என்று கூறினார்.,Tamil
"हर दिन, मैं विश्वविद्यालय में पढ़ता हूँ पार्क में।",Hindi
"நாளை, நான் நூலகத்தில் திரைப்படம் பார்க்கிறேன்.",Tamil
"शाम को, मैं फिल्म देखता हूँ पुस्तकालय में।",Hindi
"ಬೆಳಿಗ್ಗೆ, ನಾನು ಉದ್ಯಾನವನದಲ್ಲಿ ವಿಶ್ವವಿದ್ಯಾಲಯದಲ್ಲಿ ಓದುತ್ತೇನೆ.",Kannada
நான் நூலகத்தில் காபி குடிக்கிறேன் காலையில்.,Tamil
أنا يريد أن أتعلم اللغة في المدرسة.,Arabic
நான் நாளை பூங்காவில் உடற்பயிற்சி செய்கிறேன் என்று கூறினார்.,Tamil
Εγώ είπε ότι γράφω ένα γράμμα στο κατάστημα το βράδυ.,Greek
मैं काम पर जाता हूँ पार्क में सुबह के समय।,Hindi
ഞാൻ ഈ ആഴ്ച ലൈബ്രറിയിൽ കാപ്പി കുടിക്കുന്നു.,Malayalam
मैं ने कहा कि वह स्कूल में किताब पढ़ता हूँ कल।,Hindi
أنا أشاهد فيلما في المستشفى اليوم.,Arabic
قال أنا إنه أتعلم اللغة في الحديقة صباحا.,Arabic
രാവിലെ ഞാൻ സർവകലാശാലയിൽ പുസ്തകം വായിക്കുന്നു.,Malayalam
"காலையில், நான் வீட்டில் மொழி கற்கிறேன்.",Tamil
"каждый день, Я пью кофе в ресторане.",Russian
"Я сказал, что занимаюсь спортом в школе утром.",Russian
நான் நகரத்தில் மொழி கற்கிறேன் காலை நேரத்தில்.,Tamil
Я читаю книгу в офисе завтра.,Russian
غدا، أنا أقرأ كتابا في المدينة.,Arabic
मैं काम पर जाता हूँ कार्यालय में इस सप्ताह।,Hindi
"το βράδυ, Εγώ γράφω ένα γράμμα στην πόλη.",Greek
قال أنا إنه أمارس الرياضة في المتجر صباحا.,Arabic
كل يوم، أنا أقرأ كتابا في الجامعة.,Arabic
ഞാൻ എല്ലാ ദിവസവും വീട്ടിൽ ജോലിക്ക് പോകുന്നു.,Malayalam
"το πρωί, Εγώ γράφω ένα γράμμα στο νοσοκομείο.",Greek
मैं ने कहा कि वह पुस्तकालय में काम पर जाता हूँ शाम के समय।,Hindi
هذا الأسبوع، أنا أشرب القهوة في المكتبة.,Arabic
ഞാൻ രാവിലെ സർവകലാശാലയിൽ സിനിമ കാണുന്നു.,Malayalam
രാവിലെ ഞാൻ റെസ്റ്റോറന്റിൽ ഭാഷ പഠിക്കുന്നു.,Malayalam
قال أنا إنه أشاهد فيلما في المستشفى في المساء.,Arabic
Εγώ είπε ότι πηγαίνω στη δουλειά στο γραφείο κάθε μέρα.,Greek
ഞാൻ ഈ ആഴ്ച നഗരത്തിൽ കത്ത് എഴുതുന്നു എന്ന് പറഞ്ഞു.,Malayalam
اليوم، أنا أقرأ كتابا في المنزل.,Arabic
நான் அலுவலகத்தில் புத்தகம் படிக்கிறேன் காலையில்.,Tamil
വൈകുന്നേരം സമയത്ത് ഞാൻ ഓഫീസിൽ പുസ്തകം വായിക്കുന്നു.,Malayalam
நான் பூங்காவில் வேலைக்கு செல்கிறேன் விரும்புகிறார்.,Tamil
"завтра, Я пью кофе в библиотеке.",Russian
"सुबह के समय, मैं भाषा सीखता हूँ दुकान में।",Hindi
"காலையில், நான் அலுவலகத்தில் காபி குடிக்கிறேன்.",Tamil
"вечером, Я занимаюсь спортом в ресторане.",Russian
"इस सप्ताह, मैं काम पर जाता हूँ शहर में।",Hindi
Εγώ είπε ότι πηγαίνω στη δουλειά στο πάρκο σήμερα.,Greek
"вечером, Я учусь в университете дома.",Russian
Εγώ είπε ότι μαθαίνω τη γλώσσα στο πάρκο κάθε μέρα.,Greek
நான் இந்த வாரம் வீட்டில் திரைப்படம் பார்க்கிறேன் என்று கூறினார்.,Tamil
मैं ने कहा कि वह घर में फिल्म देखता हूँ शाम को।,Hindi
أنا أقرأ كتابا في المتجر كل يوم.,Arabic
قال أنا إنه أشرب القهوة في المكتب اليوم.,Arabic
मैं ने कहा कि वह रेस्तरां में विश्वविद्यालय में पढ़ता हूँ सुबह के समय।,Hindi
Я хочет пишу письмо в городе.,Russian
मैं ने कहा कि वह कार्यालय में किताब पढ़ता हूँ इस सप्ताह।,Hindi
"காலை நேரத்தில், நான் நூலகத்தில் காபி குடிக்கிறேன்.",Tamil
"ಬೆಳಗಿನ ಸಮಯದಲ್ಲಿ, ನಾನು ಗ್ರಂಥಾಲಯದಲ್ಲಿ ವಿಶ್ವವಿದ್ಯಾಲಯದಲ್ಲಿ ಓದುತ್ತೇನೆ.",Kannada
നാളെ ഞാൻ ലൈബ്രറിയിൽ പുസ്തകം വായിക്കുന്നു.,Malayalam
நான் காலையில் வீட்டில் திரைப்படம் பார்க்கிறேன் என்று கூறினார்.,Tamil
நான் நகரத்தில் கடிதம் எழுதுகிறேன் காலையில்.,Tamil
"το πρωί, Εγώ βλέπω μια ταινία στο σπίτι.",Greek
Я хочет читаю книгу в магазине.,Russian
"αύριο, Εγώ διαβάζω ένα βιβλίο στο κατάστημα.",Greek
நான் தினமும் கடையில் கடிதம் எழுதுகிறேன் என்று கூறினார்.,Tamil
"ಈ ವಾರ, ನಾನು ಗ್ರಂಥಾಲಯದಲ್ಲಿ ಪುಸ್ತಕ ಓದುತ್ತೇನೆ.",Kannada
Εγώ πίνω καφέ στο κατάστημα το βράδυ.,Greek
मैं फिल्म देखता हूँ कार्यालय में हर दिन।,Hindi
"மாலையில், நான் பல்கலைக்கழகத்தில் மொழி கற்கிறேன்.",Tamil
صباحا، أنا أتعلم اللغة في الجامعة.,Arabic
Я хочет смотрю фильм в парке.,Russian
Я хочет смотрю фильм в ресторане.,Russian
أنا أقرأ كتابا في المدينة هذا الأسبوع.,Arabic
രാവിലെ സമയത്ത് ഞാൻ പാർക്കിൽ ഭാഷ പഠിക്കുന്നു.,Malayalam
"рано утром, Я изучаю язык в парке.",Russian
"Я сказал, что смотрю фильм в больнице завтра.",Russian
"завтра, Я занимаюсь спортом в больнице.",Russian
Я изучаю язык в офисе рано утром.,Russian
நான் மாலையில் கடையில் மொழி கற்கிறேன் என்று கூறினார்.,Tamil
أنا أشاهد فيلما في المنزل كل يوم.,Arabic
أنا أشاهد فيلما في الحديقة اليوم.,Arabic
"το βράδυ, Εγώ κάνω γυμναστική στο γραφείο.",Greek
"νωρίς το πρωί, Εγώ γράφω ένα γράμμα στο νοσοκομείο.",Greek
मैं ने कहा कि वह दुकान में काम पर जाता हूँ शाम के समय।,Hindi
اليوم، أنا أتعلم اللغة في المكتب.,Arabic
ഇന്ന് ഞാൻ റെസ്റ്റോറന്റിൽ വ്യായാമം ചെയ്യുന്നു.,Malayalam
मैं ने कहा कि वह अस्पताल में चाय पीता हूँ सुबह के समय।,Hindi
"ಸಂಜೆಯ ಸಮಯದಲ್ಲಿ, ನಾನು ಅಂಗಡಿಯಲ್ಲಿ ಪತ್ರ ಬರೆಯುತ್ತೇನೆ.",Kannada
"ನಾಳೆ, ನಾನು ಗ್ರಂಥಾಲಯದಲ್ಲಿ ವ್ಯಾಯಾಮ ಮಾಡುತ್ತೇನೆ.",Kannada
நான் காலையில் பூங்காவில் காபி குடிக்கிறேன் என்று கூறினார்.,Tamil
ഞാൻ രാവിലെ സ്കൂളിൽ പുസ്തകം വായിക്കുന്നു എന്ന് പറഞ്ഞു.,Malayalam
قال أنا إنه أشرب القهوة في المتجر صباحا.,Arabic
ഞാൻ ഈ ആഴ്ച സർവകലാശാലയിൽ കത്ത് എഴുതുന്നു.,Malayalam
"सुबह, मैं व्यायाम करता हूँ पार्क में।",Hindi
أنا أذهب إلى العمل في المدرسة اليوم.,Arabic
நான் அலுவலகத்தில் காபி குடிக்கிறேன் காலையில்.,Tamil
"மாலையில், நான் கடையில் மொழி கற்கிறேன்.",Tamil
"कल, मैं विश्वविद्यालय में पढ़ता हूँ पार्क में।",Hindi
"आज, मैं व्यायाम करता हूँ अस्पताल में।",Hindi
"ಇಂದು, ನಾನು ಕಚೇರಿಯಲ್ಲಿ ಸಿನಿಮಾ ನೋಡುತ್ತೇನೆ.",Kannada
"Я сказал, что изучаю язык в библиотеке вечером.",Russian
ഞാൻ വൈകുന്നേരം സമയത്ത് സ്കൂളിൽ ഭാഷ പഠിക്കുന്നു.,Malayalam
ನಾನು ಆಸ್ಪತ್ರೆಯಲ್ಲಿ ಕೆಲಸಕ್ಕೆ ಹೋಗುತ್ತೇನೆ ನಾಳೆ.,Kannada
أنا أمارس الرياضة في المدينة صباحا.,Arabic
मैं व्यायाम करता हूँ शहर में शाम को।,Hindi
"Я сказал, что занимаюсь спортом в библиотеке каждый день.",Russian
വൈകുന്നേരം ഞാൻ പാർക്കിൽ ഭാഷ പഠിക്കുന്നു.,Malayalam
Я смотрю фильм в ресторане поздно вечером.,Russian
"σήμερα, Εγώ διαβάζω ένα βιβλίο στο σπίτι.",Greek
أنا أشرب القهوة في المكتب هذا الأسبوع.,Arabic
நான் காலையில் உணவகத்தில் காபி குடிக்கிறேன் என்று கூறினார்.,Tamil
मैं ने कहा कि वह स्कूल में काम पर जाता हूँ कल।,Hindi
Εγώ διαβάζω ένα βιβλίο στο γραφείο αργά το βράδυ.,Greek
غدا، أنا أشاهد فيلما في المطعم.,Arabic
Εγώ σπουδάζω στο πανεπιστήμιο στο νοσοκομείο σήμερα.,Greek
"शाम के समय, मैं व्यायाम करता हूँ विश्वविद्यालय में।",Hindi
صباحا، أنا أشرب القهوة في المستشفى.,Arabic
ഞാൻ വൈകുന്നേരം സമയത്ത് ലൈബ്രറിയിൽ സർവകലാശാലയിൽ പഠിക്കുന്നു എന്ന് പറഞ്ഞു.,Malayalam
"ಇಂದು, ನಾನು ಉದ್ಯಾನವನದಲ್ಲಿ ವ್ಯಾಯಾಮ ಮಾಡುತ್ತೇನೆ.",Kannada
أنا أمارس الرياضة في المستشفى صباحا.,Arabic
ನಾನು ಆಸ್ಪತ್ರೆಯಲ್ಲಿ ಪುಸ್ತಕ ಓದುತ್ತೇನೆ ನಾಳೆ.,Kannada
ഞാൻ രാവിലെ സമയത്ത് ആശുപത്രിയിൽ കത്ത് എഴുതുന്നു എന്ന് പറഞ്ഞു.,Malayalam
ನಾನು ನಗರದಲ್ಲಿ ಪುಸ್ತಕ ಓದುತ್ತೇನೆ ಈ ವಾರ.,Kannada
أنا أشرب القهوة في المطعم كل يوم.,Arabic
Εγώ είπε ότι κάνω γυμναστική στο κατάστημα σήμερα.,Greek
"νωρίς το πρωί, Εγώ κάνω γυμναστική στο πάρκο.",Greek
मैं ने कहा कि वह पार्क में चाय पीता हूँ सुबह के समय।,Hindi
मैं ने कहा कि वह कार्यालय में फिल्म देखता हूँ आज।,Hindi
"ಬೆಳಿಗ್ಗೆ, ನಾನು ಗ್ರಂಥಾಲಯದಲ್ಲಿ ವ್ಯಾಯಾಮ ಮಾಡುತ್ತೇನೆ.",Kannada
Εγώ κάνω γυμναστική στο κατάστημα αργά το βράδυ.,Greek
मैं ने कहा कि वह विश्वविद्यालय में काम पर जाता हूँ इस सप्ताह।,Hindi
"कल, मैं काम पर जाता हूँ पुस्तकालय में।",Hindi
Εγώ είπε ότι σπουδάζω στο πανεπιστήμιο στο πάρκο αυτή την εβδομάδα.,Greek
في المساء، أنا أشاهد فيلما في المدرسة.,Arabic
"Я сказал, что учусь в университете в ресторане завтра.",Russian
في المساء، أنا أذهب إلى العمل في الجامعة.,Arabic
Εγώ είπε ότι γράφω ένα γράμμα στο πάρκο νωρίς το πρωί.,Greek
मैं चाय पीता हूँ विश्वविद्यालय में सुबह के समय।,Hindi
நான் இன்று பல்கலைக்கழகத்தில் வேலைக்கு செல்கிறேன் என்று கூறினார்.,Tamil
"इस सप्ताह, मैं विश्वविद्यालय में पढ़ता हूँ विश्वविद्यालय में।",Hindi
أنا أقرأ كتابا في المكتب كل يوم.,Arabic
ഞാൻ എല്ലാ ദിവസവും ഓഫീസിൽ ഭാഷ പഠിക്കുന്നു എന്ന് പറഞ്ഞു.,Malayalam
Я иду на работу в городе сегодня.,Russian
நான் கடையில் மொழி கற்கிறேன் காலையில்.,Tamil
मैं ने कहा कि वह शहर में विश्वविद्यालय में पढ़ता हूँ कल।,Hindi
"காலை நேரத்தில், நான் பூங்காவில் உடற்பயிற்சி செய்கிறேன்.",Tamil
"νωρίς το πρωί, Εγώ κάνω γυμναστική στο εστιατόριο.",Greek
"σήμερα, Εγώ βλέπω μια ταινία στο σχολείο.",Greek
"αργά το βράδυ, Εγώ μαθαίνω τη γλώσσα στο νοσοκομείο.",Greek
"το βράδυ, Εγώ πηγαίνω στη δουλειά στο νοσοκομείο.",Greek
എല്ലാ ദിവസവും ഞാൻ സ്കൂളിൽ സിനിമ കാണുന്നു.,Malayalam
Я занимаюсь спортом в городе поздно вечером.,Russian
"மாலை நேரத்தில், நான் பல்கலைக்கழகத்தில் வேலைக்கு செல்கிறேன்.",Tamil
"காலை நேரத்தில், நான் கடையில் புத்தகம் படிக்கிறேன்.",Tamil
"Я сказал, что пью кофе в библиотеке поздно вечером.",Russian
Εγώ είπε ότι μαθαίνω τη γλώσσα στο νοσοκομείο αργά το βράδυ.,Greek
मैं ने कहा कि वह अस्पताल में पत्र लिखता हूँ आज।,Hindi
ನಾನು ಈ ವಾರ ಕಚೇರಿಯಲ್ಲಿ ಕೆಲಸಕ್ಕೆ ಹೋಗುತ್ತೇನೆ ಎಂದು ಹೇಳಿದರು.,Kannada
ನಾನು ಬೆಳಗಿನ ಸಮಯದಲ್ಲಿ ವಿಶ್ವವಿದ್ಯಾಲಯದಲ್ಲಿ ವಿಶ್ವವಿದ್ಯಾಲಯದಲ್ಲಿ ಓದುತ್ತೇನೆ ಎಂದು ಹೇಳಿದರು.,Kannada
நான் கடையில் காபி குடிக்கிறேன் நாளை.,Tamil
"κάθε μέρα, Εγώ βλέπω μια ταινία στο νοσοκομείο.",Greek
"ಸಂಜೆ, ನಾನು ಶಾಲೆಯಲ್ಲಿ ಕಾಫಿ ಕುಡಿಯುತ್ತೇನೆ.",Kannada
"இன்று, நான் உணவகத்தில் கடிதம் எழுதுகிறேன்.",Tamil
مساء، أنا أتعلم اللغة في المستشفى.,Arabic
ನಾನು ಸಂಜೆಯ ಸಮಯದಲ್ಲಿ ಕಚೇರಿಯಲ್ಲಿ ಕಾಫಿ ಕುಡಿಯುತ್ತೇನೆ ಎಂದು ಹೇಳಿದರು.,Kannada
ഞാൻ വൈകുന്നേരം ആശുപത്രിയിൽ സർവകലാശാലയിൽ പഠിക്കുന്നു എന്ന് പറഞ്ഞു.,Malayalam
मैं ने कहा कि वह शहर में पत्र लिखता हूँ आज।,Hindi
ഞാൻ ഇന്ന് നഗരത്തിൽ കത്ത് എഴുതുന്നു എന്ന് പറഞ്ഞു.,Malayalam
"Я сказал, что изучаю язык дома утром.",Russian
ನಾನು ಶಾಲೆಯಲ್ಲಿ ಭಾಷೆ ಕಲಿಯುತ್ತೇನೆ ಬೆಳಗಿನ ಸಮಯದಲ್ಲಿ.,Kannada
நான் கடையில் புத்தகம் படிக்கிறேன் தினமும்.,Tamil
मैं घर में चाय पीता हूँ चाहता है।,Hindi
நான் பல்கலைக்கழகத்தில் வேலைக்கு செல்கிறேன் விரும்புகிறார்.,Tamil
"மாலை நேரத்தில், நான் பள்ளியில் புத்தகம் படிக்கிறேன்.",Tamil
நான் காலையில் நகரத்தில் வேலைக்கு செல்கிறேன் என்று கூறினார்.,Tamil
قال أنا إنه أذهب إلى العمل في المكتب كل يوم.,Arabic
ഈ ആഴ്ച ഞാൻ റെസ്റ്റോറന്റിൽ സർവകലാശാലയിൽ പഠിക്കുന്നു.,Malayalam
قال أنا إنه أدرس في الجامعة في المنزل كل يوم.,Arabic
Я пью кофе в ресторане завтра.,Russian
ഞാൻ രാവിലെ സ്കൂളിൽ ജോലിക്ക് പോകുന്നു എന്ന് പറഞ്ഞു.,Malayalam
أنا يريد أن أكتب رسالة في المكتب.,Arabic
ನಾನು ಬೆಳಿಗ್ಗೆ ವಿಶ್ವವಿದ್ಯಾಲಯದಲ್ಲಿ ಕೆಲಸಕ್ಕೆ ಹೋಗುತ್ತೇನೆ ಎಂದು ಹೇಳಿದರು.,Kannada
"σήμερα, Εγώ γράφω ένα γράμμα στο γραφείο.",Greek
நான் மாலையில் மருத்துவமனையில் பல்கலைக்கழகத்தில் படிக்கிறேன் என்று கூறினார்.,Tamil
मैं पत्र लिखता हूँ पार्क में सुबह।,Hindi
قال أنا إنه أتعلم اللغة في المدرسة في الصباح.,Arabic
أنا أدرس في الجامعة في المستشفى مساء.,Arabic
"தினமும், நான் மருத்துவமனையில் பல்கலைக்கழகத்தில் படிக்கிறேன்.",Tamil
ನಾನು ನಗರದಲ್ಲಿ ವಿಶ್ವವಿದ್ಯಾಲಯದಲ್ಲಿ ಓದುತ್ತೇನೆ ಮಾಡಲು ಬಯಸುತ್ತಾನೆ.,Kannada
Εγώ είπε ότι κάνω γυμναστική στο κατάστημα αυτή την εβδομάδα.,Greek
Εγώ είπε ότι μαθαίνω τη γλώσσα στο κατάστημα αύριο.,Greek
"ಬೆಳಗಿನ ಸಮಯದಲ್ಲಿ, ನಾನು ಆಸ್ಪತ್ರೆಯಲ್ಲಿ ವಿಶ್ವವಿದ್ಯಾಲಯದಲ್ಲಿ ಓದುತ್ತೇನೆ.",Kannada
أنا أذهب إلى العمل في المنزل صباحا.,Arabic
ನಾನು ಈ ವಾರ ಕಚೇರಿಯಲ್ಲಿ ಭಾಷೆ ಕಲಿಯುತ್ತೇನೆ ಎಂದು ಹೇಳಿದರು.,Kannada
"сегодня, Я пишу письмо в городе.",Russian
"हर दिन, मैं किताब पढ़ता हूँ स्कूल में।",Hindi
مساء، أنا أذهب إلى العمل في الحديقة.,Arabic
நான் பூங்காவில் திரைப்படம் பார்க்கிறேன் காலையில்.,Tamil
"утром, Я пью кофе в магазине.",Russian
ನಾನು ಈ ವಾರ ವಿಶ್ವವಿದ್ಯಾಲಯದಲ್ಲಿ ವಿಶ್ವವಿದ್ಯಾಲಯದಲ್ಲಿ ಓದುತ್ತೇನೆ ಎಂದು ಹೇಳಿದರು.,Kannada
Εγώ θέλει να διαβάζω ένα βιβλίο στο νοσοκομείο.,Greek
أنا أكتب رسالة في المكتب في الصباح.,Arabic
"தினமும், நான் உணவகத்தில் உடற்பயிற்சி செய்கிறேன்.",Tamil
Εγώ διαβάζω ένα βιβλίο στο κατάστημα αύριο.,Greek
"நாளை, நான் அலுவலகத்தில் காபி குடிக்கிறேன்.",Tamil
Εγώ είπε ότι κάνω γυμναστική στο σπίτι νωρίς το πρωί.,Greek
मैं ने कहा कि वह पुस्तकालय में पत्र लिखता हूँ आज।,Hindi
Εγώ είπε ότι γράφω ένα γράμμα στο σχολείο νωρίς το πρωί.,Greek
"शाम के समय, मैं फिल्म देखता हूँ रेस्तरां में।",Hindi
Я иду на работу в школе на этой неделе.,Russian
मैं व्यायाम करता हूँ रेस्तरां में इस सप्ताह।,Hindi
Εγώ κάνω γυμναστική στο κατάστημα σήμερα.,Greek
Я пью кофе в библиотеке рано утром.,Russian
मैं भाषा सीखता हूँ दुकान में सुबह के समय।,Hindi
"на этой неделе, Я пью кофе в парке.",Russian
ನಾನು ಗ್ರಂಥಾಲಯದಲ್ಲಿ ಕೆಲಸಕ್ಕೆ ಹೋಗುತ್ತೇನೆ ಇಂದು.,Kannada
"सुबह, मैं चाय पीता हूँ स्कूल में।",Hindi
"இந்த வாரம், நான் வீட்டில் வேலைக்கு செல்கிறேன்.",Tamil
قال أنا إنه أتعلم اللغة في المدرسة غدا.,Arabic
"поздно вечером, Я пишу письмо в ресторане.",Russian
"ಬೆಳಗಿನ ಸಮಯದಲ್ಲಿ, ನಾನು ಕಚೇರಿಯಲ್ಲಿ ಕಾಫಿ ಕುಡಿಯುತ್ತೇನೆ.",Kannada
मैं पत्र लिखता हूँ दुकान में सुबह के समय।,Hindi
मैं व्यायाम करता हूँ रेस्तरां में हर दिन।,Hindi
"ಸಂಜೆ, ನಾನು ಕಚೇರಿಯಲ್ಲಿ ಪತ್ರ ಬರೆಯುತ್ತೇನೆ.",Kannada
"காலையில், நான் நூலகத்தில் திரைப்படம் பார்க்கிறேன்.",Tamil
मैं भाषा सीखता हूँ शहर में कल।,Hindi
قال أنا إنه أكتب رسالة في المدينة مساء.,Arabic
ഞാൻ വൈകുന്നേരം സമയത്ത് ലൈബ്രറിയിൽ കാപ്പി കുടിക്കുന്നു എന്ന് പറഞ്ഞു.,Malayalam
أنا أمارس الرياضة في المتجر غدا.,Arabic
"हर दिन, मैं किताब पढ़ता हूँ पार्क में।",Hindi
"हर दिन, मैं काम पर जाता हूँ रेस्तरां में।",Hindi
"सुबह, मैं पत्र लिखता हूँ पार्क में।",Hindi
ഞാൻ എല്ലാ ദിവസവും സ്കൂളിൽ സർവകലാശാലയിൽ പഠിക്കുന്നു.,Malayalam
"ಸಂಜೆ, ನಾನು ಶಾಲೆಯಲ್ಲಿ ಪತ್ರ ಬರೆಯುತ್ತೇನೆ.",Kannada
நான் உணவகத்தில் பல்கலைக்கழகத்தில் படிக்கிறேன் விரும்புகிறார்.,Tamil
قال أنا إنه أدرس في الجامعة في المدرسة مساء.,Arabic
"сегодня, Я иду на работу в магазине.",Russian
"कल, मैं फिल्म देखता हूँ अस्पताल में।",Hindi
ഞാൻ രാവിലെ ആശുപത്രിയിൽ പുസ്തകം വായിക്കുന്നു.,Malayalam
"Я сказал, что читаю книгу в парке вечером.",Russian
أنا أمارس الرياضة في الجامعة هذا الأسبوع.,Arabic
"Я сказал, что иду на работу в парке поздно вечером.",Russian
मैं ने कहा कि वह पुस्तकालय में किताब पढ़ता हूँ शाम को।,Hindi
मैं ने कहा कि वह पार्क में पत्र लिखता हूँ सुबह के समय।,Hindi
هذا الأسبوع، أنا أكتب رسالة في المدرسة.,Arabic
நான் வீட்டில் உடற்பயிற்சி செய்கிறேன் இந்த வாரம்.,Tamil
Εγώ είπε ότι σπουδάζω στο πανεπιστήμιο στο σχολείο σήμερα.,Greek
"ಬೆಳಿಗ್ಗೆ, ನಾನು ರೆಸ್ಟೋರೆಂಟ್‌ನಲ್ಲಿ ಕೆಲಸಕ್ಕೆ ಹೋಗುತ್ತೇನೆ.",Kannada
ನಾನು ಈ ವಾರ ಶಾಲೆಯಲ್ಲಿ ಕೆಲಸಕ್ಕೆ ಹೋಗುತ್ತೇನೆ ಎಂದು ಹೇಳಿದರು.,Kannada
"ಸಂಜೆ, ನಾನು ಕಚೇರಿಯಲ್ಲಿ ಪುಸ್ತಕ ಓದುತ್ತೇನೆ.",Kannada
நான் மாலையில் உணவகத்தில் காபி குடிக்கிறேன் என்று கூறினார்.,Tamil
"सुबह के समय, मैं काम पर जाता हूँ घर में।",Hindi
நான் இன்று நூலகத்தில் திரைப்படம் பார்க்கிறேன் என்று கூறினார்.,Tamil
Εγώ κάνω γυμναστική στο πανεπιστήμιο αύριο.,Greek
நான் இன்று உணவகத்தில் புத்தகம் படிக்கிறேன் என்று கூறினார்.,Tamil
"நாளை, நான் நகரத்தில் வேலைக்கு செல்கிறேன்.",Tamil
"ಬೆಳಗಿನ ಸಮಯದಲ್ಲಿ, ನಾನು ಕಚೇರಿಯಲ್ಲಿ ವಿಶ್ವವಿದ್ಯಾಲಯದಲ್ಲಿ ಓದುತ್ತೇನೆ.",Kannada
मैं फिल्म देखता हूँ दुकान में शाम के समय।,Hindi
"ಬೆಳಗಿನ ಸಮಯದಲ್ಲಿ, ನಾನು ನಗರದಲ್ಲಿ ವಿಶ್ವವಿದ್ಯಾಲಯದಲ್ಲಿ ಓದುತ್ತೇನೆ.",Kannada
"ಬೆಳಿಗ್ಗೆ, ನಾನು ಉದ್ಯಾನವನದಲ್ಲಿ ಪುಸ್ತಕ ಓದುತ್ತೇನೆ.",Kannada
قال أنا إنه أشرب القهوة في المتجر في المساء.,Arabic
ഈ ആഴ്ച ഞാൻ ഓഫീസിൽ സർവകലാശാലയിൽ പഠിക്കുന്നു.,Malayalam
நான் மருத்துவமனையில் வேலைக்கு செல்கிறேன் இன்று.,Tamil
أنا أشرب القهوة في المتجر غدا.,Arabic
நான் நகரத்தில் உடற்பயிற்சி செய்கிறேன் மாலையில்.,Tamil
நான் வீட்டில் திரைப்படம் பார்க்கிறேன் விரும்புகிறார்.,Tamil
நான் அலுவலகத்தில் உடற்பயிற்சி செய்கிறேன் மாலை நேரத்தில்.,Tamil
Я иду на работу в офисе каждый день.,Russian
ನಾನು ಮನೆಯಲ್ಲಿ ಕೆಲಸಕ್ಕೆ ಹೋಗುತ್ತೇನೆ ಈ ವಾರ.,Kannada
Я занимаюсь спортом в парке сегодня.,Russian
நான் மருத்துவமனையில் வேலைக்கு செல்கிறேன் நாளை.,Tamil
Εγώ είπε ότι πίνω καφέ στην πόλη αργά το βράδυ.,Greek
ഞാൻ എല്ലാ ദിവസവും റെസ്റ്റോറന്റിൽ സർവകലാശാലയിൽ പഠിക്കുന്നു എന്ന് പറഞ്ഞു.,Malayalam
قال أنا إنه أمارس الرياضة في الحديقة كل يوم.,Arabic
قال أنا إنه أدرس في الجامعة في المكتب كل يوم.,Arabic
"αργά το βράδυ, Εγώ βλέπω μια ταινία στην πόλη.",Greek
غدا، أنا أدرس في الجامعة في الحديقة.,Arabic
صباحا، أنا أشاهد فيلما في المستشفى.,Arabic
ನಾನು ಆಸ್ಪತ್ರೆಯಲ್ಲಿ ಭಾಷೆ ಕಲಿಯುತ್ತೇನೆ ಇಂದು.,Kannada
"поздно вечером, Я пью кофе в офисе.",Russian
Εγώ θέλει να σπουδάζω στο πανεπιστήμιο στην πόλη.,Greek
Εγώ διαβάζω ένα βιβλίο στο κατάστημα αργά το βράδυ.,Greek
هذا الأسبوع، أنا أشرب القهوة في الحديقة.,Arabic
ഞാൻ വൈകുന്നേരം ഓഫീസിൽ സർവകലാശാലയിൽ പഠിക്കുന്നു എന്ന് പറഞ്ഞു.,Malayalam
"ಇಂದು, ನಾನು ಉದ್ಯಾನವನದಲ್ಲಿ ಕಾಫಿ ಕುಡಿಯುತ್ತೇನೆ.",Kannada
ഞാൻ നാളെ ലൈബ്രറിയിൽ സിനിമ കാണുന്നു എന്ന് പറഞ്ഞു.,Malayalam
நான் மருத்துவமனையில் புத்தகம் படிக்கிறேன் காலை நேரத்தில்.,Tamil
"каждый день, Я иду на работу в парке.",Russian
"σήμερα, Εγώ γράφω ένα γράμμα στο σχολείο.",Greek
நான் அலுவலகத்தில் வேலைக்கு செல்கிறேன் இந்த வாரம்.,Tamil
Εγώ πίνω καφέ στο νοσοκομείο αύριο.,Greek
मैं पत्र लिखता हूँ दुकान में इस सप्ताह।,Hindi
രാവിലെ ഞാൻ ലൈബ്രറിയിൽ വ്യായാമം ചെയ്യുന്നു.,Malayalam
Εγώ είπε ότι διαβάζω ένα βιβλίο στην πόλη αύριο.,Greek
நான் அலுவலகத்தில் திரைப்படம் பார்க்கிறேன் தினமும்.,Tamil
أنا أشاهد فيلما في المكتبة كل يوم.,Arabic
Εγώ είπε ότι σπουδάζω στο πανεπιστήμιο στην πόλη το βράδυ.,Greek
"शाम को, मैं भाषा सीखता हूँ रेस्तरां में।",Hindi
اليوم، أنا أتعلم اللغة في المطعم.,Arabic
ഞാൻ എല്ലാ ദിവസവും കടയിൽ ജോലിക്ക് പോകുന്നു.,Malayalam
"காலை நேரத்தில், நான் உணவகத்தில் புத்தகம் படிக்கிறேன்.",Tamil
قال أنا إنه أشاهد فيلما في المكتب في الصباح.,Arabic
"सुबह के समय, मैं फिल्म देखता हूँ विश्वविद्यालय में।",Hindi
ഞാൻ ലൈബ്രറിയിൽ കത്ത് എഴുതുന്നു ആഗ്രഹിക്കുന്നു.,Malayalam
"νωρίς το πρωί, Εγώ μαθαίνω τη γλώσσα στο εστιατόριο.",Greek
"αυτή την εβδομάδα, Εγώ πίνω καφέ στο εστιατόριο.",Greek
مساء، أنا أشرب القهوة في المستشفى.,Arabic
मैं ने कहा कि वह घर में पत्र लिखता हूँ हर दिन।,Hindi
قال أنا إنه أشرب القهوة في المدرسة في المساء.,Arabic
ഞാൻ വൈകുന്നേരം സമയത്ത് വീട്ടിൽ സർവകലാശാലയിൽ പഠിക്കുന്നു എന്ന് പറഞ്ഞു.,Malayalam
Εγώ είπε ότι κάνω γυμναστική στο πανεπιστήμιο αυτή την εβδομάδα.,Greek
كل يوم، أنا أدرس في الجامعة في الحديقة.,Arabic
"हर दिन, मैं व्यायाम करता हूँ स्कूल में।",Hindi
"இன்று, நான் பல்கலைக்கழகத்தில் வேலைக்கு செல்கிறேன்.",Tamil
ನಾನು ಆಸ್ಪತ್ರೆಯಲ್ಲಿ ವಿಶ್ವವಿದ್ಯಾಲಯದಲ್ಲಿ ಓದುತ್ತೇನೆ ನಾಳೆ.,Kannada
ഞാൻ സർവകലാശാലയിൽ സിനിമ കാണുന്നു ആഗ്രഹിക്കുന്നു.,Malayalam
ನಾನು ಪ್ರತಿದಿನ ಆಸ್ಪತ್ರೆಯಲ್ಲಿ ವ್ಯಾಯಾಮ ಮಾಡುತ್ತೇನೆ ಎಂದು ಹೇಳಿದರು.,Kannada
ഞാൻ ഇന്ന് പാർക്കിൽ സിനിമ കാണുന്നു എന്ന് പറഞ്ഞു.,Malayalam
قال أنا إنه أشاهد فيلما في المدينة هذا الأسبوع.,Arabic
நான் கடையில் புத்தகம் படிக்கிறேன் விரும்புகிறார்.,Tamil
Εγώ κάνω γυμναστική στην πόλη το πρωί.,Greek
ഞാൻ വൈകുന്നേരം റെസ്റ്റോറന്റിൽ സർവകലാശാലയിൽ പഠിക്കുന്നു.,Malayalam
"நாளை, நான் நூலகத்தில் உடற்பயிற்சி செய்கிறேன்.",Tamil
قال أنا إنه أشرب القهوة في المدرسة غدا.,Arabic
"ನಾಳೆ, ನಾನು ಶಾಲೆಯಲ್ಲಿ ಕಾಫಿ ಕುಡಿಯುತ್ತೇನೆ.",Kannada
Я пишу письмо в городе каждый день.,Russian
Εγώ γράφω ένα γράμμα στο σχολείο σήμερα.,Greek
"Я сказал, что пью кофе в школе на этой неделе.",Russian
"каждый день, Я смотрю фильм в больнице.",Russian
"σήμερα, Εγώ γράφω ένα γράμμα στο νοσοκομείο.",Greek
"நாளை, நான் நூலகத்தில் வேலைக்கு செல்கிறேன்.",Tamil
ഞാൻ വൈകുന്നേരം വീട്ടിൽ വ്യായാമം ചെയ്യുന്നു.,Malayalam
நான் நாளை பள்ளியில் புத்தகம் படிக்கிறேன் என்று கூறினார்.,Tamil
ನಾನು ರೆಸ್ಟೋರೆಂಟ್‌ನಲ್ಲಿ ಪತ್ರ ಬರೆಯುತ್ತೇನೆ ಬೆಳಗಿನ ಸಮಯದಲ್ಲಿ.,Kannada
मैं भाषा सीखता हूँ पार्क में सुबह।,Hindi
"Я сказал, что пишу письмо в магазине каждый день.",Russian
நான் காலை நேரத்தில் பூங்காவில் காபி குடிக்கிறேன் என்று கூறினார்.,Tamil
"மாலை நேரத்தில், நான் நகரத்தில் மொழி கற்கிறேன்.",Tamil
രാവിലെ ഞാൻ സർവകലാശാലയിൽ സിനിമ കാണുന്നു.,Malayalam
ನಾನು ಉದ್ಯಾನವನದಲ್ಲಿ ಪತ್ರ ಬರೆಯುತ್ತೇನೆ ಪ್ರತಿದಿನ.,Kannada
في الصباح، أنا أقرأ كتابا في الحديقة.,Arabic
ഞാൻ ഈ ആഴ്ച കടയിൽ കത്ത് എഴുതുന്നു.,Malayalam
"सुबह, मैं किताब पढ़ता हूँ कार्यालय में।",Hindi
Я пью кофе в офисе утром.,Russian
قال أنا إنه أذهب إلى العمل في المكتبة كل يوم.,Arabic
"αυτή την εβδομάδα, Εγώ κάνω γυμναστική στο νοσοκομείο.",Greek
मैं किताब पढ़ता हूँ स्कूल में आज।,Hindi
मैं फिल्म देखता हूँ घर में शाम को।,Hindi
Εγώ πίνω καφέ στο σχολείο αυτή την εβδομάδα.,Greek
ನಾನು ಆಸ್ಪತ್ರೆಯಲ್ಲಿ ಪತ್ರ ಬರೆಯುತ್ತೇನೆ ಸಂಜೆ.,Kannada
"कल, मैं विश्वविद्यालय में पढ़ता हूँ अस्पताल में।",Hindi
நான் தினமும் மருத்துவமனையில் புத்தகம் படிக்கிறேன் என்று கூறினார்.,Tamil
Я пишу письмо дома рано утром.,Russian
രാവിലെ സമയത്ത് ഞാൻ സ്കൂളിൽ ജോലിക്ക് പോകുന്നു.,Malayalam
"ಸಂಜೆ, ನಾನು ನಗರದಲ್ಲಿ ಪತ್ರ ಬರೆಯುತ್ತೇನೆ.",Kannada
Εγώ μαθαίνω τη γλώσσα στην πόλη αυτή την εβδομάδα.,Greek
நான் கடையில் பல்கலைக்கழகத்தில் படிக்கிறேன் நாளை.,Tamil
قال أنا إنه أشاهد فيلما في المنزل في الصباح.,Arabic
"शाम को, मैं व्यायाम करता हूँ घर में।",Hindi
قال أنا إنه أكتب رسالة في المنزل في الصباح.,Arabic
"மாலையில், நான் மருத்துவமனையில் கடிதம் எழுதுகிறேன்.",Tamil
मैं किताब पढ़ता हूँ कार्यालय में सुबह।,Hindi
"நாளை, நான் வீட்டில் வேலைக்கு செல்கிறேன்.",Tamil
"каждый день, Я занимаюсь спортом в офисе.",Russian
मैं फिल्म देखता हूँ स्कूल में शाम को।,Hindi
Я изучаю язык в школе поздно вечером.,Russian
நான் காலை நேரத்தில் உணவகத்தில் திரைப்படம் பார்க்கிறேன் என்று கூறினார்.,Tamil
ನಾನು ಬೆಳಗಿನ ಸಮಯದಲ್ಲಿ ವಿಶ್ವವಿದ್ಯಾಲಯದಲ್ಲಿ ಪತ್ರ ಬರೆಯುತ್ತೇನೆ ಎಂದು ಹೇಳಿದರು.,Kannada
Εγώ είπε ότι μαθαίνω τη γλώσσα στη βιβλιοθήκη σήμερα.,Greek
في الصباح، أنا أتعلم اللغة في المكتب.,Arabic
मैं काम पर जाता हूँ रेस्तरां में इस सप्ताह।,Hindi
"நாளை, நான் மருத்துவமனையில் காபி குடிக்கிறேன்.",Tamil
நான் வீட்டில் மொழி கற்கிறேன் விரும்புகிறார்.,Tamil
Εγώ κάνω γυμναστική στο κατάστημα κάθε μέρα.,Greek
"மாலை நேரத்தில், நான் பள்ளியில் பல்கலைக்கழகத்தில் படிக்கிறேன்.",Tamil
Я смотрю фильм в парке вечером.,Russian
"το βράδυ, Εγώ πίνω καφέ στο κατάστημα.",Greek
ഞാൻ എല്ലാ ദിവസവും സ്കൂളിൽ വ്യായാമം ചെയ്യുന്നു.,Malayalam
في الصباح، أنا أشرب القهوة في المكتبة.,Arabic
"рано утром, Я пью кофе дома.",Russian
Εγώ βλέπω μια ταινία στο γραφείο αύριο.,Greek
ഞാൻ എല്ലാ ദിവസവും പാർക്കിൽ ഭാഷ പഠിക്കുന്നു എന്ന് പറഞ്ഞു.,Malayalam
"сегодня, Я читаю книгу в библиотеке.",Russian
രാവിലെ സമയത്ത് ഞാൻ ആശുപത്രിയിൽ വ്യായാമം ചെയ്യുന്നു.,Malayalam
"நாளை, நான் உணவகத்தில் புத்தகம் படிக்கிறேன்.",Tamil
ഞാൻ ഇന്ന് പാർക്കിൽ ജോലിക്ക് പോകുന്നു.,Malayalam
ನಾನು ಇಂದು ಕಚೇರಿಯಲ್ಲಿ ಪತ್ರ ಬರೆಯುತ್ತೇನೆ ಎಂದು ಹೇಳಿದರು.,Kannada
"सुबह, मैं चाय पीता हूँ रेस्तरां में।",Hindi
غدا، أنا أقرأ كتابا في الحديقة.,Arabic
ഞാൻ നാളെ റെസ്റ്റോറന്റിൽ സിനിമ കാണുന്നു.,Malayalam
"इस सप्ताह, मैं भाषा सीखता हूँ पुस्तकालय में।",Hindi
എല്ലാ ദിവസവും ഞാൻ പാർക്കിൽ ജോലിക്ക് പോകുന്നു.,Malayalam
"शाम के समय, मैं काम पर जाता हूँ दुकान में।",Hindi
நான் மாலை நேரத்தில் நகரத்தில் பல்கலைக்கழகத்தில் படிக்கிறேன் என்று கூறினார்.,Tamil
ഞാൻ ഈ ആഴ്ച ആശുപത്രിയിൽ വ്യായാമം ചെയ്യുന്നു എന്ന് പറഞ്ഞു.,Malayalam
"ಈ ವಾರ, ನಾನು ಉದ್ಯಾನವನದಲ್ಲಿ ವಿಶ್ವವಿದ್ಯಾಲಯದಲ್ಲಿ ಓದುತ್ತೇನೆ.",Kannada
كل يوم، أنا أتعلم اللغة في المدينة.,Arabic
"Я сказал, что смотрю фильм в городе каждый день.",Russian
أنا أدرس في الجامعة في المتجر هذا الأسبوع.,Arabic
ನಾನು ರೆಸ್ಟೋರೆಂಟ್‌ನಲ್ಲಿ ಪತ್ರ ಬರೆಯುತ್ತೇನೆ ಸಂಜೆಯ ಸಮಯದಲ್ಲಿ.,Kannada
"इस सप्ताह, मैं काम पर जाता हूँ कार्यालय में।",Hindi
"இன்று, நான் பூங்காவில் வேலைக்கு செல்கிறேன்.",Tamil
मैं पत्र लिखता हूँ पुस्तकालय में सुबह के समय।,Hindi
ನಾನು ವಿಶ್ವವಿದ್ಯಾಲಯದಲ್ಲಿ ಕೆಲಸಕ್ಕೆ ಹೋಗುತ್ತೇನೆ ಸಂಜೆ.,Kannada
मैं विश्वविद्यालय में पढ़ता हूँ कार्यालय में सुबह के समय।,Hindi
ഞാൻ വൈകുന്നേരം റെസ്റ്റോറന്റിൽ ഭാഷ പഠിക്കുന്നു എന്ന് പറഞ്ഞു.,Malayalam
أنا أمارس الرياضة في المنزل اليوم.,Arabic
நான் இந்த வாரம் வீட்டில் வேலைக்கு செல்கிறேன் என்று கூறினார்.,Tamil
قال أنا إنه أمارس الرياضة في المنزل في الصباح.,Arabic
Я пью кофе дома рано утром.,Russian
Εγώ πηγαίνω στη δουλειά στην πόλη αργά το βράδυ.,Greek
ನಾನು ರೆಸ್ಟೋರೆಂಟ್‌ನಲ್ಲಿ ಪುಸ್ತಕ ಓದುತ್ತೇನೆ ಬೆಳಿಗ್ಗೆ.,Kannada
ഞാൻ വൈകുന്നേരം ആശുപത്രിയിൽ വ്യായാമം ചെയ്യുന്നു.,Malayalam
"காலை நேரத்தில், நான் பள்ளியில் காபி குடிக்கிறேன்.",Tamil
"ನಾಳೆ, ನಾನು ಆಸ್ಪತ್ರೆಯಲ್ಲಿ ಪತ್ರ ಬರೆಯುತ್ತೇನೆ.",Kannada
"рано утром, Я читаю книгу в офисе.",Russian
قال أنا إنه أكتب رسالة في الحديقة كل يوم.,Arabic
"Я сказал, что смотрю фильм в школе утром.",Russian
ഞാൻ വൈകുന്നേരം സമയത്ത് നഗരത്തിൽ ജോലിക്ക് പോകുന്നു എന്ന് പറഞ്ഞു.,Malayalam
ನಾನು ಗ್ರಂಥಾಲಯದಲ್ಲಿ ಸಿನಿಮಾ ನೋಡುತ್ತೇನೆ ಪ್ರತಿದಿನ.,Kannada
Я читаю книгу в больнице утром.,Russian
"இந்த வாரம், நான் பல்கலைக்கழகத்தில் மொழி கற்கிறேன்.",Tamil
ನಾನು ನಾಳೆ ಶಾಲೆಯಲ್ಲಿ ಕಾಫಿ ಕುಡಿಯುತ್ತೇನೆ ಎಂದು ಹೇಳಿದರು.,Kannada
"Я сказал, что изучаю язык в офисе вечером.",Russian
"σήμερα, Εγώ κάνω γυμναστική στο σχολείο.",Greek
நான் உணவகத்தில் புத்தகம் படிக்கிறேன் தினமும்.,Tamil
நான் அலுவலகத்தில் புத்தகம் படிக்கிறேன் காலை நேரத்தில்.,Tamil
"поздно вечером, Я занимаюсь спортом в больнице.",Russian
मैं ने कहा कि वह रेस्तरां में फिल्म देखता हूँ इस सप्ताह।,Hindi
Εγώ είπε ότι βλέπω μια ταινία στο πανεπιστήμιο το πρωί.,Greek
Εγώ είπε ότι βλέπω μια ταινία στη βιβλιοθήκη αυτή την εβδομάδα.,Greek
"поздно вечером, Я учусь в университете в городе.",Russian
ഞാൻ രാവിലെ നഗരത്തിൽ ഭാഷ പഠിക്കുന്നു എന്ന് പറഞ്ഞു.,Malayalam
ನಾನು ಶಾಲೆಯಲ್ಲಿ ವಿಶ್ವವಿದ್ಯಾಲಯದಲ್ಲಿ ಓದುತ್ತೇನೆ ಬೆಳಗಿನ ಸಮಯದಲ್ಲಿ.,Kannada
Я смотрю фильм в офисе завтра.,Russian
രാവിലെ സമയത്ത് ഞാൻ നഗരത്തിൽ ജോലിക്ക് പോകുന്നു.,Malayalam
मैं ने कहा कि वह पुस्तकालय में पत्र लिखता हूँ सुबह के समय।,Hindi
ನಾನು ನಗರದಲ್ಲಿ ವ್ಯಾಯಾಮ ಮಾಡುತ್ತೇನೆ ನಾಳೆ.,Kannada
أنا أشاهد فيلما في المنزل اليوم.,Arabic
"сегодня, Я смотрю фильм дома.",Russian
"поздно вечером, Я изучаю язык в городе.",Russian
Я пишу письмо дома завтра.,Russian
"Я сказал, что занимаюсь спортом в городе утром.",Russian
أنا أكتب رسالة في الجامعة كل يوم.,Arabic
நான் நூலகத்தில் கடிதம் எழுதுகிறேன் காலையில்.,Tamil
"αύριο, Εγώ βλέπω μια ταινία στην πόλη.",Greek
أنا أدرس في الجامعة في الجامعة هذا الأسبوع.,Arabic
"Я сказал, что учусь в университете в ресторане на этой неделе.",Russian
രാവിലെ ഞാൻ റെസ്റ്റോറന്റിൽ സിനിമ കാണുന്നു.,Malayalam
"вечером, Я читаю книгу в университете.",Russian
मैं ने कहा कि वह पार्क में व्यायाम करता हूँ हर दिन।,Hindi
أنا أكتب رسالة في الجامعة غدا.,Arabic
"на этой неделе, Я пишу письмо в городе.",Russian
मैं काम पर जाता हूँ घर में कल।,Hindi
വൈകുന്നേരം ഞാൻ കടയിൽ കാപ്പി കുടിക്കുന്നു.,Malayalam
ನಾನು ಪ್ರತಿದಿನ ವಿಶ್ವವಿದ್ಯಾಲಯದಲ್ಲಿ ಪುಸ್ತಕ ಓದುತ್ತೇನೆ ಎಂದು ಹೇಳಿದರು.,Kannada
Εγώ σπουδάζω στο πανεπιστήμιο στο σχολείο το πρωί.,Greek
நான் இன்று பல்கலைக்கழகத்தில் திரைப்படம் பார்க்கிறேன் என்று கூறினார்.,Tamil
मैं पत्र लिखता हूँ स्कूल में शाम के समय।,Hindi
ഞാൻ ഈ ആഴ്ച ലൈബ്രറിയിൽ ഭാഷ പഠിക്കുന്നു.,Malayalam
ഞാൻ രാവിലെ വീട്ടിൽ ജോലിക്ക് പോകുന്നു എന്ന് പറഞ്ഞു.,Malayalam
ನಾನು ಆಸ್ಪತ್ರೆಯಲ್ಲಿ ಪುಸ್ತಕ ಓದುತ್ತೇನೆ ಸಂಜೆಯ ಸಮಯದಲ್ಲಿ.,Kannada
मैं ने कहा कि वह कार्यालय में व्यायाम करता हूँ शाम के समय।,Hindi
நான் நூலகத்தில் உடற்பயிற்சி செய்கிறேன் இன்று.,Tamil
நான் நகரத்தில் கடிதம் எழுதுகிறேன் தினமும்.,Tamil
ನಾನು ಇಂದು ಅಂಗಡಿಯಲ್ಲಿ ಪುಸ್ತಕ ಓದುತ್ತೇನೆ ಎಂದು ಹೇಳಿದರು.,Kannada
"рано утром, Я иду на работу в офисе.",Russian
"το βράδυ, Εγώ βλέπω μια ταινία στο σπίτι.",Greek
Я изучаю язык дома каждый день.,Russian
"поздно вечером, Я изучаю язык в университете.",Russian
വൈകുന്നേരം ഞാൻ ആശുപത്രിയിൽ പുസ്തകം വായിക്കുന്നു.,Malayalam
كل يوم، أنا أمارس الرياضة في الحديقة.,Arabic
"நாளை, நான் பூங்காவில் வேலைக்கு செல்கிறேன்.",Tamil
أنا أقرأ كتابا في المدرسة مساء.,Arabic
قال أنا إنه أذهب إلى العمل في المطعم كل يوم.,Arabic
ನಾನು ಮನೆಯಲ್ಲಿ ಸಿನಿಮಾ ನೋಡುತ್ತೇನೆ ಸಂಜೆ.,Kannada
"ಸಂಜೆ, ನಾನು ಉದ್ಯಾನವನದಲ್ಲಿ ಕೆಲಸಕ್ಕೆ ಹೋಗುತ್ತೇನೆ.",Kannada
मैं ने कहा कि वह विश्वविद्यालय में पत्र लिखता हूँ इस सप्ताह।,Hindi
"सुबह के समय, मैं किताब पढ़ता हूँ शहर में।",Hindi
قال أنا إنه أمارس الرياضة في المنزل في المساء.,Arabic
ഞാൻ ഈ ആഴ്ച നഗരത്തിൽ വ്യായാമം ചെയ്യുന്നു.,Malayalam
قال أنا إنه أقرأ كتابا في المكتبة اليوم.,Arabic
قال أنا إنه أكتب رسالة في المطعم غدا.,Arabic
വൈകുന്നേരം സമയത്ത് ഞാൻ നഗരത്തിൽ പുസ്തകം വായിക്കുന്നു.,Malayalam
ഞാൻ വൈകുന്നേരം സമയത്ത് ലൈബ്രറിയിൽ വ്യായാമം ചെയ്യുന്നു എന്ന് പറഞ്ഞു.,Malayalam
ഞാൻ ഇന്ന് നഗരത്തിൽ ജോലിക്ക് പോകുന്നു.,Malayalam
"Я сказал, что читаю книгу в городе вечером.",Russian
قال أنا إنه أشاهد فيلما في المنزل مساء.,Arabic
"இந்த வாரம், நான் மருத்துவமனையில் காபி குடிக்கிறேன்.",Tamil
ഞാൻ എല്ലാ ദിവസവും കടയിൽ വ്യായാമം ചെയ്യുന്നു എന്ന് പറഞ്ഞു.,Malayalam
நான் உணவகத்தில் திரைப்படம் பார்க்கிறேன் விரும்புகிறார்.,Tamil
"Я сказал, что изучаю язык в магазине на этой неделе.",Russian
നാളെ ഞാൻ റെസ്റ്റോറന്റിൽ സർവകലാശാലയിൽ പഠിക്കുന്നു.,Malayalam
ഞാൻ വൈകുന്നേരം കടയിൽ പുസ്തകം വായിക്കുന്നു എന്ന് പറഞ്ഞു.,Malayalam
ನಾನು ಇಂದು ನಗರದಲ್ಲಿ ಕಾಫಿ ಕುಡಿಯುತ್ತೇನೆ ಎಂದು ಹೇಳಿದರು.,Kannada
"शाम को, मैं भाषा सीखता हूँ दुकान में।",Hindi
ഈ ആഴ്ച ഞാൻ വീട്ടിൽ കാപ്പി കുടിക്കുന്നു.,Malayalam
ನಾನು ಗ್ರಂಥಾಲಯದಲ್ಲಿ ಪುಸ್ತಕ ಓದುತ್ತೇನೆ ಇಂದು.,Kannada
Я пишу письмо в парке вечером.,Russian
صباحا، أنا أدرس في الجامعة في الجامعة.,Arabic
"Я сказал, что иду на работу в больнице сегодня.",Russian
Εγώ είπε ότι πηγαίνω στη δουλειά στο γραφείο νωρίς το πρωί.,Greek
நான் இன்று பூங்காவில் கடிதம் எழுதுகிறேன் என்று கூறினார்.,Tamil
நான் இன்று பல்கலைக்கழகத்தில் பல்கலைக்கழகத்தில் படிக்கிறேன் என்று கூறினார்.,Tamil
Я хочет иду на работу в библиотеке.,Russian
"Я сказал, что занимаюсь спортом в университете на этой неделе.",Russian
Εγώ γράφω ένα γράμμα στο σπίτι σήμερα.,Greek
"Я сказал, что иду на работу в школе рано утром.",Russian
मैं फिल्म देखता हूँ शहर में आज।,Hindi
நான் தினமும் பல்கலைக்கழகத்தில் கடிதம் எழுதுகிறேன் என்று கூறினார்.,Tamil
ನಾನು ಸಂಜೆಯ ಸಮಯದಲ್ಲಿ ನಗರದಲ್ಲಿ ಪುಸ್ತಕ ಓದುತ್ತೇನೆ ಎಂದು ಹೇಳಿದರು.,Kannada
Я хочет изучаю язык в школе.,Russian
"αύριο, Εγώ κάνω γυμναστική στο σχολείο.",Greek
ನಾನು ಕಚೇರಿಯಲ್ಲಿ ಕಾಫಿ ಕುಡಿಯುತ್ತೇನೆ ಪ್ರತಿದಿನ.,Kannada
मैं चाय पीता हूँ शहर में इस सप्ताह।,Hindi
Εγώ είπε ότι βλέπω μια ταινία στο κατάστημα αυτή την εβδομάδα.,Greek
مساء، أنا أدرس في الجامعة في الحديقة.,Arabic
ನಾನು ಆಸ್ಪತ್ರೆಯಲ್ಲಿ ಸಿನಿಮಾ ನೋಡುತ್ತೇನೆ ಈ ವಾರ.,Kannada
"इस सप्ताह, मैं काम पर जाता हूँ स्कूल में।",Hindi
"Я сказал, что изучаю язык в больнице вечером.",Russian
मैं व्यायाम करता हूँ पार्क में कल।,Hindi
"поздно вечером, Я иду на работу в ресторане.",Russian
"завтра, Я изучаю язык в офисе.",Russian
मैं ने कहा कि वह कार्यालय में काम पर जाता हूँ आज।,Hindi
मैं चाय पीता हूँ दुकान में सुबह के समय।,Hindi
"κάθε μέρα, Εγώ κάνω γυμναστική στη βιβλιοθήκη.",Greek
நான் நூலகத்தில் திரைப்படம் பார்க்கிறேன் இன்று.,Tamil
"νωρίς το πρωί, Εγώ πηγαίνω στη δουλειά στο πάρκο.",Greek
நான் காலை நேரத்தில் பூங்காவில் மொழி கற்கிறேன் என்று கூறினார்.,Tamil
ഞാൻ വൈകുന്നേരം പാർക്കിൽ പുസ്തകം വായിക്കുന്നു.,Malayalam
"இன்று, நான் பள்ளியில் காபி குடிக்கிறேன்.",Tamil
ನಾನು ಮನೆಯಲ್ಲಿ ಪತ್ರ ಬರೆಯುತ್ತೇನೆ ಪ್ರತಿದಿನ.,Kannada
في الصباح، أنا أتعلم اللغة في الحديقة.,Arabic
"каждый день, Я смотрю фильм в ресторане.",Russian
मैं ने कहा कि वह स्कूल में किताब पढ़ता हूँ शाम के समय।,Hindi
Я читаю книгу в ресторане рано утром.,Russian
أنا أكتب رسالة في الجامعة هذا الأسبوع.,Arabic
நான் அலுவலகத்தில் புத்தகம் படிக்கிறேன் இந்த வாரம்.,Tamil
أنا أمارس الرياضة في المدينة في المساء.,Arabic
ഈ ആഴ്ച ഞാൻ പാർക്കിൽ ജോലിക്ക് പോകുന്നു.,Malayalam
ನಾನು ಬೆಳಗಿನ ಸಮಯದಲ್ಲಿ ಕಚೇರಿಯಲ್ಲಿ ಸಿನಿಮಾ ನೋಡುತ್ತೇನೆ ಎಂದು ಹೇಳಿದರು.,Kannada
ഞാൻ രാവിലെ ആശുപത്രിയിൽ ജോലിക്ക് പോകുന്നു എന്ന് പറഞ്ഞു.,Malayalam
Я иду на работу в школе рано утром.,Russian
நான் உணவகத்தில் புத்தகம் படிக்கிறேன் காலையில்.,Tamil
ನಾನು ರೆಸ್ಟೋರೆಂಟ್‌ನಲ್ಲಿ ವಿಶ್ವವಿದ್ಯಾಲಯದಲ್ಲಿ ಓದುತ್ತೇನೆ ಇಂದು.,Kannada
Εγώ είπε ότι γράφω ένα γράμμα στο γραφείο αύριο.,Greek
Я читаю книгу в городе на этой неделе.,Russian
"αυτή την εβδομάδα, Εγώ γράφω ένα γράμμα στην πόλη.",Greek
"Я сказал, что пью кофе в магазине вечером.",Russian
قال أنا إنه أقرأ كتابا في المدرسة في المساء.,Arabic
"Я сказал, что смотрю фильм в городе сегодня.",Russian
"сегодня, Я смотрю фильм в библиотеке.",Russian
Εγώ είπε ότι πίνω καφέ στο πανεπιστήμιο αργά το βράδυ.,Greek
Εγώ σπουδάζω στο πανεπιστήμιο στην πόλη αργά το βράδυ.,Greek
Εγώ είπε ότι γράφω ένα γράμμα στο σπίτι αυτή την εβδομάδα.,Greek
"காலையில், நான் பூங்காவில் மொழி கற்கிறேன்.",Tamil
"сегодня, Я пью кофе в больнице.",Russian
"आज, मैं किताब पढ़ता हूँ स्कूल में।",Hindi
मैं भाषा सीखता हूँ कार्यालय में इस सप्ताह।,Hindi
اليوم، أنا أدرس في الجامعة في المدرسة.,Arabic
ನಾನು ಉದ್ಯಾನವನದಲ್ಲಿ ಸಿನಿಮಾ ನೋಡುತ್ತೇನೆ ಮಾಡಲು ಬಯಸುತ್ತಾನೆ.,Kannada
ഞാൻ ഈ ആഴ്ച നഗരത്തിൽ സർവകലാശാലയിൽ പഠിക്കുന്നു എന്ന് പറഞ്ഞു.,Malayalam
Εγώ κάνω γυμναστική στην πόλη αργά το βράδυ.,Greek
أنا أدرس في الجامعة في المدرسة غدا.,Arabic
நான் இன்று மருத்துவமனையில் கடிதம் எழுதுகிறேன் என்று கூறினார்.,Tamil
Я иду на работу в офисе завтра.,Russian
मैं ने कहा कि वह विश्वविद्यालय में भाषा सीखता हूँ शाम के समय।,Hindi
"शाम के समय, मैं भाषा सीखता हूँ स्कूल में।",Hindi
Εγώ σπουδάζω στο πανεπιστήμιο στο κατάστημα αργά το βράδυ.,Greek
"शाम को, मैं काम पर जाता हूँ अस्पताल में।",Hindi
"рано утром, Я читаю книгу в парке.",Russian
मैं ने कहा कि वह घर में चाय पीता हूँ इस सप्ताह।,Hindi
ನಾನು ನಾಳೆ ವಿಶ್ವವಿದ್ಯಾಲಯದಲ್ಲಿ ಕಾಫಿ ಕುಡಿಯುತ್ತೇನೆ ಎಂದು ಹೇಳಿದರು.,Kannada
"ಸಂಜೆಯ ಸಮಯದಲ್ಲಿ, ನಾನು ಅಂಗಡಿಯಲ್ಲಿ ಪುಸ್ತಕ ಓದುತ್ತೇನೆ.",Kannada
Я занимаюсь спортом дома рано утром.,Russian
मैं ने कहा कि वह शहर में किताब पढ़ता हूँ कल।,Hindi
मैं भाषा सीखता हूँ अस्पताल में कल।,Hindi
Εγώ είπε ότι πίνω καφέ στο κατάστημα σήμερα.,Greek
قال أنا إنه أدرس في الجامعة في الحديقة مساء.,Arabic
"Я сказал, что занимаюсь спортом в школе сегодня.",Russian
"Я сказал, что учусь в университете в офисе на этой неделе.",Russian
"завтра, Я изучаю язык дома.",Russian
"Я сказал, что занимаюсь спортом в офисе утром.",Russian
ഞാൻ രാവിലെ സർവകലാശാലയിൽ ജോലിക്ക് പോകുന്നു.,Malayalam
أنا أدرس في الجامعة في المكتب غدا.,Arabic
أنا أشرب القهوة في المدرسة غدا.,Arabic
غدا، أنا أمارس الرياضة في المدرسة.,Arabic
"Я сказал, что учусь в университете в офисе вечером.",Russian
Εγώ σπουδάζω στο πανεπιστήμιο στο πάρκο το πρωί.,Greek
ನಾನು ಶಾಲೆಯಲ್ಲಿ ಭಾಷೆ ಕಲಿಯುತ್ತೇನೆ ಈ ವಾರ.,Kannada
Я занимаюсь спортом в офисе поздно вечером.,Russian
ನಾನು ವಿಶ್ವವಿದ್ಯಾಲಯದಲ್ಲಿ ಕಾಫಿ ಕುಡಿಯುತ್ತೇನೆ ಈ ವಾರ.,Kannada
मैं व्यायाम करता हूँ विश्वविद्यालय में सुबह के समय।,Hindi
വൈകുന്നേരം ഞാൻ ഓഫീസിൽ പുസ്തകം വായിക്കുന്നു.,Malayalam
ഞാൻ നഗരത്തിൽ കാപ്പി കുടിക്കുന്നു ആഗ്രഹിക്കുന്നു.,Malayalam
Εγώ είπε ότι διαβάζω ένα βιβλίο στην πόλη το βράδυ.,Greek
"நாளை, நான் கடையில் மொழி கற்கிறேன்.",Tamil
ನಾನು ಆಸ್ಪತ್ರೆಯಲ್ಲಿ ಪುಸ್ತಕ ಓದುತ್ತೇನೆ ಮಾಡಲು ಬಯಸುತ್ತಾನೆ.,Kannada
صباحا، أنا أدرس في الجامعة في المدرسة.,Arabic
நான் நாளை நகரத்தில் வேலைக்கு செல்கிறேன் என்று கூறினார்.,Tamil
मैं दुकान में विश्वविद्यालय में पढ़ता हूँ चाहता है।,Hindi
"सुबह के समय, मैं व्यायाम करता हूँ अस्पताल में।",Hindi
"ಈ ವಾರ, ನಾನು ರೆಸ್ಟೋರೆಂಟ್‌ನಲ್ಲಿ ಪುಸ್ತಕ ಓದುತ್ತೇನೆ.",Kannada
"αργά το βράδυ, Εγώ σπουδάζω στο πανεπιστήμιο στο πανεπιστήμιο.",Greek
"शाम के समय, मैं किताब पढ़ता हूँ अस्पताल में।",Hindi
நான் கடையில் காபி குடிக்கிறேன் இந்த வாரம்.,Tamil
ನಾನು ಆಸ್ಪತ್ರೆಯಲ್ಲಿ ಪತ್ರ ಬರೆಯುತ್ತೇನೆ ಇಂದು.,Kannada
ഇന്ന് ഞാൻ ലൈബ്രറിയിൽ പുസ്തകം വായിക്കുന്നു.,Malayalam
قال أنا إنه أشرب القهوة في المستشفى هذا الأسبوع.,Arabic
أنا أشرب القهوة في المدرسة في المساء.,Arabic
"ನಾಳೆ, ನಾನು ಮನೆಯಲ್ಲಿ ಕೆಲಸಕ್ಕೆ ಹೋಗುತ್ತೇನೆ.",Kannada
ഞാൻ വൈകുന്നേരം നഗരത്തിൽ ഭാഷ പഠിക്കുന്നു എന്ന് പറഞ്ഞു.,Malayalam
Я пишу письмо в магазине рано утром.,Russian
நான் நாளை நகரத்தில் கடிதம் எழுதுகிறேன் என்று கூறினார்.,Tamil
ನಾನು ನಗರದಲ್ಲಿ ವ್ಯಾಯಾಮ ಮಾಡುತ್ತೇನೆ ಬೆಳಗಿನ ಸಮಯದಲ್ಲಿ.,Kannada
ನಾನು ಕಚೇರಿಯಲ್ಲಿ ಭಾಷೆ ಕಲಿಯುತ್ತೇನೆ ಸಂಜೆಯ ಸಮಯದಲ್ಲಿ.,Kannada
Я читаю книгу в больнице сегодня.,Russian
मैं भाषा सीखता हूँ कार्यालय में हर दिन।,Hindi
Я занимаюсь спортом в библиотеке вечером.,Russian
நான் இன்று வீட்டில் உடற்பயிற்சி செய்கிறேன் என்று கூறினார்.,Tamil
ನಾನು ಅಂಗಡಿಯಲ್ಲಿ ಕೆಲಸಕ್ಕೆ ಹೋಗುತ್ತೇನೆ ಬೆಳಿಗ್ಗೆ.,Kannada
"поздно вечером, Я учусь в университете в школе.",Russian
"Я сказал, что изучаю язык в городе каждый день.",Russian
मैं काम पर जाता हूँ स्कूल में कल।,Hindi
मैं व्यायाम करता हूँ अस्पताल में आज।,Hindi
ഞാൻ ഇന്ന് ഓഫീസിൽ സിനിമ കാണുന്നു.,Malayalam
ഞാൻ ഈ ആഴ്ച കടയിൽ ജോലിക്ക് പോകുന്നു എന്ന് പറഞ്ഞു.,Malayalam
വൈകുന്നേരം സമയത്ത് ഞാൻ കടയിൽ ഭാഷ പഠിക്കുന്നു.,Malayalam
मैं विश्वविद्यालय में पढ़ता हूँ स्कूल में आज।,Hindi
मैं विश्वविद्यालय में पढ़ता हूँ स्कूल में शाम को।,Hindi
ഞാൻ രാവിലെ സമയത്ത് കടയിൽ ജോലിക്ക് പോകുന്നു എന്ന് പറഞ്ഞു.,Malayalam
நான் வீட்டில் மொழி கற்கிறேன் காலை நேரத்தில்.,Tamil
Εγώ μαθαίνω τη γλώσσα στο νοσοκομείο το πρωί.,Greek
ನಾನು ಅಂಗಡಿಯಲ್ಲಿ ಸಿನಿಮಾ ನೋಡುತ್ತೇನೆ ನಾಳೆ.,Kannada
"αργά το βράδυ, Εγώ πίνω καφέ στο εστιατόριο.",Greek
أنا أشرب القهوة في الجامعة صباحا.,Arabic
Εγώ είπε ότι σπουδάζω στο πανεπιστήμιο στο σπίτι νωρίς το πρωί.,Greek
मैं ने कहा कि वह दुकान में विश्वविद्यालय में पढ़ता हूँ शाम को।,Hindi
"рано утром, Я иду на работу в школе.",Russian
ഞാൻ ഈ ആഴ്ച പാർക്കിൽ വ്യായാമം ചെയ്യുന്നു എന്ന് പറഞ്ഞു.,Malayalam
أنا أقرأ كتابا في المدرسة غدا.,Arabic
"Я сказал, что пишу письмо дома завтра.",Russian
"आज, मैं विश्वविद्यालय में पढ़ता हूँ दुकान में।",Hindi
ഞാൻ നാളെ സ്കൂളിൽ കത്ത് എഴുതുന്നു.,Malayalam
Εγώ είπε ότι διαβάζω ένα βιβλίο στο πανεπιστήμιο αυτή την εβδομάδα.,Greek
قال أنا إنه أدرس في الجامعة في المطعم غدا.,Arabic
"ಸಂಜೆಯ ಸಮಯದಲ್ಲಿ, ನಾನು ನಗರದಲ್ಲಿ ಕಾಫಿ ಕುಡಿಯುತ್ತೇನೆ.",Kannada
நான் அலுவலகத்தில் புத்தகம் படிக்கிறேன் தினமும்.,Tamil
"на этой неделе, Я пишу письмо в университете.",Russian
मैं विश्वविद्यालय में पढ़ता हूँ विश्वविद्यालय में शाम को।,Hindi
ഈ ആഴ്ച ഞാൻ വീട്ടിൽ പുസ്തകം വായിക്കുന്നു.,Malayalam
"ಇಂದು, ನಾನು ಆಸ್ಪತ್ರೆಯಲ್ಲಿ ಕಾಫಿ ಕುಡಿಯುತ್ತೇನೆ.",Kannada
நான் பூங்காவில் வேலைக்கு செல்கிறேன் தினமும்.,Tamil
ನಾನು ಕಚೇರಿಯಲ್ಲಿ ಸಿನಿಮಾ ನೋಡುತ್ತೇನೆ ಸಂಜೆಯ ಸಮಯದಲ್ಲಿ.,Kannada
Εγώ σπουδάζω στο πανεπιστήμιο στο εστιατόριο το βράδυ.,Greek
Εγώ είπε ότι γράφω ένα γράμμα στην πόλη σήμερα.,Greek
Я смотрю фильм дома каждый день.,Russian
"ಬೆಳಿಗ್ಗೆ, ನಾನು ವಿಶ್ವವಿದ್ಯಾಲಯದಲ್ಲಿ ಕೆಲಸಕ್ಕೆ ಹೋಗುತ್ತೇನೆ.",Kannada
ഞാൻ രാവിലെ സമയത്ത് പാർക്കിൽ ഭാഷ പഠിക്കുന്നു.,Malayalam
"Я сказал, что пишу письмо в ресторане завтра.",Russian
Εγώ είπε ότι πηγαίνω στη δουλειά στο εστιατόριο αργά το βράδυ.,Greek
ನಾನು ಪ್ರತಿದಿನ ರೆಸ್ಟೋರೆಂಟ್‌ನಲ್ಲಿ ವಿಶ್ವವಿದ್ಯಾಲಯದಲ್ಲಿ ಓದುತ್ತೇನೆ ಎಂದು ಹೇಳಿದರು.,Kannada
قال أنا إنه أشرب القهوة في المنزل هذا الأسبوع.,Arabic
मैं ने कहा कि वह स्कूल में किताब पढ़ता हूँ हर दिन।,Hindi
Я учусь в университете в школе завтра.,Russian
Εγώ είπε ότι κάνω γυμναστική στο νοσοκομείο το βράδυ.,Greek
ഞാൻ വൈകുന്നേരം സ്കൂളിൽ സർവകലാശാലയിൽ പഠിക്കുന്നു.,Malayalam
நான் உணவகத்தில் கடிதம் எழுதுகிறேன் விரும்புகிறார்.,Tamil
Я смотрю фильм в библиотеке каждый день.,Russian
ನಾನು ಸಂಜೆಯ ಸಮಯದಲ್ಲಿ ಮನೆಯಲ್ಲಿ ಭಾಷೆ ಕಲಿಯುತ್ತೇನೆ ಎಂದು ಹೇಳಿದರು.,Kannada
Εγώ είπε ότι κάνω γυμναστική στο σχολείο αυτή την εβδομάδα.,Greek
Εγώ είπε ότι μαθαίνω τη γλώσσα στο σπίτι αργά το βράδυ.,Greek
"इस सप्ताह, मैं भाषा सीखता हूँ दुकान में।",Hindi
मैं किताब पढ़ता हूँ विश्वविद्यालय में कल।,Hindi
Εγώ είπε ότι κάνω γυμναστική στο πανεπιστήμιο αύριο.,Greek
"தினமும், நான் நூலகத்தில் காபி குடிக்கிறேன்.",Tamil
اليوم، أنا أشرب القهوة في المتجر.,Arabic
"காலையில், நான் பள்ளியில் புத்தகம் படிக்கிறேன்.",Tamil
मैं पत्र लिखता हूँ रेस्तरां में सुबह।,Hindi
Εγώ γράφω ένα γράμμα στο κατάστημα αύριο.,Greek
நான் நாளை மருத்துவமனையில் வேலைக்கு செல்கிறேன் என்று கூறினார்.,Tamil
Εγώ σπουδάζω στο πανεπιστήμιο στη βιβλιοθήκη αύριο.,Greek
قال أنا إنه أشاهد فيلما في المنزل صباحا.,Arabic
நான் காலையில் உணவகத்தில் திரைப்படம் பார்க்கிறேன் என்று கூறினார்.,Tamil
ನಾನು ಗ್ರಂಥಾಲಯದಲ್ಲಿ ಪತ್ರ ಬರೆಯುತ್ತೇನೆ ಸಂಜೆಯ ಸಮಯದಲ್ಲಿ.,Kannada
നാളെ ഞാൻ കടയിൽ ഭാഷ പഠിക്കുന്നു.,Malayalam
நான் நூலகத்தில் திரைப்படம் பார்க்கிறேன் இந்த வாரம்.,Tamil
ನಾನು ಆಸ್ಪತ್ರೆಯಲ್ಲಿ ಕೆಲಸಕ್ಕೆ ಹೋಗುತ್ತೇನೆ ಬೆಳಿಗ್ಗೆ.,Kannada
"காலையில், நான் அலுவலகத்தில் மொழி கற்கிறேன்.",Tamil
"आज, मैं व्यायाम करता हूँ दुकान में।",Hindi
ನಾನು ಈ ವಾರ ರೆಸ್ಟೋರೆಂಟ್‌ನಲ್ಲಿ ಪುಸ್ತಕ ಓದುತ್ತೇನೆ ಎಂದು ಹೇಳಿದರು.,Kannada
أنا أتعلم اللغة في المستشفى كل يوم.,Arabic
मैं विश्वविद्यालय में पढ़ता हूँ अस्पताल में सुबह।,Hindi
ನಾನು ಆಸ್ಪತ್ರೆಯಲ್ಲಿ ಕಾಫಿ ಕುಡಿಯುತ್ತೇನೆ ಬೆಳಗಿನ ಸಮಯದಲ್ಲಿ.,Kannada
أنا أشرب القهوة في المتجر هذا الأسبوع.,Arabic
Я занимаюсь спортом в университете рано утром.,Russian
"завтра, Я учусь в университете в больнице.",Russian
"νωρίς το πρωί, Εγώ γράφω ένα γράμμα στο πάρκο.",Greek
मैं भाषा सीखता हूँ दुकान में हर दिन।,Hindi
ನಾನು ಮನೆಯಲ್ಲಿ ಕಾಫಿ ಕುಡಿಯುತ್ತೇನೆ ಬೆಳಿಗ್ಗೆ.,Kannada
Я пишу письмо в городе сегодня.,Russian
"на этой неделе, Я учусь в университете в городе.",Russian
ഞാൻ രാവിലെ സമയത്ത് സ്കൂളിൽ കത്ത് എഴുതുന്നു.,Malayalam
ನಾನು ರೆಸ್ಟೋರೆಂಟ್‌ನಲ್ಲಿ ಸಿನಿಮಾ ನೋಡುತ್ತೇನೆ ಇಂದು.,Kannada
मैं व्यायाम करता हूँ स्कूल में शाम के समय।,Hindi
ನಾನು ಸಂಜೆಯ ಸಮಯದಲ್ಲಿ ಕಚೇರಿಯಲ್ಲಿ ವಿಶ್ವವಿದ್ಯಾಲಯದಲ್ಲಿ ಓದುತ್ತೇನೆ ಎಂದು ಹೇಳಿದರು.,Kannada
قال أنا إنه أشاهد فيلما في المطعم كل يوم.,Arabic
"Я сказал, что пишу письмо в школе вечером.",Russian
غدا، أنا أذهب إلى العمل في المتجر.,Arabic
ನಾನು ಬೆಳಗಿನ ಸಮಯದಲ್ಲಿ ಅಂಗಡಿಯಲ್ಲಿ ಕಾಫಿ ಕುಡಿಯುತ್ತೇನೆ ಎಂದು ಹೇಳಿದರು.,Kannada
Я занимаюсь спортом в городе рано утром.,Russian
ഞാൻ രാവിലെ ഓഫീസിൽ കാപ്പി കുടിക്കുന്നു.,Malayalam
मैं व्यायाम करता हूँ शहर में आज।,Hindi
ഞാൻ എല്ലാ ദിവസവും റെസ്റ്റോറന്റിൽ കത്ത് എഴുതുന്നു എന്ന് പറഞ്ഞു.,Malayalam
நான் காலையில் நகரத்தில் மொழி கற்கிறேன் என்று கூறினார்.,Tamil
Я смотрю фильм в магазине на этой неделе.,Russian
Я изучаю язык в библиотеке каждый день.,Russian
"காலை நேரத்தில், நான் பள்ளியில் புத்தகம் படிக்கிறேன்.",Tamil
நான் பல்கலைக்கழகத்தில் மொழி கற்கிறேன் விரும்புகிறார்.,Tamil
ഞാൻ വൈകുന്നേരം സമയത്ത് കടയിൽ സിനിമ കാണുന്നു.,Malayalam
Я иду на работу в офисе на этой неделе.,Russian
أنا أمارس الرياضة في الحديقة اليوم.,Arabic
مساء، أنا أتعلم اللغة في المكتب.,Arabic
நான் வீட்டில் காபி குடிக்கிறேன் இந்த வாரம்.,Tamil
ഞാൻ രാവിലെ സമയത്ത് കടയിൽ സിനിമ കാണുന്നു.,Malayalam
ನಾನು ಸಂಜೆ ಅಂಗಡಿಯಲ್ಲಿ ಪುಸ್ತಕ ಓದುತ್ತೇನೆ ಎಂದು ಹೇಳಿದರು.,Kannada
ഞാൻ നാളെ കടയിൽ കത്ത് എഴുതുന്നു എന്ന് പറഞ്ഞു.,Malayalam
मैं व्यायाम करता हूँ घर में सुबह।,Hindi
நான் இந்த வாரம் பூங்காவில் கடிதம் எழுதுகிறேன் என்று கூறினார்.,Tamil
நான் மாலை நேரத்தில் வீட்டில் உடற்பயிற்சி செய்கிறேன் என்று கூறினார்.,Tamil
ഞാൻ വൈകുന്നേരം നഗരത്തിൽ ജോലിക്ക് പോകുന്നു എന്ന് പറഞ്ഞു.,Malayalam
Εγώ κάνω γυμναστική στο νοσοκομείο νωρίς το πρωί.,Greek
"सुबह, मैं भाषा सीखता हूँ दुकान में।",Hindi
ನಾನು ನಾಳೆ ಕಚೇರಿಯಲ್ಲಿ ಕೆಲಸಕ್ಕೆ ಹೋಗುತ್ತೇನೆ ಎಂದು ಹೇಳಿದರು.,Kannada
ഞാൻ എല്ലാ ദിവസവും വീട്ടിൽ ഭാഷ പഠിക്കുന്നു.,Malayalam
ನಾನು ಸಂಜೆ ಗ್ರಂಥಾಲಯದಲ್ಲಿ ಭಾಷೆ ಕಲಿಯುತ್ತೇನೆ ಎಂದು ಹೇಳಿದರು.,Kannada
ನಾನು ಬೆಳಗಿನ ಸಮಯದಲ್ಲಿ ಮನೆಯಲ್ಲಿ ಪುಸ್ತಕ ಓದುತ್ತೇನೆ ಎಂದು ಹೇಳಿದರು.,Kannada
أنا أشاهد فيلما في المدينة غدا.,Arabic
"Я сказал, что иду на работу в магазине сегодня.",Russian
मैं चाय पीता हूँ शहर में शाम के समय।,Hindi
"कल, मैं काम पर जाता हूँ कार्यालय में।",Hindi
நான் பூங்காவில் பல்கலைக்கழகத்தில் படிக்கிறேன் மாலை நேரத்தில்.,Tamil
في الصباح، أنا أمارس الرياضة في الحديقة.,Arabic
"इस सप्ताह, मैं विश्वविद्यालय में पढ़ता हूँ पुस्तकालय में।",Hindi
"आज, मैं विश्वविद्यालय में पढ़ता हूँ रेस्तरां में।",Hindi
"Я сказал, что учусь в университете в городе поздно вечером.",Russian
Εγώ είπε ότι πηγαίνω στη δουλειά στο σχολείο σήμερα.,Greek
هذا الأسبوع، أنا أشاهد فيلما في المكتب.,Arabic
मैं फिल्म देखता हूँ कार्यालय में शाम के समय।,Hindi
मैं ने कहा कि वह शहर में विश्वविद्यालय में पढ़ता हूँ इस सप्ताह।,Hindi
Εγώ είπε ότι κάνω γυμναστική στο σχολείο το πρωί.,Greek
Εγώ κάνω γυμναστική στο εστιατόριο σήμερα.,Greek
ഞാൻ രാവിലെ സമയത്ത് ആശുപത്രിയിൽ ജോലിക്ക് പോകുന്നു എന്ന് പറഞ്ഞു.,Malayalam
"Я сказал, что занимаюсь спортом дома завтра.",Russian
ನಾನು ಬೆಳಿಗ್ಗೆ ನಗರದಲ್ಲಿ ಕೆಲಸಕ್ಕೆ ಹೋಗುತ್ತೇನೆ ಎಂದು ಹೇಳಿದರು.,Kannada
ഞാൻ വൈകുന്നേരം സമയത്ത് വീട്ടിൽ പുസ്തകം വായിക്കുന്നു എന്ന് പറഞ്ഞു.,Malayalam
Εγώ κάνω γυμναστική στο πάρκο αυτή την εβδομάδα.,Greek
"காலை நேரத்தில், நான் அலுவலகத்தில் காபி குடிக்கிறேன்.",Tamil
"αργά το βράδυ, Εγώ πηγαίνω στη δουλειά στο εστιατόριο.",Greek
Я иду на работу дома рано утром.,Russian
اليوم، أنا أقرأ كتابا في الحديقة.,Arabic
ನಾನು ಬೆಳಿಗ್ಗೆ ಅಂಗಡಿಯಲ್ಲಿ ಸಿನಿಮಾ ನೋಡುತ್ತೇನೆ ಎಂದು ಹೇಳಿದರು.,Kannada
"आज, मैं फिल्म देखता हूँ पार्क में।",Hindi
Εγώ θέλει να πηγαίνω στη δουλειά στο πάρκο.,Greek
"ಇಂದು, ನಾನು ಅಂಗಡಿಯಲ್ಲಿ ಪತ್ರ ಬರೆಯುತ್ತೇನೆ.",Kannada
വൈകുന്നേരം സമയത്ത് ഞാൻ പാർക്കിൽ ജോലിക്ക് പോകുന്നു.,Malayalam
मैं ने कहा कि वह कार्यालय में व्यायाम करता हूँ कल।,Hindi
Εγώ πίνω καφέ στη βιβλιοθήκη αργά το βράδυ.,Greek
أنا يريد أن أشرب القهوة في الجامعة.,Arabic
நான் நாளை பல்கலைக்கழகத்தில் திரைப்படம் பார்க்கிறேன் என்று கூறினார்.,Tamil
ഞാൻ എല്ലാ ദിവസവും ഓഫീസിൽ സിനിമ കാണുന്നു എന്ന് പറഞ്ഞു.,Malayalam
قال أنا إنه أشرب القهوة في المطعم صباحا.,Arabic
"αργά το βράδυ, Εγώ σπουδάζω στο πανεπιστήμιο στο κατάστημα.",Greek
Εγώ πηγαίνω στη δουλειά στο νοσοκομείο αργά το βράδυ.,Greek
ഞാൻ രാവിലെ ഓഫീസിൽ സിനിമ കാണുന്നു.,Malayalam
"αύριο, Εγώ γράφω ένα γράμμα στο πάρκο.",Greek
Я учусь в университете в библиотеке на этой неделе.,Russian
मैं ने कहा कि वह अस्पताल में पत्र लिखता हूँ इस सप्ताह।,Hindi
நான் பள்ளியில் மொழி கற்கிறேன் நாளை.,Tamil
Εγώ μαθαίνω τη γλώσσα στο γραφείο αυτή την εβδομάδα.,Greek
في الصباح، أنا أكتب رسالة في الجامعة.,Arabic
كل يوم، أنا أشرب القهوة في المدرسة.,Arabic
ഈ ആഴ്ച ഞാൻ ലൈബ്രറിയിൽ പുസ്തകം വായിക്കുന്നു.,Malayalam
Εγώ σπουδάζω στο πανεπιστήμιο στο πάρκο αργά το βράδυ.,Greek
"вечером, Я изучаю язык в магазине.",Russian
"на этой неделе, Я занимаюсь спортом в больнице.",Russian
"αυτή την εβδομάδα, Εγώ κάνω γυμναστική στο σπίτι.",Greek
"поздно вечером, Я пишу письмо в офисе.",Russian
ನಾನು ಕಚೇರಿಯಲ್ಲಿ ಸಿನಿಮಾ ನೋಡುತ್ತೇನೆ ನಾಳೆ.,Kannada
मैं किताब पढ़ता हूँ शहर में इस सप्ताह।,Hindi
"σήμερα, Εγώ διαβάζω ένα βιβλίο στο γραφείο.",Greek
قال أنا إنه أشرب القهوة في المكتب هذا الأسبوع.,Arabic
"Я сказал, что смотрю фильм в библиотеке поздно вечером.",Russian
ഞാൻ വൈകുന്നേരം സമയത്ത് പാർക്കിൽ കാപ്പി കുടിക്കുന്നു.,Malayalam
मैं ने कहा कि वह पुस्तकालय में भाषा सीखता हूँ शाम के समय।,Hindi
أنا أقرأ كتابا في الجامعة في الصباح.,Arabic
ನಾನು ರೆಸ್ಟೋರೆಂಟ್‌ನಲ್ಲಿ ಪುಸ್ತಕ ಓದುತ್ತೇನೆ ಇಂದು.,Kannada
मैं ने कहा कि वह घर में फिल्म देखता हूँ कल।,Hindi
मैं चाय पीता हूँ पार्क में इस सप्ताह।,Hindi
मैं ने कहा कि वह शहर में पत्र लिखता हूँ सुबह के समय।,Hindi
"νωρίς το πρωί, Εγώ σπουδάζω στο πανεπιστήμιο στη βιβλιοθήκη.",Greek
Я иду на работу в библиотеке сегодня.,Russian
मैं ने कहा कि वह रेस्तरां में काम पर जाता हूँ आज।,Hindi
എല്ലാ ദിവസവും ഞാൻ നഗരത്തിൽ സിനിമ കാണുന്നു.,Malayalam
ഞാൻ രാവിലെ നഗരത്തിൽ കത്ത് എഴുതുന്നു എന്ന് പറഞ്ഞു.,Malayalam
"вечером, Я пью кофе в парке.",Russian
ഞാൻ ഇന്ന് സർവകലാശാലയിൽ സർവകലാശാലയിൽ പഠിക്കുന്നു.,Malayalam
ഞാൻ ഇന്ന് ഓഫീസിൽ പുസ്തകം വായിക്കുന്നു എന്ന് പറഞ്ഞു.,Malayalam
"νωρίς το πρωί, Εγώ πηγαίνω στη δουλειά στο γραφείο.",Greek
Εγώ πηγαίνω στη δουλειά στην πόλη αύριο.,Greek
قال أنا إنه أشاهد فيلما في المدينة كل يوم.,Arabic
ನಾನು ಸಂಜೆ ನಗರದಲ್ಲಿ ಭಾಷೆ ಕಲಿಯುತ್ತೇನೆ ಎಂದು ಹೇಳಿದರು.,Kannada
Εγώ είπε ότι διαβάζω ένα βιβλίο στο γραφείο αργά το βράδυ.,Greek
"सुबह के समय, मैं भाषा सीखता हूँ पार्क में।",Hindi
मैं ने कहा कि वह रेस्तरां में किताब पढ़ता हूँ इस सप्ताह।,Hindi
"ಸಂಜೆಯ ಸಮಯದಲ್ಲಿ, ನಾನು ನಗರದಲ್ಲಿ ವಿಶ್ವವಿದ್ಯಾಲಯದಲ್ಲಿ ಓದುತ್ತೇನೆ.",Kannada
"शाम को, मैं पत्र लिखता हूँ विश्वविद्यालय में।",Hindi
أنا أشرب القهوة في المتجر اليوم.,Arabic
Εγώ σπουδάζω στο πανεπιστήμιο στο σπίτι το βράδυ.,Greek
في الصباح، أنا أذهب إلى العمل في المدينة.,Arabic
"κάθε μέρα, Εγώ πίνω καφέ στο γραφείο.",Greek
मैं किताब पढ़ता हूँ दुकान में कल।,Hindi
أنا أكتب رسالة في المكتبة في الصباح.,Arabic
أنا أشرب القهوة في المكتبة في المساء.,Arabic
நான் காலை நேரத்தில் மருத்துவமனையில் பல்கலைக்கழகத்தில் படிக்கிறேன் என்று கூறினார்.,Tamil
நான் நூலகத்தில் மொழி கற்கிறேன் காலை நேரத்தில்.,Tamil
Εγώ θέλει να διαβάζω ένα βιβλίο στο εστιατόριο.,Greek
"ಬೆಳಿಗ್ಗೆ, ನಾನು ಗ್ರಂಥಾಲಯದಲ್ಲಿ ವಿಶ್ವವಿದ್ಯಾಲಯದಲ್ಲಿ ಓದುತ್ತೇನೆ.",Kannada
ನಾನು ಕಚೇರಿಯಲ್ಲಿ ಸಿನಿಮಾ ನೋಡುತ್ತೇನೆ ಪ್ರತಿದಿನ.,Kannada
"ಈ ವಾರ, ನಾನು ರೆಸ್ಟೋರೆಂಟ್‌ನಲ್ಲಿ ವ್ಯಾಯಾಮ ಮಾಡುತ್ತೇನೆ.",Kannada
ഞാൻ ഈ ആഴ്ച ലൈബ്രറിയിൽ വ്യായാമം ചെയ്യുന്നു.,Malayalam
"ಈ ವಾರ, ನಾನು ಶಾಲೆಯಲ್ಲಿ ವ್ಯಾಯಾಮ ಮಾಡುತ್ತೇನೆ.",Kannada
நான் பூங்காவில் புத்தகம் படிக்கிறேன் மாலையில்.,Tamil
أنا يريد أن أذهب إلى العمل في المتجر.,Arabic
Εγώ είπε ότι πίνω καφέ στο σχολείο αυτή την εβδομάδα.,Greek
ನಾನು ಪ್ರತಿದಿನ ಮನೆಯಲ್ಲಿ ಸಿನಿಮಾ ನೋಡುತ್ತೇನೆ ಎಂದು ಹೇಳಿದರು.,Kannada
"தினமும், நான் பூங்காவில் கடிதம் எழுதுகிறேன்.",Tamil
في الصباح، أنا أشاهد فيلما في المتجر.,Arabic
Εγώ θέλει να σπουδάζω στο πανεπιστήμιο στο σχολείο.,Greek
ನಾನು ಈ ವಾರ ಮನೆಯಲ್ಲಿ ಪುಸ್ತಕ ಓದುತ್ತೇನೆ ಎಂದು ಹೇಳಿದರು.,Kannada
Εγώ είπε ότι γράφω ένα γράμμα στο πανεπιστήμιο αυτή την εβδομάδα.,Greek
मैं ने कहा कि वह अस्पताल में व्यायाम करता हूँ शाम को।,Hindi
أنا أشاهد فيلما في المطعم في المساء.,Arabic
"ಬೆಳಿಗ್ಗೆ, ನಾನು ಕಚೇರಿಯಲ್ಲಿ ಪುಸ್ತಕ ಓದುತ್ತೇನೆ.",Kannada
Εγώ είπε ότι πηγαίνω στη δουλειά στο εστιατόριο νωρίς το πρωί.,Greek
في المساء، أنا أذهب إلى العمل في المطعم.,Arabic
"इस सप्ताह, मैं किताब पढ़ता हूँ अस्पताल में।",Hindi
मैं ने कहा कि वह दुकान में भाषा सीखता हूँ शाम को।,Hindi
நான் காலையில் மருத்துவமனையில் வேலைக்கு செல்கிறேன் என்று கூறினார்.,Tamil
मैं ने कहा कि वह अस्पताल में किताब पढ़ता हूँ हर दिन।,Hindi
"ಬೆಳಗಿನ ಸಮಯದಲ್ಲಿ, ನಾನು ಗ್ರಂಥಾಲಯದಲ್ಲಿ ಭಾಷೆ ಕಲಿಯುತ್ತೇನೆ.",Kannada
"ಈ ವಾರ, ನಾನು ಉದ್ಯಾನವನದಲ್ಲಿ ಕೆಲಸಕ್ಕೆ ಹೋಗುತ್ತೇನೆ.",Kannada
ನಾನು ಬೆಳಿಗ್ಗೆ ರೆಸ್ಟೋರೆಂಟ್‌ನಲ್ಲಿ ಸಿನಿಮಾ ನೋಡುತ್ತೇನೆ ಎಂದು ಹೇಳಿದರು.,Kannada
ഞാൻ എല്ലാ ദിവസവും സ്കൂളിൽ ഭാഷ പഠിക്കുന്നു എന്ന് പറഞ്ഞു.,Malayalam
നാളെ ഞാൻ സ്കൂളിൽ സിനിമ കാണുന്നു.,Malayalam
Εγώ βλέπω μια ταινία στο κατάστημα αύριο.,Greek
ഞാൻ ഈ ആഴ്ച ആശുപത്രിയിൽ കാപ്പി കുടിക്കുന്നു എന്ന് പറഞ്ഞു.,Malayalam
"κάθε μέρα, Εγώ βλέπω μια ταινία στο γραφείο.",Greek
நான் வீட்டில் உடற்பயிற்சி செய்கிறேன் மாலையில்.,Tamil
"αύριο, Εγώ διαβάζω ένα βιβλίο στο σχολείο.",Greek
Εγώ μαθαίνω τη γλώσσα στο γραφείο το βράδυ.,Greek
Εγώ μαθαίνω τη γλώσσα στο πάρκο αυτή την εβδομάδα.,Greek
"शाम को, मैं किताब पढ़ता हूँ पार्क में।",Hindi
قال أنا إنه أذهب إلى العمل في المدرسة كل يوم.,Arabic
أنا أتعلم اللغة في المدينة اليوم.,Arabic
ನಾನು ರೆಸ್ಟೋರೆಂಟ್‌ನಲ್ಲಿ ಪುಸ್ತಕ ಓದುತ್ತೇನೆ ಮಾಡಲು ಬಯಸುತ್ತಾನೆ.,Kannada
Εγώ πίνω καφέ στο σχολείο κάθε μέρα.,Greek
ഞാൻ സർവകലാശാലയിൽ വ്യായാമം ചെയ്യുന്നു ആഗ്രഹിക്കുന്നു.,Malayalam
أنا يريد أن أقرأ كتابا في الجامعة.,Arabic
ഞാൻ രാവിലെ സമയത്ത് ഓഫീസിൽ വ്യായാമം ചെയ്യുന്നു എന്ന് പറഞ്ഞു.,Malayalam
"शाम के समय, मैं चाय पीता हूँ पार्क में।",Hindi
"ಬೆಳಗಿನ ಸಮಯದಲ್ಲಿ, ನಾನು ಶಾಲೆಯಲ್ಲಿ ಕಾಫಿ ಕುಡಿಯುತ್ತೇನೆ.",Kannada
நான் நாளை வீட்டில் உடற்பயிற்சி செய்கிறேன் என்று கூறினார்.,Tamil
"утром, Я иду на работу в офисе.",Russian
എല്ലാ ദിവസവും ഞാൻ ലൈബ്രറിയിൽ കത്ത് എഴുതുന്നു.,Malayalam
நான் மருத்துவமனையில் பல்கலைக்கழகத்தில் படிக்கிறேன் காலை நேரத்தில்.,Tamil
"தினமும், நான் பள்ளியில் வேலைக்கு செல்கிறேன்.",Tamil
"на этой неделе, Я читаю книгу в офисе.",Russian
நான் வீட்டில் புத்தகம் படிக்கிறேன் காலையில்.,Tamil
ನಾನು ಈ ವಾರ ಅಂಗಡಿಯಲ್ಲಿ ವಿಶ್ವವಿದ್ಯಾಲಯದಲ್ಲಿ ಓದುತ್ತೇನೆ ಎಂದು ಹೇಳಿದರು.,Kannada
"ಇಂದು, ನಾನು ಅಂಗಡಿಯಲ್ಲಿ ಸಿನಿಮಾ ನೋಡುತ್ತೇನೆ.",Kannada
Я занимаюсь спортом в больнице завтра.,Russian
Εγώ πηγαίνω στη δουλειά στη βιβλιοθήκη το πρωί.,Greek
मैं विश्वविद्यालय में पढ़ता हूँ पार्क में इस सप्ताह।,Hindi
ನಾನು ಪ್ರತಿದಿನ ಗ್ರಂಥಾಲಯದಲ್ಲಿ ವಿಶ್ವವಿದ್ಯಾಲಯದಲ್ಲಿ ಓದುತ್ತೇನೆ ಎಂದು ಹೇಳಿದರು.,Kannada
मैं भाषा सीखता हूँ स्कूल में शाम को।,Hindi
"Я сказал, что смотрю фильм в университете поздно вечером.",Russian
நான் மாலையில் நூலகத்தில் புத்தகம் படிக்கிறேன் என்று கூறினார்.,Tamil
मैं भाषा सीखता हूँ पार्क में शाम को।,Hindi
ನಾನು ನಾಳೆ ಮನೆಯಲ್ಲಿ ವಿಶ್ವವಿದ್ಯಾಲಯದಲ್ಲಿ ಓದುತ್ತೇನೆ ಎಂದು ಹೇಳಿದರು.,Kannada
"कल, मैं व्यायाम करता हूँ कार्यालय में।",Hindi
"இந்த வாரம், நான் பள்ளியில் மொழி கற்கிறேன்.",Tamil
صباحا، أنا أشاهد فيلما في المكتبة.,Arabic
"Я сказал, что изучаю язык в городе рано утром.",Russian
"Я сказал, что пью кофе в магазине поздно вечером.",Russian
أنا أقرأ كتابا في المطعم مساء.,Arabic
Я читаю книгу в магазине рано утром.,Russian
أنا أمارس الرياضة في المدينة غدا.,Arabic
ഞാൻ രാവിലെ റെസ്റ്റോറന്റിൽ സിനിമ കാണുന്നു എന്ന് പറഞ്ഞു.,Malayalam
நான் பள்ளியில் பல்கலைக்கழகத்தில் படிக்கிறேன் மாலையில்.,Tamil
Εγώ βλέπω μια ταινία στην πόλη νωρίς το πρωί.,Greek
मैं ने कहा कि वह रेस्तरां में विश्वविद्यालय में पढ़ता हूँ हर दिन।,Hindi
Я смотрю фильм в офисе рано утром.,Russian
Εγώ πηγαίνω στη δουλειά στη βιβλιοθήκη σήμερα.,Greek
أنا أشاهد فيلما في المطعم في الصباح.,Arabic
मैं ने कहा कि वह स्कूल में चाय पीता हूँ शाम के समय।,Hindi
"Я сказал, что иду на работу дома утром.",Russian
Εγώ είπε ότι μαθαίνω τη γλώσσα στο σχολείο αυτή την εβδομάδα.,Greek
هذا الأسبوع، أنا أدرس في الجامعة في الجامعة.,Arabic
நான் மாலையில் வீட்டில் மொழி கற்கிறேன் என்று கூறினார்.,Tamil
أنا أمارس الرياضة في المدينة في الصباح.,Arabic
"αύριο, Εγώ βλέπω μια ταινία στη βιβλιοθήκη.",Greek
ನಾನು ಸಂಜೆ ಕಚೇರಿಯಲ್ಲಿ ವಿಶ್ವವಿದ್ಯಾಲಯದಲ್ಲಿ ಓದುತ್ತೇನೆ ಎಂದು ಹೇಳಿದರು.,Kannada
मैं किताब पढ़ता हूँ स्कूल में शाम को।,Hindi
Я смотрю фильм в больнице вечером.,Russian
मैं किताब पढ़ता हूँ दुकान में सुबह के समय।,Hindi
நான் தினமும் நகரத்தில் திரைப்படம் பார்க்கிறேன் என்று கூறினார்.,Tamil
എല്ലാ ദിവസവും ഞാൻ ഓഫീസിൽ പുസ്തകം വായിക്കുന്നു.,Malayalam
أنا أكتب رسالة في المنزل مساء.,Arabic
"вечером, Я занимаюсь спортом дома.",Russian
Εγώ είπε ότι διαβάζω ένα βιβλίο στο εστιατόριο αύριο.,Greek
நான் இந்த வாரம் பல்கலைக்கழகத்தில் வேலைக்கு செல்கிறேன் என்று கூறினார்.,Tamil
मैं व्यायाम करता हूँ रेस्तरां में सुबह के समय।,Hindi
"आज, मैं किताब पढ़ता हूँ कार्यालय में।",Hindi
എല്ലാ ദിവസവും ഞാൻ റെസ്റ്റോറന്റിൽ കാപ്പി കുടിക്കുന്നു.,Malayalam
ನಾನು ಬೆಳಿಗ್ಗೆ ರೆಸ್ಟೋರೆಂಟ್‌ನಲ್ಲಿ ಪುಸ್ತಕ ಓದುತ್ತೇನೆ ಎಂದು ಹೇಳಿದರು.,Kannada
هذا الأسبوع، أنا أشاهد فيلما في المكتبة.,Arabic
قال أنا إنه أشاهد فيلما في الجامعة اليوم.,Arabic
நான் தினமும் வீட்டில் திரைப்படம் பார்க்கிறேன் என்று கூறினார்.,Tamil
Я изучаю язык в городе утром.,Russian
ഞാൻ രാവിലെ റെസ്റ്റോറന്റിൽ പുസ്തകം വായിക്കുന്നു.,Malayalam
Я иду на работу в университете завтра.,Russian
ഞാൻ രാവിലെ ഓഫീസിൽ കത്ത് എഴുതുന്നു.,Malayalam
"ಬೆಳಿಗ್ಗೆ, ನಾನು ಅಂಗಡಿಯಲ್ಲಿ ಪುಸ್ತಕ ಓದುತ್ತೇನೆ.",Kannada
Я пью кофе в школе рано утром.,Russian
قال أنا إنه أقرأ كتابا في المتجر في المساء.,Arabic
நான் தினமும் நூலகத்தில் காபி குடிக்கிறேன் என்று கூறினார்.,Tamil
Εγώ θέλει να διαβάζω ένα βιβλίο στο σπίτι.,Greek
"காலையில், நான் பல்கலைக்கழகத்தில் பல்கலைக்கழகத்தில் படிக்கிறேன்.",Tamil
രാവിലെ സമയത്ത് ഞാൻ കടയിൽ കത്ത് എഴുതുന്നു.,Malayalam
"Я сказал, что иду на работу в больнице вечером.",Russian
Εγώ πίνω καφέ στο κατάστημα αύριο.,Greek
قال أنا إنه أشرب القهوة في الجامعة في الصباح.,Arabic
"ಪ್ರತಿದಿನ, ನಾನು ಕಚೇರಿಯಲ್ಲಿ ಪತ್ರ ಬರೆಯುತ್ತೇನೆ.",Kannada
ನಾನು ಶಾಲೆಯಲ್ಲಿ ವ್ಯಾಯಾಮ ಮಾಡುತ್ತೇನೆ ಸಂಜೆ.,Kannada
"आज, मैं भाषा सीखता हूँ स्कूल में।",Hindi
"νωρίς το πρωί, Εγώ πηγαίνω στη δουλειά στην πόλη.",Greek
هذا الأسبوع، أنا أقرأ كتابا في المدينة.,Arabic
நான் மாலையில் பல்கலைக்கழகத்தில் காபி குடிக்கிறேன் என்று கூறினார்.,Tamil
ನಾನು ಅಂಗಡಿಯಲ್ಲಿ ಸಿನಿಮಾ ನೋಡುತ್ತೇನೆ ಈ ವಾರ.,Kannada
"காலை நேரத்தில், நான் மருத்துவமனையில் புத்தகம் படிக்கிறேன்.",Tamil
"Я сказал, что пишу письмо в городе вечером.",Russian
நான் காலையில் நூலகத்தில் மொழி கற்கிறேன் என்று கூறினார்.,Tamil
ഞാൻ എല്ലാ ദിവസവും റെസ്റ്റോറന്റിൽ സർവകലാശാലയിൽ പഠിക്കുന്നു.,Malayalam
غدا، أنا أقرأ كتابا في المنزل.,Arabic
"ಈ ವಾರ, ನಾನು ವಿಶ್ವವಿದ್ಯಾಲಯದಲ್ಲಿ ವಿಶ್ವವಿದ್ಯಾಲಯದಲ್ಲಿ ಓದುತ್ತೇನೆ.",Kannada
"மாலையில், நான் நகரத்தில் வேலைக்கு செல்கிறேன்.",Tamil
Εγώ είπε ότι πίνω καφέ στο γραφείο το βράδυ.,Greek
ನಾನು ಸಂಜೆಯ ಸಮಯದಲ್ಲಿ ಶಾಲೆಯಲ್ಲಿ ಪತ್ರ ಬರೆಯುತ್ತೇನೆ ಎಂದು ಹೇಳಿದರು.,Kannada
أنا أذهب إلى العمل في المدرسة كل يوم.,Arabic
मैं ने कहा कि वह विश्वविद्यालय में भाषा सीखता हूँ हर दिन।,Hindi
நான் காலையில் மருத்துவமனையில் கடிதம் எழுதுகிறேன் என்று கூறினார்.,Tamil
நான் நகரத்தில் பல்கலைக்கழகத்தில் படிக்கிறேன் விரும்புகிறார்.,Tamil
Εγώ είπε ότι πηγαίνω στη δουλειά στο σχολείο το βράδυ.,Greek
मैं व्यायाम करता हूँ रेस्तरां में शाम को।,Hindi
"κάθε μέρα, Εγώ μαθαίνω τη γλώσσα στο πανεπιστήμιο.",Greek
"इस सप्ताह, मैं व्यायाम करता हूँ घर में।",Hindi
ഞാൻ വൈകുന്നേരം റെസ്റ്റോറന്റിൽ കാപ്പി കുടിക്കുന്നു.,Malayalam
Εγώ κάνω γυμναστική στην πόλη κάθε μέρα.,Greek
"αύριο, Εγώ πίνω καφέ στο σπίτι.",Greek
ഞാൻ ഈ ആഴ്ച വീട്ടിൽ കാപ്പി കുടിക്കുന്നു.,Malayalam
ನಾನು ನಗರದಲ್ಲಿ ವ್ಯಾಯಾಮ ಮಾಡುತ್ತೇನೆ ಸಂಜೆಯ ಸಮಯದಲ್ಲಿ.,Kannada
غدا، أنا أمارس الرياضة في المدينة.,Arabic
صباحا، أنا أمارس الرياضة في المطعم.,Arabic
Εγώ μαθαίνω τη γλώσσα στο σπίτι αυτή την εβδομάδα.,Greek
"σήμερα, Εγώ πίνω καφέ στη βιβλιοθήκη.",Greek
"каждый день, Я иду на работу в университете.",Russian
நான் வீட்டில் உடற்பயிற்சி செய்கிறேன் நாளை.,Tamil
Εγώ είπε ότι κάνω γυμναστική στο πάρκο κάθε μέρα.,Greek
मैं ने कहा कि वह स्कूल में फिल्म देखता हूँ शाम को।,Hindi
"утром, Я учусь в университете в ресторане.",Russian
Εγώ μαθαίνω τη γλώσσα στο σχολείο αύριο.,Greek
"αυτή την εβδομάδα, Εγώ διαβάζω ένα βιβλίο στη βιβλιοθήκη.",Greek
Εγώ είπε ότι κάνω γυμναστική στο κατάστημα αύριο.,Greek
مساء، أنا أشاهد فيلما في المنزل.,Arabic
"ಇಂದು, ನಾನು ಗ್ರಂಥಾಲಯದಲ್ಲಿ ವಿಶ್ವವಿದ್ಯಾಲಯದಲ್ಲಿ ಓದುತ್ತೇನೆ.",Kannada
"हर दिन, मैं भाषा सीखता हूँ रेस्तरां में।",Hindi
Я учусь в университете в ресторане на этой неделе.,Russian
मैं पत्र लिखता हूँ दुकान में शाम के समय।,Hindi
എല്ലാ ദിവസവും ഞാൻ റെസ്റ്റോറന്റിൽ ഭാഷ പഠിക്കുന്നു.,Malayalam
ഈ ആഴ്ച ഞാൻ പാർക്കിൽ കാപ്പി കുടിക്കുന്നു.,Malayalam
"Я сказал, что читаю книгу в больнице поздно вечером.",Russian
ഞാൻ ഈ ആഴ്ച ആശുപത്രിയിൽ സിനിമ കാണുന്നു എന്ന് പറഞ്ഞു.,Malayalam
நான் மருத்துவமனையில் உடற்பயிற்சி செய்கிறேன் மாலையில்.,Tamil
ನಾನು ನಾಳೆ ಅಂಗಡಿಯಲ್ಲಿ ಪುಸ್ತಕ ಓದುತ್ತೇನೆ ಎಂದು ಹೇಳಿದರು.,Kannada
ഞാൻ രാവിലെ സമയത്ത് നഗരത്തിൽ കത്ത് എഴുതുന്നു എന്ന് പറഞ്ഞു.,Malayalam
Εγώ γράφω ένα γράμμα στην πόλη σήμερα.,Greek
"மாலையில், நான் நகரத்தில் பல்கலைக்கழகத்தில் படிக்கிறேன்.",Tamil
"αργά το βράδυ, Εγώ γράφω ένα γράμμα στο πανεπιστήμιο.",Greek
أنا أقرأ كتابا في المطعم صباحا.,Arabic
"காலையில், நான் வீட்டில் கடிதம் எழுதுகிறேன்.",Tamil
ഞാൻ വൈകുന്നേരം സ്കൂളിൽ വ്യായാമം ചെയ്യുന്നു.,Malayalam
"காலை நேரத்தில், நான் அலுவலகத்தில் திரைப்படம் பார்க்கிறேன்.",Tamil
ഞാൻ ഈ ആഴ്ച ലൈബ്രറിയിൽ പുസ്തകം വായിക്കുന്നു എന്ന് പറഞ്ഞു.,Malayalam
Εγώ σπουδάζω στο πανεπιστήμιο στο εστιατόριο σήμερα.,Greek
मैं ने कहा कि वह विश्वविद्यालय में व्यायाम करता हूँ सुबह के समय।,Hindi
എല്ലാ ദിവസവും ഞാൻ ഓഫീസിൽ കത്ത് എഴുതുന്നു.,Malayalam
ನಾನು ಉದ್ಯಾನವನದಲ್ಲಿ ಭಾಷೆ ಕಲಿಯುತ್ತೇನೆ ಬೆಳಿಗ್ಗೆ.,Kannada
أنا أقرأ كتابا في الحديقة اليوم.,Arabic
ഈ ആഴ്ച ഞാൻ പാർക്കിൽ വ്യായാമം ചെയ്യുന്നു.,Malayalam
നാളെ ഞാൻ റെസ്റ്റോറന്റിൽ പുസ്തകം വായിക്കുന്നു.,Malayalam
قال أنا إنه أدرس في الجامعة في المكتب في الصباح.,Arabic
اليوم، أنا أشاهد فيلما في المطعم.,Arabic
"Я сказал, что учусь в университете в офисе сегодня.",Russian
"рано утром, Я иду на работу в магазине.",Russian
"αυτή την εβδομάδα, Εγώ γράφω ένα γράμμα στο σπίτι.",Greek
Я пью кофе дома поздно вечером.,Russian
ನಾನು ಮನೆಯಲ್ಲಿ ಸಿನಿಮಾ ನೋಡುತ್ತೇನೆ ಇಂದು.,Kannada
நான் நூலகத்தில் புத்தகம் படிக்கிறேன் விரும்புகிறார்.,Tamil
"शाम को, मैं काम पर जाता हूँ विश्वविद्यालय में।",Hindi
"рано утром, Я пью кофе в ресторане.",Russian
രാവിലെ ഞാൻ പാർക്കിൽ കാപ്പി കുടിക്കുന്നു.,Malayalam
"Я сказал, что иду на работу в офисе вечером.",Russian
ഞാൻ വൈകുന്നേരം സമയത്ത് ലൈബ്രറിയിൽ വ്യായാമം ചെയ്യുന്നു.,Malayalam
"सुबह के समय, मैं विश्वविद्यालय में पढ़ता हूँ विश्वविद्यालय में।",Hindi
நான் நூலகத்தில் புத்தகம் படிக்கிறேன் மாலை நேரத்தில்.,Tamil
Я иду на работу в больнице поздно вечером.,Russian
"ಬೆಳಗಿನ ಸಮಯದಲ್ಲಿ, ನಾನು ನಗರದಲ್ಲಿ ಸಿನಿಮಾ ನೋಡುತ್ತೇನೆ.",Kannada
ഞാൻ നാളെ വീട്ടിൽ ഭാഷ പഠിക്കുന്നു എന്ന് പറഞ്ഞു.,Malayalam
मैं चाय पीता हूँ कार्यालय में शाम के समय।,Hindi
قال أنا إنه أشرب القهوة في المكتبة هذا الأسبوع.,Arabic
قال أنا إنه أمارس الرياضة في الحديقة في الصباح.,Arabic
ನಾನು ನಗರದಲ್ಲಿ ಕೆಲಸಕ್ಕೆ ಹೋಗುತ್ತೇನೆ ಸಂಜೆಯ ಸಮಯದಲ್ಲಿ.,Kannada
"ಇಂದು, ನಾನು ಉದ್ಯಾನವನದಲ್ಲಿ ಕೆಲಸಕ್ಕೆ ಹೋಗುತ್ತೇನೆ.",Kannada
ನಾನು ಬೆಳಗಿನ ಸಮಯದಲ್ಲಿ ನಗರದಲ್ಲಿ ಭಾಷೆ ಕಲಿಯುತ್ತೇನೆ ಎಂದು ಹೇಳಿದರು.,Kannada
ഞാൻ രാവിലെ സ്കൂളിൽ കാപ്പി കുടിക്കുന്നു എന്ന് പറഞ്ഞു.,Malayalam
كل يوم، أنا أكتب رسالة في المدينة.,Arabic
Εγώ σπουδάζω στο πανεπιστήμιο στο εστιατόριο αύριο.,Greek
मैं किताब पढ़ता हूँ पार्क में आज।,Hindi
நான் நூலகத்தில் புத்தகம் படிக்கிறேன் இன்று.,Tamil
"Я сказал, что пишу письмо в школе каждый день.",Russian
"вечером, Я пью кофе дома.",Russian
"இந்த வாரம், நான் கடையில் மொழி கற்கிறேன்.",Tamil
غدا، أنا أقرأ كتابا في المدرسة.,Arabic
أنا أتعلم اللغة في الحديقة كل يوم.,Arabic
أنا يريد أن أكتب رسالة في المدرسة.,Arabic
"το πρωί, Εγώ πίνω καφέ στο κατάστημα.",Greek
"ಸಂಜೆ, ನಾನು ಶಾಲೆಯಲ್ಲಿ ಸಿನಿಮಾ ನೋಡುತ್ತೇನೆ.",Kannada
اليوم، أنا أدرس في الجامعة في المكتب.,Arabic
"Я сказал, что пью кофе в библиотеке вечером.",Russian
Εγώ διαβάζω ένα βιβλίο στο εστιατόριο αργά το βράδυ.,Greek
ನಾನು ಆಸ್ಪತ್ರೆಯಲ್ಲಿ ಪತ್ರ ಬರೆಯುತ್ತೇನೆ ಬೆಳಿಗ್ಗೆ.,Kannada
मैं व्यायाम करता हूँ पार्क में सुबह के समय।,Hindi
ನಾನು ಈ ವಾರ ಉದ್ಯಾನವನದಲ್ಲಿ ಪುಸ್ತಕ ಓದುತ್ತೇನೆ ಎಂದು ಹೇಳಿದರು.,Kannada
मैं ने कहा कि वह पार्क में चाय पीता हूँ आज।,Hindi
Я пишу письмо в парке рано утром.,Russian
ഞാൻ ഈ ആഴ്ച റെസ്റ്റോറന്റിൽ കത്ത് എഴുതുന്നു എന്ന് പറഞ്ഞു.,Malayalam
Εγώ είπε ότι γράφω ένα γράμμα στο εστιατόριο σήμερα.,Greek
Εγώ είπε ότι γράφω ένα γράμμα στο κατάστημα σήμερα.,Greek
ನಾನು ಪ್ರತಿದಿನ ರೆಸ್ಟೋರೆಂಟ್‌ನಲ್ಲಿ ಕೆಲಸಕ್ಕೆ ಹೋಗುತ್ತೇನೆ ಎಂದು ಹೇಳಿದರು.,Kannada
"сегодня, Я иду на работу в больнице.",Russian
Εγώ γράφω ένα γράμμα στο εστιατόριο κάθε μέρα.,Greek
ഞാൻ വൈകുന്നേരം ആശുപത്രിയിൽ കാപ്പി കുടിക്കുന്നു എന്ന് പറഞ്ഞു.,Malayalam
ഞാൻ എല്ലാ ദിവസവും റെസ്റ്റോറന്റിൽ ജോലിക്ക് പോകുന്നു എന്ന് പറഞ്ഞു.,Malayalam
"காலை நேரத்தில், நான் மருத்துவமனையில் திரைப்படம் பார்க்கிறேன்.",Tamil
Εγώ διαβάζω ένα βιβλίο στη βιβλιοθήκη το βράδυ.,Greek
मैं ने कहा कि वह विश्वविद्यालय में भाषा सीखता हूँ इस सप्ताह।,Hindi
Εγώ είπε ότι σπουδάζω στο πανεπιστήμιο στο σχολείο το πρωί.,Greek
मैं ने कहा कि वह पार्क में पत्र लिखता हूँ इस सप्ताह।,Hindi
في المساء، أنا أتعلم اللغة في المنزل.,Arabic
ഞാൻ ഇന്ന് പാർക്കിൽ കത്ത് എഴുതുന്നു.,Malayalam
ഞാൻ നാളെ റെസ്റ്റോറന്റിൽ കാപ്പി കുടിക്കുന്നു എന്ന് പറഞ്ഞു.,Malayalam
ഞാൻ ആശുപത്രിയിൽ ഭാഷ പഠിക്കുന്നു ആഗ്രഹിക്കുന്നു.,Malayalam
मैं फिल्म देखता हूँ पुस्तकालय में आज।,Hindi
"Я сказал, что учусь в университете в ресторане рано утром.",Russian
Я пью кофе в парке на этой неделе.,Russian
ನಾನು ವಿಶ್ವವಿದ್ಯಾಲಯದಲ್ಲಿ ವ್ಯಾಯಾಮ ಮಾಡುತ್ತೇನೆ ಸಂಜೆ.,Kannada
Я иду на работу в магазине утром.,Russian
ഞാൻ നാളെ കടയിൽ സിനിമ കാണുന്നു എന്ന് പറഞ്ഞു.,Malayalam
ഞാൻ രാവിലെ സമയത്ത് സ്കൂളിൽ വ്യായാമം ചെയ്യുന്നു.,Malayalam
"κάθε μέρα, Εγώ σπουδάζω στο πανεπιστήμιο στο σχολείο.",Greek
ഞാൻ ഓഫീസിൽ കാപ്പി കുടിക്കുന്നു ആഗ്രഹിക്കുന്നു.,Malayalam
"поздно вечером, Я пишу письмо в университете.",Russian
"το βράδυ, Εγώ διαβάζω ένα βιβλίο στη βιβλιοθήκη.",Greek
قال أنا إنه أتعلم اللغة في المكتبة في الصباح.,Arabic
ನಾನು ಆಸ್ಪತ್ರೆಯಲ್ಲಿ ಪುಸ್ತಕ ಓದುತ್ತೇನೆ ಪ್ರತಿದಿನ.,Kannada
أنا أتعلم اللغة في المكتبة هذا الأسبوع.,Arabic
मैं विश्वविद्यालय में पढ़ता हूँ घर में इस सप्ताह।,Hindi
قال أنا إنه أشاهد فيلما في الحديقة مساء.,Arabic
"το πρωί, Εγώ σπουδάζω στο πανεπιστήμιο στο κατάστημα.",Greek
நான் கடையில் கடிதம் எழுதுகிறேன் மாலை நேரத்தில்.,Tamil
"மாலையில், நான் நூலகத்தில் திரைப்படம் பார்க்கிறேன்.",Tamil
"κάθε μέρα, Εγώ πηγαίνω στη δουλειά στο πάρκο.",Greek
Я изучаю язык в парке поздно вечером.,Russian
நான் பல்கலைக்கழகத்தில் வேலைக்கு செல்கிறேன் இந்த வாரம்.,Tamil
ഞാൻ വൈകുന്നേരം ആശുപത്രിയിൽ വ്യായാമം ചെയ്യുന്നു എന്ന് പറഞ്ഞു.,Malayalam
ഞാൻ നാളെ ഓഫീസിൽ പുസ്തകം വായിക്കുന്നു എന്ന് പറഞ്ഞു.,Malayalam
"Я сказал, что смотрю фильм дома на этой неделе.",Russian
ഞാൻ എല്ലാ ദിവസവും സർവകലാശാലയിൽ പുസ്തകം വായിക്കുന്നു എന്ന് പറഞ്ഞു.,Malayalam
എല്ലാ ദിവസവും ഞാൻ റെസ്റ്റോറന്റിൽ പുസ്തകം വായിക്കുന്നു.,Malayalam
ഇന്ന് ഞാൻ നഗരത്തിൽ സർവകലാശാലയിൽ പഠിക്കുന്നു.,Malayalam
ഞാൻ നാളെ സർവകലാശാലയിൽ സിനിമ കാണുന്നു.,Malayalam
أنا أشرب القهوة في المنزل مساء.,Arabic
നാളെ ഞാൻ വീട്ടിൽ കത്ത് എഴുതുന്നു.,Malayalam
قال أنا إنه أشاهد فيلما في المكتبة غدا.,Arabic
"Я сказал, что читаю книгу в ресторане утром.",Russian
"Я сказал, что читаю книгу дома каждый день.",Russian
"завтра, Я пишу письмо в университете.",Russian
मैं ने कहा कि वह स्कूल में फिल्म देखता हूँ इस सप्ताह।,Hindi
രാവിലെ സമയത്ത് ഞാൻ വീട്ടിൽ കത്ത് എഴുതുന്നു.,Malayalam
ನಾನು ಶಾಲೆಯಲ್ಲಿ ಪತ್ರ ಬರೆಯುತ್ತೇನೆ ಇಂದು.,Kannada
ನಾನು ಶಾಲೆಯಲ್ಲಿ ವ್ಯಾಯಾಮ ಮಾಡುತ್ತೇನೆ ಬೆಳಗಿನ ಸಮಯದಲ್ಲಿ.,Kannada
ഈ ആഴ്ച ഞാൻ ആശുപത്രിയിൽ സിനിമ കാണുന്നു.,Malayalam
Εγώ πίνω καφέ στο γραφείο το βράδυ.,Greek
"ಪ್ರತಿದಿನ, ನಾನು ಗ್ರಂಥಾಲಯದಲ್ಲಿ ಪುಸ್ತಕ ಓದುತ್ತೇನೆ.",Kannada
"αργά το βράδυ, Εγώ πηγαίνω στη δουλειά στο κατάστημα.",Greek
ನಾನು ಬೆಳಗಿನ ಸಮಯದಲ್ಲಿ ಅಂಗಡಿಯಲ್ಲಿ ಸಿನಿಮಾ ನೋಡುತ್ತೇನೆ ಎಂದು ಹೇಳಿದರು.,Kannada
मैं व्यायाम करता हूँ विश्वविद्यालय में कल।,Hindi
मैं चाय पीता हूँ विश्वविद्यालय में सुबह।,Hindi
ನಾನು ಸಂಜೆಯ ಸಮಯದಲ್ಲಿ ಆಸ್ಪತ್ರೆಯಲ್ಲಿ ವಿಶ್ವವಿದ್ಯಾಲಯದಲ್ಲಿ ಓದುತ್ತೇನೆ ಎಂದು ಹೇಳಿದರು.,Kannada
मैं विश्वविद्यालय में पढ़ता हूँ दुकान में शाम के समय।,Hindi
ഞാൻ സർവകലാശാലയിൽ കത്ത് എഴുതുന്നു ആഗ്രഹിക്കുന്നു.,Malayalam
قال أنا إنه أقرأ كتابا في الحديقة مساء.,Arabic
ഞാൻ ഈ ആഴ്ച ഓഫീസിൽ ജോലിക്ക് പോകുന്നു എന്ന് പറഞ്ഞു.,Malayalam
"ಈ ವಾರ, ನಾನು ಉದ್ಯಾನವನದಲ್ಲಿ ಕಾಫಿ ಕುಡಿಯುತ್ತೇನೆ.",Kannada
"कल, मैं किताब पढ़ता हूँ अस्पताल में।",Hindi
"νωρίς το πρωί, Εγώ γράφω ένα γράμμα στο σχολείο.",Greek
ഞാൻ നാളെ റെസ്റ്റോറന്റിൽ വ്യായാമം ചെയ്യുന്നു.,Malayalam
मैं अस्पताल में काम पर जाता हूँ चाहता है।,Hindi
ನಾನು ನಗರದಲ್ಲಿ ಕಾಫಿ ಕುಡಿಯುತ್ತೇನೆ ನಾಳೆ.,Kannada
ನಾನು ಸಂಜೆ ಉದ್ಯಾನವನದಲ್ಲಿ ಭಾಷೆ ಕಲಿಯುತ್ತೇನೆ ಎಂದು ಹೇಳಿದರು.,Kannada
ನಾನು ಪ್ರತಿದಿನ ನಗರದಲ್ಲಿ ಕೆಲಸಕ್ಕೆ ಹೋಗುತ್ತೇನೆ ಎಂದು ಹೇಳಿದರು.,Kannada
Я иду на работу в офисе утром.,Russian
ഞാൻ വൈകുന്നേരം സമയത്ത് പാർക്കിൽ വ്യായാമം ചെയ്യുന്നു.,Malayalam
"ಸಂಜೆ, ನಾನು ಮನೆಯಲ್ಲಿ ಪತ್ರ ಬರೆಯುತ್ತೇನೆ.",Kannada
"вечером, Я изучаю язык в офисе.",Russian
قال أنا إنه أدرس في الجامعة في الجامعة غدا.,Arabic
Εγώ είπε ότι διαβάζω ένα βιβλίο στο κατάστημα το πρωί.,Greek
"Я сказал, что изучаю язык в ресторане утром.",Russian
Εγώ είπε ότι μαθαίνω τη γλώσσα στη βιβλιοθήκη αργά το βράδυ.,Greek
ഞാൻ വീട്ടിൽ ജോലിക്ക് പോകുന്നു ആഗ്രഹിക്കുന്നു.,Malayalam
நான் பள்ளியில் உடற்பயிற்சி செய்கிறேன் இன்று.,Tamil
ഈ ആഴ്ച ഞാൻ ആശുപത്രിയിൽ കാപ്പി കുടിക്കുന്നു.,Malayalam
"இந்த வாரம், நான் வீட்டில் புத்தகம் படிக்கிறேன்.",Tamil
ഈ ആഴ്ച ഞാൻ റെസ്റ്റോറന്റിൽ പുസ്തകം വായിക്കുന്നു.,Malayalam
நான் காலை நேரத்தில் வீட்டில் உடற்பயிற்சி செய்கிறேன் என்று கூறினார்.,Tamil
"Я сказал, что смотрю фильм в ресторане сегодня.",Russian
ഞാൻ നാളെ പാർക്കിൽ കാപ്പി കുടിക്കുന്നു എന്ന് പറഞ്ഞു.,Malayalam
"αυτή την εβδομάδα, Εγώ γράφω ένα γράμμα στο πανεπιστήμιο.",Greek
"ನಾಳೆ, ನಾನು ಕಚೇರಿಯಲ್ಲಿ ಭಾಷೆ ಕಲಿಯುತ್ತೇನೆ.",Kannada
"κάθε μέρα, Εγώ γράφω ένα γράμμα στο σχολείο.",Greek
"ಸಂಜೆಯ ಸಮಯದಲ್ಲಿ, ನಾನು ಗ್ರಂಥಾಲಯದಲ್ಲಿ ಭಾಷೆ ಕಲಿಯುತ್ತೇನೆ.",Kannada
"поздно вечером, Я читаю книгу в библиотеке.",Russian
ഞാൻ രാവിലെ സമയത്ത് റെസ്റ്റോറന്റിൽ കാപ്പി കുടിക്കുന്നു എന്ന് പറഞ്ഞു.,Malayalam
أنا يريد أن أدرس في الجامعة في المنزل.,Arabic
"νωρίς το πρωί, Εγώ σπουδάζω στο πανεπιστήμιο στο κατάστημα.",Greek
मैं ने कहा कि वह शहर में विश्वविद्यालय में पढ़ता हूँ शाम के समय।,Hindi
"हर दिन, मैं चाय पीता हूँ स्कूल में।",Hindi
ನಾನು ಅಂಗಡಿಯಲ್ಲಿ ಭಾಷೆ ಕಲಿಯುತ್ತೇನೆ ಬೆಳಗಿನ ಸಮಯದಲ್ಲಿ.,Kannada
രാവിലെ സമയത്ത് ഞാൻ ഓഫീസിൽ ഭാഷ പഠിക്കുന്നു.,Malayalam
Εγώ είπε ότι διαβάζω ένα βιβλίο στο γραφείο κάθε μέρα.,Greek
"ಬೆಳಿಗ್ಗೆ, ನಾನು ನಗರದಲ್ಲಿ ಕಾಫಿ ಕುಡಿಯುತ್ತೇನೆ.",Kannada
ഞാൻ ഇന്ന് ലൈബ്രറിയിൽ സിനിമ കാണുന്നു.,Malayalam
Εγώ πηγαίνω στη δουλειά στο εστιατόριο αύριο.,Greek
"நாளை, நான் பல்கலைக்கழகத்தில் மொழி கற்கிறேன்.",Tamil
நான் மருத்துவமனையில் கடிதம் எழுதுகிறேன் விரும்புகிறார்.,Tamil
أنا يريد أن أذهب إلى العمل في الجامعة.,Arabic
"σήμερα, Εγώ διαβάζω ένα βιβλίο στο νοσοκομείο.",Greek
ನಾನು ನಗರದಲ್ಲಿ ಪತ್ರ ಬರೆಯುತ್ತೇನೆ ಪ್ರತಿದಿನ.,Kannada
Я читаю книгу в библиотеке завтра.,Russian
في الصباح، أنا أشرب القهوة في المنزل.,Arabic
Εγώ γράφω ένα γράμμα στην πόλη το πρωί.,Greek
Я изучаю язык в ресторане сегодня.,Russian
நான் தினமும் நகரத்தில் காபி குடிக்கிறேன் என்று கூறினார்.,Tamil
قال أنا إنه أقرأ كتابا في المطعم في المساء.,Arabic
நான் வீட்டில் திரைப்படம் பார்க்கிறேன் இந்த வாரம்.,Tamil
ഞാൻ എല്ലാ ദിവസവും റെസ്റ്റോറന്റിൽ ജോലിക്ക് പോകുന്നു.,Malayalam
मैं विश्वविद्यालय में पढ़ता हूँ पुस्तकालय में सुबह के समय।,Hindi
"αργά το βράδυ, Εγώ γράφω ένα γράμμα στο σπίτι.",Greek
Εγώ είπε ότι διαβάζω ένα βιβλίο στο σπίτι κάθε μέρα.,Greek
"рано утром, Я учусь в университете в больнице.",Russian
"ಇಂದು, ನಾನು ರೆಸ್ಟೋರೆಂಟ್‌ನಲ್ಲಿ ಕಾಫಿ ಕುಡಿಯುತ್ತೇನೆ.",Kannada
ನಾನು ಕಚೇರಿಯಲ್ಲಿ ಭಾಷೆ ಕಲಿಯುತ್ತೇನೆ ಬೆಳಗಿನ ಸಮಯದಲ್ಲಿ.,Kannada
ನಾನು ಪ್ರತಿದಿನ ಶಾಲೆಯಲ್ಲಿ ವ್ಯಾಯಾಮ ಮಾಡುತ್ತೇನೆ ಎಂದು ಹೇಳಿದರು.,Kannada
ഞാൻ എല്ലാ ദിവസവും ആശുപത്രിയിൽ സിനിമ കാണുന്നു.,Malayalam
أنا أتعلم اللغة في المتجر هذا الأسبوع.,Arabic
"Я сказал, что занимаюсь спортом дома поздно вечером.",Russian
Я пишу письмо в университете каждый день.,Russian
"शाम के समय, मैं किताब पढ़ता हूँ कार्यालय में।",Hindi
ನಾನು ರೆಸ್ಟೋರೆಂಟ್‌ನಲ್ಲಿ ಸಿನಿಮಾ ನೋಡುತ್ತೇನೆ ಸಂಜೆಯ ಸಮಯದಲ್ಲಿ.,Kannada
ഇന്ന് ഞാൻ നഗരത്തിൽ ഭാഷ പഠിക്കുന്നു.,Malayalam
ഞാൻ രാവിലെ സമയത്ത് റെസ്റ്റോറന്റിൽ ജോലിക്ക് പോകുന്നു.,Malayalam
ನಾನು ಇಂದು ಆಸ್ಪತ್ರೆಯಲ್ಲಿ ಪುಸ್ತಕ ಓದುತ್ತೇನೆ ಎಂದು ಹೇಳಿದರು.,Kannada
ನಾನು ಬೆಳಿಗ್ಗೆ ಶಾಲೆಯಲ್ಲಿ ಕಾಫಿ ಕುಡಿಯುತ್ತೇನೆ ಎಂದು ಹೇಳಿದರು.,Kannada
Εγώ πίνω καφέ στη βιβλιοθήκη αυτή την εβδομάδα.,Greek
Я учусь в университете в офисе утром.,Russian
ഞാൻ എല്ലാ ദിവസവും പാർക്കിൽ ജോലിക്ക് പോകുന്നു എന്ന് പറഞ്ഞു.,Malayalam
ഞാൻ എല്ലാ ദിവസവും ആശുപത്രിയിൽ ജോലിക്ക് പോകുന്നു എന്ന് പറഞ്ഞു.,Malayalam
أنا أدرس في الجامعة في المتجر مساء.,Arabic
"ಪ್ರತಿದಿನ, ನಾನು ರೆಸ್ಟೋರೆಂಟ್‌ನಲ್ಲಿ ಸಿನಿಮಾ ನೋಡುತ್ತೇನೆ.",Kannada
நான் நகரத்தில் திரைப்படம் பார்க்கிறேன் மாலையில்.,Tamil
"αργά το βράδυ, Εγώ πίνω καφέ στο νοσοκομείο.",Greek
मैं किताब पढ़ता हूँ घर में आज।,Hindi
Я пью кофе дома каждый день.,Russian
"завтра, Я пью кофе в школе.",Russian
நான் மருத்துவமனையில் புத்தகம் படிக்கிறேன் இன்று.,Tamil
أنا أكتب رسالة في المكتبة غدا.,Arabic
قال أنا إنه أكتب رسالة في الحديقة صباحا.,Arabic
Я иду на работу в ресторане вечером.,Russian
Я учусь в университете в офисе каждый день.,Russian
Εγώ γράφω ένα γράμμα στο πανεπιστήμιο νωρίς το πρωί.,Greek
صباحا، أنا أمارس الرياضة في الحديقة.,Arabic
"Я сказал, что учусь в университете в парке сегодня.",Russian
ನಾನು ಬೆಳಿಗ್ಗೆ ಕಚೇರಿಯಲ್ಲಿ ಕಾಫಿ ಕುಡಿಯುತ್ತೇನೆ ಎಂದು ಹೇಳಿದರು.,Kannada
"Я сказал, что иду на работу в ресторане поздно вечером.",Russian
ഞാൻ രാവിലെ സമയത്ത് കടയിൽ കാപ്പി കുടിക്കുന്നു.,Malayalam
मैं फिल्म देखता हूँ अस्पताल में आज।,Hindi
"ಬೆಳಿಗ್ಗೆ, ನಾನು ಗ್ರಂಥಾಲಯದಲ್ಲಿ ಪುಸ್ತಕ ಓದುತ್ತೇನೆ.",Kannada
ഞാൻ വൈകുന്നേരം സമയത്ത് ആശുപത്രിയിൽ സർവകലാശാലയിൽ പഠിക്കുന്നു എന്ന് പറഞ്ഞു.,Malayalam
நான் தினமும் நூலகத்தில் கடிதம் எழுதுகிறேன் என்று கூறினார்.,Tamil
मैं ने कहा कि वह अस्पताल में किताब पढ़ता हूँ इस सप्ताह।,Hindi
Εγώ είπε ότι σπουδάζω στο πανεπιστήμιο στο πανεπιστήμιο σήμερα.,Greek
"вечером, Я изучаю язык в библиотеке.",Russian
Εγώ διαβάζω ένα βιβλίο στο σπίτι αυτή την εβδομάδα.,Greek
قال أنا إنه أذهب إلى العمل في المنزل كل يوم.,Arabic
ನಾನು ಸಂಜೆಯ ಸಮಯದಲ್ಲಿ ನಗರದಲ್ಲಿ ಕೆಲಸಕ್ಕೆ ಹೋಗುತ್ತೇನೆ ಎಂದು ಹೇಳಿದರು.,Kannada
ഞാൻ ഈ ആഴ്ച ലൈബ്രറിയിൽ സർവകലാശാലയിൽ പഠിക്കുന്നു എന്ന് പറഞ്ഞു.,Malayalam
ഞാൻ രാവിലെ ലൈബ്രറിയിൽ സർവകലാശാലയിൽ പഠിക്കുന്നു എന്ന് പറഞ്ഞു.,Malayalam
"தினமும், நான் உணவகத்தில் காபி குடிக்கிறேன்.",Tamil
मैं ने कहा कि वह शहर में चाय पीता हूँ सुबह के समय।,Hindi
قال أنا إنه أقرأ كتابا في المنزل صباحا.,Arabic
"το βράδυ, Εγώ διαβάζω ένα βιβλίο στο πάρκο.",Greek
أنا أشاهد فيلما في الجامعة كل يوم.,Arabic
ನಾನು ಶಾಲೆಯಲ್ಲಿ ಕಾಫಿ ಕುಡಿಯುತ್ತೇನೆ ನಾಳೆ.,Kannada
غدا، أنا أكتب رسالة في المنزل.,Arabic
ഞാൻ ഇന്ന് ഓഫീസിൽ ജോലിക്ക് പോകുന്നു.,Malayalam
ನಾನು ಅಂಗಡಿಯಲ್ಲಿ ವ್ಯಾಯಾಮ ಮಾಡುತ್ತೇನೆ ಪ್ರತಿದಿನ.,Kannada
Я хочет изучаю язык в больнице.,Russian
मैं ने कहा कि वह स्कूल में विश्वविद्यालय में पढ़ता हूँ शाम के समय।,Hindi
ഞാൻ എല്ലാ ദിവസവും കടയിൽ വ്യായാമം ചെയ്യുന്നു.,Malayalam
قال أنا إنه أمارس الرياضة في الجامعة غدا.,Arabic
"αργά το βράδυ, Εγώ πηγαίνω στη δουλειά στο πάρκο.",Greek
قال أنا إنه أشرب القهوة في المكتبة في المساء.,Arabic
मैं चाय पीता हूँ कार्यालय में कल।,Hindi
Εγώ μαθαίνω τη γλώσσα στο κατάστημα σήμερα.,Greek
ഈ ആഴ്ച ഞാൻ പാർക്കിൽ സിനിമ കാണുന്നു.,Malayalam
രാവിലെ ഞാൻ പാർക്കിൽ പുസ്തകം വായിക്കുന്നു.,Malayalam
"ಬೆಳಗಿನ ಸಮಯದಲ್ಲಿ, ನಾನು ಶಾಲೆಯಲ್ಲಿ ವಿಶ್ವವಿದ್ಯಾಲಯದಲ್ಲಿ ಓದುತ್ತೇನೆ.",Kannada
ഞാൻ വൈകുന്നേരം സ്കൂളിൽ സർവകലാശാലയിൽ പഠിക്കുന്നു എന്ന് പറഞ്ഞു.,Malayalam
ഞാൻ നഗരത്തിൽ ജോലിക്ക് പോകുന്നു ആഗ്രഹിക്കുന്നു.,Malayalam
ഞാൻ ഈ ആഴ്ച ഓഫീസിൽ പുസ്തകം വായിക്കുന്നു.,Malayalam
मैं फिल्म देखता हूँ कार्यालय में आज।,Hindi
ನಾನು ವಿಶ್ವವಿದ್ಯಾಲಯದಲ್ಲಿ ಕಾಫಿ ಕುಡಿಯುತ್ತೇನೆ ಸಂಜೆ.,Kannada
"Я сказал, что пишу письмо в университете сегодня.",Russian
"ಪ್ರತಿದಿನ, ನಾನು ಅಂಗಡಿಯಲ್ಲಿ ಕಾಫಿ ಕುಡಿಯುತ್ತೇನೆ.",Kannada
Εγώ είπε ότι πίνω καφέ στο κατάστημα νωρίς το πρωί.,Greek
كل يوم، أنا أتعلم اللغة في المكتب.,Arabic
ഞാൻ രാവിലെ റെസ്റ്റോറന്റിൽ സർവകലാശാലയിൽ പഠിക്കുന്നു.,Malayalam
"सुबह के समय, मैं भाषा सीखता हूँ रेस्तरां में।",Hindi
मैं व्यायाम करता हूँ दुकान में सुबह के समय।,Hindi
"Я сказал, что учусь в университете в городе завтра.",Russian
രാവിലെ സമയത്ത് ഞാൻ സ്കൂളിൽ കാപ്പി കുടിക്കുന്നു.,Malayalam
நான் மாலையில் பல்கலைக்கழகத்தில் பல்கலைக்கழகத்தில் படிக்கிறேன் என்று கூறினார்.,Tamil
ನಾನು ಈ ವಾರ ಅಂಗಡಿಯಲ್ಲಿ ಪತ್ರ ಬರೆಯುತ್ತೇನೆ ಎಂದು ಹೇಳಿದರು.,Kannada
هذا الأسبوع، أنا أتعلم اللغة في المكتبة.,Arabic
ഇന്ന് ഞാൻ സർവകലാശാലയിൽ വ്യായാമം ചെയ്യുന്നു.,Malayalam
"το βράδυ, Εγώ πηγαίνω στη δουλειά στο κατάστημα.",Greek
நான் மாலை நேரத்தில் அலுவலகத்தில் மொழி கற்கிறேன் என்று கூறினார்.,Tamil
ನಾನು ಶಾಲೆಯಲ್ಲಿ ಕೆಲಸಕ್ಕೆ ಹೋಗುತ್ತೇನೆ ಪ್ರತಿದಿನ.,Kannada
"αργά το βράδυ, Εγώ πηγαίνω στη δουλειά στο σπίτι.",Greek
Εγώ πίνω καφέ στο εστιατόριο σήμερα.,Greek
قال أنا إنه أدرس في الجامعة في المدينة اليوم.,Arabic
ഞാൻ എല്ലാ ദിവസവും നഗരത്തിൽ ജോലിക്ക് പോകുന്നു.,Malayalam
Я смотрю фильм в офисе каждый день.,Russian
நான் மாலையில் நூலகத்தில் மொழி கற்கிறேன் என்று கூறினார்.,Tamil
मैं ने कहा कि वह दुकान में भाषा सीखता हूँ आज।,Hindi
"कल, मैं विश्वविद्यालय में पढ़ता हूँ विश्वविद्यालय में।",Hindi
நான் இன்று பள்ளியில் புத்தகம் படிக்கிறேன் என்று கூறினார்.,Tamil
Εγώ βλέπω μια ταινία στο πανεπιστήμιο αύριο.,Greek
நான் பல்கலைக்கழகத்தில் உடற்பயிற்சி செய்கிறேன் தினமும்.,Tamil
मैं ने कहा कि वह विश्वविद्यालय में व्यायाम करता हूँ सुबह।,Hindi
Я хочет иду на работу в ресторане.,Russian
"ಬೆಳಗಿನ ಸಮಯದಲ್ಲಿ, ನಾನು ಉದ್ಯಾನವನದಲ್ಲಿ ವ್ಯಾಯಾಮ ಮಾಡುತ್ತೇನೆ.",Kannada
"आज, मैं विश्वविद्यालय में पढ़ता हूँ पार्क में।",Hindi
قال أنا إنه أدرس في الجامعة في المنزل غدا.,Arabic
ഞാൻ എല്ലാ ദിവസവും ആശുപത്രിയിൽ പുസ്തകം വായിക്കുന്നു എന്ന് പറഞ്ഞു.,Malayalam
Εγώ κάνω γυμναστική στο κατάστημα αύριο.,Greek
"இந்த வாரம், நான் மருத்துவமனையில் பல்கலைக்கழகத்தில் படிக்கிறேன்.",Tamil
"ಸಂಜೆಯ ಸಮಯದಲ್ಲಿ, ನಾನು ವಿಶ್ವವಿದ್ಯಾಲಯದಲ್ಲಿ ವಿಶ್ವವಿದ್ಯಾಲಯದಲ್ಲಿ ಓದುತ್ತೇನೆ.",Kannada
Εγώ είπε ότι πηγαίνω στη δουλειά στο σπίτι σήμερα.,Greek
"Я сказал, что пишу письмо в ресторане каждый день.",Russian
"σήμερα, Εγώ σπουδάζω στο πανεπιστήμιο στο εστιατόριο.",Greek
Εγώ πηγαίνω στη δουλειά στο πάρκο σήμερα.,Greek
ನಾನು ಆಸ್ಪತ್ರೆಯಲ್ಲಿ ಪುಸ್ತಕ ಓದುತ್ತೇನೆ ಇಂದು.,Kannada
ನಾನು ಗ್ರಂಥಾಲಯದಲ್ಲಿ ಕಾಫಿ ಕುಡಿಯುತ್ತೇನೆ ಸಂಜೆ.,Kannada
أنا يريد أن أشاهد فيلما في المدينة.,Arabic
ഈ ആഴ്ച ഞാൻ സ്കൂളിൽ കത്ത് എഴുതുന്നു.,Malayalam
Я пью кофе в магазине поздно вечером.,Russian
Я смотрю фильм в школе сегодня.,Russian
"कल, मैं किताब पढ़ता हूँ शहर में।",Hindi
صباحا، أنا أقرأ كتابا في الحديقة.,Arabic
ನಾನು ಕಚೇರಿಯಲ್ಲಿ ಕೆಲಸಕ್ಕೆ ಹೋಗುತ್ತೇನೆ ನಾಳೆ.,Kannada
قال أنا إنه أشرب القهوة في المستشفى اليوم.,Arabic
في المساء، أنا أشرب القهوة في المدرسة.,Arabic
ഞാൻ ഇന്ന് സർവകലാശാലയിൽ വ്യായാമം ചെയ്യുന്നു.,Malayalam
Εγώ κάνω γυμναστική στο πάρκο το πρωί.,Greek
قال أنا إنه أمارس الرياضة في المكتب غدا.,Arabic
كل يوم، أنا أذهب إلى العمل في المتجر.,Arabic
أنا أتعلم اللغة في المنزل غدا.,Arabic
Я хочет пишу письмо в ресторане.,Russian
Εγώ διαβάζω ένα βιβλίο στο νοσοκομείο κάθε μέρα.,Greek
ഞാൻ നാളെ ഓഫീസിൽ ഭാഷ പഠിക്കുന്നു.,Malayalam
मैं काम पर जाता हूँ स्कूल में शाम के समय।,Hindi
Εγώ διαβάζω ένα βιβλίο στη βιβλιοθήκη σήμερα.,Greek
"இன்று, நான் பல்கலைக்கழகத்தில் உடற்பயிற்சி செய்கிறேன்.",Tamil
"மாலையில், நான் பல்கலைக்கழகத்தில் வேலைக்கு செல்கிறேன்.",Tamil
Я иду на работу в городе на этой неделе.,Russian
நான் பூங்காவில் மொழி கற்கிறேன் மாலை நேரத்தில்.,Tamil
രാവിലെ സമയത്ത് ഞാൻ നഗരത്തിൽ ഭാഷ പഠിക്കുന്നു.,Malayalam
"மாலை நேரத்தில், நான் வீட்டில் பல்கலைக்கழகத்தில் படிக்கிறேன்.",Tamil
मैं ने कहा कि वह दुकान में व्यायाम करता हूँ सुबह।,Hindi
Я учусь в университете в больнице сегодня.,Russian
ನಾನು ಸಂಜೆಯ ಸಮಯದಲ್ಲಿ ವಿಶ್ವವಿದ್ಯಾಲಯದಲ್ಲಿ ಕಾಫಿ ಕುಡಿಯುತ್ತೇನೆ ಎಂದು ಹೇಳಿದರು.,Kannada
"ಸಂಜೆಯ ಸಮಯದಲ್ಲಿ, ನಾನು ರೆಸ್ಟೋರೆಂಟ್‌ನಲ್ಲಿ ಭಾಷೆ ಕಲಿಯುತ್ತೇನೆ.",Kannada
ನಾನು ಈ ವಾರ ಮನೆಯಲ್ಲಿ ಪತ್ರ ಬರೆಯುತ್ತೇನೆ ಎಂದು ಹೇಳಿದರು.,Kannada
"κάθε μέρα, Εγώ κάνω γυμναστική στο κατάστημα.",Greek
"сегодня, Я пишу письмо в университете.",Russian
Εγώ βλέπω μια ταινία στο γραφείο νωρίς το πρωί.,Greek
"утром, Я смотрю фильм в университете.",Russian
"நாளை, நான் நூலகத்தில் காபி குடிக்கிறேன்.",Tamil
"ಸಂಜೆ, ನಾನು ಆಸ್ಪತ್ರೆಯಲ್ಲಿ ಪುಸ್ತಕ ಓದುತ್ತೇನೆ.",Kannada
Εγώ είπε ότι γράφω ένα γράμμα στη βιβλιοθήκη αύριο.,Greek
"ಇಂದು, ನಾನು ಶಾಲೆಯಲ್ಲಿ ವಿಶ್ವವಿದ್ಯಾಲಯದಲ್ಲಿ ಓದುತ್ತೇನೆ.",Kannada
"शाम के समय, मैं चाय पीता हूँ पुस्तकालय में।",Hindi
എല്ലാ ദിവസവും ഞാൻ സർവകലാശാലയിൽ ഭാഷ പഠിക്കുന്നു.,Malayalam
أنا أشاهد فيلما في المدرسة مساء.,Arabic
"शाम को, मैं विश्वविद्यालय में पढ़ता हूँ रेस्तरां में।",Hindi
രാവിലെ സമയത്ത് ഞാൻ ലൈബ്രറിയിൽ സർവകലാശാലയിൽ പഠിക്കുന്നു.,Malayalam
मैं काम पर जाता हूँ पार्क में इस सप्ताह।,Hindi
Εγώ διαβάζω ένα βιβλίο στο σπίτι νωρίς το πρωί.,Greek
நான் பல்கலைக்கழகத்தில் பல்கலைக்கழகத்தில் படிக்கிறேன் மாலை நேரத்தில்.,Tamil
قال أنا إنه أدرس في الجامعة في المدرسة في المساء.,Arabic
ನಾನು ಸಂಜೆ ಶಾಲೆಯಲ್ಲಿ ಪತ್ರ ಬರೆಯುತ್ತೇನೆ ಎಂದು ಹೇಳಿದರು.,Kannada
രാവിലെ സമയത്ത് ഞാൻ റെസ്റ്റോറന്റിൽ സർവകലാശാലയിൽ പഠിക്കുന്നു.,Malayalam
நான் கடையில் மொழி கற்கிறேன் விரும்புகிறார்.,Tamil
நான் நகரத்தில் திரைப்படம் பார்க்கிறேன் மாலை நேரத்தில்.,Tamil
நான் மருத்துவமனையில் மொழி கற்கிறேன் இந்த வாரம்.,Tamil
Я учусь в университете в школе утром.,Russian
"αργά το βράδυ, Εγώ διαβάζω ένα βιβλίο στο γραφείο.",Greek
"நாளை, நான் பல்கலைக்கழகத்தில் உடற்பயிற்சி செய்கிறேன்.",Tamil
"το βράδυ, Εγώ βλέπω μια ταινία στη βιβλιοθήκη.",Greek
Εγώ είπε ότι μαθαίνω τη γλώσσα στο πανεπιστήμιο σήμερα.,Greek
ನಾನು ಕಚೇರಿಯಲ್ಲಿ ವ್ಯಾಯಾಮ ಮಾಡುತ್ತೇನೆ ಈ ವಾರ.,Kannada
Εγώ είπε ότι σπουδάζω στο πανεπιστήμιο στο νοσοκομείο σήμερα.,Greek
വൈകുന്നേരം സമയത്ത് ഞാൻ ലൈബ്രറിയിൽ പുസ്തകം വായിക്കുന്നു.,Malayalam
قال أنا إنه أمارس الرياضة في المكتب كل يوم.,Arabic
நான் காலையில் நூலகத்தில் பல்கலைக்கழகத்தில் படிக்கிறேன் என்று கூறினார்.,Tamil
मैं ने कहा कि वह अस्पताल में भाषा सीखता हूँ कल।,Hindi
"Я сказал, что смотрю фильм в университете вечером.",Russian
Εγώ πηγαίνω στη δουλειά στο νοσοκομείο το βράδυ.,Greek
എല്ലാ ദിവസവും ഞാൻ സ്കൂളിൽ കത്ത് എഴുതുന്നു.,Malayalam
أنا أذهب إلى العمل في المستشفى هذا الأسبوع.,Arabic
ನಾನು ಈ ವಾರ ಕಚೇರಿಯಲ್ಲಿ ವಿಶ್ವವಿದ್ಯಾಲಯದಲ್ಲಿ ಓದುತ್ತೇನೆ ಎಂದು ಹೇಳಿದರು.,Kannada
هذا الأسبوع، أنا أمارس الرياضة في المكتب.,Arabic
Εγώ είπε ότι σπουδάζω στο πανεπιστήμιο στο εστιατόριο αυτή την εβδομάδα.,Greek
Εγώ κάνω γυμναστική στο σπίτι αυτή την εβδομάδα.,Greek
ഞാൻ നാളെ സ്കൂളിൽ ജോലിക്ക് പോകുന്നു എന്ന് പറഞ്ഞു.,Malayalam
"हर दिन, मैं भाषा सीखता हूँ कार्यालय में।",Hindi
قال أنا إنه أشرب القهوة في المتجر اليوم.,Arabic
ഈ ആഴ്ച ഞാൻ റെസ്റ്റോറന്റിൽ ജോലിക്ക് പോകുന്നു.,Malayalam
ഞാൻ നാളെ റെസ്റ്റോറന്റിൽ ഭാഷ പഠിക്കുന്നു എന്ന് പറഞ്ഞു.,Malayalam
ನಾನು ಬೆಳಗಿನ ಸಮಯದಲ್ಲಿ ವಿಶ್ವವಿದ್ಯಾಲಯದಲ್ಲಿ ಕಾಫಿ ಕುಡಿಯುತ್ತೇನೆ ಎಂದು ಹೇಳಿದರು.,Kannada
ഞാൻ ഇന്ന് സ്കൂളിൽ കാപ്പി കുടിക്കുന്നു.,Malayalam
நான் வீட்டில் புத்தகம் படிக்கிறேன் மாலையில்.,Tamil
"ನಾಳೆ, ನಾನು ವಿಶ್ವವಿದ್ಯಾಲಯದಲ್ಲಿ ಪತ್ರ ಬರೆಯುತ್ತೇನೆ.",Kannada
நான் மாலை நேரத்தில் நூலகத்தில் காபி குடிக்கிறேன் என்று கூறினார்.,Tamil
ನಾನು ಬೆಳಿಗ್ಗೆ ವಿಶ್ವವಿದ್ಯಾಲಯದಲ್ಲಿ ವಿಶ್ವವಿದ್ಯಾಲಯದಲ್ಲಿ ಓದುತ್ತೇನೆ ಎಂದು ಹೇಳಿದರು.,Kannada
ഞാൻ നാളെ സർവകലാശാലയിൽ സർവകലാശാലയിൽ പഠിക്കുന്നു.,Malayalam
"மாலை நேரத்தில், நான் பல்கலைக்கழகத்தில் பல்கலைக்கழகத்தில் படிக்கிறேன்.",Tamil
ನಾನು ರೆಸ್ಟೋರೆಂಟ್‌ನಲ್ಲಿ ಭಾಷೆ ಕಲಿಯುತ್ತೇನೆ ನಾಳೆ.,Kannada
"το βράδυ, Εγώ σπουδάζω στο πανεπιστήμιο στο εστιατόριο.",Greek
ഈ ആഴ്ച ഞാൻ ഓഫീസിൽ ഭാഷ പഠിക്കുന്നു.,Malayalam
Εγώ είπε ότι πηγαίνω στη δουλειά στη βιβλιοθήκη αργά το βράδυ.,Greek
"ನಾಳೆ, ನಾನು ಶಾಲೆಯಲ್ಲಿ ವಿಶ್ವವಿದ್ಯಾಲಯದಲ್ಲಿ ಓದುತ್ತೇನೆ.",Kannada
"ಸಂಜೆ, ನಾನು ಗ್ರಂಥಾಲಯದಲ್ಲಿ ಕೆಲಸಕ್ಕೆ ಹೋಗುತ್ತೇನೆ.",Kannada
വൈകുന്നേരം ഞാൻ നഗരത്തിൽ സിനിമ കാണുന്നു.,Malayalam
मैं ने कहा कि वह पुस्तकालय में किताब पढ़ता हूँ कल।,Hindi
قال أنا إنه أذهب إلى العمل في المدرسة مساء.,Arabic
"το πρωί, Εγώ πίνω καφέ στο σχολείο.",Greek
هذا الأسبوع، أنا أذهب إلى العمل في المكتبة.,Arabic
"κάθε μέρα, Εγώ σπουδάζω στο πανεπιστήμιο στη βιβλιοθήκη.",Greek
"शाम को, मैं व्यायाम करता हूँ पार्क में।",Hindi
ഞാൻ ഇന്ന് ലൈബ്രറിയിൽ വ്യായാമം ചെയ്യുന്നു.,Malayalam
ನಾನು ವಿಶ್ವವಿದ್ಯಾಲಯದಲ್ಲಿ ವ್ಯಾಯಾಮ ಮಾಡುತ್ತೇನೆ ಪ್ರತಿದಿನ.,Kannada
"αύριο, Εγώ πηγαίνω στη δουλειά στο πάρκο.",Greek
ഞാൻ ഈ ആഴ്ച ആശുപത്രിയിൽ ജോലിക്ക് പോകുന്നു.,Malayalam
ನಾನು ರೆಸ್ಟೋರೆಂಟ್‌ನಲ್ಲಿ ಪತ್ರ ಬರೆಯುತ್ತೇನೆ ಈ ವಾರ.,Kannada
ഈ ആഴ്ച ഞാൻ വീട്ടിൽ സർവകലാശാലയിൽ പഠിക്കുന്നു.,Malayalam
Εγώ σπουδάζω στο πανεπιστήμιο στο πανεπιστήμιο το πρωί.,Greek
"ನಾಳೆ, ನಾನು ರೆಸ್ಟೋರೆಂಟ್‌ನಲ್ಲಿ ಕಾಫಿ ಕುಡಿಯುತ್ತೇನೆ.",Kannada
நான் பல்கலைக்கழகத்தில் கடிதம் எழுதுகிறேன் மாலையில்.,Tamil
Я смотрю фильм в больнице утром.,Russian
Εγώ βλέπω μια ταινία στο σπίτι νωρίς το πρωί.,Greek
ನಾನು ಬೆಳಗಿನ ಸಮಯದಲ್ಲಿ ಆಸ್ಪತ್ರೆಯಲ್ಲಿ ಕಾಫಿ ಕುಡಿಯುತ್ತೇನೆ ಎಂದು ಹೇಳಿದರು.,Kannada
मैं चाय पीता हूँ कार्यालय में सुबह।,Hindi
هذا الأسبوع، أنا أتعلم اللغة في المتجر.,Arabic
"το βράδυ, Εγώ διαβάζω ένα βιβλίο στο σπίτι.",Greek
मैं घर में भाषा सीखता हूँ चाहता है।,Hindi
ನಾನು ನಗರದಲ್ಲಿ ಪತ್ರ ಬರೆಯುತ್ತೇನೆ ಸಂಜೆ.,Kannada
ನಾನು ಬೆಳಗಿನ ಸಮಯದಲ್ಲಿ ಗ್ರಂಥಾಲಯದಲ್ಲಿ ಪುಸ್ತಕ ಓದುತ್ತೇನೆ ಎಂದು ಹೇಳಿದರು.,Kannada
நான் பல்கலைக்கழகத்தில் புத்தகம் படிக்கிறேன் காலையில்.,Tamil
"Я сказал, что занимаюсь спортом в библиотеке на этой неделе.",Russian
في الصباح، أنا أكتب رسالة في الحديقة.,Arabic
ഞാൻ വൈകുന്നേരം ആശുപത്രിയിൽ ജോലിക്ക് പോകുന്നു.,Malayalam
Я смотрю фильм дома сегодня.,Russian
"ಈ ವಾರ, ನಾನು ರೆಸ್ಟೋರೆಂಟ್‌ನಲ್ಲಿ ಪತ್ರ ಬರೆಯುತ್ತೇನೆ.",Kannada
قال أنا إنه أدرس في الجامعة في المدينة كل يوم.,Arabic
Я учусь в университете в университете каждый день.,Russian
நான் மாலையில் அலுவலகத்தில் காபி குடிக்கிறேன் என்று கூறினார்.,Tamil
Я читаю книгу в парке рано утром.,Russian
"ಈ ವಾರ, ನಾನು ಗ್ರಂಥಾಲಯದಲ್ಲಿ ಸಿನಿಮಾ ನೋಡುತ್ತೇನೆ.",Kannada
ನಾನು ಈ ವಾರ ಅಂಗಡಿಯಲ್ಲಿ ಕಾಫಿ ಕುಡಿಯುತ್ತೇನೆ ಎಂದು ಹೇಳಿದರು.,Kannada
"हर दिन, मैं चाय पीता हूँ पुस्तकालय में।",Hindi
Εγώ είπε ότι μαθαίνω τη γλώσσα στο σπίτι αυτή την εβδομάδα.,Greek
ನಾನು ಉದ್ಯಾನವನದಲ್ಲಿ ವ್ಯಾಯಾಮ ಮಾಡುತ್ತೇನೆ ಬೆಳಗಿನ ಸಮಯದಲ್ಲಿ.,Kannada
मैं फिल्म देखता हूँ घर में इस सप्ताह।,Hindi
मैं ने कहा कि वह अस्पताल में विश्वविद्यालय में पढ़ता हूँ हर दिन।,Hindi
"Я сказал, что читаю книгу в офисе на этой неделе.",Russian
"Я сказал, что пишу письмо в школе поздно вечером.",Russian
രാവിലെ ഞാൻ നഗരത്തിൽ സർവകലാശാലയിൽ പഠിക്കുന്നു.,Malayalam
ഞാൻ നാളെ സ്കൂളിൽ കാപ്പി കുടിക്കുന്നു എന്ന് പറഞ്ഞു.,Malayalam
நான் பூங்காவில் திரைப்படம் பார்க்கிறேன் நாளை.,Tamil
मैं ने कहा कि वह पार्क में किताब पढ़ता हूँ इस सप्ताह।,Hindi
ನಾನು ನಗರದಲ್ಲಿ ಕೆಲಸಕ್ಕೆ ಹೋಗುತ್ತೇನೆ ನಾಳೆ.,Kannada
"ಸಂಜೆಯ ಸಮಯದಲ್ಲಿ, ನಾನು ಶಾಲೆಯಲ್ಲಿ ಕೆಲಸಕ್ಕೆ ಹೋಗುತ್ತೇನೆ.",Kannada
قال أنا إنه أمارس الرياضة في المدرسة في الصباح.,Arabic
ನಾನು ವಿಶ್ವವಿದ್ಯಾಲಯದಲ್ಲಿ ಪುಸ್ತಕ ಓದುತ್ತೇನೆ ನಾಳೆ.,Kannada
أنا أذهب إلى العمل في المدينة في المساء.,Arabic
"शाम को, मैं चाय पीता हूँ कार्यालय में।",Hindi
"इस सप्ताह, मैं चाय पीता हूँ दुकान में।",Hindi
मैं भाषा सीखता हूँ घर में कल।,Hindi
ನಾನು ರೆಸ್ಟೋರೆಂಟ್‌ನಲ್ಲಿ ಸಿನಿಮಾ ನೋಡುತ್ತೇನೆ ಪ್ರತಿದಿನ.,Kannada
Εγώ κάνω γυμναστική στη βιβλιοθήκη το πρωί.,Greek
"இந்த வாரம், நான் நகரத்தில் காபி குடிக்கிறேன்.",Tamil
Εγώ πηγαίνω στη δουλειά στο σπίτι σήμερα.,Greek
ഞാൻ എല്ലാ ദിവസവും ലൈബ്രറിയിൽ ജോലിക്ക് പോകുന്നു.,Malayalam
Εγώ είπε ότι κάνω γυμναστική στο γραφείο κάθε μέρα.,Greek
قال أنا إنه أتعلم اللغة في المطعم اليوم.,Arabic
ഞാൻ വൈകുന്നേരം സർവകലാശാലയിൽ വ്യായാമം ചെയ്യുന്നു എന്ന് പറഞ്ഞു.,Malayalam
ഞാൻ ഈ ആഴ്ച ഓഫീസിൽ വ്യായാമം ചെയ്യുന്നു എന്ന് പറഞ്ഞു.,Malayalam
قال أنا إنه أكتب رسالة في المكتبة مساء.,Arabic
Εγώ σπουδάζω στο πανεπιστήμιο στο πανεπιστήμιο κάθε μέρα.,Greek
"காலையில், நான் கடையில் உடற்பயிற்சி செய்கிறேன்.",Tamil
"ಬೆಳಗಿನ ಸಮಯದಲ್ಲಿ, ನಾನು ರೆಸ್ಟೋರೆಂಟ್‌ನಲ್ಲಿ ವ್ಯಾಯಾಮ ಮಾಡುತ್ತೇನೆ.",Kannada
ഞാൻ ഈ ആഴ്ച ലൈബ്രറിയിൽ വ്യായാമം ചെയ്യുന്നു എന്ന് പറഞ്ഞു.,Malayalam
أنا أشرب القهوة في الجامعة اليوم.,Arabic
"इस सप्ताह, मैं विश्वविद्यालय में पढ़ता हूँ घर में।",Hindi
मैं ने कहा कि वह दुकान में फिल्म देखता हूँ शाम के समय।,Hindi
"காலையில், நான் பள்ளியில் காபி குடிக்கிறேன்.",Tamil
நான் நாளை பள்ளியில் கடிதம் எழுதுகிறேன் என்று கூறினார்.,Tamil
هذا الأسبوع، أنا أكتب رسالة في المكتبة.,Arabic
"το βράδυ, Εγώ σπουδάζω στο πανεπιστήμιο στο σπίτι.",Greek
"இந்த வாரம், நான் பள்ளியில் திரைப்படம் பார்க்கிறேன்.",Tamil
ഞാൻ വൈകുന്നേരം സമയത്ത് റെസ്റ്റോറന്റിൽ ഭാഷ പഠിക്കുന്നു.,Malayalam
"இந்த வாரம், நான் கடையில் காபி குடிக்கிறேன்.",Tamil
Я хочет пишу письмо в парке.,Russian
Εγώ πηγαίνω στη δουλειά στο πανεπιστήμιο κάθε μέρα.,Greek
"Я сказал, что занимаюсь спортом дома утром.",Russian
मैं किताब पढ़ता हूँ विश्वविद्यालय में सुबह।,Hindi
"காலை நேரத்தில், நான் மருத்துவமனையில் காபி குடிக்கிறேன்.",Tamil
Εγώ μαθαίνω τη γλώσσα στο εστιατόριο κάθε μέρα.,Greek
"вечером, Я читаю книгу в библиотеке.",Russian
"शाम के समय, मैं विश्वविद्यालय में पढ़ता हूँ शहर में।",Hindi
"ಇಂದು, ನಾನು ರೆಸ್ಟೋರೆಂಟ್‌ನಲ್ಲಿ ವ್ಯಾಯಾಮ ಮಾಡುತ್ತೇನೆ.",Kannada
ನಾನು ನಗರದಲ್ಲಿ ಪುಸ್ತಕ ಓದುತ್ತೇನೆ ಬೆಳಿಗ್ಗೆ.,Kannada
"το βράδυ, Εγώ μαθαίνω τη γλώσσα στο πάρκο.",Greek
"ನಾಳೆ, ನಾನು ಉದ್ಯಾನವನದಲ್ಲಿ ಪತ್ರ ಬರೆಯುತ್ತೇನೆ.",Kannada
ഞാൻ വൈകുന്നേരം സമയത്ത് കടയിൽ വ്യായാമം ചെയ്യുന്നു.,Malayalam
أنا أذهب إلى العمل في المدرسة هذا الأسبوع.,Arabic
मैं फिल्म देखता हूँ पुस्तकालय में हर दिन।,Hindi
"ಸಂಜೆ, ನಾನು ಕಚೇರಿಯಲ್ಲಿ ವ್ಯಾಯಾಮ ಮಾಡುತ್ತೇನೆ.",Kannada
நான் வீட்டில் புத்தகம் படிக்கிறேன் விரும்புகிறார்.,Tamil
ನಾನು ಸಂಜೆ ಉದ್ಯಾನವನದಲ್ಲಿ ವಿಶ್ವವಿದ್ಯಾಲಯದಲ್ಲಿ ಓದುತ್ತೇನೆ ಎಂದು ಹೇಳಿದರು.,Kannada
ನಾನು ರೆಸ್ಟೋರೆಂಟ್‌ನಲ್ಲಿ ವ್ಯಾಯಾಮ ಮಾಡುತ್ತೇನೆ ಬೆಳಿಗ್ಗೆ.,Kannada
Εγώ είπε ότι κάνω γυμναστική στο νοσοκομείο κάθε μέρα.,Greek
मैं भाषा सीखता हूँ रेस्तरां में हर दिन।,Hindi
ನಾನು ಶಾಲೆಯಲ್ಲಿ ಕೆಲಸಕ್ಕೆ ಹೋಗುತ್ತೇನೆ ಮಾಡಲು ಬಯಸುತ್ತಾನೆ.,Kannada
ನಾನು ಮನೆಯಲ್ಲಿ ಪುಸ್ತಕ ಓದುತ್ತೇನೆ ಇಂದು.,Kannada
நான் வீட்டில் திரைப்படம் பார்க்கிறேன் மாலையில்.,Tamil
मैं अस्पताल में पत्र लिखता हूँ चाहता है।,Hindi
Εγώ βλέπω μια ταινία στο νοσοκομείο κάθε μέρα.,Greek
ഞാൻ രാവിലെ സർവകലാശാലയിൽ കാപ്പി കുടിക്കുന്നു.,Malayalam
"αργά το βράδυ, Εγώ διαβάζω ένα βιβλίο στην πόλη.",Greek
قال أنا إنه أمارس الرياضة في المستشفى مساء.,Arabic
اليوم، أنا أشرب القهوة في المدينة.,Arabic
Εγώ κάνω γυμναστική στο εστιατόριο κάθε μέρα.,Greek
ഞാൻ ഇന്ന് സ്കൂളിൽ കത്ത് എഴുതുന്നു എന്ന് പറഞ്ഞു.,Malayalam
நான் மாலையில் பல்கலைக்கழகத்தில் வேலைக்கு செல்கிறேன் என்று கூறினார்.,Tamil
"Я сказал, что пью кофе в офисе утром.",Russian
ನಾನು ಇಂದು ಉದ್ಯಾನವನದಲ್ಲಿ ಸಿನಿಮಾ ನೋಡುತ್ತೇನೆ ಎಂದು ಹೇಳಿದರು.,Kannada
நான் அலுவலகத்தில் மொழி கற்கிறேன் விரும்புகிறார்.,Tamil
"हर दिन, मैं चाय पीता हूँ विश्वविद्यालय में।",Hindi
Εγώ σπουδάζω στο πανεπιστήμιο στο γραφείο αύριο.,Greek
"ಸಂಜೆ, ನಾನು ನಗರದಲ್ಲಿ ಭಾಷೆ ಕಲಿಯುತ್ತೇನೆ.",Kannada
நான் தினமும் அலுவலகத்தில் உடற்பயிற்சி செய்கிறேன் என்று கூறினார்.,Tamil
நான் கடையில் வேலைக்கு செல்கிறேன் காலையில்.,Tamil
"το πρωί, Εγώ πηγαίνω στη δουλειά στο σπίτι.",Greek
"மாலை நேரத்தில், நான் பள்ளியில் திரைப்படம் பார்க்கிறேன்.",Tamil
"हर दिन, मैं पत्र लिखता हूँ रेस्तरां में।",Hindi
Εγώ βλέπω μια ταινία στη βιβλιοθήκη αργά το βράδυ.,Greek
ഞാൻ നാളെ ലൈബ്രറിയിൽ കാപ്പി കുടിക്കുന്നു.,Malayalam
ഞാൻ എല്ലാ ദിവസവും പാർക്കിൽ സർവകലാശാലയിൽ പഠിക്കുന്നു എന്ന് പറഞ്ഞു.,Malayalam
Εγώ είπε ότι σπουδάζω στο πανεπιστήμιο στο νοσοκομείο αυτή την εβδομάδα.,Greek
मैं ने कहा कि वह विश्वविद्यालय में चाय पीता हूँ शाम के समय।,Hindi
ഞാൻ എല്ലാ ദിവസവും ലൈബ്രറിയിൽ ഭാഷ പഠിക്കുന്നു എന്ന് പറഞ്ഞു.,Malayalam
ನಾನು ನಾಳೆ ಉದ್ಯಾನವನದಲ್ಲಿ ಸಿನಿಮಾ ನೋಡುತ್ತೇನೆ ಎಂದು ಹೇಳಿದರು.,Kannada
Εγώ είπε ότι γράφω ένα γράμμα στο σπίτι το βράδυ.,Greek
ನಾನು ಅಂಗಡಿಯಲ್ಲಿ ಪತ್ರ ಬರೆಯುತ್ತೇನೆ ಮಾಡಲು ಬಯಸುತ್ತಾನೆ.,Kannada
நான் மாலை நேரத்தில் மருத்துவமனையில் திரைப்படம் பார்க்கிறேன் என்று கூறினார்.,Tamil
ഞാൻ രാവിലെ സമയത്ത് ലൈബ്രറിയിൽ സർവകലാശാലയിൽ പഠിക്കുന്നു എന്ന് പറഞ്ഞു.,Malayalam
நான் பல்கலைக்கழகத்தில் திரைப்படம் பார்க்கிறேன் விரும்புகிறார்.,Tamil
Я пью кофе в университете каждый день.,Russian
ഞാൻ രാവിലെ റെസ്റ്റോറന്റിൽ കത്ത് എഴുതുന്നു എന്ന് പറഞ്ഞു.,Malayalam
मैं पत्र लिखता हूँ रेस्तरां में कल।,Hindi
ഞാൻ ഈ ആഴ്ച നഗരത്തിൽ ഭാഷ പഠിക്കുന്നു.,Malayalam
Εγώ γράφω ένα γράμμα στο κατάστημα το πρωί.,Greek
"σήμερα, Εγώ πηγαίνω στη δουλειά στη βιβλιοθήκη.",Greek
Я хочет занимаюсь спортом в городе.,Russian
"σήμερα, Εγώ σπουδάζω στο πανεπιστήμιο στο σπίτι.",Greek
"рано утром, Я иду на работу в ресторане.",Russian
मैं किताब पढ़ता हूँ पार्क में इस सप्ताह।,Hindi
"Я сказал, что учусь в университете в офисе рано утром.",Russian
Εγώ σπουδάζω στο πανεπιστήμιο στο σχολείο το βράδυ.,Greek
ನಾನು ಆಸ್ಪತ್ರೆಯಲ್ಲಿ ಕೆಲಸಕ್ಕೆ ಹೋಗುತ್ತೇನೆ ಪ್ರತಿದಿನ.,Kannada
"Я сказал, что занимаюсь спортом в университете каждый день.",Russian
"Я сказал, что читаю книгу в ресторане вечером.",Russian
"αργά το βράδυ, Εγώ κάνω γυμναστική στο γραφείο.",Greek
मैं भाषा सीखता हूँ रेस्तरां में सुबह के समय।,Hindi
ഞാൻ ഇന്ന് വീട്ടിൽ സർവകലാശാലയിൽ പഠിക്കുന്നു എന്ന് പറഞ്ഞു.,Malayalam
"Я сказал, что учусь в университете в офисе утром.",Russian
मैं ने कहा कि वह घर में व्यायाम करता हूँ कल।,Hindi
أنا أمارس الرياضة في المستشفى غدا.,Arabic
ನಾನು ಸಂಜೆಯ ಸಮಯದಲ್ಲಿ ರೆಸ್ಟೋರೆಂಟ್‌ನಲ್ಲಿ ಪುಸ್ತಕ ಓದುತ್ತೇನೆ ಎಂದು ಹೇಳಿದರು.,Kannada
मैं काम पर जाता हूँ पार्क में शाम के समय।,Hindi
"நாளை, நான் பூங்காவில் புத்தகம் படிக்கிறேன்.",Tamil
"το βράδυ, Εγώ γράφω ένα γράμμα στο εστιατόριο.",Greek
നാളെ ഞാൻ വീട്ടിൽ ജോലിക്ക് പോകുന്നു.,Malayalam
غدا، أنا أتعلم اللغة في الجامعة.,Arabic
நான் மாலையில் நூலகத்தில் உடற்பயிற்சி செய்கிறேன் என்று கூறினார்.,Tamil
Я пью кофе в ресторане на этой неделе.,Russian
"ಬೆಳಗಿನ ಸಮಯದಲ್ಲಿ, ನಾನು ಶಾಲೆಯಲ್ಲಿ ಪುಸ್ತಕ ಓದುತ್ತೇನೆ.",Kannada
मैं ने कहा कि वह विश्वविद्यालय में विश्वविद्यालय में पढ़ता हूँ इस सप्ताह।,Hindi
"Я сказал, что иду на работу в больнице утром.",Russian
നാളെ ഞാൻ ലൈബ്രറിയിൽ സർവകലാശാലയിൽ പഠിക്കുന്നു.,Malayalam
Я пью кофе в офисе сегодня.,Russian
मैं व्यायाम करता हूँ पुस्तकालय में शाम के समय।,Hindi
قال أنا إنه أتعلم اللغة في المدرسة صباحا.,Arabic
ನಾನು ಸಂಜೆ ರೆಸ್ಟೋರೆಂಟ್‌ನಲ್ಲಿ ಕೆಲಸಕ್ಕೆ ಹೋಗುತ್ತೇನೆ ಎಂದು ಹೇಳಿದರು.,Kannada
ഞാൻ നാളെ സ്കൂളിൽ സിനിമ കാണുന്നു.,Malayalam
Я учусь в университете в библиотеке утром.,Russian
Εγώ πηγαίνω στη δουλειά στο γραφείο αυτή την εβδομάδα.,Greek
قال أنا إنه أتعلم اللغة في المنزل مساء.,Arabic
"Я сказал, что пью кофе в библиотеке рано утром.",Russian
قال أنا إنه أذهب إلى العمل في الجامعة غدا.,Arabic
كل يوم، أنا أمارس الرياضة في المكتبة.,Arabic
நான் கடையில் வேலைக்கு செல்கிறேன் நாளை.,Tamil
قال أنا إنه أشاهد فيلما في المستشفى غدا.,Arabic
"на этой неделе, Я занимаюсь спортом в офисе.",Russian
أنا أذهب إلى العمل في المكتبة اليوم.,Arabic
मैं चाय पीता हूँ विश्वविद्यालय में हर दिन।,Hindi
ನಾನು ಸಂಜೆಯ ಸಮಯದಲ್ಲಿ ಆಸ್ಪತ್ರೆಯಲ್ಲಿ ಸಿನಿಮಾ ನೋಡುತ್ತೇನೆ ಎಂದು ಹೇಳಿದರು.,Kannada
"காலையில், நான் பள்ளியில் கடிதம் எழுதுகிறேன்.",Tamil
நான் மருத்துவமனையில் காபி குடிக்கிறேன் காலையில்.,Tamil
"завтра, Я занимаюсь спортом в магазине.",Russian
ನಾನು ಆಸ್ಪತ್ರೆಯಲ್ಲಿ ಕೆಲಸಕ್ಕೆ ಹೋಗುತ್ತೇನೆ ಮಾಡಲು ಬಯಸುತ್ತಾನೆ.,Kannada
"αυτή την εβδομάδα, Εγώ βλέπω μια ταινία στην πόλη.",Greek
غدا، أنا أشرب القهوة في الجامعة.,Arabic
"மாலையில், நான் பள்ளியில் கடிதம் எழுதுகிறேன்.",Tamil
ನಾನು ಮನೆಯಲ್ಲಿ ಕಾಫಿ ಕುಡಿಯುತ್ತೇನೆ ಮಾಡಲು ಬಯಸುತ್ತಾನೆ.,Kannada
Я занимаюсь спортом в библиотеке на этой неделе.,Russian
Я занимаюсь спортом в городе каждый день.,Russian
Я смотрю фильм в библиотеке на этой неделе.,Russian
أنا أتعلم اللغة في الحديقة مساء.,Arabic
ನಾನು ಪ್ರತಿದಿನ ಅಂಗಡಿಯಲ್ಲಿ ಪತ್ರ ಬರೆಯುತ್ತೇನೆ ಎಂದು ಹೇಳಿದರು.,Kannada
"Я сказал, что изучаю язык в школе завтра.",Russian
ഞാൻ വൈകുന്നേരം സമയത്ത് ഓഫീസിൽ കാപ്പി കുടിക്കുന്നു എന്ന് പറഞ്ഞു.,Malayalam
ഞാൻ വൈകുന്നേരം റെസ്റ്റോറന്റിൽ സിനിമ കാണുന്നു എന്ന് പറഞ്ഞു.,Malayalam
നാളെ ഞാൻ സർവകലാശാലയിൽ ജോലിക്ക് പോകുന്നു.,Malayalam
ഈ ആഴ്ച ഞാൻ കടയിൽ കാപ്പി കുടിക്കുന്നു.,Malayalam
"ಈ ವಾರ, ನಾನು ಉದ್ಯಾನವನದಲ್ಲಿ ಪುಸ್ತಕ ಓದುತ್ತೇನೆ.",Kannada
ഞാൻ ഓഫീസിൽ ജോലിക്ക് പോകുന്നു ആഗ്രഹിക്കുന്നു.,Malayalam
"காலையில், நான் மருத்துவமனையில் வேலைக்கு செல்கிறேன்.",Tamil
اليوم، أنا أشرب القهوة في الحديقة.,Arabic
ನಾನು ನಗರದಲ್ಲಿ ಕಾಫಿ ಕುಡಿಯುತ್ತೇನೆ ಬೆಳಗಿನ ಸಮಯದಲ್ಲಿ.,Kannada
ನಾನು ಪ್ರತಿದಿನ ಶಾಲೆಯಲ್ಲಿ ವಿಶ್ವವಿದ್ಯಾಲಯದಲ್ಲಿ ಓದುತ್ತೇನೆ ಎಂದು ಹೇಳಿದರು.,Kannada
ನಾನು ಅಂಗಡಿಯಲ್ಲಿ ಕೆಲಸಕ್ಕೆ ಹೋಗುತ್ತೇನೆ ಸಂಜೆಯ ಸಮಯದಲ್ಲಿ.,Kannada
أنا أقرأ كتابا في المنزل غدا.,Arabic
"आज, मैं काम पर जाता हूँ स्कूल में।",Hindi
ನಾನು ಆಸ್ಪತ್ರೆಯಲ್ಲಿ ವ್ಯಾಯಾಮ ಮಾಡುತ್ತೇನೆ ಈ ವಾರ.,Kannada
मैं ने कहा कि वह शहर में काम पर जाता हूँ शाम के समय।,Hindi
Εγώ θέλει να πίνω καφέ στην πόλη.,Greek
मैं पत्र लिखता हूँ रेस्तरां में इस सप्ताह।,Hindi
"Я сказал, что учусь в университете в городе каждый день.",Russian
मैं फिल्म देखता हूँ शहर में कल।,Hindi
Я иду на работу в парке сегодня.,Russian
ನಾನು ಕಚೇರಿಯಲ್ಲಿ ಕಾಫಿ ಕುಡಿಯುತ್ತೇನೆ ಮಾಡಲು ಬಯಸುತ್ತಾನೆ.,Kannada
நான் நூலகத்தில் திரைப்படம் பார்க்கிறேன் காலையில்.,Tamil
ഞാൻ രാവിലെ വീട്ടിൽ വ്യായാമം ചെയ്യുന്നു എന്ന് പറഞ്ഞു.,Malayalam
രാവിലെ ഞാൻ കടയിൽ കത്ത് എഴുതുന്നു.,Malayalam
ഞാൻ ഈ ആഴ്ച ഓഫീസിൽ കത്ത് എഴുതുന്നു എന്ന് പറഞ്ഞു.,Malayalam
في المساء، أنا أذهب إلى العمل في الحديقة.,Arabic
Εγώ είπε ότι σπουδάζω στο πανεπιστήμιο στο κατάστημα σήμερα.,Greek
قال أنا إنه أتعلم اللغة في المدرسة في المساء.,Arabic
मैं फिल्म देखता हूँ घर में सुबह के समय।,Hindi
Εγώ είπε ότι βλέπω μια ταινία στο νοσοκομείο σήμερα.,Greek
ನಾನು ಬೆಳಗಿನ ಸಮಯದಲ್ಲಿ ಉದ್ಯಾನವನದಲ್ಲಿ ಪುಸ್ತಕ ಓದುತ್ತೇನೆ ಎಂದು ಹೇಳಿದರು.,Kannada
قال أنا إنه أشرب القهوة في المدينة اليوم.,Arabic
Εγώ είπε ότι διαβάζω ένα βιβλίο στη βιβλιοθήκη αργά το βράδυ.,Greek
Εγώ πίνω καφέ στο κατάστημα αυτή την εβδομάδα.,Greek
ನಾನು ಗ್ರಂಥಾಲಯದಲ್ಲಿ ಸಿನಿಮಾ ನೋಡುತ್ತೇನೆ ಬೆಳಗಿನ ಸಮಯದಲ್ಲಿ.,Kannada
"Я сказал, что иду на работу в городе рано утром.",Russian
"Я сказал, что учусь в университете в библиотеке сегодня.",Russian
"காலையில், நான் நகரத்தில் பல்கலைக்கழகத்தில் படிக்கிறேன்.",Tamil
ഞാൻ എല്ലാ ദിവസവും നഗരത്തിൽ ഭാഷ പഠിക്കുന്നു.,Malayalam
ഞാൻ വീട്ടിൽ പുസ്തകം വായിക്കുന്നു ആഗ്രഹിക്കുന്നു.,Malayalam
நான் நூலகத்தில் வேலைக்கு செல்கிறேன் தினமும்.,Tamil
Εγώ είπε ότι πίνω καφέ στο πάρκο αυτή την εβδομάδα.,Greek
"ಬೆಳಗಿನ ಸಮಯದಲ್ಲಿ, ನಾನು ರೆಸ್ಟೋರೆಂಟ್‌ನಲ್ಲಿ ಪತ್ರ ಬರೆಯುತ್ತೇನೆ.",Kannada
"மாலை நேரத்தில், நான் நூலகத்தில் புத்தகம் படிக்கிறேன்.",Tamil
ഞാൻ നാളെ ലൈബ്രറിയിൽ ഭാഷ പഠിക്കുന്നു.,Malayalam
"каждый день, Я читаю книгу в офисе.",Russian
मैं ने कहा कि वह शहर में पत्र लिखता हूँ इस सप्ताह।,Hindi
Я пишу письмо в школе утром.,Russian
"ನಾಳೆ, ನಾನು ಕಚೇರಿಯಲ್ಲಿ ಕಾಫಿ ಕುಡಿಯುತ್ತೇನೆ.",Kannada
"поздно вечером, Я пишу письмо в школе.",Russian
ഞാൻ ഈ ആഴ്ച റെസ്റ്റോറന്റിൽ സിനിമ കാണുന്നു.,Malayalam
मैं चाय पीता हूँ दुकान में आज।,Hindi
ನಾನು ಉದ್ಯಾನವನದಲ್ಲಿ ವ್ಯಾಯಾಮ ಮಾಡುತ್ತೇನೆ ಇಂದು.,Kannada
ഞാൻ രാവിലെ സമയത്ത് കടയിൽ കാപ്പി കുടിക്കുന്നു എന്ന് പറഞ്ഞു.,Malayalam
நான் கடையில் மொழி கற்கிறேன் இந்த வாரம்.,Tamil
Εγώ μαθαίνω τη γλώσσα στο πάρκο αργά το βράδυ.,Greek
"утром, Я иду на работу в магазине.",Russian
أنا أشاهد فيلما في الجامعة هذا الأسبوع.,Arabic
"ಸಂಜೆ, ನಾನು ರೆಸ್ಟೋರೆಂಟ್‌ನಲ್ಲಿ ಸಿನಿಮಾ ನೋಡುತ್ತೇನೆ.",Kannada
قال أنا إنه أتعلم اللغة في المكتب مساء.,Arabic
मैं ने कहा कि वह स्कूल में चाय पीता हूँ कल।,Hindi
"ಇಂದು, ನಾನು ಶಾಲೆಯಲ್ಲಿ ಸಿನಿಮಾ ನೋಡುತ್ತೇನೆ.",Kannada
ನಾನು ಬೆಳಗಿನ ಸಮಯದಲ್ಲಿ ವಿಶ್ವವಿದ್ಯಾಲಯದಲ್ಲಿ ವ್ಯಾಯಾಮ ಮಾಡುತ್ತೇನೆ ಎಂದು ಹೇಳಿದರು.,Kannada
ഞാൻ നാളെ കടയിൽ ജോലിക്ക് പോകുന്നു എന്ന് പറഞ്ഞു.,Malayalam
ഞാൻ ഈ ആഴ്ച സർവകലാശാലയിൽ സർവകലാശാലയിൽ പഠിക്കുന്നു എന്ന് പറഞ്ഞു.,Malayalam
"утром, Я изучаю язык в офисе.",Russian
വൈകുന്നേരം ഞാൻ സ്കൂളിൽ വ്യായാമം ചെയ്യുന്നു.,Malayalam
நான் காலை நேரத்தில் பல்கலைக்கழகத்தில் புத்தகம் படிக்கிறேன் என்று கூறினார்.,Tamil
"αυτή την εβδομάδα, Εγώ σπουδάζω στο πανεπιστήμιο στην πόλη.",Greek
قال أنا إنه أشرب القهوة في المكتب صباحا.,Arabic
"Я сказал, что читаю книгу в ресторане поздно вечером.",Russian
قال أنا إنه أدرس في الجامعة في المكتبة صباحا.,Arabic
Εγώ μαθαίνω τη γλώσσα στο εστιατόριο αύριο.,Greek
أنا أقرأ كتابا في المكتبة غدا.,Arabic
ഞാൻ നാളെ സ്കൂളിൽ സിനിമ കാണുന്നു എന്ന് പറഞ്ഞു.,Malayalam
मैं ने कहा कि वह घर में काम पर जाता हूँ सुबह।,Hindi
مساء، أنا أمارس الرياضة في المستشفى.,Arabic
Εγώ είπε ότι πηγαίνω στη δουλειά στο πανεπιστήμιο αυτή την εβδομάδα.,Greek
"ಪ್ರತಿದಿನ, ನಾನು ಮನೆಯಲ್ಲಿ ಪುಸ್ತಕ ಓದುತ್ತೇನೆ.",Kannada
ഞാൻ നാളെ കടയിൽ സർവകലാശാലയിൽ പഠിക്കുന്നു.,Malayalam
Я пью кофе в библиотеке каждый день.,Russian
मैं फिल्म देखता हूँ शहर में हर दिन।,Hindi
"सुबह, मैं भाषा सीखता हूँ रेस्तरां में।",Hindi
في الصباح، أنا أشاهد فيلما في الحديقة.,Arabic
"ಈ ವಾರ, ನಾನು ಆಸ್ಪತ್ರೆಯಲ್ಲಿ ವಿಶ್ವವಿದ್ಯಾಲಯದಲ್ಲಿ ಓದುತ್ತೇನೆ.",Kannada
أنا أتعلم اللغة في المدرسة في الصباح.,Arabic
ഞാൻ രാവിലെ കടയിൽ ഭാഷ പഠിക്കുന്നു എന്ന് പറഞ്ഞു.,Malayalam
ನಾನು ನಗರದಲ್ಲಿ ಸಿನಿಮಾ ನೋಡುತ್ತೇನೆ ನಾಳೆ.,Kannada
أنا أشاهد فيلما في المدرسة هذا الأسبوع.,Arabic
Εγώ γράφω ένα γράμμα στο σπίτι το πρωί.,Greek
நான் பள்ளியில் கடிதம் எழுதுகிறேன் காலை நேரத்தில்.,Tamil
मैं विश्वविद्यालय में पढ़ता हूँ पार्क में सुबह के समय।,Hindi
मैं विश्वविद्यालय में विश्वविद्यालय में पढ़ता हूँ चाहता है।,Hindi
"поздно вечером, Я смотрю фильм в магазине.",Russian
ഞാൻ നഗരത്തിൽ പുസ്തകം വായിക്കുന്നു ആഗ്രഹിക്കുന്നു.,Malayalam
मैं चाय पीता हूँ रेस्तरां में आज।,Hindi
غدا، أنا أشرب القهوة في المطعم.,Arabic
"αυτή την εβδομάδα, Εγώ γράφω ένα γράμμα στο εστιατόριο.",Greek
قال أنا إنه أقرأ كتابا في المستشفى كل يوم.,Arabic
நான் நாளை பல்கலைக்கழகத்தில் பல்கலைக்கழகத்தில் படிக்கிறேன் என்று கூறினார்.,Tamil
ನಾನು ವಿಶ್ವವಿದ್ಯಾಲಯದಲ್ಲಿ ಕೆಲಸಕ್ಕೆ ಹೋಗುತ್ತೇನೆ ಪ್ರತಿದಿನ.,Kannada
قال أنا إنه أتعلم اللغة في المستشفى في المساء.,Arabic
"на этой неделе, Я занимаюсь спортом в библиотеке.",Russian
قال أنا إنه أتعلم اللغة في المدينة غدا.,Arabic
"Я сказал, что пишу письмо в магазине на этой неделе.",Russian
اليوم، أنا أكتب رسالة في المدرسة.,Arabic
"सुबह के समय, मैं विश्वविद्यालय में पढ़ता हूँ पुस्तकालय में।",Hindi
Я занимаюсь спортом в ресторане сегодня.,Russian
أنا أذهب إلى العمل في المدرسة مساء.,Arabic
Εγώ πίνω καφέ στο σπίτι το πρωί.,Greek
मैं विश्वविद्यालय में पढ़ता हूँ अस्पताल में सुबह के समय।,Hindi
أنا أذهب إلى العمل في المدرسة في الصباح.,Arabic
Εγώ μαθαίνω τη γλώσσα στο κατάστημα αυτή την εβδομάδα.,Greek
"कल, मैं किताब पढ़ता हूँ दुकान में।",Hindi
நான் மருத்துவமனையில் பல்கலைக்கழகத்தில் படிக்கிறேன் மாலையில்.,Tamil
ഞാൻ എല്ലാ ദിവസവും സർവകലാശാലയിൽ സർവകലാശാലയിൽ പഠിക്കുന്നു.,Malayalam
"காலையில், நான் கடையில் புத்தகம் படிக்கிறேன்.",Tamil
നാളെ ഞാൻ ആശുപത്രിയിൽ വ്യായാമം ചെയ്യുന്നു.,Malayalam
Εγώ είπε ότι σπουδάζω στο πανεπιστήμιο στο σχολείο το βράδυ.,Greek
"Я сказал, что занимаюсь спортом дома сегодня.",Russian
"ಈ ವಾರ, ನಾನು ಉದ್ಯಾನವನದಲ್ಲಿ ಭಾಷೆ ಕಲಿಯುತ್ತೇನೆ.",Kannada
ഞാൻ രാവിലെ ആശുപത്രിയിൽ വ്യായാമം ചെയ്യുന്നു.,Malayalam
"Я сказал, что пью кофе в больнице рано утром.",Russian
நான் வீட்டில் வேலைக்கு செல்கிறேன் காலையில்.,Tamil
ഞാൻ രാവിലെ സമയത്ത് റെസ്റ്റോറന്റിൽ സിനിമ കാണുന്നു എന്ന് പറഞ്ഞു.,Malayalam
Εγώ είπε ότι σπουδάζω στο πανεπιστήμιο στο σπίτι το πρωί.,Greek
"Я сказал, что изучаю язык в ресторане каждый день.",Russian
ನಾನು ನಗರದಲ್ಲಿ ವ್ಯಾಯಾಮ ಮಾಡುತ್ತೇನೆ ಇಂದು.,Kannada
"இன்று, நான் நூலகத்தில் வேலைக்கு செல்கிறேன்.",Tamil
വൈകുന്നേരം സമയത്ത് ഞാൻ വീട്ടിൽ ജോലിക്ക് പോകുന്നു.,Malayalam
ನಾನು ಈ ವಾರ ಉದ್ಯಾನವನದಲ್ಲಿ ಕಾಫಿ ಕುಡಿಯುತ್ತೇನೆ ಎಂದು ಹೇಳಿದರು.,Kannada
أنا أقرأ كتابا في المطعم اليوم.,Arabic
मैं विश्वविद्यालय में पढ़ता हूँ शहर में कल।,Hindi
"ಬೆಳಗಿನ ಸಮಯದಲ್ಲಿ, ನಾನು ಉದ್ಯಾನವನದಲ್ಲಿ ಸಿನಿಮಾ ನೋಡುತ್ತೇನೆ.",Kannada
Εγώ θέλει να μαθαίνω τη γλώσσα στο νοσοκομείο.,Greek
நான் வீட்டில் காபி குடிக்கிறேன் நாளை.,Tamil
"शाम को, मैं विश्वविद्यालय में पढ़ता हूँ अस्पताल में।",Hindi
قال أنا إنه أمارس الرياضة في المستشفى هذا الأسبوع.,Arabic
ഞാൻ ഈ ആഴ്ച പാർക്കിൽ കാപ്പി കുടിക്കുന്നു എന്ന് പറഞ്ഞു.,Malayalam
في الصباح، أنا أذهب إلى العمل في المكتب.,Arabic
मैं ने कहा कि वह अस्पताल में विश्वविद्यालय में पढ़ता हूँ सुबह के समय।,Hindi
Я пью кофе дома утром.,Russian
நான் பள்ளியில் புத்தகம் படிக்கிறேன் இன்று.,Tamil
நான் காலை நேரத்தில் பூங்காவில் வேலைக்கு செல்கிறேன் என்று கூறினார்.,Tamil
Я смотрю фильм в магазине поздно вечером.,Russian
Εγώ θέλει να πίνω καφέ στο νοσοκομείο.,Greek
Εγώ είπε ότι σπουδάζω στο πανεπιστήμιο στο γραφείο νωρίς το πρωί.,Greek
ನಾನು ರೆಸ್ಟೋರೆಂಟ್‌ನಲ್ಲಿ ಭಾಷೆ ಕಲಿಯುತ್ತೇನೆ ಸಂಜೆ.,Kannada
ನಾನು ಬೆಳಗಿನ ಸಮಯದಲ್ಲಿ ರೆಸ್ಟೋರೆಂಟ್‌ನಲ್ಲಿ ಪತ್ರ ಬರೆಯುತ್ತೇನೆ ಎಂದು ಹೇಳಿದರು.,Kannada
قال أنا إنه أذهب إلى العمل في المتجر هذا الأسبوع.,Arabic
"Я сказал, что учусь в университете в больнице рано утром.",Russian
ഞാൻ എല്ലാ ദിവസവും വീട്ടിൽ പുസ്തകം വായിക്കുന്നു എന്ന് പറഞ്ഞു.,Malayalam
நான் கடையில் உடற்பயிற்சி செய்கிறேன் காலை நேரத்தில்.,Tamil
मैं ने कहा कि वह रेस्तरां में फिल्म देखता हूँ शाम को।,Hindi
"ಸಂಜೆ, ನಾನು ಗ್ರಂಥಾಲಯದಲ್ಲಿ ಕಾಫಿ ಕುಡಿಯುತ್ತೇನೆ.",Kannada
"இந்த வாரம், நான் உணவகத்தில் பல்கலைக்கழகத்தில் படிக்கிறேன்.",Tamil
ನಾನು ಈ ವಾರ ರೆಸ್ಟೋರೆಂಟ್‌ನಲ್ಲಿ ಪತ್ರ ಬರೆಯುತ್ತೇನೆ ಎಂದು ಹೇಳಿದರು.,Kannada
രാവിലെ സമയത്ത് ഞാൻ ആശുപത്രിയിൽ കാപ്പി കുടിക്കുന്നു.,Malayalam
ನಾನು ಸಂಜೆಯ ಸಮಯದಲ್ಲಿ ಆಸ್ಪತ್ರೆಯಲ್ಲಿ ವ್ಯಾಯಾಮ ಮಾಡುತ್ತೇನೆ ಎಂದು ಹೇಳಿದರು.,Kannada
நான் நகரத்தில் கடிதம் எழுதுகிறேன் விரும்புகிறார்.,Tamil
"Я сказал, что пишу письмо дома утром.",Russian
قال أنا إنه أشرب القهوة في المتجر غدا.,Arabic
"το πρωί, Εγώ βλέπω μια ταινία στο εστιατόριο.",Greek
"σήμερα, Εγώ σπουδάζω στο πανεπιστήμιο στο νοσοκομείο.",Greek
मैं चाय पीता हूँ शहर में सुबह के समय।,Hindi
Εγώ βλέπω μια ταινία στο κατάστημα νωρίς το πρωί.,Greek
"ಬೆಳಿಗ್ಗೆ, ನಾನು ಆಸ್ಪತ್ರೆಯಲ್ಲಿ ಪತ್ರ ಬರೆಯುತ್ತೇನೆ.",Kannada
"ಸಂಜೆಯ ಸಮಯದಲ್ಲಿ, ನಾನು ಅಂಗಡಿಯಲ್ಲಿ ಕಾಫಿ ಕುಡಿಯುತ್ತೇನೆ.",Kannada
"शाम को, मैं चाय पीता हूँ दुकान में।",Hindi
मैं किताब पढ़ता हूँ दुकान में आज।,Hindi
في المساء، أنا أقرأ كتابا في الجامعة.,Arabic
"Я сказал, что смотрю фильм в офисе на этой неделе.",Russian
मैं भाषा सीखता हूँ स्कूल में सुबह।,Hindi
Εγώ σπουδάζω στο πανεπιστήμιο στο πάρκο σήμερα.,Greek
"காலை நேரத்தில், நான் மருத்துவமனையில் கடிதம் எழுதுகிறேன்.",Tamil
"Я сказал, что читаю книгу в городе каждый день.",Russian
ನಾನು ಸಂಜೆಯ ಸಮಯದಲ್ಲಿ ಆಸ್ಪತ್ರೆಯಲ್ಲಿ ಪುಸ್ತಕ ಓದುತ್ತೇನೆ ಎಂದು ಹೇಳಿದರು.,Kannada
நான் மாலையில் பூங்காவில் உடற்பயிற்சி செய்கிறேன் என்று கூறினார்.,Tamil
"ಪ್ರತಿದಿನ, ನಾನು ಕಚೇರಿಯಲ್ಲಿ ವ್ಯಾಯಾಮ ಮಾಡುತ್ತೇನೆ.",Kannada
في المساء، أنا أمارس الرياضة في الحديقة.,Arabic
"Я сказал, что пью кофе в городе поздно вечером.",Russian
"Я сказал, что пью кофе в библиотеке каждый день.",Russian
"утром, Я читаю книгу в больнице.",Russian
நான் பூங்காவில் திரைப்படம் பார்க்கிறேன் தினமும்.,Tamil
"το πρωί, Εγώ σπουδάζω στο πανεπιστήμιο στο πάρκο.",Greek
വൈകുന്നേരം സമയത്ത് ഞാൻ ആശുപത്രിയിൽ പുസ്തകം വായിക്കുന്നു.,Malayalam
ഞാൻ രാവിലെ സമയത്ത് ഓഫീസിൽ കത്ത് എഴുതുന്നു.,Malayalam
ನಾನು ಸಂಜೆಯ ಸಮಯದಲ್ಲಿ ರೆಸ್ಟೋರೆಂಟ್‌ನಲ್ಲಿ ಪತ್ರ ಬರೆಯುತ್ತೇನೆ ಎಂದು ಹೇಳಿದರು.,Kannada
أنا أذهب إلى العمل في المكتبة غدا.,Arabic
"कल, मैं पत्र लिखता हूँ घर में।",Hindi
நான் மாலை நேரத்தில் நகரத்தில் திரைப்படம் பார்க்கிறேன் என்று கூறினார்.,Tamil
"सुबह के समय, मैं काम पर जाता हूँ पुस्तकालय में।",Hindi
ഇന്ന് ഞാൻ ലൈബ്രറിയിൽ സർവകലാശാലയിൽ പഠിക്കുന്നു.,Malayalam
"αργά το βράδυ, Εγώ διαβάζω ένα βιβλίο στο εστιατόριο.",Greek
ഞാൻ രാവിലെ ലൈബ്രറിയിൽ ജോലിക്ക് പോകുന്നു.,Malayalam
Я пишу письмо в офисе утром.,Russian
"Я сказал, что смотрю фильм в школе вечером.",Russian
"सुबह, मैं काम पर जाता हूँ शहर में।",Hindi
"ಸಂಜೆಯ ಸಮಯದಲ್ಲಿ, ನಾನು ಕಚೇರಿಯಲ್ಲಿ ಭಾಷೆ ಕಲಿಯುತ್ತೇನೆ.",Kannada
Εγώ είπε ότι βλέπω μια ταινία στη βιβλιοθήκη κάθε μέρα.,Greek
"ಸಂಜೆಯ ಸಮಯದಲ್ಲಿ, ನಾನು ಗ್ರಂಥಾಲಯದಲ್ಲಿ ವಿಶ್ವವಿದ್ಯಾಲಯದಲ್ಲಿ ಓದುತ್ತೇನೆ.",Kannada
मैं ने कहा कि वह कार्यालय में किताब पढ़ता हूँ शाम के समय।,Hindi
"Я сказал, что иду на работу в библиотеке на этой неделе.",Russian
Εγώ βλέπω μια ταινία στο πανεπιστήμιο το βράδυ.,Greek
"காலையில், நான் கடையில் வேலைக்கு செல்கிறேன்.",Tamil
நான் தினமும் பள்ளியில் காபி குடிக்கிறேன் என்று கூறினார்.,Tamil
"на этой неделе, Я занимаюсь спортом в магазине.",Russian
قال أنا إنه أكتب رسالة في المنزل مساء.,Arabic
"το βράδυ, Εγώ κάνω γυμναστική στο σχολείο.",Greek
"ಸಂಜೆ, ನಾನು ಶಾಲೆಯಲ್ಲಿ ಪುಸ್ತಕ ಓದುತ್ತೇನೆ.",Kannada
ನಾನು ಬೆಳಿಗ್ಗೆ ಕಚೇರಿಯಲ್ಲಿ ವ್ಯಾಯಾಮ ಮಾಡುತ್ತೇನೆ ಎಂದು ಹೇಳಿದರು.,Kannada
ഈ ആഴ്ച ഞാൻ നഗരത്തിൽ ഭാഷ പഠിക്കുന്നു.,Malayalam
"காலை நேரத்தில், நான் நகரத்தில் புத்தகம் படிக்கிறேன்.",Tamil
"நாளை, நான் நூலகத்தில் புத்தகம் படிக்கிறேன்.",Tamil
أنا يريد أن أشاهد فيلما في المدرسة.,Arabic
"ಸಂಜೆ, ನಾನು ರೆಸ್ಟೋರೆಂಟ್‌ನಲ್ಲಿ ಭಾಷೆ ಕಲಿಯುತ್ತೇನೆ.",Kannada
"Я сказал, что смотрю фильм в ресторане утром.",Russian
मैं पत्र लिखता हूँ पार्क में शाम को।,Hindi
രാവിലെ സമയത്ത് ഞാൻ ആശുപത്രിയിൽ ഭാഷ പഠിക്കുന്നു.,Malayalam
ನಾನು ಬೆಳಿಗ್ಗೆ ಮನೆಯಲ್ಲಿ ಸಿನಿಮಾ ನೋಡುತ್ತೇನೆ ಎಂದು ಹೇಳಿದರು.,Kannada
قال أنا إنه أشاهد فيلما في المتجر صباحا.,Arabic
"आज, मैं चाय पीता हूँ रेस्तरां में।",Hindi
"நாளை, நான் மருத்துவமனையில் மொழி கற்கிறேன்.",Tamil
قال أنا إنه أشاهد فيلما في الجامعة هذا الأسبوع.,Arabic
قال أنا إنه أمارس الرياضة في المطعم صباحا.,Arabic
"शाम को, मैं चाय पीता हूँ पुस्तकालय में।",Hindi
"το βράδυ, Εγώ σπουδάζω στο πανεπιστήμιο στη βιβλιοθήκη.",Greek
நான் பல்கலைக்கழகத்தில் கடிதம் எழுதுகிறேன் தினமும்.,Tamil
مساء، أنا أشاهد فيلما في المطعم.,Arabic
"மாலையில், நான் பள்ளியில் உடற்பயிற்சி செய்கிறேன்.",Tamil
ഞാൻ രാവിലെ സമയത്ത് ഓഫീസിൽ ഭാഷ പഠിക്കുന്നു എന്ന് പറഞ്ഞു.,Malayalam
ഞാൻ വൈകുന്നേരം സമയത്ത് സർവകലാശാലയിൽ ജോലിക്ക് പോകുന്നു.,Malayalam
"शाम को, मैं चाय पीता हूँ स्कूल में।",Hindi
قال أنا إنه أتعلم اللغة في المكتبة صباحا.,Arabic
"மாலையில், நான் உணவகத்தில் திரைப்படம் பார்க்கிறேன்.",Tamil
"शाम को, मैं भाषा सीखता हूँ घर में।",Hindi
"κάθε μέρα, Εγώ κάνω γυμναστική στο πανεπιστήμιο.",Greek
ನಾನು ಕಚೇರಿಯಲ್ಲಿ ಪತ್ರ ಬರೆಯುತ್ತೇನೆ ಬೆಳಿಗ್ಗೆ.,Kannada
"தினமும், நான் பல்கலைக்கழகத்தில் பல்கலைக்கழகத்தில் படிக்கிறேன்.",Tamil
"κάθε μέρα, Εγώ σπουδάζω στο πανεπιστήμιο στο κατάστημα.",Greek
நான் பள்ளியில் காபி குடிக்கிறேன் இன்று.,Tamil
ഞാൻ വൈകുന്നേരം ഓഫീസിൽ കത്ത് എഴുതുന്നു എന്ന് പറഞ്ഞു.,Malayalam
Εγώ είπε ότι βλέπω μια ταινία στο σπίτι αργά το βράδυ.,Greek
غدا، أنا أشاهد فيلما في المستشفى.,Arabic
ഇന്ന് ഞാൻ പാർക്കിൽ ജോലിക്ക് പോകുന്നു.,Malayalam
أنا أقرأ كتابا في المستشفى في المساء.,Arabic
ഞാൻ ഓഫീസിൽ സിനിമ കാണുന്നു ആഗ്രഹിക്കുന്നു.,Malayalam
मैं ने कहा कि वह अस्पताल में चाय पीता हूँ कल।,Hindi
நான் வீட்டில் புத்தகம் படிக்கிறேன் நாளை.,Tamil
मैं विश्वविद्यालय में पत्र लिखता हूँ चाहता है।,Hindi
"ಪ್ರತಿದಿನ, ನಾನು ಉದ್ಯಾನವನದಲ್ಲಿ ಪತ್ರ ಬರೆಯುತ್ತೇನೆ.",Kannada
"காலையில், நான் கடையில் காபி குடிக்கிறேன்.",Tamil
Я изучаю язык в больнице каждый день.,Russian
ನಾನು ಈ ವಾರ ಅಂಗಡಿಯಲ್ಲಿ ಪುಸ್ತಕ ಓದುತ್ತೇನೆ ಎಂದು ಹೇಳಿದರು.,Kannada
Εγώ σπουδάζω στο πανεπιστήμιο στο νοσοκομείο αργά το βράδυ.,Greek
أنا يريد أن أقرأ كتابا في المتجر.,Arabic
मैं व्यायाम करता हूँ घर में शाम को।,Hindi
ನಾನು ನಾಳೆ ಆಸ್ಪತ್ರೆಯಲ್ಲಿ ಕಾಫಿ ಕುಡಿಯುತ್ತೇನೆ ಎಂದು ಹೇಳಿದರು.,Kannada
ನಾನು ಕಚೇರಿಯಲ್ಲಿ ವ್ಯಾಯಾಮ ಮಾಡುತ್ತೇನೆ ಸಂಜೆ.,Kannada
நான் மருத்துவமனையில் திரைப்படம் பார்க்கிறேன் இன்று.,Tamil
ನಾನು ಕಚೇರಿಯಲ್ಲಿ ಸಿನಿಮಾ ನೋಡುತ್ತೇನೆ ಈ ವಾರ.,Kannada
Εγώ πίνω καφέ στο κατάστημα νωρίς το πρωί.,Greek
أنا أمارس الرياضة في المتجر صباحا.,Arabic
ನಾನು ಗ್ರಂಥಾಲಯದಲ್ಲಿ ಕೆಲಸಕ್ಕೆ ಹೋಗುತ್ತೇನೆ ಸಂಜೆಯ ಸಮಯದಲ್ಲಿ.,Kannada
ನಾನು ಸಂಜೆಯ ಸಮಯದಲ್ಲಿ ರೆಸ್ಟೋರೆಂಟ್‌ನಲ್ಲಿ ಕೆಲಸಕ್ಕೆ ಹೋಗುತ್ತೇನೆ ಎಂದು ಹೇಳಿದರು.,Kannada
Εγώ κάνω γυμναστική στη βιβλιοθήκη αυτή την εβδομάδα.,Greek
ഞാൻ ഇന്ന് ഓഫീസിൽ ഭാഷ പഠിക്കുന്നു എന്ന് പറഞ്ഞു.,Malayalam
"Я сказал, что смотрю фильм в офисе каждый день.",Russian
"ನಾಳೆ, ನಾನು ನಗರದಲ್ಲಿ ಸಿನಿಮಾ ನೋಡುತ್ತೇನೆ.",Kannada
"தினமும், நான் நூலகத்தில் புத்தகம் படிக்கிறேன்.",Tamil
أنا أشرب القهوة في المدينة غدا.,Arabic
ನಾನು ಸಂಜೆ ರೆಸ್ಟೋರೆಂಟ್‌ನಲ್ಲಿ ಭಾಷೆ ಕಲಿಯುತ್ತೇನೆ ಎಂದು ಹೇಳಿದರು.,Kannada
"каждый день, Я пишу письмо в офисе.",Russian
Εγώ θέλει να γράφω ένα γράμμα στην πόλη.,Greek
في المساء، أنا أتعلم اللغة في المستشفى.,Arabic
Εγώ σπουδάζω στο πανεπιστήμιο στο πανεπιστήμιο νωρίς το πρωί.,Greek
Εγώ πηγαίνω στη δουλειά στο νοσοκομείο αυτή την εβδομάδα.,Greek
मैं ने कहा कि वह अस्पताल में व्यायाम करता हूँ सुबह के समय।,Hindi
مساء، أنا أمارس الرياضة في الحديقة.,Arabic
ഞാൻ നാളെ ഓഫീസിൽ സർവകലാശാലയിൽ പഠിക്കുന്നു.,Malayalam
നാളെ ഞാൻ സ്കൂളിൽ വ്യായാമം ചെയ്യുന്നു.,Malayalam
Εγώ είπε ότι κάνω γυμναστική στο πάρκο αργά το βράδυ.,Greek
मैं ने कहा कि वह विश्वविद्यालय में व्यायाम करता हूँ कल।,Hindi
أنا أدرس في الجامعة في المكتب هذا الأسبوع.,Arabic
"сегодня, Я пью кофе в городе.",Russian
വൈകുന്നേരം ഞാൻ സർവകലാശാലയിൽ ഭാഷ പഠിക്കുന്നു.,Malayalam
قال أنا إنه أشاهد فيلما في المدينة اليوم.,Arabic
ನಾನು ರೆಸ್ಟೋರೆಂಟ್‌ನಲ್ಲಿ ಕೆಲಸಕ್ಕೆ ಹೋಗುತ್ತೇನೆ ಬೆಳಿಗ್ಗೆ.,Kannada
मैं फिल्म देखता हूँ घर में हर दिन।,Hindi
मैं विश्वविद्यालय में पढ़ता हूँ स्कूल में कल।,Hindi
في الصباح، أنا أدرس في الجامعة في المطعم.,Arabic
Εγώ βλέπω μια ταινία στο νοσοκομείο το βράδυ.,Greek
Εγώ είπε ότι κάνω γυμναστική στο πάρκο το βράδυ.,Greek
രാവിലെ സമയത്ത് ഞാൻ റെസ്റ്റോറന്റിൽ സിനിമ കാണുന്നു.,Malayalam
في المساء، أنا أشاهد فيلما في المطعم.,Arabic
أنا أتعلم اللغة في المكتبة كل يوم.,Arabic
"Я сказал, что пью кофе в магазине рано утром.",Russian
"рано утром, Я занимаюсь спортом в офисе.",Russian
"शाम के समय, मैं व्यायाम करता हूँ रेस्तरां में।",Hindi
ನಾನು ಗ್ರಂಥಾಲಯದಲ್ಲಿ ಪತ್ರ ಬರೆಯುತ್ತೇನೆ ಪ್ರತಿದಿನ.,Kannada
"вечером, Я пью кофе в больнице.",Russian
"ನಾಳೆ, ನಾನು ಕಚೇರಿಯಲ್ಲಿ ವ್ಯಾಯಾಮ ಮಾಡುತ್ತೇನೆ.",Kannada
ನಾನು ವಿಶ್ವವಿದ್ಯಾಲಯದಲ್ಲಿ ವ್ಯಾಯಾಮ ಮಾಡುತ್ತೇನೆ ಇಂದು.,Kannada
"இன்று, நான் நூலகத்தில் காபி குடிக்கிறேன்.",Tamil
ഞാൻ ഇന്ന് ഓഫീസിൽ വ്യായാമം ചെയ്യുന്നു.,Malayalam
நான் மாலை நேரத்தில் கடையில் பல்கலைக்கழகத்தில் படிக்கிறேன் என்று கூறினார்.,Tamil
"ಪ್ರತಿದಿನ, ನಾನು ನಗರದಲ್ಲಿ ಸಿನಿಮಾ ನೋಡುತ್ತೇನೆ.",Kannada
Я учусь в университете дома вечером.,Russian
"αυτή την εβδομάδα, Εγώ πίνω καφέ στην πόλη.",Greek
ഞാൻ ഇന്ന് ഓഫീസിൽ കാപ്പി കുടിക്കുന്നു.,Malayalam
"Я сказал, что читаю книгу в магазине рано утром.",Russian
قال أنا إنه أدرس في الجامعة في المدرسة غدا.,Arabic
Я занимаюсь спортом в больнице каждый день.,Russian
"Я сказал, что занимаюсь спортом в больнице рано утром.",Russian
ഞാൻ ഈ ആഴ്ച പാർക്കിൽ സർവകലാശാലയിൽ പഠിക്കുന്നു.,Malayalam
Εγώ γράφω ένα γράμμα στο νοσοκομείο αύριο.,Greek
Εγώ σπουδάζω στο πανεπιστήμιο στο εστιατόριο νωρίς το πρωί.,Greek
"ಈ ವಾರ, ನಾನು ವಿಶ್ವವಿದ್ಯಾಲಯದಲ್ಲಿ ವ್ಯಾಯಾಮ ಮಾಡುತ್ತೇನೆ.",Kannada
"αύριο, Εγώ διαβάζω ένα βιβλίο στο εστιατόριο.",Greek
நான் காலை நேரத்தில் கடையில் உடற்பயிற்சி செய்கிறேன் என்று கூறினார்.,Tamil
أنا أمارس الرياضة في المكتبة كل يوم.,Arabic
ನಾನು ಅಂಗಡಿಯಲ್ಲಿ ವಿಶ್ವವಿದ್ಯಾಲಯದಲ್ಲಿ ಓದುತ್ತೇನೆ ಇಂದು.,Kannada
Я смотрю фильм в библиотеке утром.,Russian
"Я сказал, что смотрю фильм в больнице утром.",Russian
मैं पार्क में व्यायाम करता हूँ चाहता है।,Hindi
"каждый день, Я учусь в университете в университете.",Russian
"утром, Я иду на работу в университете.",Russian
मैं ने कहा कि वह अस्पताल में भाषा सीखता हूँ इस सप्ताह।,Hindi
Εγώ θέλει να σπουδάζω στο πανεπιστήμιο στο σπίτι.,Greek
"தினமும், நான் அலுவலகத்தில் திரைப்படம் பார்க்கிறேன்.",Tamil
Εγώ είπε ότι πίνω καφέ στη βιβλιοθήκη νωρίς το πρωί.,Greek
"αυτή την εβδομάδα, Εγώ πίνω καφέ στο σχολείο.",Greek
ನಾನು ಪ್ರತಿದಿನ ಗ್ರಂಥಾಲಯದಲ್ಲಿ ಸಿನಿಮಾ ನೋಡುತ್ತೇನೆ ಎಂದು ಹೇಳಿದರು.,Kannada
मैं काम पर जाता हूँ पुस्तकालय में सुबह।,Hindi
Εγώ είπε ότι κάνω γυμναστική στο σπίτι αύριο.,Greek
"தினமும், நான் நூலகத்தில் திரைப்படம் பார்க்கிறேன்.",Tamil
"Я сказал, что учусь в университете в магазине рано утром.",Russian
ഞാൻ ഈ ആഴ്ച ലൈബ്രറിയിൽ ഭാഷ പഠിക്കുന്നു എന്ന് പറഞ്ഞു.,Malayalam
قال أنا إنه أذهب إلى العمل في المدرسة صباحا.,Arabic
"ಸಂಜೆ, ನಾನು ಉದ್ಯಾನವನದಲ್ಲಿ ಭಾಷೆ ಕಲಿಯುತ್ತೇನೆ.",Kannada
"इस सप्ताह, मैं काम पर जाता हूँ रेस्तरां में।",Hindi
قال أنا إنه أمارس الرياضة في المستشفى اليوم.,Arabic
ഞാൻ ഈ ആഴ്ച പാർക്കിൽ കാപ്പി കുടിക്കുന്നു.,Malayalam
ഞാൻ വൈകുന്നേരം സമയത്ത് നഗരത്തിൽ കത്ത് എഴുതുന്നു എന്ന് പറഞ്ഞു.,Malayalam
ഞാൻ വൈകുന്നേരം സമയത്ത് സ്കൂളിൽ വ്യായാമം ചെയ്യുന്നു എന്ന് പറഞ്ഞു.,Malayalam
أنا أشاهد فيلما في المنزل صباحا.,Arabic
രാവിലെ സമയത്ത് ഞാൻ വീട്ടിൽ പുസ്തകം വായിക്കുന്നു.,Malayalam
"утром, Я пишу письмо в парке.",Russian
ನಾನು ನಗರದಲ್ಲಿ ಕೆಲಸಕ್ಕೆ ಹೋಗುತ್ತೇನೆ ಈ ವಾರ.,Kannada
"நாளை, நான் வீட்டில் காபி குடிக்கிறேன்.",Tamil
ഞാൻ രാവിലെ ലൈബ്രറിയിൽ സർവകലാശാലയിൽ പഠിക്കുന്നു.,Malayalam
मैं ने कहा कि वह कार्यालय में चाय पीता हूँ हर दिन।,Hindi
أنا أشرب القهوة في المدينة كل يوم.,Arabic
ഞാൻ രാവിലെ നഗരത്തിൽ സിനിമ കാണുന്നു.,Malayalam
قال أنا إنه أدرس في الجامعة في المطعم صباحا.,Arabic
വൈകുന്നേരം ഞാൻ ഓഫീസിൽ ജോലിക്ക് പോകുന്നു.,Malayalam
ഞാൻ രാവിലെ സമയത്ത് കടയിൽ വ്യായാമം ചെയ്യുന്നു എന്ന് പറഞ്ഞു.,Malayalam
ನಾನು ರೆಸ್ಟೋರೆಂಟ್‌ನಲ್ಲಿ ಸಿನಿಮಾ ನೋಡುತ್ತೇನೆ ಮಾಡಲು ಬಯಸುತ್ತಾನೆ.,Kannada
ನಾನು ಬೆಳಿಗ್ಗೆ ಉದ್ಯಾನವನದಲ್ಲಿ ಕೆಲಸಕ್ಕೆ ಹೋಗುತ್ತೇನೆ ಎಂದು ಹೇಳಿದರು.,Kannada
قال أنا إنه أقرأ كتابا في المتجر غدا.,Arabic
ನಾನು ರೆಸ್ಟೋರೆಂಟ್‌ನಲ್ಲಿ ಪತ್ರ ಬರೆಯುತ್ತೇನೆ ಪ್ರತಿದಿನ.,Kannada
എല്ലാ ദിവസവും ഞാൻ ആശുപത്രിയിൽ കാപ്പി കുടിക്കുന്നു.,Malayalam
நான் மாலையில் பள்ளியில் வேலைக்கு செல்கிறேன் என்று கூறினார்.,Tamil
Я изучаю язык в больнице вечером.,Russian
വൈകുന്നേരം ഞാൻ ലൈബ്രറിയിൽ കാപ്പി കുടിക്കുന്നു.,Malayalam
أنا يريد أن أتعلم اللغة في المنزل.,Arabic
വൈകുന്നേരം ഞാൻ പാർക്കിൽ സർവകലാശാലയിൽ പഠിക്കുന്നു.,Malayalam
قال أنا إنه أذهب إلى العمل في المكتب اليوم.,Arabic
मैं ने कहा कि वह विश्वविद्यालय में फिल्म देखता हूँ हर दिन।,Hindi
Εγώ πίνω καφέ στο πάρκο το πρωί.,Greek
"поздно вечером, Я смотрю фильм дома.",Russian
நான் நகரத்தில் புத்தகம் படிக்கிறேன் மாலையில்.,Tamil
ನಾನು ನಾಳೆ ಶಾಲೆಯಲ್ಲಿ ಕೆಲಸಕ್ಕೆ ಹೋಗುತ್ತೇನೆ ಎಂದು ಹೇಳಿದರು.,Kannada
நான் மாலையில் வீட்டில் திரைப்படம் பார்க்கிறேன் என்று கூறினார்.,Tamil
நான் நூலகத்தில் புத்தகம் படிக்கிறேன் நாளை.,Tamil
Εγώ είπε ότι πίνω καφέ στο κατάστημα κάθε μέρα.,Greek
मैं ने कहा कि वह रेस्तरां में भाषा सीखता हूँ कल।,Hindi
நான் காலை நேரத்தில் உணவகத்தில் காபி குடிக்கிறேன் என்று கூறினார்.,Tamil
Εγώ είπε ότι βλέπω μια ταινία στο πανεπιστήμιο το βράδυ.,Greek
मैं पत्र लिखता हूँ दुकान में कल।,Hindi
"Я сказал, что пью кофе в офисе каждый день.",Russian
ഞാൻ എല്ലാ ദിവസവും കടയിൽ ജോലിക്ക് പോകുന്നു എന്ന് പറഞ്ഞു.,Malayalam
मैं काम पर जाता हूँ शहर में कल।,Hindi
"на этой неделе, Я иду на работу в школе.",Russian
"இந்த வாரம், நான் பூங்காவில் கடிதம் எழுதுகிறேன்.",Tamil
ഞാൻ ഇന്ന് ഓഫീസിൽ കത്ത് എഴുതുന്നു എന്ന് പറഞ്ഞു.,Malayalam
मैं ने कहा कि वह विश्वविद्यालय में काम पर जाता हूँ शाम के समय।,Hindi
ഞാൻ രാവിലെ ആശുപത്രിയിൽ പുസ്തകം വായിക്കുന്നു എന്ന് പറഞ്ഞു.,Malayalam
"νωρίς το πρωί, Εγώ γράφω ένα γράμμα στο κατάστημα.",Greek
"शाम को, मैं व्यायाम करता हूँ स्कूल में।",Hindi
"ಈ ವಾರ, ನಾನು ಉದ್ಯಾನವನದಲ್ಲಿ ಸಿನಿಮಾ ನೋಡುತ್ತೇನೆ.",Kannada
Я изучаю язык в библиотеке на этой неделе.,Russian
"Я сказал, что изучаю язык в магазине завтра.",Russian
أنا أكتب رسالة في الحديقة هذا الأسبوع.,Arabic
ഞാൻ വൈകുന്നേരം റെസ്റ്റോറന്റിൽ ഭാഷ പഠിക്കുന്നു.,Malayalam
ನಾನು ಈ ವಾರ ನಗರದಲ್ಲಿ ವ್ಯಾಯಾಮ ಮಾಡುತ್ತೇನೆ ಎಂದು ಹೇಳಿದರು.,Kannada
"ಬೆಳಿಗ್ಗೆ, ನಾನು ಮನೆಯಲ್ಲಿ ವಿಶ್ವವಿದ್ಯಾಲಯದಲ್ಲಿ ಓದುತ್ತೇನೆ.",Kannada
நான் மாலையில் மருத்துவமனையில் உடற்பயிற்சி செய்கிறேன் என்று கூறினார்.,Tamil
"सुबह के समय, मैं भाषा सीखता हूँ अस्पताल में।",Hindi
मैं कार्यालय में किताब पढ़ता हूँ चाहता है।,Hindi
"Я сказал, что учусь в университете в больнице каждый день.",Russian
ನಾನು ಅಂಗಡಿಯಲ್ಲಿ ವಿಶ್ವವಿದ್ಯಾಲಯದಲ್ಲಿ ಓದುತ್ತೇನೆ ಪ್ರತಿದಿನ.,Kannada
मैं ने कहा कि वह स्कूल में भाषा सीखता हूँ इस सप्ताह।,Hindi
நான் நாளை வீட்டில் புத்தகம் படிக்கிறேன் என்று கூறினார்.,Tamil
كل يوم، أنا أقرأ كتابا في المدرسة.,Arabic
"сегодня, Я читаю книгу в университете.",Russian
मैं ने कहा कि वह स्कूल में किताब पढ़ता हूँ शाम को।,Hindi
"ಇಂದು, ನಾನು ಕಚೇರಿಯಲ್ಲಿ ವಿಶ್ವವಿದ್ಯಾಲಯದಲ್ಲಿ ಓದುತ್ತೇನೆ.",Kannada
ഞാൻ രാവിലെ കടയിൽ ജോലിക്ക് പോകുന്നു.,Malayalam
நான் காலையில் மருத்துவமனையில் மொழி கற்கிறேன் என்று கூறினார்.,Tamil
நான் காலை நேரத்தில் பள்ளியில் மொழி கற்கிறேன் என்று கூறினார்.,Tamil
ഞാൻ നാളെ സർവകലാശാലയിൽ കത്ത് എഴുതുന്നു എന്ന് പറഞ്ഞു.,Malayalam
ನಾನು ಬೆಳಿಗ್ಗೆ ನಗರದಲ್ಲಿ ಕಾಫಿ ಕುಡಿಯುತ್ತೇನೆ ಎಂದು ಹೇಳಿದರು.,Kannada
Я читаю книгу в больнице вечером.,Russian
ನಾನು ಸಂಜೆ ಉದ್ಯಾನವನದಲ್ಲಿ ಕಾಫಿ ಕುಡಿಯುತ್ತೇನೆ ಎಂದು ಹೇಳಿದರು.,Kannada
நான் இந்த வாரம் வீட்டில் பல்கலைக்கழகத்தில் படிக்கிறேன் என்று கூறினார்.,Tamil
قال أنا إنه أشرب القهوة في الحديقة اليوم.,Arabic
நான் அலுவலகத்தில் மொழி கற்கிறேன் நாளை.,Tamil
ഈ ആഴ്ച ഞാൻ ലൈബ്രറിയിൽ സിനിമ കാണുന്നു.,Malayalam
എല്ലാ ദിവസവും ഞാൻ നഗരത്തിൽ കാപ്പി കുടിക്കുന്നു.,Malayalam
ഞാൻ ഈ ആഴ്ച പാർക്കിൽ സിനിമ കാണുന്നു.,Malayalam
ഞാൻ എല്ലാ ദിവസവും ആശുപത്രിയിൽ കത്ത് എഴുതുന്നു.,Malayalam
രാവിലെ സമയത്ത് ഞാൻ നഗരത്തിൽ സിനിമ കാണുന്നു.,Malayalam
أنا أذهب إلى العمل في المنزل هذا الأسبوع.,Arabic
"இந்த வாரம், நான் கடையில் பல்கலைக்கழகத்தில் படிக்கிறேன்.",Tamil
Εγώ είπε ότι βλέπω μια ταινία στο εστιατόριο κάθε μέρα.,Greek
നാളെ ഞാൻ പാർക്കിൽ വ്യായാമം ചെയ്യുന്നു.,Malayalam
"Я сказал, что изучаю язык в ресторане на этой неделе.",Russian
Εγώ είπε ότι κάνω γυμναστική στο γραφείο το πρωί.,Greek
"Я сказал, что иду на работу в городе сегодня.",Russian
في الصباح، أنا أشرب القهوة في المطعم.,Arabic
"αργά το βράδυ, Εγώ διαβάζω ένα βιβλίο στη βιβλιοθήκη.",Greek
ನಾನು ಕಚೇರಿಯಲ್ಲಿ ಪತ್ರ ಬರೆಯುತ್ತೇನೆ ಸಂಜೆಯ ಸಮಯದಲ್ಲಿ.,Kannada
مساء، أنا أقرأ كتابا في المكتبة.,Arabic
ನಾನು ಆಸ್ಪತ್ರೆಯಲ್ಲಿ ವ್ಯಾಯಾಮ ಮಾಡುತ್ತೇನೆ ಇಂದು.,Kannada
ഞാൻ വൈകുന്നേരം സമയത്ത് നഗരത്തിൽ കാപ്പി കുടിക്കുന്നു.,Malayalam
"Я сказал, что пью кофе в ресторане каждый день.",Russian
"இந்த வாரம், நான் மருத்துவமனையில் உடற்பயிற்சி செய்கிறேன்.",Tamil
ഞാൻ എല്ലാ ദിവസവും റെസ്റ്റോറന്റിൽ സിനിമ കാണുന്നു.,Malayalam
मैं ने कहा कि वह विश्वविद्यालय में फिल्म देखता हूँ इस सप्ताह।,Hindi
"на этой неделе, Я учусь в университете в библиотеке.",Russian
"αύριο, Εγώ πίνω καφέ στο σχολείο.",Greek
Εγώ είπε ότι κάνω γυμναστική στη βιβλιοθήκη σήμερα.,Greek
قال أنا إنه أذهب إلى العمل في المنزل في الصباح.,Arabic
"शाम के समय, मैं काम पर जाता हूँ स्कूल में।",Hindi
ഞാൻ നാളെ സ്കൂളിൽ വ്യായാമം ചെയ്യുന്നു.,Malayalam
मैं ने कहा कि वह अस्पताल में फिल्म देखता हूँ इस सप्ताह।,Hindi
أنا أمارس الرياضة في الجامعة مساء.,Arabic
Εγώ διαβάζω ένα βιβλίο στο πάρκο αργά το βράδυ.,Greek
मैं पुस्तकालय में काम पर जाता हूँ चाहता है।,Hindi
"இன்று, நான் உணவகத்தில் புத்தகம் படிக்கிறேன்.",Tamil
"Я сказал, что читаю книгу в магазине завтра.",Russian
أنا أشرب القهوة في المكتب اليوم.,Arabic
"αργά το βράδυ, Εγώ μαθαίνω τη γλώσσα στο εστιατόριο.",Greek
"காலை நேரத்தில், நான் நூலகத்தில் உடற்பயிற்சி செய்கிறேன்.",Tamil
ഞാൻ വൈകുന്നേരം സമയത്ത് സർവകലാശാലയിൽ ജോലിക്ക് പോകുന്നു എന്ന് പറഞ്ഞു.,Malayalam
"ಸಂಜೆ, ನಾನು ರೆಸ್ಟೋರೆಂಟ್‌ನಲ್ಲಿ ವಿಶ್ವವಿದ್ಯಾಲಯದಲ್ಲಿ ಓದುತ್ತೇನೆ.",Kannada
വൈകുന്നേരം ഞാൻ റെസ്റ്റോറന്റിൽ പുസ്തകം വായിക്കുന്നു.,Malayalam
"நாளை, நான் பள்ளியில் உடற்பயிற்சி செய்கிறேன்.",Tamil
ഈ ആഴ്ച ഞാൻ ഓഫീസിൽ ജോലിക്ക് പോകുന്നു.,Malayalam
मैं ने कहा कि वह शहर में भाषा सीखता हूँ शाम को।,Hindi
എല്ലാ ദിവസവും ഞാൻ വീട്ടിൽ വ്യായാമം ചെയ്യുന്നു.,Malayalam
Εγώ πηγαίνω στη δουλειά στο σπίτι αυτή την εβδομάδα.,Greek
"το πρωί, Εγώ διαβάζω ένα βιβλίο στο εστιατόριο.",Greek
"காலையில், நான் மருத்துவமனையில் கடிதம் எழுதுகிறேன்.",Tamil
Εγώ είπε ότι γράφω ένα γράμμα στο σπίτι σήμερα.,Greek
"αύριο, Εγώ μαθαίνω τη γλώσσα στο σχολείο.",Greek
"இந்த வாரம், நான் அலுவலகத்தில் காபி குடிக்கிறேன்.",Tamil
Εγώ θέλει να μαθαίνω τη γλώσσα στο πάρκο.,Greek
ನಾನು ಈ ವಾರ ಉದ್ಯಾನವನದಲ್ಲಿ ವಿಶ್ವವಿದ್ಯಾಲಯದಲ್ಲಿ ಓದುತ್ತೇನೆ ಎಂದು ಹೇಳಿದರು.,Kannada
"αύριο, Εγώ πηγαίνω στη δουλειά στο πανεπιστήμιο.",Greek
நான் பல்கலைக்கழகத்தில் காபி குடிக்கிறேன் தினமும்.,Tamil
मैं ने कहा कि वह पार्क में फिल्म देखता हूँ हर दिन।,Hindi
मैं ने कहा कि वह स्कूल में व्यायाम करता हूँ कल।,Hindi
Εγώ σπουδάζω στο πανεπιστήμιο στο πάρκο νωρίς το πρωί.,Greek
قال أنا إنه أمارس الرياضة في المكتب اليوم.,Arabic
هذا الأسبوع، أنا أدرس في الجامعة في المنزل.,Arabic
ഞാൻ രാവിലെ റെസ്റ്റോറന്റിൽ വ്യായാമം ചെയ്യുന്നു എന്ന് പറഞ്ഞു.,Malayalam
قال أنا إنه أشاهد فيلما في الحديقة في المساء.,Arabic
"ಬೆಳಿಗ್ಗೆ, ನಾನು ಗ್ರಂಥಾಲಯದಲ್ಲಿ ಭಾಷೆ ಕಲಿಯುತ್ತೇನೆ.",Kannada
"कल, मैं काम पर जाता हूँ घर में।",Hindi
मैं ने कहा कि वह रेस्तरां में भाषा सीखता हूँ सुबह।,Hindi
كل يوم، أنا أقرأ كتابا في المستشفى.,Arabic
"மாலை நேரத்தில், நான் உணவகத்தில் திரைப்படம் பார்க்கிறேன்.",Tamil
"இந்த வாரம், நான் நூலகத்தில் வேலைக்கு செல்கிறேன்.",Tamil
मैं भाषा सीखता हूँ रेस्तरां में शाम के समय।,Hindi
मैं किताब पढ़ता हूँ कार्यालय में शाम के समय।,Hindi
ഞാൻ വൈകുന്നേരം സമയത്ത് സർവകലാശാലയിൽ സിനിമ കാണുന്നു എന്ന് പറഞ്ഞു.,Malayalam
"सुबह, मैं भाषा सीखता हूँ स्कूल में।",Hindi
நான் மாலை நேரத்தில் வீட்டில் பல்கலைக்கழகத்தில் படிக்கிறேன் என்று கூறினார்.,Tamil
நான் நூலகத்தில் மொழி கற்கிறேன் இந்த வாரம்.,Tamil
Εγώ είπε ότι πηγαίνω στη δουλειά στο πανεπιστήμιο νωρίς το πρωί.,Greek
Я иду на работу в офисе вечером.,Russian
ഞാൻ രാവിലെ സമയത്ത് പാർക്കിൽ കത്ത് എഴുതുന്നു എന്ന് പറഞ്ഞു.,Malayalam
"Я сказал, что пишу письмо в школе утром.",Russian
मैं विश्वविद्यालय में पढ़ता हूँ पार्क में शाम को।,Hindi
"ನಾಳೆ, ನಾನು ಶಾಲೆಯಲ್ಲಿ ಭಾಷೆ ಕಲಿಯುತ್ತೇನೆ.",Kannada
قال أنا إنه أذهب إلى العمل في المستشفى صباحا.,Arabic
ഞാൻ രാവിലെ സമയത്ത് ലൈബ്രറിയിൽ കത്ത് എഴുതുന്നു.,Malayalam
"ಇಂದು, ನಾನು ಶಾಲೆಯಲ್ಲಿ ಕೆಲಸಕ್ಕೆ ಹೋಗುತ್ತೇನೆ.",Kannada
"ಸಂಜೆ, ನಾನು ಶಾಲೆಯಲ್ಲಿ ವಿಶ್ವವಿದ್ಯಾಲಯದಲ್ಲಿ ಓದುತ್ತೇನೆ.",Kannada
"सुबह, मैं पत्र लिखता हूँ अस्पताल में।",Hindi
ഞാൻ വൈകുന്നേരം സമയത്ത് ആശുപത്രിയിൽ കാപ്പി കുടിക്കുന്നു എന്ന് പറഞ്ഞു.,Malayalam
"Я сказал, что смотрю фильм в школе сегодня.",Russian
"το πρωί, Εγώ μαθαίνω τη γλώσσα στο πανεπιστήμιο.",Greek
أنا أشرب القهوة في المنزل في الصباح.,Arabic
أنا أمارس الرياضة في المستشفى مساء.,Arabic
நான் பள்ளியில் கடிதம் எழுதுகிறேன் மாலை நேரத்தில்.,Tamil
"το βράδυ, Εγώ πηγαίνω στη δουλειά στην πόλη.",Greek
Εγώ σπουδάζω στο πανεπιστήμιο στην πόλη κάθε μέρα.,Greek
"το βράδυ, Εγώ κάνω γυμναστική στο πάρκο.",Greek
ನಾನು ಇಂದು ವಿಶ್ವವಿದ್ಯಾಲಯದಲ್ಲಿ ವ್ಯಾಯಾಮ ಮಾಡುತ್ತೇನೆ ಎಂದು ಹೇಳಿದರು.,Kannada
"ಇಂದು, ನಾನು ಆಸ್ಪತ್ರೆಯಲ್ಲಿ ಪತ್ರ ಬರೆಯುತ್ತೇನೆ.",Kannada
"сегодня, Я занимаюсь спортом в офисе.",Russian
أنا أكتب رسالة في المتجر هذا الأسبوع.,Arabic
ഞാൻ എല്ലാ ദിവസവും വീട്ടിൽ കത്ത് എഴുതുന്നു എന്ന് പറഞ്ഞു.,Malayalam
ನಾನು ಬೆಳಿಗ್ಗೆ ರೆಸ್ಟೋರೆಂಟ್‌ನಲ್ಲಿ ವ್ಯಾಯಾಮ ಮಾಡುತ್ತೇನೆ ಎಂದು ಹೇಳಿದರು.,Kannada
Εγώ είπε ότι σπουδάζω στο πανεπιστήμιο στο γραφείο το πρωί.,Greek
"κάθε μέρα, Εγώ βλέπω μια ταινία στο κατάστημα.",Greek
ನಾನು ಆಸ್ಪತ್ರೆಯಲ್ಲಿ ಕೆಲಸಕ್ಕೆ ಹೋಗುತ್ತೇನೆ ಈ ವಾರ.,Kannada
"Я сказал, что учусь в университете в библиотеке на этой неделе.",Russian
ನಾನು ಪ್ರತಿದಿನ ಉದ್ಯಾನವನದಲ್ಲಿ ವಿಶ್ವವಿದ್ಯಾಲಯದಲ್ಲಿ ಓದುತ್ತೇನೆ ಎಂದು ಹೇಳಿದರು.,Kannada
أنا أشرب القهوة في المدينة مساء.,Arabic
ഞാൻ രാവിലെ സമയത്ത് വീട്ടിൽ സർവകലാശാലയിൽ പഠിക്കുന്നു.,Malayalam
